ISO-10303-21;
HEADER;
FILE_DESCRIPTION(('FreeCAD Model'),'2;1');
FILE_NAME('Open CASCADE Shape Model','2026-08-12T14:59:05',(''),(''),
  'Open CASCADE STEP processor 7.8','FreeCAD','Unknown');
FILE_SCHEMA(('AUTOMOTIVE_DESIGN { 1 0 10303 214 1 1 1 1 }'));
ENDSEC;
DATA;
#1 = APPLICATION_PROTOCOL_DEFINITION('international standard',
  'automotive_design',2000,#2);
#2 = APPLICATION_CONTEXT(
  'core data for automotive mechanical design processes');
#3 = SHAPE_DEFINITION_REPRESENTATION(#4,#10);
#4 = PRODUCT_DEFINITION_SHAPE('','',#5);
#5 = PRODUCT_DEFINITION('design','',#6,#9);
#6 = PRODUCT_DEFINITION_FORMATION('','',#7);
#7 = PRODUCT('Body','Body','',(#8));
#8 = PRODUCT_CONTEXT('',#2,'mechanical');
#9 = PRODUCT_DEFINITION_CONTEXT('part definition',#2,'design');
#10 = ADVANCED_BREP_SHAPE_REPRESENTATION('',(#11,#15),#1966);
#11 = AXIS2_PLACEMENT_3D('',#12,#13,#14);
#12 = CARTESIAN_POINT('',(0.,0.,0.));
#13 = DIRECTION('',(0.,0.,1.));
#14 = DIRECTION('',(1.,0.,-0.));
#15 = MANIFOLD_SOLID_BREP('',#16);
#16 = CLOSED_SHELL('',(#17,#137,#307,#493,#847,#903,#948,#997,#1078,
    #1109,#1158,#1296,#1434,#1461,#1516,#1571,#1626,#1681,#1736,#1791,
    #1823,#1864,#1930,#1936,#1942,#1946,#1950,#1954,#1958,#1962));
#17 = ADVANCED_FACE('',(#18),#32,.F.);
#18 = FACE_BOUND('',#19,.F.);
#19 = EDGE_LOOP('',(#20,#55,#83,#111));
#20 = ORIENTED_EDGE('',*,*,#21,.T.);
#21 = EDGE_CURVE('',#22,#24,#26,.T.);
#22 = VERTEX_POINT('',#23);
#23 = CARTESIAN_POINT('',(-12.7,22.4,5.));
#24 = VERTEX_POINT('',#25);
#25 = CARTESIAN_POINT('',(-12.7,22.4,10.5));
#26 = SURFACE_CURVE('',#27,(#31,#43),.PCURVE_S1.);
#27 = LINE('',#28,#29);
#28 = CARTESIAN_POINT('',(-12.7,22.4,0.));
#29 = VECTOR('',#30,1.);
#30 = DIRECTION('',(0.,0.,1.));
#31 = PCURVE('',#32,#37);
#32 = PLANE('',#33);
#33 = AXIS2_PLACEMENT_3D('',#34,#35,#36);
#34 = CARTESIAN_POINT('',(-12.7,25.4,0.));
#35 = DIRECTION('',(1.,0.,0.));
#36 = DIRECTION('',(0.,-1.,0.));
#37 = DEFINITIONAL_REPRESENTATION('',(#38),#42);
#38 = LINE('',#39,#40);
#39 = CARTESIAN_POINT('',(3.,0.));
#40 = VECTOR('',#41,1.);
#41 = DIRECTION('',(0.,-1.));
#42 = ( GEOMETRIC_REPRESENTATION_CONTEXT(2) 
PARAMETRIC_REPRESENTATION_CONTEXT() REPRESENTATION_CONTEXT('2D SPACE',''
  ) );
#43 = PCURVE('',#44,#49);
#44 = CYLINDRICAL_SURFACE('',#45,3.);
#45 = AXIS2_PLACEMENT_3D('',#46,#47,#48);
#46 = CARTESIAN_POINT('',(-9.7,22.4,0.));
#47 = DIRECTION('',(0.,0.,1.));
#48 = DIRECTION('',(-1.,0.,0.));
#49 = DEFINITIONAL_REPRESENTATION('',(#50),#54);
#50 = LINE('',#51,#52);
#51 = CARTESIAN_POINT('',(-0.,0.));
#52 = VECTOR('',#53,1.);
#53 = DIRECTION('',(-0.,1.));
#54 = ( GEOMETRIC_REPRESENTATION_CONTEXT(2) 
PARAMETRIC_REPRESENTATION_CONTEXT() REPRESENTATION_CONTEXT('2D SPACE',''
  ) );
#55 = ORIENTED_EDGE('',*,*,#56,.T.);
#56 = EDGE_CURVE('',#24,#57,#59,.T.);
#57 = VERTEX_POINT('',#58);
#58 = CARTESIAN_POINT('',(-12.7,-22.4,10.5));
#59 = SURFACE_CURVE('',#60,(#64,#71),.PCURVE_S1.);
#60 = LINE('',#61,#62);
#61 = CARTESIAN_POINT('',(-12.7,25.4,10.5));
#62 = VECTOR('',#63,1.);
#63 = DIRECTION('',(0.,-1.,0.));
#64 = PCURVE('',#32,#65);
#65 = DEFINITIONAL_REPRESENTATION('',(#66),#70);
#66 = LINE('',#67,#68);
#67 = CARTESIAN_POINT('',(0.,-10.5));
#68 = VECTOR('',#69,1.);
#69 = DIRECTION('',(1.,0.));
#70 = ( GEOMETRIC_REPRESENTATION_CONTEXT(2) 
PARAMETRIC_REPRESENTATION_CONTEXT() REPRESENTATION_CONTEXT('2D SPACE',''
  ) );
#71 = PCURVE('',#72,#77);
#72 = PLANE('',#73);
#73 = AXIS2_PLACEMENT_3D('',#74,#75,#76);
#74 = CARTESIAN_POINT('',(0.,0.,10.5));
#75 = DIRECTION('',(0.,0.,1.));
#76 = DIRECTION('',(1.,0.,0.));
#77 = DEFINITIONAL_REPRESENTATION('',(#78),#82);
#78 = LINE('',#79,#80);
#79 = CARTESIAN_POINT('',(-12.7,25.4));
#80 = VECTOR('',#81,1.);
#81 = DIRECTION('',(0.,-1.));
#82 = ( GEOMETRIC_REPRESENTATION_CONTEXT(2) 
PARAMETRIC_REPRESENTATION_CONTEXT() REPRESENTATION_CONTEXT('2D SPACE',''
  ) );
#83 = ORIENTED_EDGE('',*,*,#84,.F.);
#84 = EDGE_CURVE('',#85,#57,#87,.T.);
#85 = VERTEX_POINT('',#86);
#86 = CARTESIAN_POINT('',(-12.7,-22.4,5.));
#87 = SURFACE_CURVE('',#88,(#92,#99),.PCURVE_S1.);
#88 = LINE('',#89,#90);
#89 = CARTESIAN_POINT('',(-12.7,-22.4,0.));
#90 = VECTOR('',#91,1.);
#91 = DIRECTION('',(0.,0.,1.));
#92 = PCURVE('',#32,#93);
#93 = DEFINITIONAL_REPRESENTATION('',(#94),#98);
#94 = LINE('',#95,#96);
#95 = CARTESIAN_POINT('',(47.8,0.));
#96 = VECTOR('',#97,1.);
#97 = DIRECTION('',(0.,-1.));
#98 = ( GEOMETRIC_REPRESENTATION_CONTEXT(2) 
PARAMETRIC_REPRESENTATION_CONTEXT() REPRESENTATION_CONTEXT('2D SPACE',''
  ) );
#99 = PCURVE('',#100,#105);
#100 = CYLINDRICAL_SURFACE('',#101,3.);
#101 = AXIS2_PLACEMENT_3D('',#102,#103,#104);
#102 = CARTESIAN_POINT('',(-9.7,-22.4,0.));
#103 = DIRECTION('',(0.,0.,1.));
#104 = DIRECTION('',(-1.,0.,0.));
#105 = DEFINITIONAL_REPRESENTATION('',(#106),#110);
#106 = LINE('',#107,#108);
#107 = CARTESIAN_POINT('',(0.,0.));
#108 = VECTOR('',#109,1.);
#109 = DIRECTION('',(0.,1.));
#110 = ( GEOMETRIC_REPRESENTATION_CONTEXT(2) 
PARAMETRIC_REPRESENTATION_CONTEXT() REPRESENTATION_CONTEXT('2D SPACE',''
  ) );
#111 = ORIENTED_EDGE('',*,*,#112,.F.);
#112 = EDGE_CURVE('',#22,#85,#113,.T.);
#113 = SURFACE_CURVE('',#114,(#118,#125),.PCURVE_S1.);
#114 = LINE('',#115,#116);
#115 = CARTESIAN_POINT('',(-12.7,22.4,5.));
#116 = VECTOR('',#117,1.);
#117 = DIRECTION('',(0.,-1.,0.));
#118 = PCURVE('',#32,#119);
#119 = DEFINITIONAL_REPRESENTATION('',(#120),#124);
#120 = LINE('',#121,#122);
#121 = CARTESIAN_POINT('',(3.,-5.));
#122 = VECTOR('',#123,1.);
#123 = DIRECTION('',(1.,0.));
#124 = ( GEOMETRIC_REPRESENTATION_CONTEXT(2) 
PARAMETRIC_REPRESENTATION_CONTEXT() REPRESENTATION_CONTEXT('2D SPACE',''
  ) );
#125 = PCURVE('',#126,#131);
#126 = CYLINDRICAL_SURFACE('',#127,5.);
#127 = AXIS2_PLACEMENT_3D('',#128,#129,#130);
#128 = CARTESIAN_POINT('',(-7.7,22.4,5.));
#129 = DIRECTION('',(0.,-1.,0.));
#130 = DIRECTION('',(-1.,0.,0.));
#131 = DEFINITIONAL_REPRESENTATION('',(#132),#136);
#132 = LINE('',#133,#134);
#133 = CARTESIAN_POINT('',(0.,0.));
#134 = VECTOR('',#135,1.);
#135 = DIRECTION('',(0.,1.));
#136 = ( GEOMETRIC_REPRESENTATION_CONTEXT(2) 
PARAMETRIC_REPRESENTATION_CONTEXT() REPRESENTATION_CONTEXT('2D SPACE',''
  ) );
#137 = ADVANCED_FACE('',(#138),#44,.T.);
#138 = FACE_BOUND('',#139,.F.);
#139 = EDGE_LOOP('',(#140,#141,#253,#281));
#140 = ORIENTED_EDGE('',*,*,#21,.F.);
#141 = ORIENTED_EDGE('',*,*,#142,.F.);
#142 = EDGE_CURVE('',#143,#22,#145,.T.);
#143 = VERTEX_POINT('',#144);
#144 = CARTESIAN_POINT('',(-9.7,25.4,5.));
#145 = SURFACE_CURVE('',#146,(#156,#164),.PCURVE_S1.);
#146 = B_SPLINE_CURVE_WITH_KNOTS('',8,(#147,#148,#149,#150,#151,#152,
    #153,#154,#155),.UNSPECIFIED.,.F.,.F.,(9,9),(0.,1.),
  .PIECEWISE_BEZIER_KNOTS.);
#147 = CARTESIAN_POINT('',(-9.7,25.4,5.));
#148 = CARTESIAN_POINT('',(-10.28904860162,25.4,5.));
#149 = CARTESIAN_POINT('',(-10.87809748255,25.267817645486,5.));
#150 = CARTESIAN_POINT('',(-11.43253963357,25.003454154392,5.));
#151 = CARTESIAN_POINT('',(-11.91777633494,24.617776334955,5.));
#152 = CARTESIAN_POINT('',(-12.30345415439,24.132539633565,5.));
#153 = CARTESIAN_POINT('',(-12.56781764548,23.57809748256,5.));
#154 = CARTESIAN_POINT('',(-12.7,22.989048601616,5.));
#155 = CARTESIAN_POINT('',(-12.7,22.4,5.));
#156 = PCURVE('',#44,#157);
#157 = DEFINITIONAL_REPRESENTATION('',(#158),#163);
#158 = B_SPLINE_CURVE_WITH_KNOTS('',3,(#159,#160,#161,#162),
  .UNSPECIFIED.,.F.,.F.,(4,4),(0.,1.),.PIECEWISE_BEZIER_KNOTS.);
#159 = CARTESIAN_POINT('',(-1.570796326795,5.));
#160 = CARTESIAN_POINT('',(-1.047197569799,5.));
#161 = CARTESIAN_POINT('',(-0.523598756992,5.));
#162 = CARTESIAN_POINT('',(0.,5.));
#163 = ( GEOMETRIC_REPRESENTATION_CONTEXT(2) 
PARAMETRIC_REPRESENTATION_CONTEXT() REPRESENTATION_CONTEXT('2D SPACE',''
  ) );
#164 = PCURVE('',#165,#247);
#165 = B_SPLINE_SURFACE_WITH_KNOTS('',8,8,(
    (#166,#167,#168,#169,#170,#171,#172,#173,#174)
    ,(#175,#176,#177,#178,#179,#180,#181,#182,#183)
    ,(#184,#185,#186,#187,#188,#189,#190,#191,#192)
    ,(#193,#194,#195,#196,#197,#198,#199,#200,#201)
    ,(#202,#203,#204,#205,#206,#207,#208,#209,#210)
    ,(#211,#212,#213,#214,#215,#216,#217,#218,#219)
    ,(#220,#221,#222,#223,#224,#225,#226,#227,#228)
    ,(#229,#230,#231,#232,#233,#234,#235,#236,#237)
    ,(#238,#239,#240,#241,#242,#243,#244,#245,#246
  )),.UNSPECIFIED.,.F.,.F.,.F.,(9,9),(9,9),(0.,1.),(0.,1.),
  .PIECEWISE_BEZIER_KNOTS.);
#166 = CARTESIAN_POINT('',(-9.7,25.4,5.));
#167 = CARTESIAN_POINT('',(-9.45,25.4,4.018252295753));
#168 = CARTESIAN_POINT('',(-9.2,25.179696055194,3.036504282479));
#169 = CARTESIAN_POINT('',(-8.95,24.739090329357,2.112433828325));
#170 = CARTESIAN_POINT('',(-8.7,24.0962937789,1.303706221101));
#171 = CARTESIAN_POINT('',(-8.45,23.287566171675,0.660909670643));
#172 = CARTESIAN_POINT('',(-8.2,22.363495717521,0.220303944806));
#173 = CARTESIAN_POINT('',(-7.95,21.381747704247,-3.727177296956E-15));
#174 = CARTESIAN_POINT('',(-7.7,20.4,-1.110223024625E-15));
#175 = CARTESIAN_POINT('',(-10.28904860162,25.4,5.));
#176 = CARTESIAN_POINT('',(-10.04354252641,25.424543691734,
    4.018252295753));
#177 = CARTESIAN_POINT('',(-9.770498458115,25.21458899503,3.001533459763
    ));
#178 = CARTESIAN_POINT('',(-9.469916667182,24.747487883534,
    2.028482405389));
#179 = CARTESIAN_POINT('',(-9.144061023173,24.038903729615,
    1.203653353206));
#180 = CARTESIAN_POINT('',(-8.797463997067,23.193683631785,0.60162670956
    ));
#181 = CARTESIAN_POINT('',(-8.436449115095,22.281445525999,
    0.200145943509));
#182 = CARTESIAN_POINT('',(-8.068224538233,21.337154241216,
    -3.630478854052E-15));
#183 = CARTESIAN_POINT('',(-7.7,20.4,-1.124100812433E-15));
#184 = CARTESIAN_POINT('',(-10.87809748255,25.267817645486,5.));
#185 = CARTESIAN_POINT('',(-10.68720384091,25.328883760629,
    4.018252295753));
#186 = CARTESIAN_POINT('',(-10.51080366472,25.034356791341,2.97655430068
    ));
#187 = CARTESIAN_POINT('',(-10.18499748671,24.532910250129,
    1.968517103291));
#188 = CARTESIAN_POINT('',(-9.766119183796,23.79154782989,1.132187018996
    ));
#189 = CARTESIAN_POINT('',(-9.286901319877,22.94920120915,0.559281737358
    ));
#190 = CARTESIAN_POINT('',(-8.772057904123,22.085263550068,
    0.185747371155));
#191 = CARTESIAN_POINT('',(-8.289088134101,21.168884270493,
    -3.532732496559E-15));
#192 = CARTESIAN_POINT('',(-7.7,20.4,-1.074537284548E-15));
#193 = CARTESIAN_POINT('',(-11.43253963357,25.003454154392,5.));
#194 = CARTESIAN_POINT('',(-11.33933558505,25.070666423547,
    4.018252295753));
#195 = CARTESIAN_POINT('',(-11.15018835637,24.813206149423,2.96156680523
    ));
#196 = CARTESIAN_POINT('',(-10.76677102847,24.331634025015,
    1.932537922033));
#197 = CARTESIAN_POINT('',(-10.23219080979,23.614453884412,1.08930721847
    ));
#198 = CARTESIAN_POINT('',(-9.621096000941,22.803074592185,
    0.533874754037));
#199 = CARTESIAN_POINT('',(-8.980668429658,21.978343036398,
    0.177108227742));
#200 = CARTESIAN_POINT('',(-8.361445112975,21.128083466705,
    -3.49169389547E-15));
#201 = CARTESIAN_POINT('',(-7.7,20.4,-1.046781708932E-15));
#202 = CARTESIAN_POINT('',(-11.91777633494,24.617776334955,5.));
#203 = CARTESIAN_POINT('',(-11.9295649976,24.629564997614,4.018252295753
    ));
#204 = CARTESIAN_POINT('',(-11.71316138249,24.413161382502,
    2.956570973413));
#205 = CARTESIAN_POINT('',(-11.27419807612,23.974198076128,
    1.920544861613));
#206 = CARTESIAN_POINT('',(-10.6307487578,23.330748757809,1.075013951627
    ));
#207 = CARTESIAN_POINT('',(-9.899309201234,22.599309201235,
    0.525405759597));
#208 = CARTESIAN_POINT('',(-9.148949059031,21.848949059032,
    0.174228513271));
#209 = CARTESIAN_POINT('',(-8.400023652355,21.100023652354,
    -3.478283420925E-15));
#210 = CARTESIAN_POINT('',(-7.7,20.4,-1.015061051086E-15));
#211 = CARTESIAN_POINT('',(-12.30345415439,24.132539633565,5.));
#212 = CARTESIAN_POINT('',(-12.37066642355,24.039335585047,
    4.018252295753));
#213 = CARTESIAN_POINT('',(-12.11320614942,23.85018835637,2.96156680523)
  );
#214 = CARTESIAN_POINT('',(-11.63163402501,23.466771028473,
    1.932537922033));
#215 = CARTESIAN_POINT('',(-10.91445388441,22.932190809791,1.08930721847
    ));
#216 = CARTESIAN_POINT('',(-10.10307459218,22.321096000937,
    0.533874754037));
#217 = CARTESIAN_POINT('',(-9.278343036399,21.680668429655,
    0.177108227742));
#218 = CARTESIAN_POINT('',(-8.428083466705,21.061445112975,
    -3.485130268277E-15));
#219 = CARTESIAN_POINT('',(-7.7,20.4,-9.81357852124E-16));
#220 = CARTESIAN_POINT('',(-12.56781764548,23.57809748256,5.));
#221 = CARTESIAN_POINT('',(-12.62888376062,23.387203840918,
    4.018252295753));
#222 = CARTESIAN_POINT('',(-12.33435679134,23.210803664723,2.97655430068
    ));
#223 = CARTESIAN_POINT('',(-11.83291025013,22.884997486714,
    1.968517103291));
#224 = CARTESIAN_POINT('',(-11.09154782989,22.466119183797,
    1.132187018996));
#225 = CARTESIAN_POINT('',(-10.24920120915,21.986901319879,
    0.559281737358));
#226 = CARTESIAN_POINT('',(-9.385263550068,21.472057904124,
    0.185747371155));
#227 = CARTESIAN_POINT('',(-8.468884270493,20.9890881341,
    -3.504863632879E-15));
#228 = CARTESIAN_POINT('',(-7.7,20.4,-9.476546531622E-16));
#229 = CARTESIAN_POINT('',(-12.7,22.989048601616,5.));
#230 = CARTESIAN_POINT('',(-12.72454369173,22.743542526414,
    4.018252295753));
#231 = CARTESIAN_POINT('',(-12.51458899502,22.470498458111,
    3.001533459763));
#232 = CARTESIAN_POINT('',(-12.04748788353,22.16991666718,2.028482405389
    ));
#233 = CARTESIAN_POINT('',(-11.33890372961,21.84406102317,1.203653353206
    ));
#234 = CARTESIAN_POINT('',(-10.49368363178,21.497463997066,0.60162670956
    ));
#235 = CARTESIAN_POINT('',(-9.581445525999,21.136449115094,
    0.200145943509));
#236 = CARTESIAN_POINT('',(-8.637154241216,20.768224538233,
    -3.508403884871E-15));
#237 = CARTESIAN_POINT('',(-7.7,20.4,-8.881784197001E-16));
#238 = CARTESIAN_POINT('',(-12.7,22.4,5.));
#239 = CARTESIAN_POINT('',(-12.7,22.15,4.018252295753));
#240 = CARTESIAN_POINT('',(-12.47969605519,21.9,3.036504282479));
#241 = CARTESIAN_POINT('',(-12.03909032935,21.65,2.112433828325));
#242 = CARTESIAN_POINT('',(-11.39629377889,21.399999999999,
    1.303706221101));
#243 = CARTESIAN_POINT('',(-10.58756617167,21.150000000001,
    0.660909670643));
#244 = CARTESIAN_POINT('',(-9.663495717521,20.9,0.220303944806));
#245 = CARTESIAN_POINT('',(-8.681747704247,20.65,-3.553506695247E-15));
#246 = CARTESIAN_POINT('',(-7.7,20.4,-8.881784197001E-16));
#247 = DEFINITIONAL_REPRESENTATION('',(#248),#252);
#248 = LINE('',#249,#250);
#249 = CARTESIAN_POINT('',(0.,0.));
#250 = VECTOR('',#251,1.);
#251 = DIRECTION('',(1.,0.));
#252 = ( GEOMETRIC_REPRESENTATION_CONTEXT(2) 
PARAMETRIC_REPRESENTATION_CONTEXT() REPRESENTATION_CONTEXT('2D SPACE',''
  ) );
#253 = ORIENTED_EDGE('',*,*,#254,.T.);
#254 = EDGE_CURVE('',#143,#255,#257,.T.);
#255 = VERTEX_POINT('',#256);
#256 = CARTESIAN_POINT('',(-9.7,25.4,10.5));
#257 = SURFACE_CURVE('',#258,(#262,#269),.PCURVE_S1.);
#258 = LINE('',#259,#260);
#259 = CARTESIAN_POINT('',(-9.7,25.4,0.));
#260 = VECTOR('',#261,1.);
#261 = DIRECTION('',(0.,0.,1.));
#262 = PCURVE('',#44,#263);
#263 = DEFINITIONAL_REPRESENTATION('',(#264),#268);
#264 = LINE('',#265,#266);
#265 = CARTESIAN_POINT('',(-1.570796326795,0.));
#266 = VECTOR('',#267,1.);
#267 = DIRECTION('',(-0.,1.));
#268 = ( GEOMETRIC_REPRESENTATION_CONTEXT(2) 
PARAMETRIC_REPRESENTATION_CONTEXT() REPRESENTATION_CONTEXT('2D SPACE',''
  ) );
#269 = PCURVE('',#270,#275);
#270 = PLANE('',#271);
#271 = AXIS2_PLACEMENT_3D('',#272,#273,#274);
#272 = CARTESIAN_POINT('',(12.7,25.4,0.));
#273 = DIRECTION('',(0.,-1.,0.));
#274 = DIRECTION('',(-1.,0.,0.));
#275 = DEFINITIONAL_REPRESENTATION('',(#276),#280);
#276 = LINE('',#277,#278);
#277 = CARTESIAN_POINT('',(22.4,0.));
#278 = VECTOR('',#279,1.);
#279 = DIRECTION('',(0.,-1.));
#280 = ( GEOMETRIC_REPRESENTATION_CONTEXT(2) 
PARAMETRIC_REPRESENTATION_CONTEXT() REPRESENTATION_CONTEXT('2D SPACE',''
  ) );
#281 = ORIENTED_EDGE('',*,*,#282,.F.);
#282 = EDGE_CURVE('',#24,#255,#283,.T.);
#283 = SURFACE_CURVE('',#284,(#289,#296),.PCURVE_S1.);
#284 = CIRCLE('',#285,3.);
#285 = AXIS2_PLACEMENT_3D('',#286,#287,#288);
#286 = CARTESIAN_POINT('',(-9.7,22.4,10.5));
#287 = DIRECTION('',(-0.,-0.,-1.));
#288 = DIRECTION('',(0.,-1.,0.));
#289 = PCURVE('',#44,#290);
#290 = DEFINITIONAL_REPRESENTATION('',(#291),#295);
#291 = LINE('',#292,#293);
#292 = CARTESIAN_POINT('',(1.570796326795,10.5));
#293 = VECTOR('',#294,1.);
#294 = DIRECTION('',(-1.,0.));
#295 = ( GEOMETRIC_REPRESENTATION_CONTEXT(2) 
PARAMETRIC_REPRESENTATION_CONTEXT() REPRESENTATION_CONTEXT('2D SPACE',''
  ) );
#296 = PCURVE('',#72,#297);
#297 = DEFINITIONAL_REPRESENTATION('',(#298),#306);
#298 = ( BOUNDED_CURVE() B_SPLINE_CURVE(2,(#299,#300,#301,#302,#303,#304
,#305),.UNSPECIFIED.,.T.,.F.) B_SPLINE_CURVE_WITH_KNOTS((1,2,2,2,2,1),(
    -2.094395102393,0.,2.094395102393,4.188790204786,6.28318530718,
8.377580409573),.UNSPECIFIED.) CURVE() GEOMETRIC_REPRESENTATION_ITEM() 
RATIONAL_B_SPLINE_CURVE((1.,0.5,1.,0.5,1.,0.5,1.)) REPRESENTATION_ITEM(
  '') );
#299 = CARTESIAN_POINT('',(-9.7,19.4));
#300 = CARTESIAN_POINT('',(-14.8961524227,19.4));
#301 = CARTESIAN_POINT('',(-12.29807621135,23.9));
#302 = CARTESIAN_POINT('',(-9.7,28.4));
#303 = CARTESIAN_POINT('',(-7.101923788647,23.9));
#304 = CARTESIAN_POINT('',(-4.503847577293,19.4));
#305 = CARTESIAN_POINT('',(-9.7,19.4));
#306 = ( GEOMETRIC_REPRESENTATION_CONTEXT(2) 
PARAMETRIC_REPRESENTATION_CONTEXT() REPRESENTATION_CONTEXT('2D SPACE',''
  ) );
#307 = ADVANCED_FACE('',(#308),#126,.T.);
#308 = FACE_BOUND('',#309,.T.);
#309 = EDGE_LOOP('',(#310,#347,#375,#492));
#310 = ORIENTED_EDGE('',*,*,#311,.T.);
#311 = EDGE_CURVE('',#22,#312,#314,.T.);
#312 = VERTEX_POINT('',#313);
#313 = CARTESIAN_POINT('',(-7.7,20.4,-8.881784197001E-16));
#314 = SURFACE_CURVE('',#315,(#323,#335),.PCURVE_S1.);
#315 = B_SPLINE_CURVE_WITH_KNOTS('',6,(#316,#317,#318,#319,#320,#321,
    #322),.UNSPECIFIED.,.F.,.F.,(7,7),(0.,1.),.PIECEWISE_BEZIER_KNOTS.);
#316 = CARTESIAN_POINT('',(-12.7,22.4,5.));
#317 = CARTESIAN_POINT('',(-12.7,22.066666666667,3.691003061004));
#318 = CARTESIAN_POINT('',(-12.28886156989,21.733333333333,
    2.382117496474));
#319 = CARTESIAN_POINT('',(-11.4659507482,21.4,1.234049251799));
#320 = CARTESIAN_POINT('',(-10.31788250352,21.066666666667,
    0.411138430101));
#321 = CARTESIAN_POINT('',(-9.008996938996,20.733333333333,
    2.101097074103E-15));
#322 = CARTESIAN_POINT('',(-7.7,20.4,-4.440892098501E-16));
#323 = PCURVE('',#126,#324);
#324 = DEFINITIONAL_REPRESENTATION('',(#325),#334);
#325 = B_SPLINE_CURVE_WITH_KNOTS('',7,(#326,#327,#328,#329,#330,#331,
    #332,#333),.UNSPECIFIED.,.F.,.F.,(8,8),(0.,1.),
  .PIECEWISE_BEZIER_KNOTS.);
#326 = CARTESIAN_POINT('',(1.110223024625E-16,-2.22044604925E-16));
#327 = CARTESIAN_POINT('',(0.224399475256,0.285714285714));
#328 = CARTESIAN_POINT('',(0.448781283486,0.571406077072));
#329 = CARTESIAN_POINT('',(0.673243514982,0.857200266512));
#330 = CARTESIAN_POINT('',(0.897552811813,1.142799733488));
#331 = CARTESIAN_POINT('',(1.122015043309,1.428593922928));
#332 = CARTESIAN_POINT('',(1.346396851538,1.714285714286));
#333 = CARTESIAN_POINT('',(1.570796326795,2.));
#334 = ( GEOMETRIC_REPRESENTATION_CONTEXT(2) 
PARAMETRIC_REPRESENTATION_CONTEXT() REPRESENTATION_CONTEXT('2D SPACE',''
  ) );
#335 = PCURVE('',#165,#336);
#336 = DEFINITIONAL_REPRESENTATION('',(#337),#346);
#337 = B_SPLINE_CURVE_WITH_KNOTS('',7,(#338,#339,#340,#341,#342,#343,
    #344,#345),.UNSPECIFIED.,.F.,.F.,(8,8),(0.,1.),
  .PIECEWISE_BEZIER_KNOTS.);
#338 = CARTESIAN_POINT('',(1.,-1.110223024625E-16));
#339 = CARTESIAN_POINT('',(1.,0.142857142857));
#340 = CARTESIAN_POINT('',(1.,0.285703039752));
#341 = CARTESIAN_POINT('',(1.,0.428600130186));
#342 = CARTESIAN_POINT('',(1.,0.571399869814));
#343 = CARTESIAN_POINT('',(1.,0.714296960248));
#344 = CARTESIAN_POINT('',(1.,0.857142857143));
#345 = CARTESIAN_POINT('',(1.,1.));
#346 = ( GEOMETRIC_REPRESENTATION_CONTEXT(2) 
PARAMETRIC_REPRESENTATION_CONTEXT() REPRESENTATION_CONTEXT('2D SPACE',''
  ) );
#347 = ORIENTED_EDGE('',*,*,#348,.T.);
#348 = EDGE_CURVE('',#312,#349,#351,.T.);
#349 = VERTEX_POINT('',#350);
#350 = CARTESIAN_POINT('',(-7.7,-20.4,-8.881784197001E-16));
#351 = SURFACE_CURVE('',#352,(#356,#363),.PCURVE_S1.);
#352 = LINE('',#353,#354);
#353 = CARTESIAN_POINT('',(-7.7,22.4,-8.881784197001E-16));
#354 = VECTOR('',#355,1.);
#355 = DIRECTION('',(0.,-1.,0.));
#356 = PCURVE('',#126,#357);
#357 = DEFINITIONAL_REPRESENTATION('',(#358),#362);
#358 = LINE('',#359,#360);
#359 = CARTESIAN_POINT('',(1.570796326795,0.));
#360 = VECTOR('',#361,1.);
#361 = DIRECTION('',(0.,1.));
#362 = ( GEOMETRIC_REPRESENTATION_CONTEXT(2) 
PARAMETRIC_REPRESENTATION_CONTEXT() REPRESENTATION_CONTEXT('2D SPACE',''
  ) );
#363 = PCURVE('',#364,#369);
#364 = PLANE('',#365);
#365 = AXIS2_PLACEMENT_3D('',#366,#367,#368);
#366 = CARTESIAN_POINT('',(0.,0.,0.));
#367 = DIRECTION('',(0.,0.,1.));
#368 = DIRECTION('',(1.,0.,0.));
#369 = DEFINITIONAL_REPRESENTATION('',(#370),#374);
#370 = LINE('',#371,#372);
#371 = CARTESIAN_POINT('',(-7.7,22.4));
#372 = VECTOR('',#373,1.);
#373 = DIRECTION('',(0.,-1.));
#374 = ( GEOMETRIC_REPRESENTATION_CONTEXT(2) 
PARAMETRIC_REPRESENTATION_CONTEXT() REPRESENTATION_CONTEXT('2D SPACE',''
  ) );
#375 = ORIENTED_EDGE('',*,*,#376,.F.);
#376 = EDGE_CURVE('',#85,#349,#377,.T.);
#377 = SURFACE_CURVE('',#378,(#386,#398),.PCURVE_S1.);
#378 = B_SPLINE_CURVE_WITH_KNOTS('',6,(#379,#380,#381,#382,#383,#384,
    #385),.UNSPECIFIED.,.F.,.F.,(7,7),(0.,1.),.PIECEWISE_BEZIER_KNOTS.);
#379 = CARTESIAN_POINT('',(-12.7,-22.4,5.));
#380 = CARTESIAN_POINT('',(-12.7,-22.06666666666,3.691003061004));
#381 = CARTESIAN_POINT('',(-12.28886156989,-21.73333333333,
    2.382117496474));
#382 = CARTESIAN_POINT('',(-11.4659507482,-21.4,1.234049251799));
#383 = CARTESIAN_POINT('',(-10.31788250352,-21.06666666666,
    0.411138430101));
#384 = CARTESIAN_POINT('',(-9.008996938996,-20.73333333333,
    2.101097074103E-15));
#385 = CARTESIAN_POINT('',(-7.7,-20.4,-4.440892098501E-16));
#386 = PCURVE('',#126,#387);
#387 = DEFINITIONAL_REPRESENTATION('',(#388),#397);
#388 = B_SPLINE_CURVE_WITH_KNOTS('',7,(#389,#390,#391,#392,#393,#394,
    #395,#396),.UNSPECIFIED.,.F.,.F.,(8,8),(0.,1.),
  .PIECEWISE_BEZIER_KNOTS.);
#389 = CARTESIAN_POINT('',(3.330669073875E-16,44.8));
#390 = CARTESIAN_POINT('',(0.224399475256,44.514285714286));
#391 = CARTESIAN_POINT('',(0.448781283486,44.228593922927));
#392 = CARTESIAN_POINT('',(0.673243514982,43.942799733491));
#393 = CARTESIAN_POINT('',(0.897552811813,43.65720026651));
#394 = CARTESIAN_POINT('',(1.122015043309,43.371406077073));
#395 = CARTESIAN_POINT('',(1.346396851538,43.085714285714));
#396 = CARTESIAN_POINT('',(1.570796326795,42.8));
#397 = ( GEOMETRIC_REPRESENTATION_CONTEXT(2) 
PARAMETRIC_REPRESENTATION_CONTEXT() REPRESENTATION_CONTEXT('2D SPACE',''
  ) );
#398 = PCURVE('',#399,#481);
#399 = B_SPLINE_SURFACE_WITH_KNOTS('',8,8,(
    (#400,#401,#402,#403,#404,#405,#406,#407,#408)
    ,(#409,#410,#411,#412,#413,#414,#415,#416,#417)
    ,(#418,#419,#420,#421,#422,#423,#424,#425,#426)
    ,(#427,#428,#429,#430,#431,#432,#433,#434,#435)
    ,(#436,#437,#438,#439,#440,#441,#442,#443,#444)
    ,(#445,#446,#447,#448,#449,#450,#451,#452,#453)
    ,(#454,#455,#456,#457,#458,#459,#460,#461,#462)
    ,(#463,#464,#465,#466,#467,#468,#469,#470,#471)
    ,(#472,#473,#474,#475,#476,#477,#478,#479,#480
  )),.UNSPECIFIED.,.F.,.F.,.F.,(9,9),(9,9),(0.,1.),(0.,1.),
  .PIECEWISE_BEZIER_KNOTS.);
#400 = CARTESIAN_POINT('',(-12.7,-22.4,5.));
#401 = CARTESIAN_POINT('',(-12.7,-22.15,4.018252295753));
#402 = CARTESIAN_POINT('',(-12.47969605519,-21.9,3.036504282479));
#403 = CARTESIAN_POINT('',(-12.03909032935,-21.65,2.112433828325));
#404 = CARTESIAN_POINT('',(-11.39629377889,-21.4,1.303706221101));
#405 = CARTESIAN_POINT('',(-10.58756617167,-21.15,0.660909670643));
#406 = CARTESIAN_POINT('',(-9.663495717521,-20.9,0.220303944806));
#407 = CARTESIAN_POINT('',(-8.681747704247,-20.65,-7.501935580681E-16));
#408 = CARTESIAN_POINT('',(-7.7,-20.4,-8.881784197001E-16));
#409 = CARTESIAN_POINT('',(-12.7,-22.98904860162,5.));
#410 = CARTESIAN_POINT('',(-12.72454369173,-22.74354252641,
    4.018252295753));
#411 = CARTESIAN_POINT('',(-12.51458899503,-22.47049845811,
    3.001533459763));
#412 = CARTESIAN_POINT('',(-12.04748788353,-22.16991666718,
    2.028482405389));
#413 = CARTESIAN_POINT('',(-11.33890372961,-21.84406102317,
    1.203653353206));
#414 = CARTESIAN_POINT('',(-10.49368363178,-21.49746399706,0.60162670956
    ));
#415 = CARTESIAN_POINT('',(-9.581445525999,-21.13644911509,
    0.200145943509));
#416 = CARTESIAN_POINT('',(-8.637154241216,-20.76822453823,
    -9.306047995697E-16));
#417 = CARTESIAN_POINT('',(-7.7,-20.4,-8.881784197001E-16));
#418 = CARTESIAN_POINT('',(-12.56781764548,-23.57809748255,5.));
#419 = CARTESIAN_POINT('',(-12.62888376062,-23.38720384091,
    4.018252295753));
#420 = CARTESIAN_POINT('',(-12.33435679134,-23.21080366472,2.97655430068
    ));
#421 = CARTESIAN_POINT('',(-11.83291025012,-22.88499748671,
    1.968517103291));
#422 = CARTESIAN_POINT('',(-11.09154782988,-22.46611918379,
    1.132187018996));
#423 = CARTESIAN_POINT('',(-10.24920120914,-21.98690131987,
    0.559281737359));
#424 = CARTESIAN_POINT('',(-9.385263550068,-21.47205790412,
    0.185747371155));
#425 = CARTESIAN_POINT('',(-8.468884270494,-20.9890881341,
    -1.506065680331E-15));
#426 = CARTESIAN_POINT('',(-7.7,-20.4,-1.058676955625E-15));
#427 = CARTESIAN_POINT('',(-12.30345415439,-24.13253963357,5.));
#428 = CARTESIAN_POINT('',(-12.37066642355,-24.03933558505,
    4.018252295753));
#429 = CARTESIAN_POINT('',(-12.11320614942,-23.85018835637,2.96156680523
    ));
#430 = CARTESIAN_POINT('',(-11.63163402501,-23.46677102848,
    1.932537922033));
#431 = CARTESIAN_POINT('',(-10.91445388441,-22.93219080979,
    1.089307218469));
#432 = CARTESIAN_POINT('',(-10.10307459218,-22.32109600094,
    0.533874754037));
#433 = CARTESIAN_POINT('',(-9.278343036399,-21.68066842965,
    0.177108227742));
#434 = CARTESIAN_POINT('',(-8.428083466706,-21.06144511297,
    -1.720569548514E-15));
#435 = CARTESIAN_POINT('',(-7.7,-20.4,-1.147891305818E-15));
#436 = CARTESIAN_POINT('',(-11.91777633494,-24.61777633494,5.));
#437 = CARTESIAN_POINT('',(-11.9295649976,-24.6295649976,4.018252295753)
  );
#438 = CARTESIAN_POINT('',(-11.71316138249,-24.41316138249,
    2.956570973414));
#439 = CARTESIAN_POINT('',(-11.27419807612,-23.97419807612,
    1.920544861614));
#440 = CARTESIAN_POINT('',(-10.6307487578,-23.3307487578,1.075013951627)
  );
#441 = CARTESIAN_POINT('',(-9.899309201232,-22.59930920123,
    0.525405759597));
#442 = CARTESIAN_POINT('',(-9.148949059029,-21.84894905903,
    0.174228513271));
#443 = CARTESIAN_POINT('',(-8.400023652355,-21.10002365235,
    -1.883527347696E-15));
#444 = CARTESIAN_POINT('',(-7.7,-20.4,-1.237105656011E-15));
#445 = CARTESIAN_POINT('',(-11.43253963358,-25.00345415439,5.));
#446 = CARTESIAN_POINT('',(-11.33933558506,-25.07066642355,
    4.018252295753));
#447 = CARTESIAN_POINT('',(-11.15018835638,-24.81320614942,2.96156680523
    ));
#448 = CARTESIAN_POINT('',(-10.76677102848,-24.33163402501,
    1.932537922033));
#449 = CARTESIAN_POINT('',(-10.23219080979,-23.61445388441,
    1.089307218469));
#450 = CARTESIAN_POINT('',(-9.621096000942,-22.80307459218,
    0.533874754037));
#451 = CARTESIAN_POINT('',(-8.980668429659,-21.97834303639,
    0.177108227742));
#452 = CARTESIAN_POINT('',(-8.361445112976,-21.1280834667,
    -2.037995622601E-15));
#453 = CARTESIAN_POINT('',(-7.7,-20.4,-1.324337465089E-15));
#454 = CARTESIAN_POINT('',(-10.87809748254,-25.26781764548,5.));
#455 = CARTESIAN_POINT('',(-10.6872038409,-25.32888376062,4.018252295753
    ));
#456 = CARTESIAN_POINT('',(-10.51080366471,-25.03435679134,2.97655430068
    ));
#457 = CARTESIAN_POINT('',(-10.18499748671,-24.53291025012,
    1.968517103291));
#458 = CARTESIAN_POINT('',(-9.766119183795,-23.79154782988,
    1.132187018996));
#459 = CARTESIAN_POINT('',(-9.286901319876,-22.94920120914,
    0.559281737359));
#460 = CARTESIAN_POINT('',(-8.772057904123,-22.08526355006,
    0.185747371155));
#461 = CARTESIAN_POINT('',(-8.289088134101,-21.16888427049,
    -2.227030917955E-15));
#462 = CARTESIAN_POINT('',(-7.7,-20.4,-1.407604191935E-15));
#463 = CARTESIAN_POINT('',(-10.28904860162,-25.4,5.));
#464 = CARTESIAN_POINT('',(-10.04354252641,-25.42454369173,
    4.018252295753));
#465 = CARTESIAN_POINT('',(-9.770498458115,-25.21458899503,
    3.001533459763));
#466 = CARTESIAN_POINT('',(-9.469916667183,-24.74748788353,
    2.028482405389));
#467 = CARTESIAN_POINT('',(-9.144061023173,-24.03890372961,
    1.203653353206));
#468 = CARTESIAN_POINT('',(-8.797463997067,-23.19368363178,0.60162670956
    ));
#469 = CARTESIAN_POINT('',(-8.436449115095,-22.28144552599,
    0.200145943509));
#470 = CARTESIAN_POINT('',(-8.068224538234,-21.33715424121,
    -2.760044177335E-15));
#471 = CARTESIAN_POINT('',(-7.7,-20.4,-1.568190022283E-15));
#472 = CARTESIAN_POINT('',(-9.7,-25.4,5.));
#473 = CARTESIAN_POINT('',(-9.45,-25.4,4.018252295753));
#474 = CARTESIAN_POINT('',(-9.2,-25.17969605519,3.036504282479));
#475 = CARTESIAN_POINT('',(-8.95,-24.73909032935,2.112433828325));
#476 = CARTESIAN_POINT('',(-8.7,-24.0962937789,1.303706221101));
#477 = CARTESIAN_POINT('',(-8.45,-23.28756617167,0.660909670643));
#478 = CARTESIAN_POINT('',(-8.2,-22.36349571752,0.220303944806));
#479 = CARTESIAN_POINT('',(-7.95,-21.38174770424,-2.881028748902E-15));
#480 = CARTESIAN_POINT('',(-7.7,-20.4,-1.554312234475E-15));
#481 = DEFINITIONAL_REPRESENTATION('',(#482),#491);
#482 = B_SPLINE_CURVE_WITH_KNOTS('',7,(#483,#484,#485,#486,#487,#488,
    #489,#490),.UNSPECIFIED.,.F.,.F.,(8,8),(0.,1.),
  .PIECEWISE_BEZIER_KNOTS.);
#483 = CARTESIAN_POINT('',(0.,0.));
#484 = CARTESIAN_POINT('',(0.,0.142857142857));
#485 = CARTESIAN_POINT('',(0.,0.285703039752));
#486 = CARTESIAN_POINT('',(0.,0.428600130186));
#487 = CARTESIAN_POINT('',(0.,0.571399869814));
#488 = CARTESIAN_POINT('',(0.,0.714296960248));
#489 = CARTESIAN_POINT('',(0.,0.857142857143));
#490 = CARTESIAN_POINT('',(0.,1.));
#491 = ( GEOMETRIC_REPRESENTATION_CONTEXT(2) 
PARAMETRIC_REPRESENTATION_CONTEXT() REPRESENTATION_CONTEXT('2D SPACE',''
  ) );
#492 = ORIENTED_EDGE('',*,*,#112,.F.);
#493 = ADVANCED_FACE('',(#494,#661,#692,#723,#754,#785,#816),#72,.T.);
#494 = FACE_BOUND('',#495,.T.);
#495 = EDGE_LOOP('',(#496,#497,#521,#549,#578,#606,#639,#660));
#496 = ORIENTED_EDGE('',*,*,#56,.T.);
#497 = ORIENTED_EDGE('',*,*,#498,.T.);
#498 = EDGE_CURVE('',#57,#499,#501,.T.);
#499 = VERTEX_POINT('',#500);
#500 = CARTESIAN_POINT('',(-9.7,-25.4,10.5));
#501 = SURFACE_CURVE('',#502,(#507,#514),.PCURVE_S1.);
#502 = CIRCLE('',#503,3.);
#503 = AXIS2_PLACEMENT_3D('',#504,#505,#506);
#504 = CARTESIAN_POINT('',(-9.7,-22.4,10.5));
#505 = DIRECTION('',(-0.,0.,1.));
#506 = DIRECTION('',(0.,-1.,0.));
#507 = PCURVE('',#72,#508);
#508 = DEFINITIONAL_REPRESENTATION('',(#509),#513);
#509 = CIRCLE('',#510,3.);
#510 = AXIS2_PLACEMENT_2D('',#511,#512);
#511 = CARTESIAN_POINT('',(-9.7,-22.4));
#512 = DIRECTION('',(0.,-1.));
#513 = ( GEOMETRIC_REPRESENTATION_CONTEXT(2) 
PARAMETRIC_REPRESENTATION_CONTEXT() REPRESENTATION_CONTEXT('2D SPACE',''
  ) );
#514 = PCURVE('',#100,#515);
#515 = DEFINITIONAL_REPRESENTATION('',(#516),#520);
#516 = LINE('',#517,#518);
#517 = CARTESIAN_POINT('',(-4.712388980385,10.5));
#518 = VECTOR('',#519,1.);
#519 = DIRECTION('',(1.,0.));
#520 = ( GEOMETRIC_REPRESENTATION_CONTEXT(2) 
PARAMETRIC_REPRESENTATION_CONTEXT() REPRESENTATION_CONTEXT('2D SPACE',''
  ) );
#521 = ORIENTED_EDGE('',*,*,#522,.T.);
#522 = EDGE_CURVE('',#499,#523,#525,.T.);
#523 = VERTEX_POINT('',#524);
#524 = CARTESIAN_POINT('',(9.7,-25.4,10.5));
#525 = SURFACE_CURVE('',#526,(#530,#537),.PCURVE_S1.);
#526 = LINE('',#527,#528);
#527 = CARTESIAN_POINT('',(-12.7,-25.4,10.5));
#528 = VECTOR('',#529,1.);
#529 = DIRECTION('',(1.,0.,0.));
#530 = PCURVE('',#72,#531);
#531 = DEFINITIONAL_REPRESENTATION('',(#532),#536);
#532 = LINE('',#533,#534);
#533 = CARTESIAN_POINT('',(-12.7,-25.4));
#534 = VECTOR('',#535,1.);
#535 = DIRECTION('',(1.,0.));
#536 = ( GEOMETRIC_REPRESENTATION_CONTEXT(2) 
PARAMETRIC_REPRESENTATION_CONTEXT() REPRESENTATION_CONTEXT('2D SPACE',''
  ) );
#537 = PCURVE('',#538,#543);
#538 = PLANE('',#539);
#539 = AXIS2_PLACEMENT_3D('',#540,#541,#542);
#540 = CARTESIAN_POINT('',(-12.7,-25.4,0.));
#541 = DIRECTION('',(0.,1.,0.));
#542 = DIRECTION('',(1.,0.,0.));
#543 = DEFINITIONAL_REPRESENTATION('',(#544),#548);
#544 = LINE('',#545,#546);
#545 = CARTESIAN_POINT('',(0.,-10.5));
#546 = VECTOR('',#547,1.);
#547 = DIRECTION('',(1.,0.));
#548 = ( GEOMETRIC_REPRESENTATION_CONTEXT(2) 
PARAMETRIC_REPRESENTATION_CONTEXT() REPRESENTATION_CONTEXT('2D SPACE',''
  ) );
#549 = ORIENTED_EDGE('',*,*,#550,.T.);
#550 = EDGE_CURVE('',#523,#551,#553,.T.);
#551 = VERTEX_POINT('',#552);
#552 = CARTESIAN_POINT('',(12.7,-22.4,10.5));
#553 = SURFACE_CURVE('',#554,(#559,#566),.PCURVE_S1.);
#554 = CIRCLE('',#555,3.);
#555 = AXIS2_PLACEMENT_3D('',#556,#557,#558);
#556 = CARTESIAN_POINT('',(9.7,-22.4,10.5));
#557 = DIRECTION('',(-0.,0.,1.));
#558 = DIRECTION('',(0.,-1.,0.));
#559 = PCURVE('',#72,#560);
#560 = DEFINITIONAL_REPRESENTATION('',(#561),#565);
#561 = CIRCLE('',#562,3.);
#562 = AXIS2_PLACEMENT_2D('',#563,#564);
#563 = CARTESIAN_POINT('',(9.7,-22.4));
#564 = DIRECTION('',(0.,-1.));
#565 = ( GEOMETRIC_REPRESENTATION_CONTEXT(2) 
PARAMETRIC_REPRESENTATION_CONTEXT() REPRESENTATION_CONTEXT('2D SPACE',''
  ) );
#566 = PCURVE('',#567,#572);
#567 = CYLINDRICAL_SURFACE('',#568,3.);
#568 = AXIS2_PLACEMENT_3D('',#569,#570,#571);
#569 = CARTESIAN_POINT('',(9.7,-22.4,0.));
#570 = DIRECTION('',(0.,0.,1.));
#571 = DIRECTION('',(0.,-1.,0.));
#572 = DEFINITIONAL_REPRESENTATION('',(#573),#577);
#573 = LINE('',#574,#575);
#574 = CARTESIAN_POINT('',(0.,10.5));
#575 = VECTOR('',#576,1.);
#576 = DIRECTION('',(1.,0.));
#577 = ( GEOMETRIC_REPRESENTATION_CONTEXT(2) 
PARAMETRIC_REPRESENTATION_CONTEXT() REPRESENTATION_CONTEXT('2D SPACE',''
  ) );
#578 = ORIENTED_EDGE('',*,*,#579,.T.);
#579 = EDGE_CURVE('',#551,#580,#582,.T.);
#580 = VERTEX_POINT('',#581);
#581 = CARTESIAN_POINT('',(12.7,22.4,10.5));
#582 = SURFACE_CURVE('',#583,(#587,#594),.PCURVE_S1.);
#583 = LINE('',#584,#585);
#584 = CARTESIAN_POINT('',(12.7,-25.4,10.5));
#585 = VECTOR('',#586,1.);
#586 = DIRECTION('',(0.,1.,0.));
#587 = PCURVE('',#72,#588);
#588 = DEFINITIONAL_REPRESENTATION('',(#589),#593);
#589 = LINE('',#590,#591);
#590 = CARTESIAN_POINT('',(12.7,-25.4));
#591 = VECTOR('',#592,1.);
#592 = DIRECTION('',(0.,1.));
#593 = ( GEOMETRIC_REPRESENTATION_CONTEXT(2) 
PARAMETRIC_REPRESENTATION_CONTEXT() REPRESENTATION_CONTEXT('2D SPACE',''
  ) );
#594 = PCURVE('',#595,#600);
#595 = PLANE('',#596);
#596 = AXIS2_PLACEMENT_3D('',#597,#598,#599);
#597 = CARTESIAN_POINT('',(12.7,-25.4,0.));
#598 = DIRECTION('',(-1.,0.,0.));
#599 = DIRECTION('',(0.,1.,0.));
#600 = DEFINITIONAL_REPRESENTATION('',(#601),#605);
#601 = LINE('',#602,#603);
#602 = CARTESIAN_POINT('',(0.,-10.5));
#603 = VECTOR('',#604,1.);
#604 = DIRECTION('',(1.,0.));
#605 = ( GEOMETRIC_REPRESENTATION_CONTEXT(2) 
PARAMETRIC_REPRESENTATION_CONTEXT() REPRESENTATION_CONTEXT('2D SPACE',''
  ) );
#606 = ORIENTED_EDGE('',*,*,#607,.F.);
#607 = EDGE_CURVE('',#608,#580,#610,.T.);
#608 = VERTEX_POINT('',#609);
#609 = CARTESIAN_POINT('',(9.7,25.4,10.5));
#610 = SURFACE_CURVE('',#611,(#616,#627),.PCURVE_S1.);
#611 = CIRCLE('',#612,3.);
#612 = AXIS2_PLACEMENT_3D('',#613,#614,#615);
#613 = CARTESIAN_POINT('',(9.7,22.4,10.5));
#614 = DIRECTION('',(-0.,-0.,-1.));
#615 = DIRECTION('',(0.,-1.,0.));
#616 = PCURVE('',#72,#617);
#617 = DEFINITIONAL_REPRESENTATION('',(#618),#626);
#618 = ( BOUNDED_CURVE() B_SPLINE_CURVE(2,(#619,#620,#621,#622,#623,#624
,#625),.UNSPECIFIED.,.T.,.F.) B_SPLINE_CURVE_WITH_KNOTS((1,2,2,2,2,1),(
    -2.094395102393,0.,2.094395102393,4.188790204786,6.28318530718,
8.377580409573),.UNSPECIFIED.) CURVE() GEOMETRIC_REPRESENTATION_ITEM() 
RATIONAL_B_SPLINE_CURVE((1.,0.5,1.,0.5,1.,0.5,1.)) REPRESENTATION_ITEM(
  '') );
#619 = CARTESIAN_POINT('',(9.7,19.4));
#620 = CARTESIAN_POINT('',(4.503847577293,19.4));
#621 = CARTESIAN_POINT('',(7.101923788647,23.9));
#622 = CARTESIAN_POINT('',(9.7,28.4));
#623 = CARTESIAN_POINT('',(12.298076211353,23.9));
#624 = CARTESIAN_POINT('',(14.896152422707,19.4));
#625 = CARTESIAN_POINT('',(9.7,19.4));
#626 = ( GEOMETRIC_REPRESENTATION_CONTEXT(2) 
PARAMETRIC_REPRESENTATION_CONTEXT() REPRESENTATION_CONTEXT('2D SPACE',''
  ) );
#627 = PCURVE('',#628,#633);
#628 = CYLINDRICAL_SURFACE('',#629,3.);
#629 = AXIS2_PLACEMENT_3D('',#630,#631,#632);
#630 = CARTESIAN_POINT('',(9.7,22.4,0.));
#631 = DIRECTION('',(0.,0.,1.));
#632 = DIRECTION('',(0.,1.,0.));
#633 = DEFINITIONAL_REPRESENTATION('',(#634),#638);
#634 = LINE('',#635,#636);
#635 = CARTESIAN_POINT('',(3.14159265359,10.5));
#636 = VECTOR('',#637,1.);
#637 = DIRECTION('',(-1.,0.));
#638 = ( GEOMETRIC_REPRESENTATION_CONTEXT(2) 
PARAMETRIC_REPRESENTATION_CONTEXT() REPRESENTATION_CONTEXT('2D SPACE',''
  ) );
#639 = ORIENTED_EDGE('',*,*,#640,.T.);
#640 = EDGE_CURVE('',#608,#255,#641,.T.);
#641 = SURFACE_CURVE('',#642,(#646,#653),.PCURVE_S1.);
#642 = LINE('',#643,#644);
#643 = CARTESIAN_POINT('',(12.7,25.4,10.5));
#644 = VECTOR('',#645,1.);
#645 = DIRECTION('',(-1.,0.,0.));
#646 = PCURVE('',#72,#647);
#647 = DEFINITIONAL_REPRESENTATION('',(#648),#652);
#648 = LINE('',#649,#650);
#649 = CARTESIAN_POINT('',(12.7,25.4));
#650 = VECTOR('',#651,1.);
#651 = DIRECTION('',(-1.,0.));
#652 = ( GEOMETRIC_REPRESENTATION_CONTEXT(2) 
PARAMETRIC_REPRESENTATION_CONTEXT() REPRESENTATION_CONTEXT('2D SPACE',''
  ) );
#653 = PCURVE('',#270,#654);
#654 = DEFINITIONAL_REPRESENTATION('',(#655),#659);
#655 = LINE('',#656,#657);
#656 = CARTESIAN_POINT('',(0.,-10.5));
#657 = VECTOR('',#658,1.);
#658 = DIRECTION('',(1.,0.));
#659 = ( GEOMETRIC_REPRESENTATION_CONTEXT(2) 
PARAMETRIC_REPRESENTATION_CONTEXT() REPRESENTATION_CONTEXT('2D SPACE',''
  ) );
#660 = ORIENTED_EDGE('',*,*,#282,.F.);
#661 = FACE_BOUND('',#662,.T.);
#662 = EDGE_LOOP('',(#663));
#663 = ORIENTED_EDGE('',*,*,#664,.F.);
#664 = EDGE_CURVE('',#665,#665,#667,.T.);
#665 = VERTEX_POINT('',#666);
#666 = CARTESIAN_POINT('',(-7.12,-22.86,10.5));
#667 = SURFACE_CURVE('',#668,(#673,#680),.PCURVE_S1.);
#668 = CIRCLE('',#669,0.5);
#669 = AXIS2_PLACEMENT_3D('',#670,#671,#672);
#670 = CARTESIAN_POINT('',(-7.62,-22.86,10.5));
#671 = DIRECTION('',(0.,0.,1.));
#672 = DIRECTION('',(1.,0.,0.));
#673 = PCURVE('',#72,#674);
#674 = DEFINITIONAL_REPRESENTATION('',(#675),#679);
#675 = CIRCLE('',#676,0.5);
#676 = AXIS2_PLACEMENT_2D('',#677,#678);
#677 = CARTESIAN_POINT('',(-7.62,-22.86));
#678 = DIRECTION('',(1.,0.));
#679 = ( GEOMETRIC_REPRESENTATION_CONTEXT(2) 
PARAMETRIC_REPRESENTATION_CONTEXT() REPRESENTATION_CONTEXT('2D SPACE',''
  ) );
#680 = PCURVE('',#681,#686);
#681 = CYLINDRICAL_SURFACE('',#682,0.5);
#682 = AXIS2_PLACEMENT_3D('',#683,#684,#685);
#683 = CARTESIAN_POINT('',(-7.62,-22.86,10.5));
#684 = DIRECTION('',(-0.,-0.,-1.));
#685 = DIRECTION('',(1.,0.,0.));
#686 = DEFINITIONAL_REPRESENTATION('',(#687),#691);
#687 = LINE('',#688,#689);
#688 = CARTESIAN_POINT('',(-0.,0.));
#689 = VECTOR('',#690,1.);
#690 = DIRECTION('',(-1.,0.));
#691 = ( GEOMETRIC_REPRESENTATION_CONTEXT(2) 
PARAMETRIC_REPRESENTATION_CONTEXT() REPRESENTATION_CONTEXT('2D SPACE',''
  ) );
#692 = FACE_BOUND('',#693,.T.);
#693 = EDGE_LOOP('',(#694));
#694 = ORIENTED_EDGE('',*,*,#695,.F.);
#695 = EDGE_CURVE('',#696,#696,#698,.T.);
#696 = VERTEX_POINT('',#697);
#697 = CARTESIAN_POINT('',(-2.04,-22.86,10.5));
#698 = SURFACE_CURVE('',#699,(#704,#711),.PCURVE_S1.);
#699 = CIRCLE('',#700,0.5);
#700 = AXIS2_PLACEMENT_3D('',#701,#702,#703);
#701 = CARTESIAN_POINT('',(-2.54,-22.86,10.5));
#702 = DIRECTION('',(0.,0.,1.));
#703 = DIRECTION('',(1.,0.,0.));
#704 = PCURVE('',#72,#705);
#705 = DEFINITIONAL_REPRESENTATION('',(#706),#710);
#706 = CIRCLE('',#707,0.5);
#707 = AXIS2_PLACEMENT_2D('',#708,#709);
#708 = CARTESIAN_POINT('',(-2.54,-22.86));
#709 = DIRECTION('',(1.,0.));
#710 = ( GEOMETRIC_REPRESENTATION_CONTEXT(2) 
PARAMETRIC_REPRESENTATION_CONTEXT() REPRESENTATION_CONTEXT('2D SPACE',''
  ) );
#711 = PCURVE('',#712,#717);
#712 = CYLINDRICAL_SURFACE('',#713,0.5);
#713 = AXIS2_PLACEMENT_3D('',#714,#715,#716);
#714 = CARTESIAN_POINT('',(-2.54,-22.86,10.5));
#715 = DIRECTION('',(-0.,-0.,-1.));
#716 = DIRECTION('',(1.,0.,0.));
#717 = DEFINITIONAL_REPRESENTATION('',(#718),#722);
#718 = LINE('',#719,#720);
#719 = CARTESIAN_POINT('',(-0.,0.));
#720 = VECTOR('',#721,1.);
#721 = DIRECTION('',(-1.,0.));
#722 = ( GEOMETRIC_REPRESENTATION_CONTEXT(2) 
PARAMETRIC_REPRESENTATION_CONTEXT() REPRESENTATION_CONTEXT('2D SPACE',''
  ) );
#723 = FACE_BOUND('',#724,.T.);
#724 = EDGE_LOOP('',(#725));
#725 = ORIENTED_EDGE('',*,*,#726,.F.);
#726 = EDGE_CURVE('',#727,#727,#729,.T.);
#727 = VERTEX_POINT('',#728);
#728 = CARTESIAN_POINT('',(8.12,-22.86,10.5));
#729 = SURFACE_CURVE('',#730,(#735,#742),.PCURVE_S1.);
#730 = CIRCLE('',#731,0.5);
#731 = AXIS2_PLACEMENT_3D('',#732,#733,#734);
#732 = CARTESIAN_POINT('',(7.62,-22.86,10.5));
#733 = DIRECTION('',(0.,0.,1.));
#734 = DIRECTION('',(1.,0.,0.));
#735 = PCURVE('',#72,#736);
#736 = DEFINITIONAL_REPRESENTATION('',(#737),#741);
#737 = CIRCLE('',#738,0.5);
#738 = AXIS2_PLACEMENT_2D('',#739,#740);
#739 = CARTESIAN_POINT('',(7.62,-22.86));
#740 = DIRECTION('',(1.,0.));
#741 = ( GEOMETRIC_REPRESENTATION_CONTEXT(2) 
PARAMETRIC_REPRESENTATION_CONTEXT() REPRESENTATION_CONTEXT('2D SPACE',''
  ) );
#742 = PCURVE('',#743,#748);
#743 = CYLINDRICAL_SURFACE('',#744,0.5);
#744 = AXIS2_PLACEMENT_3D('',#745,#746,#747);
#745 = CARTESIAN_POINT('',(7.62,-22.86,10.5));
#746 = DIRECTION('',(-0.,-0.,-1.));
#747 = DIRECTION('',(1.,0.,0.));
#748 = DEFINITIONAL_REPRESENTATION('',(#749),#753);
#749 = LINE('',#750,#751);
#750 = CARTESIAN_POINT('',(-0.,0.));
#751 = VECTOR('',#752,1.);
#752 = DIRECTION('',(-1.,0.));
#753 = ( GEOMETRIC_REPRESENTATION_CONTEXT(2) 
PARAMETRIC_REPRESENTATION_CONTEXT() REPRESENTATION_CONTEXT('2D SPACE',''
  ) );
#754 = FACE_BOUND('',#755,.T.);
#755 = EDGE_LOOP('',(#756));
#756 = ORIENTED_EDGE('',*,*,#757,.F.);
#757 = EDGE_CURVE('',#758,#758,#760,.T.);
#758 = VERTEX_POINT('',#759);
#759 = CARTESIAN_POINT('',(-9.66,22.86,10.5));
#760 = SURFACE_CURVE('',#761,(#766,#773),.PCURVE_S1.);
#761 = CIRCLE('',#762,0.5);
#762 = AXIS2_PLACEMENT_3D('',#763,#764,#765);
#763 = CARTESIAN_POINT('',(-10.16,22.86,10.5));
#764 = DIRECTION('',(0.,0.,1.));
#765 = DIRECTION('',(1.,0.,0.));
#766 = PCURVE('',#72,#767);
#767 = DEFINITIONAL_REPRESENTATION('',(#768),#772);
#768 = CIRCLE('',#769,0.5);
#769 = AXIS2_PLACEMENT_2D('',#770,#771);
#770 = CARTESIAN_POINT('',(-10.16,22.86));
#771 = DIRECTION('',(1.,0.));
#772 = ( GEOMETRIC_REPRESENTATION_CONTEXT(2) 
PARAMETRIC_REPRESENTATION_CONTEXT() REPRESENTATION_CONTEXT('2D SPACE',''
  ) );
#773 = PCURVE('',#774,#779);
#774 = CYLINDRICAL_SURFACE('',#775,0.5);
#775 = AXIS2_PLACEMENT_3D('',#776,#777,#778);
#776 = CARTESIAN_POINT('',(-10.16,22.86,10.5));
#777 = DIRECTION('',(-0.,-0.,-1.));
#778 = DIRECTION('',(1.,0.,0.));
#779 = DEFINITIONAL_REPRESENTATION('',(#780),#784);
#780 = LINE('',#781,#782);
#781 = CARTESIAN_POINT('',(-0.,0.));
#782 = VECTOR('',#783,1.);
#783 = DIRECTION('',(-1.,0.));
#784 = ( GEOMETRIC_REPRESENTATION_CONTEXT(2) 
PARAMETRIC_REPRESENTATION_CONTEXT() REPRESENTATION_CONTEXT('2D SPACE',''
  ) );
#785 = FACE_BOUND('',#786,.T.);
#786 = EDGE_LOOP('',(#787));
#787 = ORIENTED_EDGE('',*,*,#788,.F.);
#788 = EDGE_CURVE('',#789,#789,#791,.T.);
#789 = VERTEX_POINT('',#790);
#790 = CARTESIAN_POINT('',(0.5,22.86,10.5));
#791 = SURFACE_CURVE('',#792,(#797,#804),.PCURVE_S1.);
#792 = CIRCLE('',#793,0.5);
#793 = AXIS2_PLACEMENT_3D('',#794,#795,#796);
#794 = CARTESIAN_POINT('',(0.,22.86,10.5));
#795 = DIRECTION('',(0.,0.,1.));
#796 = DIRECTION('',(1.,0.,0.));
#797 = PCURVE('',#72,#798);
#798 = DEFINITIONAL_REPRESENTATION('',(#799),#803);
#799 = CIRCLE('',#800,0.5);
#800 = AXIS2_PLACEMENT_2D('',#801,#802);
#801 = CARTESIAN_POINT('',(0.,22.86));
#802 = DIRECTION('',(1.,0.));
#803 = ( GEOMETRIC_REPRESENTATION_CONTEXT(2) 
PARAMETRIC_REPRESENTATION_CONTEXT() REPRESENTATION_CONTEXT('2D SPACE',''
  ) );
#804 = PCURVE('',#805,#810);
#805 = CYLINDRICAL_SURFACE('',#806,0.5);
#806 = AXIS2_PLACEMENT_3D('',#807,#808,#809);
#807 = CARTESIAN_POINT('',(0.,22.86,10.5));
#808 = DIRECTION('',(-0.,-0.,-1.));
#809 = DIRECTION('',(1.,0.,0.));
#810 = DEFINITIONAL_REPRESENTATION('',(#811),#815);
#811 = LINE('',#812,#813);
#812 = CARTESIAN_POINT('',(-0.,0.));
#813 = VECTOR('',#814,1.);
#814 = DIRECTION('',(-1.,0.));
#815 = ( GEOMETRIC_REPRESENTATION_CONTEXT(2) 
PARAMETRIC_REPRESENTATION_CONTEXT() REPRESENTATION_CONTEXT('2D SPACE',''
  ) );
#816 = FACE_BOUND('',#817,.T.);
#817 = EDGE_LOOP('',(#818));
#818 = ORIENTED_EDGE('',*,*,#819,.F.);
#819 = EDGE_CURVE('',#820,#820,#822,.T.);
#820 = VERTEX_POINT('',#821);
#821 = CARTESIAN_POINT('',(10.66,22.86,10.5));
#822 = SURFACE_CURVE('',#823,(#828,#835),.PCURVE_S1.);
#823 = CIRCLE('',#824,0.5);
#824 = AXIS2_PLACEMENT_3D('',#825,#826,#827);
#825 = CARTESIAN_POINT('',(10.16,22.86,10.5));
#826 = DIRECTION('',(0.,0.,1.));
#827 = DIRECTION('',(1.,0.,0.));
#828 = PCURVE('',#72,#829);
#829 = DEFINITIONAL_REPRESENTATION('',(#830),#834);
#830 = CIRCLE('',#831,0.5);
#831 = AXIS2_PLACEMENT_2D('',#832,#833);
#832 = CARTESIAN_POINT('',(10.16,22.86));
#833 = DIRECTION('',(1.,0.));
#834 = ( GEOMETRIC_REPRESENTATION_CONTEXT(2) 
PARAMETRIC_REPRESENTATION_CONTEXT() REPRESENTATION_CONTEXT('2D SPACE',''
  ) );
#835 = PCURVE('',#836,#841);
#836 = CYLINDRICAL_SURFACE('',#837,0.5);
#837 = AXIS2_PLACEMENT_3D('',#838,#839,#840);
#838 = CARTESIAN_POINT('',(10.16,22.86,10.5));
#839 = DIRECTION('',(-0.,-0.,-1.));
#840 = DIRECTION('',(1.,0.,0.));
#841 = DEFINITIONAL_REPRESENTATION('',(#842),#846);
#842 = LINE('',#843,#844);
#843 = CARTESIAN_POINT('',(-0.,0.));
#844 = VECTOR('',#845,1.);
#845 = DIRECTION('',(-1.,0.));
#846 = ( GEOMETRIC_REPRESENTATION_CONTEXT(2) 
PARAMETRIC_REPRESENTATION_CONTEXT() REPRESENTATION_CONTEXT('2D SPACE',''
  ) );
#847 = ADVANCED_FACE('',(#848),#100,.T.);
#848 = FACE_BOUND('',#849,.T.);
#849 = EDGE_LOOP('',(#850,#851,#881,#902));
#850 = ORIENTED_EDGE('',*,*,#84,.F.);
#851 = ORIENTED_EDGE('',*,*,#852,.T.);
#852 = EDGE_CURVE('',#85,#853,#855,.T.);
#853 = VERTEX_POINT('',#854);
#854 = CARTESIAN_POINT('',(-9.7,-25.4,5.));
#855 = SURFACE_CURVE('',#856,(#866,#874),.PCURVE_S1.);
#856 = B_SPLINE_CURVE_WITH_KNOTS('',8,(#857,#858,#859,#860,#861,#862,
    #863,#864,#865),.UNSPECIFIED.,.F.,.F.,(9,9),(0.,1.),
  .PIECEWISE_BEZIER_KNOTS.);
#857 = CARTESIAN_POINT('',(-12.7,-22.4,5.));
#858 = CARTESIAN_POINT('',(-12.7,-22.98904860162,5.));
#859 = CARTESIAN_POINT('',(-12.56781764548,-23.57809748255,5.));
#860 = CARTESIAN_POINT('',(-12.30345415439,-24.13253963357,5.));
#861 = CARTESIAN_POINT('',(-11.91777633494,-24.61777633494,5.));
#862 = CARTESIAN_POINT('',(-11.43253963358,-25.00345415439,5.));
#863 = CARTESIAN_POINT('',(-10.87809748254,-25.26781764548,5.));
#864 = CARTESIAN_POINT('',(-10.28904860162,-25.4,5.));
#865 = CARTESIAN_POINT('',(-9.7,-25.4,5.));
#866 = PCURVE('',#100,#867);
#867 = DEFINITIONAL_REPRESENTATION('',(#868),#873);
#868 = B_SPLINE_CURVE_WITH_KNOTS('',3,(#869,#870,#871,#872),
  .UNSPECIFIED.,.F.,.F.,(4,4),(0.,1.),.PIECEWISE_BEZIER_KNOTS.);
#869 = CARTESIAN_POINT('',(0.,5.));
#870 = CARTESIAN_POINT('',(0.523598756996,5.));
#871 = CARTESIAN_POINT('',(1.047197569798,5.));
#872 = CARTESIAN_POINT('',(1.570796326795,5.));
#873 = ( GEOMETRIC_REPRESENTATION_CONTEXT(2) 
PARAMETRIC_REPRESENTATION_CONTEXT() REPRESENTATION_CONTEXT('2D SPACE',''
  ) );
#874 = PCURVE('',#399,#875);
#875 = DEFINITIONAL_REPRESENTATION('',(#876),#880);
#876 = LINE('',#877,#878);
#877 = CARTESIAN_POINT('',(0.,0.));
#878 = VECTOR('',#879,1.);
#879 = DIRECTION('',(1.,0.));
#880 = ( GEOMETRIC_REPRESENTATION_CONTEXT(2) 
PARAMETRIC_REPRESENTATION_CONTEXT() REPRESENTATION_CONTEXT('2D SPACE',''
  ) );
#881 = ORIENTED_EDGE('',*,*,#882,.T.);
#882 = EDGE_CURVE('',#853,#499,#883,.T.);
#883 = SURFACE_CURVE('',#884,(#888,#895),.PCURVE_S1.);
#884 = LINE('',#885,#886);
#885 = CARTESIAN_POINT('',(-9.7,-25.4,0.));
#886 = VECTOR('',#887,1.);
#887 = DIRECTION('',(0.,0.,1.));
#888 = PCURVE('',#100,#889);
#889 = DEFINITIONAL_REPRESENTATION('',(#890),#894);
#890 = LINE('',#891,#892);
#891 = CARTESIAN_POINT('',(1.570796326795,0.));
#892 = VECTOR('',#893,1.);
#893 = DIRECTION('',(0.,1.));
#894 = ( GEOMETRIC_REPRESENTATION_CONTEXT(2) 
PARAMETRIC_REPRESENTATION_CONTEXT() REPRESENTATION_CONTEXT('2D SPACE',''
  ) );
#895 = PCURVE('',#538,#896);
#896 = DEFINITIONAL_REPRESENTATION('',(#897),#901);
#897 = LINE('',#898,#899);
#898 = CARTESIAN_POINT('',(3.,0.));
#899 = VECTOR('',#900,1.);
#900 = DIRECTION('',(0.,-1.));
#901 = ( GEOMETRIC_REPRESENTATION_CONTEXT(2) 
PARAMETRIC_REPRESENTATION_CONTEXT() REPRESENTATION_CONTEXT('2D SPACE',''
  ) );
#902 = ORIENTED_EDGE('',*,*,#498,.F.);
#903 = ADVANCED_FACE('',(#904),#165,.F.);
#904 = FACE_BOUND('',#905,.F.);
#905 = EDGE_LOOP('',(#906,#946,#947));
#906 = ORIENTED_EDGE('',*,*,#907,.F.);
#907 = EDGE_CURVE('',#143,#312,#908,.T.);
#908 = SURFACE_CURVE('',#909,(#917,#929),.PCURVE_S1.);
#909 = B_SPLINE_CURVE_WITH_KNOTS('',6,(#910,#911,#912,#913,#914,#915,
    #916),.UNSPECIFIED.,.F.,.F.,(7,7),(0.,1.),.PIECEWISE_BEZIER_KNOTS.);
#910 = CARTESIAN_POINT('',(-9.7,25.4,5.));
#911 = CARTESIAN_POINT('',(-9.366666666667,25.4,3.691003061004));
#912 = CARTESIAN_POINT('',(-9.033333333333,24.988861569899,
    2.382117496474));
#913 = CARTESIAN_POINT('',(-8.7,24.165950748201,1.234049251799));
#914 = CARTESIAN_POINT('',(-8.366666666667,23.017882503526,
    0.411138430101));
#915 = CARTESIAN_POINT('',(-8.033333333333,21.708996938996,
    2.101097074103E-15));
#916 = CARTESIAN_POINT('',(-7.7,20.4,-4.440892098501E-16));
#917 = PCURVE('',#165,#918);
#918 = DEFINITIONAL_REPRESENTATION('',(#919),#928);
#919 = B_SPLINE_CURVE_WITH_KNOTS('',7,(#920,#921,#922,#923,#924,#925,
    #926,#927),.UNSPECIFIED.,.F.,.F.,(8,8),(0.,1.),
  .PIECEWISE_BEZIER_KNOTS.);
#920 = CARTESIAN_POINT('',(0.,-1.110223024625E-16));
#921 = CARTESIAN_POINT('',(0.,0.142857142857));
#922 = CARTESIAN_POINT('',(0.,0.285703039752));
#923 = CARTESIAN_POINT('',(0.,0.428600130186));
#924 = CARTESIAN_POINT('',(0.,0.571399869814));
#925 = CARTESIAN_POINT('',(0.,0.714296960248));
#926 = CARTESIAN_POINT('',(0.,0.857142857143));
#927 = CARTESIAN_POINT('',(0.,1.));
#928 = ( GEOMETRIC_REPRESENTATION_CONTEXT(2) 
PARAMETRIC_REPRESENTATION_CONTEXT() REPRESENTATION_CONTEXT('2D SPACE',''
  ) );
#929 = PCURVE('',#930,#935);
#930 = CYLINDRICAL_SURFACE('',#931,5.);
#931 = AXIS2_PLACEMENT_3D('',#932,#933,#934);
#932 = CARTESIAN_POINT('',(9.7,20.4,5.));
#933 = DIRECTION('',(-1.,0.,0.));
#934 = DIRECTION('',(0.,1.,0.));
#935 = DEFINITIONAL_REPRESENTATION('',(#936),#945);
#936 = B_SPLINE_CURVE_WITH_KNOTS('',7,(#937,#938,#939,#940,#941,#942,
    #943,#944),.UNSPECIFIED.,.F.,.F.,(8,8),(0.,1.),
  .PIECEWISE_BEZIER_KNOTS.);
#937 = CARTESIAN_POINT('',(-1.110223024625E-16,19.4));
#938 = CARTESIAN_POINT('',(0.224399475256,19.114285714286));
#939 = CARTESIAN_POINT('',(0.448781283486,18.828593922928));
#940 = CARTESIAN_POINT('',(0.673243514982,18.542799733489));
#941 = CARTESIAN_POINT('',(0.897552811813,18.257200266511));
#942 = CARTESIAN_POINT('',(1.122015043309,17.971406077072));
#943 = CARTESIAN_POINT('',(1.346396851538,17.685714285714));
#944 = CARTESIAN_POINT('',(1.570796326795,17.4));
#945 = ( GEOMETRIC_REPRESENTATION_CONTEXT(2) 
PARAMETRIC_REPRESENTATION_CONTEXT() REPRESENTATION_CONTEXT('2D SPACE',''
  ) );
#946 = ORIENTED_EDGE('',*,*,#142,.T.);
#947 = ORIENTED_EDGE('',*,*,#311,.T.);
#948 = ADVANCED_FACE('',(#949),#270,.F.);
#949 = FACE_BOUND('',#950,.F.);
#950 = EDGE_LOOP('',(#951,#974,#975,#976));
#951 = ORIENTED_EDGE('',*,*,#952,.T.);
#952 = EDGE_CURVE('',#953,#608,#955,.T.);
#953 = VERTEX_POINT('',#954);
#954 = CARTESIAN_POINT('',(9.7,25.4,5.));
#955 = SURFACE_CURVE('',#956,(#960,#967),.PCURVE_S1.);
#956 = LINE('',#957,#958);
#957 = CARTESIAN_POINT('',(9.7,25.4,0.));
#958 = VECTOR('',#959,1.);
#959 = DIRECTION('',(0.,0.,1.));
#960 = PCURVE('',#270,#961);
#961 = DEFINITIONAL_REPRESENTATION('',(#962),#966);
#962 = LINE('',#963,#964);
#963 = CARTESIAN_POINT('',(3.,0.));
#964 = VECTOR('',#965,1.);
#965 = DIRECTION('',(0.,-1.));
#966 = ( GEOMETRIC_REPRESENTATION_CONTEXT(2) 
PARAMETRIC_REPRESENTATION_CONTEXT() REPRESENTATION_CONTEXT('2D SPACE',''
  ) );
#967 = PCURVE('',#628,#968);
#968 = DEFINITIONAL_REPRESENTATION('',(#969),#973);
#969 = LINE('',#970,#971);
#970 = CARTESIAN_POINT('',(-0.,0.));
#971 = VECTOR('',#972,1.);
#972 = DIRECTION('',(-0.,1.));
#973 = ( GEOMETRIC_REPRESENTATION_CONTEXT(2) 
PARAMETRIC_REPRESENTATION_CONTEXT() REPRESENTATION_CONTEXT('2D SPACE',''
  ) );
#974 = ORIENTED_EDGE('',*,*,#640,.T.);
#975 = ORIENTED_EDGE('',*,*,#254,.F.);
#976 = ORIENTED_EDGE('',*,*,#977,.F.);
#977 = EDGE_CURVE('',#953,#143,#978,.T.);
#978 = SURFACE_CURVE('',#979,(#983,#990),.PCURVE_S1.);
#979 = LINE('',#980,#981);
#980 = CARTESIAN_POINT('',(9.7,25.4,5.));
#981 = VECTOR('',#982,1.);
#982 = DIRECTION('',(-1.,0.,0.));
#983 = PCURVE('',#270,#984);
#984 = DEFINITIONAL_REPRESENTATION('',(#985),#989);
#985 = LINE('',#986,#987);
#986 = CARTESIAN_POINT('',(3.,-5.));
#987 = VECTOR('',#988,1.);
#988 = DIRECTION('',(1.,0.));
#989 = ( GEOMETRIC_REPRESENTATION_CONTEXT(2) 
PARAMETRIC_REPRESENTATION_CONTEXT() REPRESENTATION_CONTEXT('2D SPACE',''
  ) );
#990 = PCURVE('',#930,#991);
#991 = DEFINITIONAL_REPRESENTATION('',(#992),#996);
#992 = LINE('',#993,#994);
#993 = CARTESIAN_POINT('',(0.,0.));
#994 = VECTOR('',#995,1.);
#995 = DIRECTION('',(0.,1.));
#996 = ( GEOMETRIC_REPRESENTATION_CONTEXT(2) 
PARAMETRIC_REPRESENTATION_CONTEXT() REPRESENTATION_CONTEXT('2D SPACE',''
  ) );
#997 = ADVANCED_FACE('',(#998),#364,.F.);
#998 = FACE_BOUND('',#999,.F.);
#999 = EDGE_LOOP('',(#1000,#1001,#1029,#1057));
#1000 = ORIENTED_EDGE('',*,*,#348,.T.);
#1001 = ORIENTED_EDGE('',*,*,#1002,.T.);
#1002 = EDGE_CURVE('',#349,#1003,#1005,.T.);
#1003 = VERTEX_POINT('',#1004);
#1004 = CARTESIAN_POINT('',(7.7,-20.4,-1.110223024625E-15));
#1005 = SURFACE_CURVE('',#1006,(#1010,#1017),.PCURVE_S1.);
#1006 = LINE('',#1007,#1008);
#1007 = CARTESIAN_POINT('',(-9.7,-20.4,-8.881784197001E-16));
#1008 = VECTOR('',#1009,1.);
#1009 = DIRECTION('',(1.,0.,0.));
#1010 = PCURVE('',#364,#1011);
#1011 = DEFINITIONAL_REPRESENTATION('',(#1012),#1016);
#1012 = LINE('',#1013,#1014);
#1013 = CARTESIAN_POINT('',(-9.7,-20.4));
#1014 = VECTOR('',#1015,1.);
#1015 = DIRECTION('',(1.,0.));
#1016 = ( GEOMETRIC_REPRESENTATION_CONTEXT(2) 
PARAMETRIC_REPRESENTATION_CONTEXT() REPRESENTATION_CONTEXT('2D SPACE',''
  ) );
#1017 = PCURVE('',#1018,#1023);
#1018 = CYLINDRICAL_SURFACE('',#1019,5.);
#1019 = AXIS2_PLACEMENT_3D('',#1020,#1021,#1022);
#1020 = CARTESIAN_POINT('',(-9.7,-20.4,5.));
#1021 = DIRECTION('',(1.,0.,0.));
#1022 = DIRECTION('',(0.,-1.,0.));
#1023 = DEFINITIONAL_REPRESENTATION('',(#1024),#1028);
#1024 = LINE('',#1025,#1026);
#1025 = CARTESIAN_POINT('',(1.570796326795,0.));
#1026 = VECTOR('',#1027,1.);
#1027 = DIRECTION('',(0.,1.));
#1028 = ( GEOMETRIC_REPRESENTATION_CONTEXT(2) 
PARAMETRIC_REPRESENTATION_CONTEXT() REPRESENTATION_CONTEXT('2D SPACE',''
  ) );
#1029 = ORIENTED_EDGE('',*,*,#1030,.T.);
#1030 = EDGE_CURVE('',#1003,#1031,#1033,.T.);
#1031 = VERTEX_POINT('',#1032);
#1032 = CARTESIAN_POINT('',(7.7,20.4,-8.881784197001E-16));
#1033 = SURFACE_CURVE('',#1034,(#1038,#1045),.PCURVE_S1.);
#1034 = LINE('',#1035,#1036);
#1035 = CARTESIAN_POINT('',(7.7,-22.4,-8.881784197001E-16));
#1036 = VECTOR('',#1037,1.);
#1037 = DIRECTION('',(0.,1.,0.));
#1038 = PCURVE('',#364,#1039);
#1039 = DEFINITIONAL_REPRESENTATION('',(#1040),#1044);
#1040 = LINE('',#1041,#1042);
#1041 = CARTESIAN_POINT('',(7.7,-22.4));
#1042 = VECTOR('',#1043,1.);
#1043 = DIRECTION('',(0.,1.));
#1044 = ( GEOMETRIC_REPRESENTATION_CONTEXT(2) 
PARAMETRIC_REPRESENTATION_CONTEXT() REPRESENTATION_CONTEXT('2D SPACE',''
  ) );
#1045 = PCURVE('',#1046,#1051);
#1046 = CYLINDRICAL_SURFACE('',#1047,5.);
#1047 = AXIS2_PLACEMENT_3D('',#1048,#1049,#1050);
#1048 = CARTESIAN_POINT('',(7.7,-22.4,5.));
#1049 = DIRECTION('',(0.,1.,0.));
#1050 = DIRECTION('',(1.,0.,0.));
#1051 = DEFINITIONAL_REPRESENTATION('',(#1052),#1056);
#1052 = LINE('',#1053,#1054);
#1053 = CARTESIAN_POINT('',(1.570796326795,0.));
#1054 = VECTOR('',#1055,1.);
#1055 = DIRECTION('',(0.,1.));
#1056 = ( GEOMETRIC_REPRESENTATION_CONTEXT(2) 
PARAMETRIC_REPRESENTATION_CONTEXT() REPRESENTATION_CONTEXT('2D SPACE',''
  ) );
#1057 = ORIENTED_EDGE('',*,*,#1058,.T.);
#1058 = EDGE_CURVE('',#1031,#312,#1059,.T.);
#1059 = SURFACE_CURVE('',#1060,(#1064,#1071),.PCURVE_S1.);
#1060 = LINE('',#1061,#1062);
#1061 = CARTESIAN_POINT('',(9.7,20.4,-8.881784197001E-16));
#1062 = VECTOR('',#1063,1.);
#1063 = DIRECTION('',(-1.,0.,0.));
#1064 = PCURVE('',#364,#1065);
#1065 = DEFINITIONAL_REPRESENTATION('',(#1066),#1070);
#1066 = LINE('',#1067,#1068);
#1067 = CARTESIAN_POINT('',(9.7,20.4));
#1068 = VECTOR('',#1069,1.);
#1069 = DIRECTION('',(-1.,0.));
#1070 = ( GEOMETRIC_REPRESENTATION_CONTEXT(2) 
PARAMETRIC_REPRESENTATION_CONTEXT() REPRESENTATION_CONTEXT('2D SPACE',''
  ) );
#1071 = PCURVE('',#930,#1072);
#1072 = DEFINITIONAL_REPRESENTATION('',(#1073),#1077);
#1073 = LINE('',#1074,#1075);
#1074 = CARTESIAN_POINT('',(1.570796326795,0.));
#1075 = VECTOR('',#1076,1.);
#1076 = DIRECTION('',(0.,1.));
#1077 = ( GEOMETRIC_REPRESENTATION_CONTEXT(2) 
PARAMETRIC_REPRESENTATION_CONTEXT() REPRESENTATION_CONTEXT('2D SPACE',''
  ) );
#1078 = ADVANCED_FACE('',(#1079),#399,.F.);
#1079 = FACE_BOUND('',#1080,.F.);
#1080 = EDGE_LOOP('',(#1081,#1082,#1083));
#1081 = ORIENTED_EDGE('',*,*,#376,.F.);
#1082 = ORIENTED_EDGE('',*,*,#852,.T.);
#1083 = ORIENTED_EDGE('',*,*,#1084,.T.);
#1084 = EDGE_CURVE('',#853,#349,#1085,.T.);
#1085 = SURFACE_CURVE('',#1086,(#1096,#1103),.PCURVE_S1.);
#1086 = B_SPLINE_CURVE_WITH_KNOTS('',8,(#1087,#1088,#1089,#1090,#1091,
    #1092,#1093,#1094,#1095),.UNSPECIFIED.,.F.,.F.,(9,9),(0.,1.),
  .PIECEWISE_BEZIER_KNOTS.);
#1087 = CARTESIAN_POINT('',(-9.7,-25.4,5.));
#1088 = CARTESIAN_POINT('',(-9.45,-25.4,4.018252295753));
#1089 = CARTESIAN_POINT('',(-9.2,-25.17969605519,3.036504282479));
#1090 = CARTESIAN_POINT('',(-8.95,-24.73909032935,2.112433828325));
#1091 = CARTESIAN_POINT('',(-8.7,-24.0962937789,1.303706221101));
#1092 = CARTESIAN_POINT('',(-8.45,-23.28756617167,0.660909670643));
#1093 = CARTESIAN_POINT('',(-8.2,-22.36349571752,0.220303944806));
#1094 = CARTESIAN_POINT('',(-7.95,-21.38174770424,-2.881028748902E-15));
#1095 = CARTESIAN_POINT('',(-7.7,-20.4,-1.554312234475E-15));
#1096 = PCURVE('',#399,#1097);
#1097 = DEFINITIONAL_REPRESENTATION('',(#1098),#1102);
#1098 = LINE('',#1099,#1100);
#1099 = CARTESIAN_POINT('',(1.,0.));
#1100 = VECTOR('',#1101,1.);
#1101 = DIRECTION('',(0.,1.));
#1102 = ( GEOMETRIC_REPRESENTATION_CONTEXT(2) 
PARAMETRIC_REPRESENTATION_CONTEXT() REPRESENTATION_CONTEXT('2D SPACE',''
  ) );
#1103 = PCURVE('',#1018,#1104);
#1104 = DEFINITIONAL_REPRESENTATION('',(#1105),#1108);
#1105 = B_SPLINE_CURVE_WITH_KNOTS('',1,(#1106,#1107),.UNSPECIFIED.,.F.,
  .F.,(2,2),(0.,1.),.PIECEWISE_BEZIER_KNOTS.);
#1106 = CARTESIAN_POINT('',(0.,0.));
#1107 = CARTESIAN_POINT('',(1.570796326795,2.));
#1108 = ( GEOMETRIC_REPRESENTATION_CONTEXT(2) 
PARAMETRIC_REPRESENTATION_CONTEXT() REPRESENTATION_CONTEXT('2D SPACE',''
  ) );
#1109 = ADVANCED_FACE('',(#1110),#538,.F.);
#1110 = FACE_BOUND('',#1111,.F.);
#1111 = EDGE_LOOP('',(#1112,#1113,#1114,#1137));
#1112 = ORIENTED_EDGE('',*,*,#882,.T.);
#1113 = ORIENTED_EDGE('',*,*,#522,.T.);
#1114 = ORIENTED_EDGE('',*,*,#1115,.F.);
#1115 = EDGE_CURVE('',#1116,#523,#1118,.T.);
#1116 = VERTEX_POINT('',#1117);
#1117 = CARTESIAN_POINT('',(9.7,-25.4,5.));
#1118 = SURFACE_CURVE('',#1119,(#1123,#1130),.PCURVE_S1.);
#1119 = LINE('',#1120,#1121);
#1120 = CARTESIAN_POINT('',(9.7,-25.4,0.));
#1121 = VECTOR('',#1122,1.);
#1122 = DIRECTION('',(0.,0.,1.));
#1123 = PCURVE('',#538,#1124);
#1124 = DEFINITIONAL_REPRESENTATION('',(#1125),#1129);
#1125 = LINE('',#1126,#1127);
#1126 = CARTESIAN_POINT('',(22.4,0.));
#1127 = VECTOR('',#1128,1.);
#1128 = DIRECTION('',(0.,-1.));
#1129 = ( GEOMETRIC_REPRESENTATION_CONTEXT(2) 
PARAMETRIC_REPRESENTATION_CONTEXT() REPRESENTATION_CONTEXT('2D SPACE',''
  ) );
#1130 = PCURVE('',#567,#1131);
#1131 = DEFINITIONAL_REPRESENTATION('',(#1132),#1136);
#1132 = LINE('',#1133,#1134);
#1133 = CARTESIAN_POINT('',(0.,0.));
#1134 = VECTOR('',#1135,1.);
#1135 = DIRECTION('',(0.,1.));
#1136 = ( GEOMETRIC_REPRESENTATION_CONTEXT(2) 
PARAMETRIC_REPRESENTATION_CONTEXT() REPRESENTATION_CONTEXT('2D SPACE',''
  ) );
#1137 = ORIENTED_EDGE('',*,*,#1138,.F.);
#1138 = EDGE_CURVE('',#853,#1116,#1139,.T.);
#1139 = SURFACE_CURVE('',#1140,(#1144,#1151),.PCURVE_S1.);
#1140 = LINE('',#1141,#1142);
#1141 = CARTESIAN_POINT('',(-9.7,-25.4,5.));
#1142 = VECTOR('',#1143,1.);
#1143 = DIRECTION('',(1.,0.,0.));
#1144 = PCURVE('',#538,#1145);
#1145 = DEFINITIONAL_REPRESENTATION('',(#1146),#1150);
#1146 = LINE('',#1147,#1148);
#1147 = CARTESIAN_POINT('',(3.,-5.));
#1148 = VECTOR('',#1149,1.);
#1149 = DIRECTION('',(1.,0.));
#1150 = ( GEOMETRIC_REPRESENTATION_CONTEXT(2) 
PARAMETRIC_REPRESENTATION_CONTEXT() REPRESENTATION_CONTEXT('2D SPACE',''
  ) );
#1151 = PCURVE('',#1018,#1152);
#1152 = DEFINITIONAL_REPRESENTATION('',(#1153),#1157);
#1153 = LINE('',#1154,#1155);
#1154 = CARTESIAN_POINT('',(0.,0.));
#1155 = VECTOR('',#1156,1.);
#1156 = DIRECTION('',(0.,1.));
#1157 = ( GEOMETRIC_REPRESENTATION_CONTEXT(2) 
PARAMETRIC_REPRESENTATION_CONTEXT() REPRESENTATION_CONTEXT('2D SPACE',''
  ) );
#1158 = ADVANCED_FACE('',(#1159),#628,.T.);
#1159 = FACE_BOUND('',#1160,.F.);
#1160 = EDGE_LOOP('',(#1161,#1162,#1274,#1295));
#1161 = ORIENTED_EDGE('',*,*,#952,.F.);
#1162 = ORIENTED_EDGE('',*,*,#1163,.F.);
#1163 = EDGE_CURVE('',#1164,#953,#1166,.T.);
#1164 = VERTEX_POINT('',#1165);
#1165 = CARTESIAN_POINT('',(12.7,22.4,5.));
#1166 = SURFACE_CURVE('',#1167,(#1177,#1185),.PCURVE_S1.);
#1167 = B_SPLINE_CURVE_WITH_KNOTS('',8,(#1168,#1169,#1170,#1171,#1172,
    #1173,#1174,#1175,#1176),.UNSPECIFIED.,.F.,.F.,(9,9),(0.,1.),
  .PIECEWISE_BEZIER_KNOTS.);
#1168 = CARTESIAN_POINT('',(12.7,22.4,5.));
#1169 = CARTESIAN_POINT('',(12.7,22.98904860162,5.));
#1170 = CARTESIAN_POINT('',(12.567817645484,23.578097482552,5.));
#1171 = CARTESIAN_POINT('',(12.303454154399,24.132539633577,5.));
#1172 = CARTESIAN_POINT('',(11.917776334943,24.617776334944,5.));
#1173 = CARTESIAN_POINT('',(11.43253963358,25.003454154398,5.));
#1174 = CARTESIAN_POINT('',(10.87809748255,25.267817645484,5.));
#1175 = CARTESIAN_POINT('',(10.289048601621,25.4,5.));
#1176 = CARTESIAN_POINT('',(9.7,25.4,5.));
#1177 = PCURVE('',#628,#1178);
#1178 = DEFINITIONAL_REPRESENTATION('',(#1179),#1184);
#1179 = B_SPLINE_CURVE_WITH_KNOTS('',3,(#1180,#1181,#1182,#1183),
  .UNSPECIFIED.,.F.,.F.,(4,4),(0.,1.),.PIECEWISE_BEZIER_KNOTS.);
#1180 = CARTESIAN_POINT('',(-1.570796326795,5.));
#1181 = CARTESIAN_POINT('',(-1.047197569799,5.));
#1182 = CARTESIAN_POINT('',(-0.523598756996,5.));
#1183 = CARTESIAN_POINT('',(1.110223024625E-16,5.));
#1184 = ( GEOMETRIC_REPRESENTATION_CONTEXT(2) 
PARAMETRIC_REPRESENTATION_CONTEXT() REPRESENTATION_CONTEXT('2D SPACE',''
  ) );
#1185 = PCURVE('',#1186,#1268);
#1186 = B_SPLINE_SURFACE_WITH_KNOTS('',8,8,(
    (#1187,#1188,#1189,#1190,#1191,#1192,#1193,#1194,#1195)
    ,(#1196,#1197,#1198,#1199,#1200,#1201,#1202,#1203,#1204)
    ,(#1205,#1206,#1207,#1208,#1209,#1210,#1211,#1212,#1213)
    ,(#1214,#1215,#1216,#1217,#1218,#1219,#1220,#1221,#1222)
    ,(#1223,#1224,#1225,#1226,#1227,#1228,#1229,#1230,#1231)
    ,(#1232,#1233,#1234,#1235,#1236,#1237,#1238,#1239,#1240)
    ,(#1241,#1242,#1243,#1244,#1245,#1246,#1247,#1248,#1249)
    ,(#1250,#1251,#1252,#1253,#1254,#1255,#1256,#1257,#1258)
    ,(#1259,#1260,#1261,#1262,#1263,#1264,#1265,#1266,#1267
  )),.UNSPECIFIED.,.F.,.F.,.F.,(9,9),(9,9),(0.,1.),(0.,1.),
  .PIECEWISE_BEZIER_KNOTS.);
#1187 = CARTESIAN_POINT('',(12.7,22.4,5.));
#1188 = CARTESIAN_POINT('',(12.7,22.15,4.018252295753));
#1189 = CARTESIAN_POINT('',(12.479696055194,21.9,3.036504282479));
#1190 = CARTESIAN_POINT('',(12.039090329357,21.65,2.112433828325));
#1191 = CARTESIAN_POINT('',(11.396293778899,21.4,1.303706221101));
#1192 = CARTESIAN_POINT('',(10.587566171676,21.15,0.660909670643));
#1193 = CARTESIAN_POINT('',(9.663495717521,20.9,0.220303944806));
#1194 = CARTESIAN_POINT('',(8.681747704247,20.65,-7.501935580681E-16));
#1195 = CARTESIAN_POINT('',(7.7,20.4,-8.881784197001E-16));
#1196 = CARTESIAN_POINT('',(12.7,22.98904860162,5.));
#1197 = CARTESIAN_POINT('',(12.724543691734,22.743542526417,
    4.018252295753));
#1198 = CARTESIAN_POINT('',(12.51458899503,22.470498458114,
    3.001533459763));
#1199 = CARTESIAN_POINT('',(12.047487883535,22.169916667182,
    2.028482405389));
#1200 = CARTESIAN_POINT('',(11.338903729614,21.844061023172,
    1.203653353206));
#1201 = CARTESIAN_POINT('',(10.493683631786,21.497463997067,
    0.60162670956));
#1202 = CARTESIAN_POINT('',(9.581445525999,21.136449115095,
    0.200145943509));
#1203 = CARTESIAN_POINT('',(8.637154241216,20.768224538233,
    -7.783952054347E-16));
#1204 = CARTESIAN_POINT('',(7.7,20.4,-9.020562075079E-16));
#1205 = CARTESIAN_POINT('',(12.567817645484,23.578097482552,5.));
#1206 = CARTESIAN_POINT('',(12.628883760628,23.387203840911,
    4.018252295753));
#1207 = CARTESIAN_POINT('',(12.334356791341,23.21080366472,2.97655430068
    ));
#1208 = CARTESIAN_POINT('',(11.832910250129,22.884997486711,
    1.968517103291));
#1209 = CARTESIAN_POINT('',(11.091547829889,22.466119183796,
    1.132187018996));
#1210 = CARTESIAN_POINT('',(10.24920120915,21.986901319877,
    0.559281737359));
#1211 = CARTESIAN_POINT('',(9.385263550068,21.472057904123,
    0.185747371155));
#1212 = CARTESIAN_POINT('',(8.468884270494,20.989088134101,
    -1.377455405973E-15));
#1213 = CARTESIAN_POINT('',(7.7,20.4,-1.066607120086E-15));
#1214 = CARTESIAN_POINT('',(12.303454154399,24.132539633577,5.));
#1215 = CARTESIAN_POINT('',(12.370666423553,24.039335585058,
    4.018252295753));
#1216 = CARTESIAN_POINT('',(12.113206149427,23.850188356378,
    2.96156680523));
#1217 = CARTESIAN_POINT('',(11.631634025018,23.466771028479,
    1.932537922033));
#1218 = CARTESIAN_POINT('',(10.914453884414,22.932190809797,
    1.08930721847));
#1219 = CARTESIAN_POINT('',(10.103074592187,22.321096000941,
    0.533874754037));
#1220 = CARTESIAN_POINT('',(9.278343036399,21.680668429658,
    0.177108227742));
#1221 = CARTESIAN_POINT('',(8.428083466706,21.061445112975,
    -1.725207278623E-15));
#1222 = CARTESIAN_POINT('',(7.7,20.4,-1.137978600241E-15));
#1223 = CARTESIAN_POINT('',(11.917776334943,24.617776334944,5.));
#1224 = CARTESIAN_POINT('',(11.929564997604,24.629564997604,
    4.018252295753));
#1225 = CARTESIAN_POINT('',(11.713161382496,24.413161382496,
    2.956570973414));
#1226 = CARTESIAN_POINT('',(11.274198076124,23.974198076123,
    1.920544861614));
#1227 = CARTESIAN_POINT('',(10.630748757806,23.330748757805,
    1.075013951627));
#1228 = CARTESIAN_POINT('',(9.899309201233,22.599309201232,
    0.525405759597));
#1229 = CARTESIAN_POINT('',(9.14894905903,21.84894905903,0.174228513271)
  );
#1230 = CARTESIAN_POINT('',(8.400023652355,21.100023652355,
    -2.064901537739E-15));
#1231 = CARTESIAN_POINT('',(7.7,20.4,-1.205384998164E-15));
#1232 = CARTESIAN_POINT('',(11.43253963358,25.003454154398,5.));
#1233 = CARTESIAN_POINT('',(11.33933558506,25.070666423552,
    4.018252295753));
#1234 = CARTESIAN_POINT('',(11.15018835638,24.813206149428,2.96156680523
    ));
#1235 = CARTESIAN_POINT('',(10.766771028481,24.331634025018,
    1.932537922033));
#1236 = CARTESIAN_POINT('',(10.232190809798,23.614453884415,
    1.08930721847));
#1237 = CARTESIAN_POINT('',(9.621096000942,22.803074592187,
    0.533874754037));
#1238 = CARTESIAN_POINT('',(8.980668429658,21.978343036399,
    0.177108227742));
#1239 = CARTESIAN_POINT('',(8.361445112976,21.128083466705,
    -2.373434498824E-15));
#1240 = CARTESIAN_POINT('',(7.7,20.4,-1.274773937204E-15));
#1241 = CARTESIAN_POINT('',(10.87809748255,25.267817645484,5.));
#1242 = CARTESIAN_POINT('',(10.68720384091,25.328883760627,
    4.018252295753));
#1243 = CARTESIAN_POINT('',(10.510803664719,25.03435679134,2.97655430068
    ));
#1244 = CARTESIAN_POINT('',(10.184997486711,24.532910250127,
    1.968517103291));
#1245 = CARTESIAN_POINT('',(9.766119183795,23.791547829889,
    1.132187018996));
#1246 = CARTESIAN_POINT('',(9.286901319877,22.949201209149,
    0.559281737359));
#1247 = CARTESIAN_POINT('',(8.772057904123,22.085263550068,
    0.185747371155));
#1248 = CARTESIAN_POINT('',(8.289088134101,21.168884270493,
    -2.627702477378E-15));
#1249 = CARTESIAN_POINT('',(7.7,20.4,-1.352093040704E-15));
#1250 = CARTESIAN_POINT('',(10.289048601621,25.4,5.));
#1251 = CARTESIAN_POINT('',(10.043542526418,25.424543691734,
    4.018252295753));
#1252 = CARTESIAN_POINT('',(9.770498458115,25.21458899503,3.001533459763
    ));
#1253 = CARTESIAN_POINT('',(9.469916667183,24.747487883534,
    2.028482405389));
#1254 = CARTESIAN_POINT('',(9.144061023173,24.038903729615,
    1.203653353206));
#1255 = CARTESIAN_POINT('',(8.797463997067,23.193683631785,0.60162670956
    ));
#1256 = CARTESIAN_POINT('',(8.436449115095,22.281445525999,
    0.200145943509));
#1257 = CARTESIAN_POINT('',(8.068224538233,21.337154241216,
    -3.070956187758E-15));
#1258 = CARTESIAN_POINT('',(7.7,20.4,-1.52655665886E-15));
#1259 = CARTESIAN_POINT('',(9.7,25.4,5.));
#1260 = CARTESIAN_POINT('',(9.45,25.4,4.018252295753));
#1261 = CARTESIAN_POINT('',(9.2,25.179696055194,3.036504282479));
#1262 = CARTESIAN_POINT('',(8.95,24.739090329357,2.112433828325));
#1263 = CARTESIAN_POINT('',(8.7,24.0962937789,1.303706221101));
#1264 = CARTESIAN_POINT('',(8.45,23.287566171675,0.660909670643));
#1265 = CARTESIAN_POINT('',(8.2,22.363495717521,0.220303944806));
#1266 = CARTESIAN_POINT('',(7.95,21.381747704247,-2.881028748902E-15));
#1267 = CARTESIAN_POINT('',(7.7,20.4,-1.554312234475E-15));
#1268 = DEFINITIONAL_REPRESENTATION('',(#1269),#1273);
#1269 = LINE('',#1270,#1271);
#1270 = CARTESIAN_POINT('',(0.,0.));
#1271 = VECTOR('',#1272,1.);
#1272 = DIRECTION('',(1.,0.));
#1273 = ( GEOMETRIC_REPRESENTATION_CONTEXT(2) 
PARAMETRIC_REPRESENTATION_CONTEXT() REPRESENTATION_CONTEXT('2D SPACE',''
  ) );
#1274 = ORIENTED_EDGE('',*,*,#1275,.T.);
#1275 = EDGE_CURVE('',#1164,#580,#1276,.T.);
#1276 = SURFACE_CURVE('',#1277,(#1281,#1288),.PCURVE_S1.);
#1277 = LINE('',#1278,#1279);
#1278 = CARTESIAN_POINT('',(12.7,22.4,0.));
#1279 = VECTOR('',#1280,1.);
#1280 = DIRECTION('',(0.,0.,1.));
#1281 = PCURVE('',#628,#1282);
#1282 = DEFINITIONAL_REPRESENTATION('',(#1283),#1287);
#1283 = LINE('',#1284,#1285);
#1284 = CARTESIAN_POINT('',(-1.570796326795,0.));
#1285 = VECTOR('',#1286,1.);
#1286 = DIRECTION('',(-0.,1.));
#1287 = ( GEOMETRIC_REPRESENTATION_CONTEXT(2) 
PARAMETRIC_REPRESENTATION_CONTEXT() REPRESENTATION_CONTEXT('2D SPACE',''
  ) );
#1288 = PCURVE('',#595,#1289);
#1289 = DEFINITIONAL_REPRESENTATION('',(#1290),#1294);
#1290 = LINE('',#1291,#1292);
#1291 = CARTESIAN_POINT('',(47.8,0.));
#1292 = VECTOR('',#1293,1.);
#1293 = DIRECTION('',(0.,-1.));
#1294 = ( GEOMETRIC_REPRESENTATION_CONTEXT(2) 
PARAMETRIC_REPRESENTATION_CONTEXT() REPRESENTATION_CONTEXT('2D SPACE',''
  ) );
#1295 = ORIENTED_EDGE('',*,*,#607,.F.);
#1296 = ADVANCED_FACE('',(#1297),#567,.T.);
#1297 = FACE_BOUND('',#1298,.T.);
#1298 = EDGE_LOOP('',(#1299,#1300,#1412,#1433));
#1299 = ORIENTED_EDGE('',*,*,#1115,.F.);
#1300 = ORIENTED_EDGE('',*,*,#1301,.T.);
#1301 = EDGE_CURVE('',#1116,#1302,#1304,.T.);
#1302 = VERTEX_POINT('',#1303);
#1303 = CARTESIAN_POINT('',(12.7,-22.4,5.));
#1304 = SURFACE_CURVE('',#1305,(#1315,#1323),.PCURVE_S1.);
#1305 = B_SPLINE_CURVE_WITH_KNOTS('',8,(#1306,#1307,#1308,#1309,#1310,
    #1311,#1312,#1313,#1314),.UNSPECIFIED.,.F.,.F.,(9,9),(0.,1.),
  .PIECEWISE_BEZIER_KNOTS.);
#1306 = CARTESIAN_POINT('',(9.7,-25.4,5.));
#1307 = CARTESIAN_POINT('',(10.28904860162,-25.4,5.));
#1308 = CARTESIAN_POINT('',(10.878097482552,-25.26781764548,5.));
#1309 = CARTESIAN_POINT('',(11.432539633577,-25.00345415439,5.));
#1310 = CARTESIAN_POINT('',(11.917776334944,-24.61777633494,5.));
#1311 = CARTESIAN_POINT('',(12.303454154398,-24.13253963358,5.));
#1312 = CARTESIAN_POINT('',(12.567817645484,-23.57809748254,5.));
#1313 = CARTESIAN_POINT('',(12.7,-22.98904860162,5.));
#1314 = CARTESIAN_POINT('',(12.7,-22.4,5.));
#1315 = PCURVE('',#567,#1316);
#1316 = DEFINITIONAL_REPRESENTATION('',(#1317),#1322);
#1317 = B_SPLINE_CURVE_WITH_KNOTS('',3,(#1318,#1319,#1320,#1321),
  .UNSPECIFIED.,.F.,.F.,(4,4),(0.,1.),.PIECEWISE_BEZIER_KNOTS.);
#1318 = CARTESIAN_POINT('',(-4.440892098501E-16,5.));
#1319 = CARTESIAN_POINT('',(0.523598756995,5.));
#1320 = CARTESIAN_POINT('',(1.047197569798,5.));
#1321 = CARTESIAN_POINT('',(1.570796326795,5.));
#1322 = ( GEOMETRIC_REPRESENTATION_CONTEXT(2) 
PARAMETRIC_REPRESENTATION_CONTEXT() REPRESENTATION_CONTEXT('2D SPACE',''
  ) );
#1323 = PCURVE('',#1324,#1406);
#1324 = B_SPLINE_SURFACE_WITH_KNOTS('',8,8,(
    (#1325,#1326,#1327,#1328,#1329,#1330,#1331,#1332,#1333)
    ,(#1334,#1335,#1336,#1337,#1338,#1339,#1340,#1341,#1342)
    ,(#1343,#1344,#1345,#1346,#1347,#1348,#1349,#1350,#1351)
    ,(#1352,#1353,#1354,#1355,#1356,#1357,#1358,#1359,#1360)
    ,(#1361,#1362,#1363,#1364,#1365,#1366,#1367,#1368,#1369)
    ,(#1370,#1371,#1372,#1373,#1374,#1375,#1376,#1377,#1378)
    ,(#1379,#1380,#1381,#1382,#1383,#1384,#1385,#1386,#1387)
    ,(#1388,#1389,#1390,#1391,#1392,#1393,#1394,#1395,#1396)
    ,(#1397,#1398,#1399,#1400,#1401,#1402,#1403,#1404,#1405
  )),.UNSPECIFIED.,.F.,.F.,.F.,(9,9),(9,9),(0.,1.),(0.,1.),
  .PIECEWISE_BEZIER_KNOTS.);
#1325 = CARTESIAN_POINT('',(9.7,-25.4,5.));
#1326 = CARTESIAN_POINT('',(9.45,-25.4,4.018252295753));
#1327 = CARTESIAN_POINT('',(9.2,-25.17969605519,3.036504282479));
#1328 = CARTESIAN_POINT('',(8.95,-24.73909032935,2.112433828325));
#1329 = CARTESIAN_POINT('',(8.7,-24.0962937789,1.303706221101));
#1330 = CARTESIAN_POINT('',(8.45,-23.28756617167,0.660909670643));
#1331 = CARTESIAN_POINT('',(8.2,-22.36349571752,0.220303944806));
#1332 = CARTESIAN_POINT('',(7.95,-21.38174770424,-3.727177296956E-15));
#1333 = CARTESIAN_POINT('',(7.7,-20.4,-1.110223024625E-15));
#1334 = CARTESIAN_POINT('',(10.28904860162,-25.4,5.));
#1335 = CARTESIAN_POINT('',(10.043542526417,-25.42454369173,
    4.018252295753));
#1336 = CARTESIAN_POINT('',(9.770498458114,-25.21458899503,
    3.001533459763));
#1337 = CARTESIAN_POINT('',(9.469916667182,-24.74748788353,
    2.028482405389));
#1338 = CARTESIAN_POINT('',(9.144061023173,-24.03890372961,
    1.203653353206));
#1339 = CARTESIAN_POINT('',(8.797463997067,-23.19368363178,0.60162670956
    ));
#1340 = CARTESIAN_POINT('',(8.436449115095,-22.28144552599,
    0.200145943509));
#1341 = CARTESIAN_POINT('',(8.068224538233,-21.33715424121,
    -3.828237330314E-15));
#1342 = CARTESIAN_POINT('',(7.7,-20.4,-1.124100812433E-15));
#1343 = CARTESIAN_POINT('',(10.878097482552,-25.26781764548,5.));
#1344 = CARTESIAN_POINT('',(10.687203840911,-25.32888376062,
    4.018252295753));
#1345 = CARTESIAN_POINT('',(10.51080366472,-25.03435679134,2.97655430068
    ));
#1346 = CARTESIAN_POINT('',(10.184997486711,-24.53291025012,
    1.968517103291));
#1347 = CARTESIAN_POINT('',(9.766119183796,-23.79154782988,
    1.132187018996));
#1348 = CARTESIAN_POINT('',(9.286901319877,-22.94920120914,
    0.559281737358));
#1349 = CARTESIAN_POINT('',(8.772057904123,-22.08526355006,
    0.185747371155));
#1350 = CARTESIAN_POINT('',(8.289088134101,-21.16888427049,
    -3.88674353473E-15));
#1351 = CARTESIAN_POINT('',(7.7,-20.4,-1.078502366779E-15));
#1352 = CARTESIAN_POINT('',(11.432539633577,-25.00345415439,5.));
#1353 = CARTESIAN_POINT('',(11.339335585058,-25.07066642355,
    4.018252295753));
#1354 = CARTESIAN_POINT('',(11.150188356378,-24.81320614942,
    2.96156680523));
#1355 = CARTESIAN_POINT('',(10.766771028479,-24.33163402501,
    1.932537922033));
#1356 = CARTESIAN_POINT('',(10.232190809797,-23.61445388441,
    1.08930721847));
#1357 = CARTESIAN_POINT('',(9.621096000941,-22.80307459218,
    0.533874754037));
#1358 = CARTESIAN_POINT('',(8.980668429658,-21.97834303639,
    0.177108227742));
#1359 = CARTESIAN_POINT('',(8.361445112975,-21.1280834667,
    -3.95295332748E-15));
#1360 = CARTESIAN_POINT('',(7.7,-20.4,-1.056694414509E-15));
#1361 = CARTESIAN_POINT('',(11.917776334944,-24.61777633494,5.));
#1362 = CARTESIAN_POINT('',(11.929564997605,-24.6295649976,
    4.018252295753));
#1363 = CARTESIAN_POINT('',(11.713161382496,-24.41316138249,
    2.956570973413));
#1364 = CARTESIAN_POINT('',(11.274198076123,-23.97419807612,
    1.920544861613));
#1365 = CARTESIAN_POINT('',(10.630748757805,-23.3307487578,
    1.075013951627));
#1366 = CARTESIAN_POINT('',(9.899309201232,-22.59930920123,
    0.525405759597));
#1367 = CARTESIAN_POINT('',(9.14894905903,-21.84894905902,0.174228513271
    ));
#1368 = CARTESIAN_POINT('',(8.400023652355,-21.10002365235,
    -3.990288824986E-15));
#1369 = CARTESIAN_POINT('',(7.7,-20.4,-1.030921380009E-15));
#1370 = CARTESIAN_POINT('',(12.303454154398,-24.13253963358,5.));
#1371 = CARTESIAN_POINT('',(12.370666423552,-24.03933558506,
    4.018252295753));
#1372 = CARTESIAN_POINT('',(12.113206149427,-23.85018835638,
    2.96156680523));
#1373 = CARTESIAN_POINT('',(11.631634025018,-23.46677102848,
    1.932537922033));
#1374 = CARTESIAN_POINT('',(10.914453884414,-22.93219080979,
    1.08930721847));
#1375 = CARTESIAN_POINT('',(10.103074592187,-22.32109600094,
    0.533874754037));
#1376 = CARTESIAN_POINT('',(9.278343036399,-21.68066842965,
    0.177108227742));
#1377 = CARTESIAN_POINT('',(8.428083466705,-21.06144511297,
    -3.983880968881E-15));
#1378 = CARTESIAN_POINT('',(7.7,-20.4,-1.001183263278E-15));
#1379 = CARTESIAN_POINT('',(12.567817645484,-23.57809748254,5.));
#1380 = CARTESIAN_POINT('',(12.628883760627,-23.3872038409,
    4.018252295753));
#1381 = CARTESIAN_POINT('',(12.33435679134,-23.21080366471,2.97655430068
    ));
#1382 = CARTESIAN_POINT('',(11.832910250128,-22.88499748671,
    1.968517103291));
#1383 = CARTESIAN_POINT('',(11.091547829889,-22.46611918379,
    1.132187018996));
#1384 = CARTESIAN_POINT('',(10.249201209149,-21.98690131987,
    0.559281737358));
#1385 = CARTESIAN_POINT('',(9.385263550068,-21.47205790412,
    0.185747371155));
#1386 = CARTESIAN_POINT('',(8.468884270493,-20.9890881341,
    -3.918860700799E-15));
#1387 = CARTESIAN_POINT('',(7.7,-20.4,-9.674800643162E-16));
#1388 = CARTESIAN_POINT('',(12.7,-22.98904860162,5.));
#1389 = CARTESIAN_POINT('',(12.724543691734,-22.74354252641,
    4.018252295753));
#1390 = CARTESIAN_POINT('',(12.51458899503,-22.47049845811,
    3.001533459763));
#1391 = CARTESIAN_POINT('',(12.047487883535,-22.16991666718,
    2.028482405389));
#1392 = CARTESIAN_POINT('',(11.338903729614,-21.84406102317,
    1.203653353206));
#1393 = CARTESIAN_POINT('',(10.493683631786,-21.49746399706,
    0.60162670956));
#1394 = CARTESIAN_POINT('',(9.581445525999,-21.13644911509,
    0.200145943509));
#1395 = CARTESIAN_POINT('',(8.637154241216,-20.76822453823,
    -3.758650137163E-15));
#1396 = CARTESIAN_POINT('',(7.7,-20.4,-9.020562075079E-16));
#1397 = CARTESIAN_POINT('',(12.7,-22.4,5.));
#1398 = CARTESIAN_POINT('',(12.7,-22.15,4.018252295753));
#1399 = CARTESIAN_POINT('',(12.479696055194,-21.9,3.036504282479));
#1400 = CARTESIAN_POINT('',(12.039090329357,-21.65,2.112433828325));
#1401 = CARTESIAN_POINT('',(11.396293778899,-21.39999999999,
    1.303706221101));
#1402 = CARTESIAN_POINT('',(10.587566171676,-21.15,0.660909670643));
#1403 = CARTESIAN_POINT('',(9.663495717521,-20.9,0.220303944806));
#1404 = CARTESIAN_POINT('',(8.681747704247,-20.65,-3.553506695247E-15));
#1405 = CARTESIAN_POINT('',(7.7,-20.4,-8.881784197001E-16));
#1406 = DEFINITIONAL_REPRESENTATION('',(#1407),#1411);
#1407 = LINE('',#1408,#1409);
#1408 = CARTESIAN_POINT('',(0.,0.));
#1409 = VECTOR('',#1410,1.);
#1410 = DIRECTION('',(1.,0.));
#1411 = ( GEOMETRIC_REPRESENTATION_CONTEXT(2) 
PARAMETRIC_REPRESENTATION_CONTEXT() REPRESENTATION_CONTEXT('2D SPACE',''
  ) );
#1412 = ORIENTED_EDGE('',*,*,#1413,.T.);
#1413 = EDGE_CURVE('',#1302,#551,#1414,.T.);
#1414 = SURFACE_CURVE('',#1415,(#1419,#1426),.PCURVE_S1.);
#1415 = LINE('',#1416,#1417);
#1416 = CARTESIAN_POINT('',(12.7,-22.4,0.));
#1417 = VECTOR('',#1418,1.);
#1418 = DIRECTION('',(0.,0.,1.));
#1419 = PCURVE('',#567,#1420);
#1420 = DEFINITIONAL_REPRESENTATION('',(#1421),#1425);
#1421 = LINE('',#1422,#1423);
#1422 = CARTESIAN_POINT('',(1.570796326795,0.));
#1423 = VECTOR('',#1424,1.);
#1424 = DIRECTION('',(0.,1.));
#1425 = ( GEOMETRIC_REPRESENTATION_CONTEXT(2) 
PARAMETRIC_REPRESENTATION_CONTEXT() REPRESENTATION_CONTEXT('2D SPACE',''
  ) );
#1426 = PCURVE('',#595,#1427);
#1427 = DEFINITIONAL_REPRESENTATION('',(#1428),#1432);
#1428 = LINE('',#1429,#1430);
#1429 = CARTESIAN_POINT('',(3.,0.));
#1430 = VECTOR('',#1431,1.);
#1431 = DIRECTION('',(0.,-1.));
#1432 = ( GEOMETRIC_REPRESENTATION_CONTEXT(2) 
PARAMETRIC_REPRESENTATION_CONTEXT() REPRESENTATION_CONTEXT('2D SPACE',''
  ) );
#1433 = ORIENTED_EDGE('',*,*,#550,.F.);
#1434 = ADVANCED_FACE('',(#1435),#595,.F.);
#1435 = FACE_BOUND('',#1436,.F.);
#1436 = EDGE_LOOP('',(#1437,#1438,#1439,#1440));
#1437 = ORIENTED_EDGE('',*,*,#1413,.T.);
#1438 = ORIENTED_EDGE('',*,*,#579,.T.);
#1439 = ORIENTED_EDGE('',*,*,#1275,.F.);
#1440 = ORIENTED_EDGE('',*,*,#1441,.F.);
#1441 = EDGE_CURVE('',#1302,#1164,#1442,.T.);
#1442 = SURFACE_CURVE('',#1443,(#1447,#1454),.PCURVE_S1.);
#1443 = LINE('',#1444,#1445);
#1444 = CARTESIAN_POINT('',(12.7,-22.4,5.));
#1445 = VECTOR('',#1446,1.);
#1446 = DIRECTION('',(0.,1.,0.));
#1447 = PCURVE('',#595,#1448);
#1448 = DEFINITIONAL_REPRESENTATION('',(#1449),#1453);
#1449 = LINE('',#1450,#1451);
#1450 = CARTESIAN_POINT('',(3.,-5.));
#1451 = VECTOR('',#1452,1.);
#1452 = DIRECTION('',(1.,0.));
#1453 = ( GEOMETRIC_REPRESENTATION_CONTEXT(2) 
PARAMETRIC_REPRESENTATION_CONTEXT() REPRESENTATION_CONTEXT('2D SPACE',''
  ) );
#1454 = PCURVE('',#1046,#1455);
#1455 = DEFINITIONAL_REPRESENTATION('',(#1456),#1460);
#1456 = LINE('',#1457,#1458);
#1457 = CARTESIAN_POINT('',(0.,0.));
#1458 = VECTOR('',#1459,1.);
#1459 = DIRECTION('',(0.,1.));
#1460 = ( GEOMETRIC_REPRESENTATION_CONTEXT(2) 
PARAMETRIC_REPRESENTATION_CONTEXT() REPRESENTATION_CONTEXT('2D SPACE',''
  ) );
#1461 = ADVANCED_FACE('',(#1462),#681,.T.);
#1462 = FACE_BOUND('',#1463,.F.);
#1463 = EDGE_LOOP('',(#1464,#1487,#1514,#1515));
#1464 = ORIENTED_EDGE('',*,*,#1465,.T.);
#1465 = EDGE_CURVE('',#665,#1466,#1468,.T.);
#1466 = VERTEX_POINT('',#1467);
#1467 = CARTESIAN_POINT('',(-7.12,-22.86,16.1));
#1468 = SEAM_CURVE('',#1469,(#1473,#1480),.PCURVE_S1.);
#1469 = LINE('',#1470,#1471);
#1470 = CARTESIAN_POINT('',(-7.12,-22.86,10.5));
#1471 = VECTOR('',#1472,1.);
#1472 = DIRECTION('',(0.,0.,1.));
#1473 = PCURVE('',#681,#1474);
#1474 = DEFINITIONAL_REPRESENTATION('',(#1475),#1479);
#1475 = LINE('',#1476,#1477);
#1476 = CARTESIAN_POINT('',(-0.,0.));
#1477 = VECTOR('',#1478,1.);
#1478 = DIRECTION('',(-0.,-1.));
#1479 = ( GEOMETRIC_REPRESENTATION_CONTEXT(2) 
PARAMETRIC_REPRESENTATION_CONTEXT() REPRESENTATION_CONTEXT('2D SPACE',''
  ) );
#1480 = PCURVE('',#681,#1481);
#1481 = DEFINITIONAL_REPRESENTATION('',(#1482),#1486);
#1482 = LINE('',#1483,#1484);
#1483 = CARTESIAN_POINT('',(-6.28318530718,0.));
#1484 = VECTOR('',#1485,1.);
#1485 = DIRECTION('',(-0.,-1.));
#1486 = ( GEOMETRIC_REPRESENTATION_CONTEXT(2) 
PARAMETRIC_REPRESENTATION_CONTEXT() REPRESENTATION_CONTEXT('2D SPACE',''
  ) );
#1487 = ORIENTED_EDGE('',*,*,#1488,.T.);
#1488 = EDGE_CURVE('',#1466,#1466,#1489,.T.);
#1489 = SURFACE_CURVE('',#1490,(#1495,#1502),.PCURVE_S1.);
#1490 = CIRCLE('',#1491,0.5);
#1491 = AXIS2_PLACEMENT_3D('',#1492,#1493,#1494);
#1492 = CARTESIAN_POINT('',(-7.62,-22.86,16.1));
#1493 = DIRECTION('',(0.,0.,1.));
#1494 = DIRECTION('',(1.,0.,0.));
#1495 = PCURVE('',#681,#1496);
#1496 = DEFINITIONAL_REPRESENTATION('',(#1497),#1501);
#1497 = LINE('',#1498,#1499);
#1498 = CARTESIAN_POINT('',(-0.,-5.6));
#1499 = VECTOR('',#1500,1.);
#1500 = DIRECTION('',(-1.,0.));
#1501 = ( GEOMETRIC_REPRESENTATION_CONTEXT(2) 
PARAMETRIC_REPRESENTATION_CONTEXT() REPRESENTATION_CONTEXT('2D SPACE',''
  ) );
#1502 = PCURVE('',#1503,#1508);
#1503 = PLANE('',#1504);
#1504 = AXIS2_PLACEMENT_3D('',#1505,#1506,#1507);
#1505 = CARTESIAN_POINT('',(-0.423333333333,-9.116267550263E-16,16.1));
#1506 = DIRECTION('',(0.,0.,1.));
#1507 = DIRECTION('',(1.,0.,0.));
#1508 = DEFINITIONAL_REPRESENTATION('',(#1509),#1513);
#1509 = CIRCLE('',#1510,0.5);
#1510 = AXIS2_PLACEMENT_2D('',#1511,#1512);
#1511 = CARTESIAN_POINT('',(-7.196666666667,-22.86));
#1512 = DIRECTION('',(1.,0.));
#1513 = ( GEOMETRIC_REPRESENTATION_CONTEXT(2) 
PARAMETRIC_REPRESENTATION_CONTEXT() REPRESENTATION_CONTEXT('2D SPACE',''
  ) );
#1514 = ORIENTED_EDGE('',*,*,#1465,.F.);
#1515 = ORIENTED_EDGE('',*,*,#664,.F.);
#1516 = ADVANCED_FACE('',(#1517),#712,.T.);
#1517 = FACE_BOUND('',#1518,.F.);
#1518 = EDGE_LOOP('',(#1519,#1542,#1569,#1570));
#1519 = ORIENTED_EDGE('',*,*,#1520,.T.);
#1520 = EDGE_CURVE('',#696,#1521,#1523,.T.);
#1521 = VERTEX_POINT('',#1522);
#1522 = CARTESIAN_POINT('',(-2.04,-22.86,16.1));
#1523 = SEAM_CURVE('',#1524,(#1528,#1535),.PCURVE_S1.);
#1524 = LINE('',#1525,#1526);
#1525 = CARTESIAN_POINT('',(-2.04,-22.86,10.5));
#1526 = VECTOR('',#1527,1.);
#1527 = DIRECTION('',(0.,0.,1.));
#1528 = PCURVE('',#712,#1529);
#1529 = DEFINITIONAL_REPRESENTATION('',(#1530),#1534);
#1530 = LINE('',#1531,#1532);
#1531 = CARTESIAN_POINT('',(-0.,0.));
#1532 = VECTOR('',#1533,1.);
#1533 = DIRECTION('',(-0.,-1.));
#1534 = ( GEOMETRIC_REPRESENTATION_CONTEXT(2) 
PARAMETRIC_REPRESENTATION_CONTEXT() REPRESENTATION_CONTEXT('2D SPACE',''
  ) );
#1535 = PCURVE('',#712,#1536);
#1536 = DEFINITIONAL_REPRESENTATION('',(#1537),#1541);
#1537 = LINE('',#1538,#1539);
#1538 = CARTESIAN_POINT('',(-6.28318530718,0.));
#1539 = VECTOR('',#1540,1.);
#1540 = DIRECTION('',(-0.,-1.));
#1541 = ( GEOMETRIC_REPRESENTATION_CONTEXT(2) 
PARAMETRIC_REPRESENTATION_CONTEXT() REPRESENTATION_CONTEXT('2D SPACE',''
  ) );
#1542 = ORIENTED_EDGE('',*,*,#1543,.T.);
#1543 = EDGE_CURVE('',#1521,#1521,#1544,.T.);
#1544 = SURFACE_CURVE('',#1545,(#1550,#1557),.PCURVE_S1.);
#1545 = CIRCLE('',#1546,0.5);
#1546 = AXIS2_PLACEMENT_3D('',#1547,#1548,#1549);
#1547 = CARTESIAN_POINT('',(-2.54,-22.86,16.1));
#1548 = DIRECTION('',(0.,0.,1.));
#1549 = DIRECTION('',(1.,0.,0.));
#1550 = PCURVE('',#712,#1551);
#1551 = DEFINITIONAL_REPRESENTATION('',(#1552),#1556);
#1552 = LINE('',#1553,#1554);
#1553 = CARTESIAN_POINT('',(-0.,-5.6));
#1554 = VECTOR('',#1555,1.);
#1555 = DIRECTION('',(-1.,0.));
#1556 = ( GEOMETRIC_REPRESENTATION_CONTEXT(2) 
PARAMETRIC_REPRESENTATION_CONTEXT() REPRESENTATION_CONTEXT('2D SPACE',''
  ) );
#1557 = PCURVE('',#1558,#1563);
#1558 = PLANE('',#1559);
#1559 = AXIS2_PLACEMENT_3D('',#1560,#1561,#1562);
#1560 = CARTESIAN_POINT('',(-0.423333333333,-9.116267550263E-16,16.1));
#1561 = DIRECTION('',(0.,0.,1.));
#1562 = DIRECTION('',(1.,0.,0.));
#1563 = DEFINITIONAL_REPRESENTATION('',(#1564),#1568);
#1564 = CIRCLE('',#1565,0.5);
#1565 = AXIS2_PLACEMENT_2D('',#1566,#1567);
#1566 = CARTESIAN_POINT('',(-2.116666666667,-22.86));
#1567 = DIRECTION('',(1.,0.));
#1568 = ( GEOMETRIC_REPRESENTATION_CONTEXT(2) 
PARAMETRIC_REPRESENTATION_CONTEXT() REPRESENTATION_CONTEXT('2D SPACE',''
  ) );
#1569 = ORIENTED_EDGE('',*,*,#1520,.F.);
#1570 = ORIENTED_EDGE('',*,*,#695,.F.);
#1571 = ADVANCED_FACE('',(#1572),#743,.T.);
#1572 = FACE_BOUND('',#1573,.F.);
#1573 = EDGE_LOOP('',(#1574,#1597,#1624,#1625));
#1574 = ORIENTED_EDGE('',*,*,#1575,.T.);
#1575 = EDGE_CURVE('',#727,#1576,#1578,.T.);
#1576 = VERTEX_POINT('',#1577);
#1577 = CARTESIAN_POINT('',(8.12,-22.86,16.1));
#1578 = SEAM_CURVE('',#1579,(#1583,#1590),.PCURVE_S1.);
#1579 = LINE('',#1580,#1581);
#1580 = CARTESIAN_POINT('',(8.12,-22.86,10.5));
#1581 = VECTOR('',#1582,1.);
#1582 = DIRECTION('',(0.,0.,1.));
#1583 = PCURVE('',#743,#1584);
#1584 = DEFINITIONAL_REPRESENTATION('',(#1585),#1589);
#1585 = LINE('',#1586,#1587);
#1586 = CARTESIAN_POINT('',(-0.,0.));
#1587 = VECTOR('',#1588,1.);
#1588 = DIRECTION('',(-0.,-1.));
#1589 = ( GEOMETRIC_REPRESENTATION_CONTEXT(2) 
PARAMETRIC_REPRESENTATION_CONTEXT() REPRESENTATION_CONTEXT('2D SPACE',''
  ) );
#1590 = PCURVE('',#743,#1591);
#1591 = DEFINITIONAL_REPRESENTATION('',(#1592),#1596);
#1592 = LINE('',#1593,#1594);
#1593 = CARTESIAN_POINT('',(-6.28318530718,0.));
#1594 = VECTOR('',#1595,1.);
#1595 = DIRECTION('',(-0.,-1.));
#1596 = ( GEOMETRIC_REPRESENTATION_CONTEXT(2) 
PARAMETRIC_REPRESENTATION_CONTEXT() REPRESENTATION_CONTEXT('2D SPACE',''
  ) );
#1597 = ORIENTED_EDGE('',*,*,#1598,.T.);
#1598 = EDGE_CURVE('',#1576,#1576,#1599,.T.);
#1599 = SURFACE_CURVE('',#1600,(#1605,#1612),.PCURVE_S1.);
#1600 = CIRCLE('',#1601,0.5);
#1601 = AXIS2_PLACEMENT_3D('',#1602,#1603,#1604);
#1602 = CARTESIAN_POINT('',(7.62,-22.86,16.1));
#1603 = DIRECTION('',(0.,0.,1.));
#1604 = DIRECTION('',(1.,0.,0.));
#1605 = PCURVE('',#743,#1606);
#1606 = DEFINITIONAL_REPRESENTATION('',(#1607),#1611);
#1607 = LINE('',#1608,#1609);
#1608 = CARTESIAN_POINT('',(-0.,-5.6));
#1609 = VECTOR('',#1610,1.);
#1610 = DIRECTION('',(-1.,0.));
#1611 = ( GEOMETRIC_REPRESENTATION_CONTEXT(2) 
PARAMETRIC_REPRESENTATION_CONTEXT() REPRESENTATION_CONTEXT('2D SPACE',''
  ) );
#1612 = PCURVE('',#1613,#1618);
#1613 = PLANE('',#1614);
#1614 = AXIS2_PLACEMENT_3D('',#1615,#1616,#1617);
#1615 = CARTESIAN_POINT('',(-0.423333333333,-9.116267550263E-16,16.1));
#1616 = DIRECTION('',(0.,0.,1.));
#1617 = DIRECTION('',(1.,0.,0.));
#1618 = DEFINITIONAL_REPRESENTATION('',(#1619),#1623);
#1619 = CIRCLE('',#1620,0.5);
#1620 = AXIS2_PLACEMENT_2D('',#1621,#1622);
#1621 = CARTESIAN_POINT('',(8.043333333333,-22.86));
#1622 = DIRECTION('',(1.,0.));
#1623 = ( GEOMETRIC_REPRESENTATION_CONTEXT(2) 
PARAMETRIC_REPRESENTATION_CONTEXT() REPRESENTATION_CONTEXT('2D SPACE',''
  ) );
#1624 = ORIENTED_EDGE('',*,*,#1575,.F.);
#1625 = ORIENTED_EDGE('',*,*,#726,.F.);
#1626 = ADVANCED_FACE('',(#1627),#774,.T.);
#1627 = FACE_BOUND('',#1628,.F.);
#1628 = EDGE_LOOP('',(#1629,#1652,#1679,#1680));
#1629 = ORIENTED_EDGE('',*,*,#1630,.T.);
#1630 = EDGE_CURVE('',#758,#1631,#1633,.T.);
#1631 = VERTEX_POINT('',#1632);
#1632 = CARTESIAN_POINT('',(-9.66,22.86,16.1));
#1633 = SEAM_CURVE('',#1634,(#1638,#1645),.PCURVE_S1.);
#1634 = LINE('',#1635,#1636);
#1635 = CARTESIAN_POINT('',(-9.66,22.86,10.5));
#1636 = VECTOR('',#1637,1.);
#1637 = DIRECTION('',(0.,0.,1.));
#1638 = PCURVE('',#774,#1639);
#1639 = DEFINITIONAL_REPRESENTATION('',(#1640),#1644);
#1640 = LINE('',#1641,#1642);
#1641 = CARTESIAN_POINT('',(-0.,0.));
#1642 = VECTOR('',#1643,1.);
#1643 = DIRECTION('',(-0.,-1.));
#1644 = ( GEOMETRIC_REPRESENTATION_CONTEXT(2) 
PARAMETRIC_REPRESENTATION_CONTEXT() REPRESENTATION_CONTEXT('2D SPACE',''
  ) );
#1645 = PCURVE('',#774,#1646);
#1646 = DEFINITIONAL_REPRESENTATION('',(#1647),#1651);
#1647 = LINE('',#1648,#1649);
#1648 = CARTESIAN_POINT('',(-6.28318530718,0.));
#1649 = VECTOR('',#1650,1.);
#1650 = DIRECTION('',(-0.,-1.));
#1651 = ( GEOMETRIC_REPRESENTATION_CONTEXT(2) 
PARAMETRIC_REPRESENTATION_CONTEXT() REPRESENTATION_CONTEXT('2D SPACE',''
  ) );
#1652 = ORIENTED_EDGE('',*,*,#1653,.T.);
#1653 = EDGE_CURVE('',#1631,#1631,#1654,.T.);
#1654 = SURFACE_CURVE('',#1655,(#1660,#1667),.PCURVE_S1.);
#1655 = CIRCLE('',#1656,0.5);
#1656 = AXIS2_PLACEMENT_3D('',#1657,#1658,#1659);
#1657 = CARTESIAN_POINT('',(-10.16,22.86,16.1));
#1658 = DIRECTION('',(0.,0.,1.));
#1659 = DIRECTION('',(1.,0.,0.));
#1660 = PCURVE('',#774,#1661);
#1661 = DEFINITIONAL_REPRESENTATION('',(#1662),#1666);
#1662 = LINE('',#1663,#1664);
#1663 = CARTESIAN_POINT('',(-0.,-5.6));
#1664 = VECTOR('',#1665,1.);
#1665 = DIRECTION('',(-1.,0.));
#1666 = ( GEOMETRIC_REPRESENTATION_CONTEXT(2) 
PARAMETRIC_REPRESENTATION_CONTEXT() REPRESENTATION_CONTEXT('2D SPACE',''
  ) );
#1667 = PCURVE('',#1668,#1673);
#1668 = PLANE('',#1669);
#1669 = AXIS2_PLACEMENT_3D('',#1670,#1671,#1672);
#1670 = CARTESIAN_POINT('',(-0.423333333333,-9.116267550263E-16,16.1));
#1671 = DIRECTION('',(0.,0.,1.));
#1672 = DIRECTION('',(1.,0.,0.));
#1673 = DEFINITIONAL_REPRESENTATION('',(#1674),#1678);
#1674 = CIRCLE('',#1675,0.5);
#1675 = AXIS2_PLACEMENT_2D('',#1676,#1677);
#1676 = CARTESIAN_POINT('',(-9.736666666667,22.86));
#1677 = DIRECTION('',(1.,0.));
#1678 = ( GEOMETRIC_REPRESENTATION_CONTEXT(2) 
PARAMETRIC_REPRESENTATION_CONTEXT() REPRESENTATION_CONTEXT('2D SPACE',''
  ) );
#1679 = ORIENTED_EDGE('',*,*,#1630,.F.);
#1680 = ORIENTED_EDGE('',*,*,#757,.F.);
#1681 = ADVANCED_FACE('',(#1682),#805,.T.);
#1682 = FACE_BOUND('',#1683,.F.);
#1683 = EDGE_LOOP('',(#1684,#1707,#1734,#1735));
#1684 = ORIENTED_EDGE('',*,*,#1685,.T.);
#1685 = EDGE_CURVE('',#789,#1686,#1688,.T.);
#1686 = VERTEX_POINT('',#1687);
#1687 = CARTESIAN_POINT('',(0.5,22.86,16.1));
#1688 = SEAM_CURVE('',#1689,(#1693,#1700),.PCURVE_S1.);
#1689 = LINE('',#1690,#1691);
#1690 = CARTESIAN_POINT('',(0.5,22.86,10.5));
#1691 = VECTOR('',#1692,1.);
#1692 = DIRECTION('',(0.,0.,1.));
#1693 = PCURVE('',#805,#1694);
#1694 = DEFINITIONAL_REPRESENTATION('',(#1695),#1699);
#1695 = LINE('',#1696,#1697);
#1696 = CARTESIAN_POINT('',(-0.,0.));
#1697 = VECTOR('',#1698,1.);
#1698 = DIRECTION('',(-0.,-1.));
#1699 = ( GEOMETRIC_REPRESENTATION_CONTEXT(2) 
PARAMETRIC_REPRESENTATION_CONTEXT() REPRESENTATION_CONTEXT('2D SPACE',''
  ) );
#1700 = PCURVE('',#805,#1701);
#1701 = DEFINITIONAL_REPRESENTATION('',(#1702),#1706);
#1702 = LINE('',#1703,#1704);
#1703 = CARTESIAN_POINT('',(-6.28318530718,0.));
#1704 = VECTOR('',#1705,1.);
#1705 = DIRECTION('',(-0.,-1.));
#1706 = ( GEOMETRIC_REPRESENTATION_CONTEXT(2) 
PARAMETRIC_REPRESENTATION_CONTEXT() REPRESENTATION_CONTEXT('2D SPACE',''
  ) );
#1707 = ORIENTED_EDGE('',*,*,#1708,.T.);
#1708 = EDGE_CURVE('',#1686,#1686,#1709,.T.);
#1709 = SURFACE_CURVE('',#1710,(#1715,#1722),.PCURVE_S1.);
#1710 = CIRCLE('',#1711,0.5);
#1711 = AXIS2_PLACEMENT_3D('',#1712,#1713,#1714);
#1712 = CARTESIAN_POINT('',(0.,22.86,16.1));
#1713 = DIRECTION('',(0.,0.,1.));
#1714 = DIRECTION('',(1.,0.,0.));
#1715 = PCURVE('',#805,#1716);
#1716 = DEFINITIONAL_REPRESENTATION('',(#1717),#1721);
#1717 = LINE('',#1718,#1719);
#1718 = CARTESIAN_POINT('',(-0.,-5.6));
#1719 = VECTOR('',#1720,1.);
#1720 = DIRECTION('',(-1.,0.));
#1721 = ( GEOMETRIC_REPRESENTATION_CONTEXT(2) 
PARAMETRIC_REPRESENTATION_CONTEXT() REPRESENTATION_CONTEXT('2D SPACE',''
  ) );
#1722 = PCURVE('',#1723,#1728);
#1723 = PLANE('',#1724);
#1724 = AXIS2_PLACEMENT_3D('',#1725,#1726,#1727);
#1725 = CARTESIAN_POINT('',(-0.423333333333,-9.116267550263E-16,16.1));
#1726 = DIRECTION('',(0.,0.,1.));
#1727 = DIRECTION('',(1.,0.,0.));
#1728 = DEFINITIONAL_REPRESENTATION('',(#1729),#1733);
#1729 = CIRCLE('',#1730,0.5);
#1730 = AXIS2_PLACEMENT_2D('',#1731,#1732);
#1731 = CARTESIAN_POINT('',(0.423333333333,22.86));
#1732 = DIRECTION('',(1.,0.));
#1733 = ( GEOMETRIC_REPRESENTATION_CONTEXT(2) 
PARAMETRIC_REPRESENTATION_CONTEXT() REPRESENTATION_CONTEXT('2D SPACE',''
  ) );
#1734 = ORIENTED_EDGE('',*,*,#1685,.F.);
#1735 = ORIENTED_EDGE('',*,*,#788,.F.);
#1736 = ADVANCED_FACE('',(#1737),#836,.T.);
#1737 = FACE_BOUND('',#1738,.F.);
#1738 = EDGE_LOOP('',(#1739,#1762,#1789,#1790));
#1739 = ORIENTED_EDGE('',*,*,#1740,.T.);
#1740 = EDGE_CURVE('',#820,#1741,#1743,.T.);
#1741 = VERTEX_POINT('',#1742);
#1742 = CARTESIAN_POINT('',(10.66,22.86,16.1));
#1743 = SEAM_CURVE('',#1744,(#1748,#1755),.PCURVE_S1.);
#1744 = LINE('',#1745,#1746);
#1745 = CARTESIAN_POINT('',(10.66,22.86,10.5));
#1746 = VECTOR('',#1747,1.);
#1747 = DIRECTION('',(0.,0.,1.));
#1748 = PCURVE('',#836,#1749);
#1749 = DEFINITIONAL_REPRESENTATION('',(#1750),#1754);
#1750 = LINE('',#1751,#1752);
#1751 = CARTESIAN_POINT('',(-0.,0.));
#1752 = VECTOR('',#1753,1.);
#1753 = DIRECTION('',(-0.,-1.));
#1754 = ( GEOMETRIC_REPRESENTATION_CONTEXT(2) 
PARAMETRIC_REPRESENTATION_CONTEXT() REPRESENTATION_CONTEXT('2D SPACE',''
  ) );
#1755 = PCURVE('',#836,#1756);
#1756 = DEFINITIONAL_REPRESENTATION('',(#1757),#1761);
#1757 = LINE('',#1758,#1759);
#1758 = CARTESIAN_POINT('',(-6.28318530718,0.));
#1759 = VECTOR('',#1760,1.);
#1760 = DIRECTION('',(-0.,-1.));
#1761 = ( GEOMETRIC_REPRESENTATION_CONTEXT(2) 
PARAMETRIC_REPRESENTATION_CONTEXT() REPRESENTATION_CONTEXT('2D SPACE',''
  ) );
#1762 = ORIENTED_EDGE('',*,*,#1763,.T.);
#1763 = EDGE_CURVE('',#1741,#1741,#1764,.T.);
#1764 = SURFACE_CURVE('',#1765,(#1770,#1777),.PCURVE_S1.);
#1765 = CIRCLE('',#1766,0.5);
#1766 = AXIS2_PLACEMENT_3D('',#1767,#1768,#1769);
#1767 = CARTESIAN_POINT('',(10.16,22.86,16.1));
#1768 = DIRECTION('',(0.,0.,1.));
#1769 = DIRECTION('',(1.,0.,0.));
#1770 = PCURVE('',#836,#1771);
#1771 = DEFINITIONAL_REPRESENTATION('',(#1772),#1776);
#1772 = LINE('',#1773,#1774);
#1773 = CARTESIAN_POINT('',(-0.,-5.6));
#1774 = VECTOR('',#1775,1.);
#1775 = DIRECTION('',(-1.,0.));
#1776 = ( GEOMETRIC_REPRESENTATION_CONTEXT(2) 
PARAMETRIC_REPRESENTATION_CONTEXT() REPRESENTATION_CONTEXT('2D SPACE',''
  ) );
#1777 = PCURVE('',#1778,#1783);
#1778 = PLANE('',#1779);
#1779 = AXIS2_PLACEMENT_3D('',#1780,#1781,#1782);
#1780 = CARTESIAN_POINT('',(-0.423333333333,-9.116267550263E-16,16.1));
#1781 = DIRECTION('',(0.,0.,1.));
#1782 = DIRECTION('',(1.,0.,0.));
#1783 = DEFINITIONAL_REPRESENTATION('',(#1784),#1788);
#1784 = CIRCLE('',#1785,0.5);
#1785 = AXIS2_PLACEMENT_2D('',#1786,#1787);
#1786 = CARTESIAN_POINT('',(10.583333333333,22.86));
#1787 = DIRECTION('',(1.,0.));
#1788 = ( GEOMETRIC_REPRESENTATION_CONTEXT(2) 
PARAMETRIC_REPRESENTATION_CONTEXT() REPRESENTATION_CONTEXT('2D SPACE',''
  ) );
#1789 = ORIENTED_EDGE('',*,*,#1740,.F.);
#1790 = ORIENTED_EDGE('',*,*,#819,.F.);
#1791 = ADVANCED_FACE('',(#1792),#930,.T.);
#1792 = FACE_BOUND('',#1793,.T.);
#1793 = EDGE_LOOP('',(#1794,#1820,#1821,#1822));
#1794 = ORIENTED_EDGE('',*,*,#1795,.T.);
#1795 = EDGE_CURVE('',#953,#1031,#1796,.T.);
#1796 = SURFACE_CURVE('',#1797,(#1807,#1813),.PCURVE_S1.);
#1797 = B_SPLINE_CURVE_WITH_KNOTS('',8,(#1798,#1799,#1800,#1801,#1802,
    #1803,#1804,#1805,#1806),.UNSPECIFIED.,.F.,.F.,(9,9),(0.,1.),
  .PIECEWISE_BEZIER_KNOTS.);
#1798 = CARTESIAN_POINT('',(9.7,25.4,5.));
#1799 = CARTESIAN_POINT('',(9.45,25.4,4.018252295753));
#1800 = CARTESIAN_POINT('',(9.2,25.179696055194,3.036504282479));
#1801 = CARTESIAN_POINT('',(8.95,24.739090329357,2.112433828325));
#1802 = CARTESIAN_POINT('',(8.7,24.0962937789,1.303706221101));
#1803 = CARTESIAN_POINT('',(8.45,23.287566171675,0.660909670643));
#1804 = CARTESIAN_POINT('',(8.2,22.363495717521,0.220303944806));
#1805 = CARTESIAN_POINT('',(7.95,21.381747704247,-2.881028748902E-15));
#1806 = CARTESIAN_POINT('',(7.7,20.4,-1.554312234475E-15));
#1807 = PCURVE('',#930,#1808);
#1808 = DEFINITIONAL_REPRESENTATION('',(#1809),#1812);
#1809 = B_SPLINE_CURVE_WITH_KNOTS('',1,(#1810,#1811),.UNSPECIFIED.,.F.,
  .F.,(2,2),(0.,1.),.PIECEWISE_BEZIER_KNOTS.);
#1810 = CARTESIAN_POINT('',(0.,0.));
#1811 = CARTESIAN_POINT('',(1.570796326795,2.));
#1812 = ( GEOMETRIC_REPRESENTATION_CONTEXT(2) 
PARAMETRIC_REPRESENTATION_CONTEXT() REPRESENTATION_CONTEXT('2D SPACE',''
  ) );
#1813 = PCURVE('',#1186,#1814);
#1814 = DEFINITIONAL_REPRESENTATION('',(#1815),#1819);
#1815 = LINE('',#1816,#1817);
#1816 = CARTESIAN_POINT('',(1.,0.));
#1817 = VECTOR('',#1818,1.);
#1818 = DIRECTION('',(0.,1.));
#1819 = ( GEOMETRIC_REPRESENTATION_CONTEXT(2) 
PARAMETRIC_REPRESENTATION_CONTEXT() REPRESENTATION_CONTEXT('2D SPACE',''
  ) );
#1820 = ORIENTED_EDGE('',*,*,#1058,.T.);
#1821 = ORIENTED_EDGE('',*,*,#907,.F.);
#1822 = ORIENTED_EDGE('',*,*,#977,.F.);
#1823 = ADVANCED_FACE('',(#1824),#1018,.T.);
#1824 = FACE_BOUND('',#1825,.T.);
#1825 = EDGE_LOOP('',(#1826,#1827,#1828,#1863));
#1826 = ORIENTED_EDGE('',*,*,#1084,.T.);
#1827 = ORIENTED_EDGE('',*,*,#1002,.T.);
#1828 = ORIENTED_EDGE('',*,*,#1829,.F.);
#1829 = EDGE_CURVE('',#1116,#1003,#1830,.T.);
#1830 = SURFACE_CURVE('',#1831,(#1839,#1851),.PCURVE_S1.);
#1831 = B_SPLINE_CURVE_WITH_KNOTS('',6,(#1832,#1833,#1834,#1835,#1836,
    #1837,#1838),.UNSPECIFIED.,.F.,.F.,(7,7),(0.,1.),
  .PIECEWISE_BEZIER_KNOTS.);
#1832 = CARTESIAN_POINT('',(9.7,-25.4,5.));
#1833 = CARTESIAN_POINT('',(9.366666666667,-25.4,3.691003061004));
#1834 = CARTESIAN_POINT('',(9.033333333333,-24.98886156989,
    2.382117496474));
#1835 = CARTESIAN_POINT('',(8.7,-24.1659507482,1.234049251799));
#1836 = CARTESIAN_POINT('',(8.366666666667,-23.01788250352,
    0.411138430101));
#1837 = CARTESIAN_POINT('',(8.033333333333,-21.70899693899,
    2.101097074103E-15));
#1838 = CARTESIAN_POINT('',(7.7,-20.4,-4.440892098501E-16));
#1839 = PCURVE('',#1018,#1840);
#1840 = DEFINITIONAL_REPRESENTATION('',(#1841),#1850);
#1841 = B_SPLINE_CURVE_WITH_KNOTS('',7,(#1842,#1843,#1844,#1845,#1846,
    #1847,#1848,#1849),.UNSPECIFIED.,.F.,.F.,(8,8),(0.,1.),
  .PIECEWISE_BEZIER_KNOTS.);
#1842 = CARTESIAN_POINT('',(-1.110223024625E-16,19.4));
#1843 = CARTESIAN_POINT('',(0.224399475256,19.114285714286));
#1844 = CARTESIAN_POINT('',(0.448781283486,18.828593922928));
#1845 = CARTESIAN_POINT('',(0.673243514982,18.542799733489));
#1846 = CARTESIAN_POINT('',(0.897552811813,18.257200266511));
#1847 = CARTESIAN_POINT('',(1.122015043309,17.971406077072));
#1848 = CARTESIAN_POINT('',(1.346396851538,17.685714285714));
#1849 = CARTESIAN_POINT('',(1.570796326795,17.4));
#1850 = ( GEOMETRIC_REPRESENTATION_CONTEXT(2) 
PARAMETRIC_REPRESENTATION_CONTEXT() REPRESENTATION_CONTEXT('2D SPACE',''
  ) );
#1851 = PCURVE('',#1324,#1852);
#1852 = DEFINITIONAL_REPRESENTATION('',(#1853),#1862);
#1853 = B_SPLINE_CURVE_WITH_KNOTS('',7,(#1854,#1855,#1856,#1857,#1858,
    #1859,#1860,#1861),.UNSPECIFIED.,.F.,.F.,(8,8),(0.,1.),
  .PIECEWISE_BEZIER_KNOTS.);
#1854 = CARTESIAN_POINT('',(0.,-1.110223024625E-16));
#1855 = CARTESIAN_POINT('',(0.,0.142857142857));
#1856 = CARTESIAN_POINT('',(0.,0.285703039752));
#1857 = CARTESIAN_POINT('',(0.,0.428600130186));
#1858 = CARTESIAN_POINT('',(0.,0.571399869814));
#1859 = CARTESIAN_POINT('',(0.,0.714296960248));
#1860 = CARTESIAN_POINT('',(0.,0.857142857143));
#1861 = CARTESIAN_POINT('',(0.,1.));
#1862 = ( GEOMETRIC_REPRESENTATION_CONTEXT(2) 
PARAMETRIC_REPRESENTATION_CONTEXT() REPRESENTATION_CONTEXT('2D SPACE',''
  ) );
#1863 = ORIENTED_EDGE('',*,*,#1138,.F.);
#1864 = ADVANCED_FACE('',(#1865),#1046,.T.);
#1865 = FACE_BOUND('',#1866,.T.);
#1866 = EDGE_LOOP('',(#1867,#1893,#1894,#1929));
#1867 = ORIENTED_EDGE('',*,*,#1868,.T.);
#1868 = EDGE_CURVE('',#1302,#1003,#1869,.T.);
#1869 = SURFACE_CURVE('',#1870,(#1880,#1886),.PCURVE_S1.);
#1870 = B_SPLINE_CURVE_WITH_KNOTS('',8,(#1871,#1872,#1873,#1874,#1875,
    #1876,#1877,#1878,#1879),.UNSPECIFIED.,.F.,.F.,(9,9),(0.,1.),
  .PIECEWISE_BEZIER_KNOTS.);
#1871 = CARTESIAN_POINT('',(12.7,-22.4,5.));
#1872 = CARTESIAN_POINT('',(12.7,-22.15,4.018252295753));
#1873 = CARTESIAN_POINT('',(12.479696055194,-21.9,3.036504282479));
#1874 = CARTESIAN_POINT('',(12.039090329357,-21.65,2.112433828325));
#1875 = CARTESIAN_POINT('',(11.396293778899,-21.39999999999,
    1.303706221101));
#1876 = CARTESIAN_POINT('',(10.587566171676,-21.15,0.660909670643));
#1877 = CARTESIAN_POINT('',(9.663495717521,-20.9,0.220303944806));
#1878 = CARTESIAN_POINT('',(8.681747704247,-20.65,-3.553506695247E-15));
#1879 = CARTESIAN_POINT('',(7.7,-20.4,-8.881784197001E-16));
#1880 = PCURVE('',#1046,#1881);
#1881 = DEFINITIONAL_REPRESENTATION('',(#1882),#1885);
#1882 = B_SPLINE_CURVE_WITH_KNOTS('',1,(#1883,#1884),.UNSPECIFIED.,.F.,
  .F.,(2,2),(0.,1.),.PIECEWISE_BEZIER_KNOTS.);
#1883 = CARTESIAN_POINT('',(0.,0.));
#1884 = CARTESIAN_POINT('',(1.570796326795,2.));
#1885 = ( GEOMETRIC_REPRESENTATION_CONTEXT(2) 
PARAMETRIC_REPRESENTATION_CONTEXT() REPRESENTATION_CONTEXT('2D SPACE',''
  ) );
#1886 = PCURVE('',#1324,#1887);
#1887 = DEFINITIONAL_REPRESENTATION('',(#1888),#1892);
#1888 = LINE('',#1889,#1890);
#1889 = CARTESIAN_POINT('',(1.,0.));
#1890 = VECTOR('',#1891,1.);
#1891 = DIRECTION('',(0.,1.));
#1892 = ( GEOMETRIC_REPRESENTATION_CONTEXT(2) 
PARAMETRIC_REPRESENTATION_CONTEXT() REPRESENTATION_CONTEXT('2D SPACE',''
  ) );
#1893 = ORIENTED_EDGE('',*,*,#1030,.T.);
#1894 = ORIENTED_EDGE('',*,*,#1895,.F.);
#1895 = EDGE_CURVE('',#1164,#1031,#1896,.T.);
#1896 = SURFACE_CURVE('',#1897,(#1905,#1917),.PCURVE_S1.);
#1897 = B_SPLINE_CURVE_WITH_KNOTS('',6,(#1898,#1899,#1900,#1901,#1902,
    #1903,#1904),.UNSPECIFIED.,.F.,.F.,(7,7),(0.,1.),
  .PIECEWISE_BEZIER_KNOTS.);
#1898 = CARTESIAN_POINT('',(12.7,22.4,5.));
#1899 = CARTESIAN_POINT('',(12.7,22.066666666667,3.691003061004));
#1900 = CARTESIAN_POINT('',(12.288861569899,21.733333333333,
    2.382117496474));
#1901 = CARTESIAN_POINT('',(11.465950748201,21.4,1.234049251799));
#1902 = CARTESIAN_POINT('',(10.317882503526,21.066666666667,
    0.411138430101));
#1903 = CARTESIAN_POINT('',(9.008996938996,20.733333333333,
    2.101097074103E-15));
#1904 = CARTESIAN_POINT('',(7.7,20.4,-4.440892098501E-16));
#1905 = PCURVE('',#1046,#1906);
#1906 = DEFINITIONAL_REPRESENTATION('',(#1907),#1916);
#1907 = B_SPLINE_CURVE_WITH_KNOTS('',7,(#1908,#1909,#1910,#1911,#1912,
    #1913,#1914,#1915),.UNSPECIFIED.,.F.,.F.,(8,8),(0.,1.),
  .PIECEWISE_BEZIER_KNOTS.);
#1908 = CARTESIAN_POINT('',(3.330669073875E-16,44.8));
#1909 = CARTESIAN_POINT('',(0.224399475256,44.514285714286));
#1910 = CARTESIAN_POINT('',(0.448781283486,44.228593922927));
#1911 = CARTESIAN_POINT('',(0.673243514982,43.942799733491));
#1912 = CARTESIAN_POINT('',(0.897552811813,43.65720026651));
#1913 = CARTESIAN_POINT('',(1.122015043309,43.371406077073));
#1914 = CARTESIAN_POINT('',(1.346396851538,43.085714285714));
#1915 = CARTESIAN_POINT('',(1.570796326795,42.8));
#1916 = ( GEOMETRIC_REPRESENTATION_CONTEXT(2) 
PARAMETRIC_REPRESENTATION_CONTEXT() REPRESENTATION_CONTEXT('2D SPACE',''
  ) );
#1917 = PCURVE('',#1186,#1918);
#1918 = DEFINITIONAL_REPRESENTATION('',(#1919),#1928);
#1919 = B_SPLINE_CURVE_WITH_KNOTS('',7,(#1920,#1921,#1922,#1923,#1924,
    #1925,#1926,#1927),.UNSPECIFIED.,.F.,.F.,(8,8),(0.,1.),
  .PIECEWISE_BEZIER_KNOTS.);
#1920 = CARTESIAN_POINT('',(0.,1.110223024625E-16));
#1921 = CARTESIAN_POINT('',(0.,0.142857142857));
#1922 = CARTESIAN_POINT('',(0.,0.285703039752));
#1923 = CARTESIAN_POINT('',(0.,0.428600130186));
#1924 = CARTESIAN_POINT('',(0.,0.571399869814));
#1925 = CARTESIAN_POINT('',(0.,0.714296960248));
#1926 = CARTESIAN_POINT('',(0.,0.857142857143));
#1927 = CARTESIAN_POINT('',(0.,1.));
#1928 = ( GEOMETRIC_REPRESENTATION_CONTEXT(2) 
PARAMETRIC_REPRESENTATION_CONTEXT() REPRESENTATION_CONTEXT('2D SPACE',''
  ) );
#1929 = ORIENTED_EDGE('',*,*,#1441,.F.);
#1930 = ADVANCED_FACE('',(#1931),#1186,.F.);
#1931 = FACE_BOUND('',#1932,.F.);
#1932 = EDGE_LOOP('',(#1933,#1934,#1935));
#1933 = ORIENTED_EDGE('',*,*,#1895,.F.);
#1934 = ORIENTED_EDGE('',*,*,#1163,.T.);
#1935 = ORIENTED_EDGE('',*,*,#1795,.T.);
#1936 = ADVANCED_FACE('',(#1937),#1324,.F.);
#1937 = FACE_BOUND('',#1938,.F.);
#1938 = EDGE_LOOP('',(#1939,#1940,#1941));
#1939 = ORIENTED_EDGE('',*,*,#1829,.F.);
#1940 = ORIENTED_EDGE('',*,*,#1301,.T.);
#1941 = ORIENTED_EDGE('',*,*,#1868,.T.);
#1942 = ADVANCED_FACE('',(#1943),#1503,.T.);
#1943 = FACE_BOUND('',#1944,.T.);
#1944 = EDGE_LOOP('',(#1945));
#1945 = ORIENTED_EDGE('',*,*,#1488,.T.);
#1946 = ADVANCED_FACE('',(#1947),#1558,.T.);
#1947 = FACE_BOUND('',#1948,.T.);
#1948 = EDGE_LOOP('',(#1949));
#1949 = ORIENTED_EDGE('',*,*,#1543,.T.);
#1950 = ADVANCED_FACE('',(#1951),#1613,.T.);
#1951 = FACE_BOUND('',#1952,.T.);
#1952 = EDGE_LOOP('',(#1953));
#1953 = ORIENTED_EDGE('',*,*,#1598,.T.);
#1954 = ADVANCED_FACE('',(#1955),#1668,.T.);
#1955 = FACE_BOUND('',#1956,.T.);
#1956 = EDGE_LOOP('',(#1957));
#1957 = ORIENTED_EDGE('',*,*,#1653,.T.);
#1958 = ADVANCED_FACE('',(#1959),#1723,.T.);
#1959 = FACE_BOUND('',#1960,.T.);
#1960 = EDGE_LOOP('',(#1961));
#1961 = ORIENTED_EDGE('',*,*,#1708,.T.);
#1962 = ADVANCED_FACE('',(#1963),#1778,.T.);
#1963 = FACE_BOUND('',#1964,.T.);
#1964 = EDGE_LOOP('',(#1965));
#1965 = ORIENTED_EDGE('',*,*,#1763,.T.);
#1966 = ( GEOMETRIC_REPRESENTATION_CONTEXT(3) 
GLOBAL_UNCERTAINTY_ASSIGNED_CONTEXT((#1970)) 
GLOBAL_UNIT_ASSIGNED_CONTEXT((#1967,#1968,#1969)) REPRESENTATION_CONTEXT
('Context #1','3D Context with UNIT and UNCERTAINTY') );
#1967 = ( LENGTH_UNIT() NAMED_UNIT(*) SI_UNIT(.MILLI.,.METRE.) );
#1968 = ( NAMED_UNIT(*) PLANE_ANGLE_UNIT() SI_UNIT($,.RADIAN.) );
#1969 = ( NAMED_UNIT(*) SI_UNIT($,.STERADIAN.) SOLID_ANGLE_UNIT() );
#1970 = UNCERTAINTY_MEASURE_WITH_UNIT(LENGTH_MEASURE(5.E-05),#1967,
  'distance_accuracy_value','confusion accuracy');
#1971 = PRODUCT_RELATED_PRODUCT_CATEGORY('part',$,(#7));
#1972 = MECHANICAL_DESIGN_GEOMETRIC_PRESENTATION_REPRESENTATION('',(
    #1973),#1966);
#1973 = STYLED_ITEM('color',(#1974),#15);
#1974 = PRESENTATION_STYLE_ASSIGNMENT((#1975,#1981));
#1975 = SURFACE_STYLE_USAGE(.BOTH.,#1976);
#1976 = SURFACE_SIDE_STYLE('',(#1977));
#1977 = SURFACE_STYLE_FILL_AREA(#1978);
#1978 = FILL_AREA_STYLE('',(#1979));
#1979 = FILL_AREA_STYLE_COLOUR('',#1980);
#1980 = COLOUR_RGB('',0.800000010877,0.800000010877,0.800000010877);
#1981 = CURVE_STYLE('',#1982,POSITIVE_LENGTH_MEASURE(0.1),#1983);
#1982 = DRAUGHTING_PRE_DEFINED_CURVE_FONT('continuous');
#1983 = COLOUR_RGB('',9.803921802644E-02,9.803921802644E-02,
  9.803921802644E-02);
ENDSEC;
END-ISO-10303-21;
