ISO-10303-21;
HEADER;
FILE_DESCRIPTION(('STEP AP214'),'1');
FILE_NAME('ms488-10f-ns.stp','2026-05-14T22:04:47',('TraceParts'),('TraceParts S.A.S.'),'Spatial InterOp 3D',' ',' ');
FILE_SCHEMA(('AUTOMOTIVE_DESIGN { 1 0 10303 214 1 1 1 1 }'));
ENDSEC;
DATA;
#1=PRODUCT_DEFINITION_CONTEXT('',#9,'design');
#2=APPLICATION_PROTOCOL_DEFINITION('INTERNATIONAL STANDARD','automotive_design',1994,#9);
#3=PRODUCT_CATEGORY_RELATIONSHIP('NONE','NONE',#10,#11);
#4=SHAPE_DEFINITION_REPRESENTATION(#12,#13);
#5= (GEOMETRIC_REPRESENTATION_CONTEXT(3)GLOBAL_UNCERTAINTY_ASSIGNED_CONTEXT((#16))GLOBAL_UNIT_ASSIGNED_CONTEXT((#18,#19,#20))REPRESENTATION_CONTEXT('NONE','WORKSPACE'));
#9=APPLICATION_CONTEXT(' ');
#10=PRODUCT_CATEGORY('part','NONE');
#11=PRODUCT_RELATED_PRODUCT_CATEGORY('detail',' ',(#22));
#12=PRODUCT_DEFINITION_SHAPE('NONE','NONE',#23);
#13=ADVANCED_BREP_SHAPE_REPRESENTATION('1',(#24,#25),#5);
#16=UNCERTAINTY_MEASURE_WITH_UNIT(LENGTH_MEASURE(1.0E-06),#18,'','');
#18= (CONVERSION_BASED_UNIT('MILLIMETRE',#28)LENGTH_UNIT()NAMED_UNIT(#31));
#19= (NAMED_UNIT(#33)PLANE_ANGLE_UNIT()SI_UNIT($,.RADIAN.));
#20= (NAMED_UNIT(#33)SOLID_ANGLE_UNIT()SI_UNIT($,.STERADIAN.));
#22=PRODUCT('1','','PART--DESC',(#39));
#23=PRODUCT_DEFINITION('','NONE',#40,#1);
#24=MANIFOLD_SOLID_BREP('1',#41);
#25=AXIS2_PLACEMENT_3D('',#42,#43,#44);
#28=LENGTH_MEASURE_WITH_UNIT(LENGTH_MEASURE(1.0),#45);
#31=DIMENSIONAL_EXPONENTS(1.0,0.0,0.0,0.0,0.0,0.0,0.0);
#33=DIMENSIONAL_EXPONENTS(0.0,0.0,0.0,0.0,0.0,0.0,0.0);
#39=PRODUCT_CONTEXT('',#9,'mechanical');
#40=PRODUCT_DEFINITION_FORMATION_WITH_SPECIFIED_SOURCE(' ','NONE',#22,.NOT_KNOWN.);
#41=CLOSED_SHELL('',(#46,#47,#48,#49,#50,#51,#52,#53,#54,#55,#56,#57,#58,#59,#60,#61,#62,#63,#64,#65,#66,#67,#68,#69,#70,#71,#72,#73,#74,#75,#76,#77,#78,#79,#80,#81,#82,#83,#84,#85,#86,#87,#88,#89,#90,#91,#92,#93,#94,#95,#96,#97,#98,#99,#100,#101,#102,#103,#104,#105,#106,#107,#108,#109,#110,#111,#112,#113,#114,#115,#116,#117,#118,#119,#120,#121,#122,#123,#124,#125,#126,#127,#128,#129,#130,#131,#132,#133));
#42=CARTESIAN_POINT('',(0.0,0.0,0.0));
#43=DIRECTION('',(0.0,0.0,1.0));
#44=DIRECTION('',(1.0,0.0,0.0));
#45= (NAMED_UNIT(#31)LENGTH_UNIT()SI_UNIT(.MILLI.,.METRE.));
#46=ADVANCED_FACE('NONE',(#135),#136,.F.);
#47=ADVANCED_FACE('NONE',(#137),#138,.F.);
#48=ADVANCED_FACE('NONE',(#139),#140,.T.);
#49=ADVANCED_FACE('NONE',(#141),#142,.F.);
#50=ADVANCED_FACE('NONE',(#143),#144,.F.);
#51=ADVANCED_FACE('NONE',(#145),#146,.F.);
#52=ADVANCED_FACE('NONE',(#147),#148,.F.);
#53=ADVANCED_FACE('NONE',(#149),#150,.F.);
#54=ADVANCED_FACE('NONE',(#151),#152,.F.);
#55=ADVANCED_FACE('NONE',(#153),#154,.F.);
#56=ADVANCED_FACE('NONE',(#155),#156,.F.);
#57=ADVANCED_FACE('NONE',(#157),#158,.F.);
#58=ADVANCED_FACE('NONE',(#159),#160,.F.);
#59=ADVANCED_FACE('NONE',(#161),#162,.T.);
#60=ADVANCED_FACE('NONE',(#163,#164,#165),#166,.F.);
#61=ADVANCED_FACE('NONE',(#167,#168,#169),#170,.T.);
#62=ADVANCED_FACE('NONE',(#171),#172,.T.);
#63=ADVANCED_FACE('NONE',(#173),#174,.T.);
#64=ADVANCED_FACE('NONE',(#175),#176,.T.);
#65=ADVANCED_FACE('NONE',(#177),#178,.T.);
#66=ADVANCED_FACE('NONE',(#179),#180,.T.);
#67=ADVANCED_FACE('NONE',(#181),#182,.T.);
#68=ADVANCED_FACE('NONE',(#183),#184,.T.);
#69=ADVANCED_FACE('NONE',(#185),#186,.T.);
#70=ADVANCED_FACE('NONE',(#187),#188,.F.);
#71=ADVANCED_FACE('NONE',(#189),#190,.F.);
#72=ADVANCED_FACE('NONE',(#191),#192,.F.);
#73=ADVANCED_FACE('NONE',(#193),#194,.F.);
#74=ADVANCED_FACE('NONE',(#195),#196,.F.);
#75=ADVANCED_FACE('NONE',(#197),#198,.F.);
#76=ADVANCED_FACE('NONE',(#199,#200,#201,#202,#203),#204,.F.);
#77=ADVANCED_FACE('NONE',(#205),#206,.F.);
#78=ADVANCED_FACE('NONE',(#207),#208,.F.);
#79=ADVANCED_FACE('NONE',(#209),#210,.F.);
#80=ADVANCED_FACE('NONE',(#211),#212,.F.);
#81=ADVANCED_FACE('NONE',(#213),#214,.F.);
#82=ADVANCED_FACE('NONE',(#215),#216,.F.);
#83=ADVANCED_FACE('NONE',(#217),#218,.F.);
#84=ADVANCED_FACE('NONE',(#219,#220,#221,#222,#223),#224,.F.);
#85=ADVANCED_FACE('NONE',(#225),#226,.F.);
#86=ADVANCED_FACE('NONE',(#227),#228,.T.);
#87=ADVANCED_FACE('NONE',(#229),#230,.T.);
#88=ADVANCED_FACE('NONE',(#231),#232,.T.);
#89=ADVANCED_FACE('NONE',(#233),#234,.T.);
#90=ADVANCED_FACE('NONE',(#235),#236,.T.);
#91=ADVANCED_FACE('NONE',(#237),#238,.T.);
#92=ADVANCED_FACE('NONE',(#239,#240,#241,#242,#243),#244,.T.);
#93=ADVANCED_FACE('NONE',(#245),#246,.T.);
#94=ADVANCED_FACE('NONE',(#247),#248,.T.);
#95=ADVANCED_FACE('NONE',(#249),#250,.T.);
#96=ADVANCED_FACE('NONE',(#251),#252,.T.);
#97=ADVANCED_FACE('NONE',(#253),#254,.T.);
#98=ADVANCED_FACE('NONE',(#255),#256,.T.);
#99=ADVANCED_FACE('NONE',(#257),#258,.T.);
#100=ADVANCED_FACE('NONE',(#259,#260,#261,#262,#263),#264,.T.);
#101=ADVANCED_FACE('NONE',(#265),#266,.T.);
#102=ADVANCED_FACE('NONE',(#267),#268,.F.);
#103=ADVANCED_FACE('NONE',(#269),#270,.F.);
#104=ADVANCED_FACE('NONE',(#271),#272,.F.);
#105=ADVANCED_FACE('NONE',(#273),#274,.F.);
#106=ADVANCED_FACE('NONE',(#275),#276,.F.);
#107=ADVANCED_FACE('NONE',(#277),#278,.T.);
#108=ADVANCED_FACE('NONE',(#279),#280,.F.);
#109=ADVANCED_FACE('NONE',(#281),#282,.F.);
#110=ADVANCED_FACE('NONE',(#283),#284,.F.);
#111=ADVANCED_FACE('NONE',(#285),#286,.F.);
#112=ADVANCED_FACE('NONE',(#287),#288,.T.);
#113=ADVANCED_FACE('NONE',(#289),#290,.T.);
#114=ADVANCED_FACE('NONE',(#291),#292,.T.);
#115=ADVANCED_FACE('NONE',(#293),#294,.F.);
#116=ADVANCED_FACE('NONE',(#295),#296,.F.);
#117=ADVANCED_FACE('NONE',(#297),#298,.F.);
#118=ADVANCED_FACE('NONE',(#299),#300,.F.);
#119=ADVANCED_FACE('NONE',(#301),#302,.F.);
#120=ADVANCED_FACE('NONE',(#303),#304,.F.);
#121=ADVANCED_FACE('NONE',(#305),#306,.F.);
#122=ADVANCED_FACE('NONE',(#307),#308,.T.);
#123=ADVANCED_FACE('NONE',(#309),#310,.T.);
#124=ADVANCED_FACE('NONE',(#311),#312,.T.);
#125=ADVANCED_FACE('NONE',(#313),#314,.T.);
#126=ADVANCED_FACE('NONE',(#315),#316,.F.);
#127=ADVANCED_FACE('NONE',(#317),#318,.F.);
#128=ADVANCED_FACE('NONE',(#319),#320,.F.);
#129=ADVANCED_FACE('NONE',(#321),#322,.F.);
#130=ADVANCED_FACE('NONE',(#323),#324,.F.);
#131=ADVANCED_FACE('NONE',(#325),#326,.F.);
#132=ADVANCED_FACE('NONE',(#327),#328,.F.);
#133=ADVANCED_FACE('NONE',(#329),#330,.F.);
#135=FACE_OUTER_BOUND('',#331,.T.);
#136=CYLINDRICAL_SURFACE('',#332,0.65);
#137=FACE_OUTER_BOUND('',#333,.T.);
#138=CYLINDRICAL_SURFACE('',#334,0.65);
#139=FACE_OUTER_BOUND('',#335,.T.);
#140=CYLINDRICAL_SURFACE('',#336,4.0);
#141=FACE_OUTER_BOUND('',#337,.T.);
#142=CYLINDRICAL_SURFACE('',#338,0.6);
#143=FACE_OUTER_BOUND('',#339,.T.);
#144=CYLINDRICAL_SURFACE('',#340,0.6);
#145=FACE_OUTER_BOUND('',#341,.T.);
#146=CYLINDRICAL_SURFACE('',#342,0.6);
#147=FACE_OUTER_BOUND('',#343,.T.);
#148=CYLINDRICAL_SURFACE('',#344,0.6);
#149=FACE_OUTER_BOUND('',#345,.T.);
#150=CYLINDRICAL_SURFACE('',#346,0.6);
#151=FACE_OUTER_BOUND('',#347,.T.);
#152=CYLINDRICAL_SURFACE('',#348,0.6);
#153=FACE_OUTER_BOUND('',#349,.T.);
#154=CYLINDRICAL_SURFACE('',#350,0.6);
#155=FACE_OUTER_BOUND('',#351,.T.);
#156=CYLINDRICAL_SURFACE('',#352,0.6);
#157=FACE_OUTER_BOUND('',#353,.T.);
#158=CYLINDRICAL_SURFACE('',#354,0.650000000000001);
#159=FACE_OUTER_BOUND('',#355,.T.);
#160=CYLINDRICAL_SURFACE('',#356,0.65);
#161=FACE_OUTER_BOUND('',#357,.T.);
#162=CYLINDRICAL_SURFACE('',#358,4.0);
#163=FACE_OUTER_BOUND('',#359,.T.);
#164=FACE_BOUND('',#360,.T.);
#165=FACE_BOUND('',#361,.T.);
#166=PLANE('',#362);
#167=FACE_OUTER_BOUND('',#363,.T.);
#168=FACE_BOUND('',#364,.T.);
#169=FACE_BOUND('',#365,.T.);
#170=PLANE('',#366);
#171=FACE_OUTER_BOUND('',#367,.T.);
#172=PLANE('',#368);
#173=FACE_OUTER_BOUND('',#369,.T.);
#174=PLANE('',#370);
#175=FACE_OUTER_BOUND('',#371,.T.);
#176=PLANE('',#372);
#177=FACE_OUTER_BOUND('',#373,.T.);
#178=PLANE('',#374);
#179=FACE_OUTER_BOUND('',#375,.T.);
#180=PLANE('',#376);
#181=FACE_OUTER_BOUND('',#377,.T.);
#182=PLANE('',#378);
#183=FACE_OUTER_BOUND('',#379,.T.);
#184=PLANE('',#380);
#185=FACE_OUTER_BOUND('',#381,.T.);
#186=PLANE('',#382);
#187=FACE_OUTER_BOUND('',#383,.T.);
#188=CYLINDRICAL_SURFACE('',#384,2.2);
#189=FACE_OUTER_BOUND('',#385,.T.);
#190=TOROIDAL_SURFACE('',#386,1.7,0.5);
#191=FACE_OUTER_BOUND('',#387,.T.);
#192=PLANE('',#388);
#193=FACE_OUTER_BOUND('',#389,.T.);
#194=CYLINDRICAL_SURFACE('',#390,0.5);
#195=FACE_OUTER_BOUND('',#391,.T.);
#196=CYLINDRICAL_SURFACE('',#392,2.2);
#197=FACE_OUTER_BOUND('',#393,.T.);
#198=TOROIDAL_SURFACE('',#394,1.7,0.5);
#199=FACE_OUTER_BOUND('',#395,.T.);
#200=FACE_BOUND('',#396,.T.);
#201=FACE_BOUND('',#397,.T.);
#202=FACE_BOUND('',#398,.T.);
#203=FACE_BOUND('',#399,.T.);
#204=PLANE('',#400);
#205=FACE_OUTER_BOUND('',#401,.T.);
#206=CYLINDRICAL_SURFACE('',#402,0.5);
#207=FACE_OUTER_BOUND('',#403,.T.);
#208=CYLINDRICAL_SURFACE('',#404,2.19999999999999);
#209=FACE_OUTER_BOUND('',#405,.T.);
#210=TOROIDAL_SURFACE('',#406,1.69999999999999,0.5);
#211=FACE_OUTER_BOUND('',#407,.T.);
#212=PLANE('',#408);
#213=FACE_OUTER_BOUND('',#409,.T.);
#214=CYLINDRICAL_SURFACE('',#410,0.5);
#215=FACE_OUTER_BOUND('',#411,.T.);
#216=CYLINDRICAL_SURFACE('',#412,2.2);
#217=FACE_OUTER_BOUND('',#413,.T.);
#218=TOROIDAL_SURFACE('',#414,1.7,0.5);
#219=FACE_OUTER_BOUND('',#415,.T.);
#220=FACE_BOUND('',#416,.T.);
#221=FACE_BOUND('',#417,.T.);
#222=FACE_BOUND('',#418,.T.);
#223=FACE_BOUND('',#419,.T.);
#224=PLANE('',#420);
#225=FACE_OUTER_BOUND('',#421,.T.);
#226=CYLINDRICAL_SURFACE('',#422,0.5);
#227=FACE_OUTER_BOUND('',#423,.T.);
#228=CYLINDRICAL_SURFACE('',#424,2.5);
#229=FACE_OUTER_BOUND('',#425,.T.);
#230=TOROIDAL_SURFACE('',#426,1.7,0.8);
#231=FACE_OUTER_BOUND('',#427,.T.);
#232=PLANE('',#428);
#233=FACE_OUTER_BOUND('',#429,.T.);
#234=CYLINDRICAL_SURFACE('',#430,0.8);
#235=FACE_OUTER_BOUND('',#431,.T.);
#236=CYLINDRICAL_SURFACE('',#432,2.5);
#237=FACE_OUTER_BOUND('',#433,.T.);
#238=TOROIDAL_SURFACE('',#434,1.7,0.8);
#239=FACE_OUTER_BOUND('',#435,.T.);
#240=FACE_BOUND('',#436,.T.);
#241=FACE_BOUND('',#437,.T.);
#242=FACE_BOUND('',#438,.T.);
#243=FACE_BOUND('',#439,.T.);
#244=PLANE('',#440);
#245=FACE_OUTER_BOUND('',#441,.T.);
#246=CYLINDRICAL_SURFACE('',#442,0.8);
#247=FACE_OUTER_BOUND('',#443,.T.);
#248=CYLINDRICAL_SURFACE('',#444,2.49999999999999);
#249=FACE_OUTER_BOUND('',#445,.T.);
#250=TOROIDAL_SURFACE('',#446,1.69999999999999,0.8);
#251=FACE_OUTER_BOUND('',#447,.T.);
#252=PLANE('',#448);
#253=FACE_OUTER_BOUND('',#449,.T.);
#254=CYLINDRICAL_SURFACE('',#450,0.799999999999999);
#255=FACE_OUTER_BOUND('',#451,.T.);
#256=CYLINDRICAL_SURFACE('',#452,2.5);
#257=FACE_OUTER_BOUND('',#453,.T.);
#258=TOROIDAL_SURFACE('',#454,1.7,0.8);
#259=FACE_OUTER_BOUND('',#455,.T.);
#260=FACE_BOUND('',#456,.T.);
#261=FACE_BOUND('',#457,.T.);
#262=FACE_BOUND('',#458,.T.);
#263=FACE_BOUND('',#459,.T.);
#264=PLANE('',#460);
#265=FACE_OUTER_BOUND('',#461,.T.);
#266=CYLINDRICAL_SURFACE('',#462,0.8);
#267=FACE_OUTER_BOUND('',#463,.T.);
#268=CYLINDRICAL_SURFACE('',#464,1.0);
#269=FACE_OUTER_BOUND('',#465,.T.);
#270=PLANE('',#466);
#271=FACE_OUTER_BOUND('',#467,.T.);
#272=CYLINDRICAL_SURFACE('',#468,1.0);
#273=FACE_OUTER_BOUND('',#469,.T.);
#274=PLANE('',#470);
#275=FACE_OUTER_BOUND('',#471,.T.);
#276=PLANE('',#472);
#277=FACE_OUTER_BOUND('',#473,.T.);
#278=CYLINDRICAL_SURFACE('',#474,4.0);
#279=FACE_OUTER_BOUND('',#475,.T.);
#280=PLANE('',#476);
#281=FACE_OUTER_BOUND('',#477,.T.);
#282=PLANE('',#478);
#283=FACE_OUTER_BOUND('',#479,.T.);
#284=CYLINDRICAL_SURFACE('',#480,1.0);
#285=FACE_OUTER_BOUND('',#481,.T.);
#286=PLANE('',#482);
#287=FACE_OUTER_BOUND('',#483,.T.);
#288=PLANE('',#484);
#289=FACE_OUTER_BOUND('',#485,.T.);
#290=CYLINDRICAL_SURFACE('',#486,4.0);
#291=FACE_OUTER_BOUND('',#487,.T.);
#292=PLANE('',#488);
#293=FACE_OUTER_BOUND('',#489,.T.);
#294=PLANE('',#490);
#295=FACE_OUTER_BOUND('',#491,.T.);
#296=CYLINDRICAL_SURFACE('',#492,1.0);
#297=FACE_OUTER_BOUND('',#493,.T.);
#298=PLANE('',#494);
#299=FACE_OUTER_BOUND('',#495,.T.);
#300=CYLINDRICAL_SURFACE('',#496,0.65);
#301=FACE_OUTER_BOUND('',#497,.T.);
#302=CYLINDRICAL_SURFACE('',#498,0.65);
#303=FACE_OUTER_BOUND('',#499,.T.);
#304=CYLINDRICAL_SURFACE('',#500,0.65);
#305=FACE_OUTER_BOUND('',#501,.T.);
#306=CYLINDRICAL_SURFACE('',#502,0.650000000000001);
#307=FACE_OUTER_BOUND('',#503,.T.);
#308=CYLINDRICAL_SURFACE('',#504,0.25);
#309=FACE_OUTER_BOUND('',#505,.T.);
#310=CYLINDRICAL_SURFACE('',#506,0.25);
#311=FACE_OUTER_BOUND('',#507,.T.);
#312=CYLINDRICAL_SURFACE('',#508,0.25);
#313=FACE_OUTER_BOUND('',#509,.T.);
#314=CYLINDRICAL_SURFACE('',#510,0.25);
#315=FACE_OUTER_BOUND('',#511,.T.);
#316=CYLINDRICAL_SURFACE('',#512,0.6);
#317=FACE_OUTER_BOUND('',#513,.T.);
#318=CYLINDRICAL_SURFACE('',#514,0.6);
#319=FACE_OUTER_BOUND('',#515,.T.);
#320=CYLINDRICAL_SURFACE('',#516,0.6);
#321=FACE_OUTER_BOUND('',#517,.T.);
#322=CYLINDRICAL_SURFACE('',#518,0.6);
#323=FACE_OUTER_BOUND('',#519,.T.);
#324=CYLINDRICAL_SURFACE('',#520,0.6);
#325=FACE_OUTER_BOUND('',#521,.T.);
#326=CYLINDRICAL_SURFACE('',#522,0.6);
#327=FACE_OUTER_BOUND('',#523,.T.);
#328=CYLINDRICAL_SURFACE('',#524,0.6);
#329=FACE_OUTER_BOUND('',#525,.T.);
#330=CYLINDRICAL_SURFACE('',#526,0.6);
#331=EDGE_LOOP('',(#527,#528,#529,#530));
#332=AXIS2_PLACEMENT_3D('',#531,#532,#533);
#333=EDGE_LOOP('',(#534,#535,#536,#537));
#334=AXIS2_PLACEMENT_3D('',#538,#539,#540);
#335=EDGE_LOOP('',(#541,#542,#543,#544));
#336=AXIS2_PLACEMENT_3D('',#545,#546,#547);
#337=EDGE_LOOP('',(#548,#549,#550,#551));
#338=AXIS2_PLACEMENT_3D('',#552,#553,#554);
#339=EDGE_LOOP('',(#555,#556,#557,#558));
#340=AXIS2_PLACEMENT_3D('',#559,#560,#561);
#341=EDGE_LOOP('',(#562,#563,#564,#565));
#342=AXIS2_PLACEMENT_3D('',#566,#567,#568);
#343=EDGE_LOOP('',(#569,#570,#571,#572));
#344=AXIS2_PLACEMENT_3D('',#573,#574,#575);
#345=EDGE_LOOP('',(#576,#577,#578,#579));
#346=AXIS2_PLACEMENT_3D('',#580,#581,#582);
#347=EDGE_LOOP('',(#583,#584,#585,#586));
#348=AXIS2_PLACEMENT_3D('',#587,#588,#589);
#349=EDGE_LOOP('',(#590,#591,#592,#593));
#350=AXIS2_PLACEMENT_3D('',#594,#595,#596);
#351=EDGE_LOOP('',(#597,#598,#599,#600));
#352=AXIS2_PLACEMENT_3D('',#601,#602,#603);
#353=EDGE_LOOP('',(#604,#605,#606,#607));
#354=AXIS2_PLACEMENT_3D('',#608,#609,#610);
#355=EDGE_LOOP('',(#611,#612,#613,#614));
#356=AXIS2_PLACEMENT_3D('',#615,#616,#617);
#357=EDGE_LOOP('',(#618,#619,#620,#621));
#358=AXIS2_PLACEMENT_3D('',#622,#623,#624);
#359=EDGE_LOOP('',(#625,#626,#627,#628,#629,#630,#631,#632));
#360=EDGE_LOOP('',(#633,#634,#635,#636,#637,#638,#639,#640,#641,#642,#643,#644,#645,#646,#647));
#361=EDGE_LOOP('',(#648,#649,#650,#651,#652,#653,#654,#655,#656,#657,#658,#659,#660,#661,#662));
#362=AXIS2_PLACEMENT_3D('',#663,#664,#665);
#363=EDGE_LOOP('',(#666,#667,#668,#669,#670,#671,#672,#673));
#364=EDGE_LOOP('',(#674,#675,#676,#677,#678,#679,#680,#681,#682,#683,#684,#685,#686,#687,#688));
#365=EDGE_LOOP('',(#689,#690,#691,#692,#693,#694,#695,#696,#697,#698,#699,#700,#701,#702,#703));
#366=AXIS2_PLACEMENT_3D('',#704,#705,#706);
#367=EDGE_LOOP('',(#707,#708,#709,#710));
#368=AXIS2_PLACEMENT_3D('',#711,#712,#713);
#369=EDGE_LOOP('',(#714,#715,#716,#717));
#370=AXIS2_PLACEMENT_3D('',#718,#719,#720);
#371=EDGE_LOOP('',(#721,#722,#723,#724));
#372=AXIS2_PLACEMENT_3D('',#725,#726,#727);
#373=EDGE_LOOP('',(#728,#729,#730,#731));
#374=AXIS2_PLACEMENT_3D('',#732,#733,#734);
#375=EDGE_LOOP('',(#735,#736,#737,#738));
#376=AXIS2_PLACEMENT_3D('',#739,#740,#741);
#377=EDGE_LOOP('',(#742,#743,#744,#745));
#378=AXIS2_PLACEMENT_3D('',#746,#747,#748);
#379=EDGE_LOOP('',(#749,#750,#751,#752));
#380=AXIS2_PLACEMENT_3D('',#753,#754,#755);
#381=EDGE_LOOP('',(#756,#757,#758,#759));
#382=AXIS2_PLACEMENT_3D('',#760,#761,#762);
#383=EDGE_LOOP('',(#763,#764,#765,#766));
#384=AXIS2_PLACEMENT_3D('',#767,#768,#769);
#385=EDGE_LOOP('',(#770,#771,#772,#773));
#386=AXIS2_PLACEMENT_3D('',#774,#775,#776);
#387=EDGE_LOOP('',(#777,#778,#779,#780));
#388=AXIS2_PLACEMENT_3D('',#781,#782,#783);
#389=EDGE_LOOP('',(#784,#785,#786,#787));
#390=AXIS2_PLACEMENT_3D('',#788,#789,#790);
#391=EDGE_LOOP('',(#791,#792,#793,#794));
#392=AXIS2_PLACEMENT_3D('',#795,#796,#797);
#393=EDGE_LOOP('',(#798,#799,#800,#801));
#394=AXIS2_PLACEMENT_3D('',#802,#803,#804);
#395=EDGE_LOOP('',(#805,#806,#807,#808));
#396=EDGE_LOOP('',(#809,#810));
#397=EDGE_LOOP('',(#811,#812));
#398=EDGE_LOOP('',(#813,#814));
#399=EDGE_LOOP('',(#815,#816));
#400=AXIS2_PLACEMENT_3D('',#817,#818,#819);
#401=EDGE_LOOP('',(#820,#821,#822,#823));
#402=AXIS2_PLACEMENT_3D('',#824,#825,#826);
#403=EDGE_LOOP('',(#827,#828,#829,#830));
#404=AXIS2_PLACEMENT_3D('',#831,#832,#833);
#405=EDGE_LOOP('',(#834,#835,#836,#837));
#406=AXIS2_PLACEMENT_3D('',#838,#839,#840);
#407=EDGE_LOOP('',(#841,#842,#843,#844));
#408=AXIS2_PLACEMENT_3D('',#845,#846,#847);
#409=EDGE_LOOP('',(#848,#849,#850,#851));
#410=AXIS2_PLACEMENT_3D('',#852,#853,#854);
#411=EDGE_LOOP('',(#855,#856,#857,#858));
#412=AXIS2_PLACEMENT_3D('',#859,#860,#861);
#413=EDGE_LOOP('',(#862,#863,#864,#865));
#414=AXIS2_PLACEMENT_3D('',#866,#867,#868);
#415=EDGE_LOOP('',(#869,#870,#871,#872));
#416=EDGE_LOOP('',(#873,#874));
#417=EDGE_LOOP('',(#875,#876));
#418=EDGE_LOOP('',(#877,#878));
#419=EDGE_LOOP('',(#879,#880));
#420=AXIS2_PLACEMENT_3D('',#881,#882,#883);
#421=EDGE_LOOP('',(#884,#885,#886,#887));
#422=AXIS2_PLACEMENT_3D('',#888,#889,#890);
#423=EDGE_LOOP('',(#891,#892,#893,#894));
#424=AXIS2_PLACEMENT_3D('',#895,#896,#897);
#425=EDGE_LOOP('',(#898,#899,#900,#901));
#426=AXIS2_PLACEMENT_3D('',#902,#903,#904);
#427=EDGE_LOOP('',(#905,#906,#907,#908));
#428=AXIS2_PLACEMENT_3D('',#909,#910,#911);
#429=EDGE_LOOP('',(#912,#913,#914,#915));
#430=AXIS2_PLACEMENT_3D('',#916,#917,#918);
#431=EDGE_LOOP('',(#919,#920,#921,#922));
#432=AXIS2_PLACEMENT_3D('',#923,#924,#925);
#433=EDGE_LOOP('',(#926,#927,#928,#929));
#434=AXIS2_PLACEMENT_3D('',#930,#931,#932);
#435=EDGE_LOOP('',(#933,#934,#935,#936));
#436=EDGE_LOOP('',(#937,#938));
#437=EDGE_LOOP('',(#939,#940));
#438=EDGE_LOOP('',(#941,#942));
#439=EDGE_LOOP('',(#943,#944));
#440=AXIS2_PLACEMENT_3D('',#945,#946,#947);
#441=EDGE_LOOP('',(#948,#949,#950,#951));
#442=AXIS2_PLACEMENT_3D('',#952,#953,#954);
#443=EDGE_LOOP('',(#955,#956,#957,#958));
#444=AXIS2_PLACEMENT_3D('',#959,#960,#961);
#445=EDGE_LOOP('',(#962,#963,#964,#965));
#446=AXIS2_PLACEMENT_3D('',#966,#967,#968);
#447=EDGE_LOOP('',(#969,#970,#971,#972));
#448=AXIS2_PLACEMENT_3D('',#973,#974,#975);
#449=EDGE_LOOP('',(#976,#977,#978,#979));
#450=AXIS2_PLACEMENT_3D('',#980,#981,#982);
#451=EDGE_LOOP('',(#983,#984,#985,#986));
#452=AXIS2_PLACEMENT_3D('',#987,#988,#989);
#453=EDGE_LOOP('',(#990,#991,#992,#993));
#454=AXIS2_PLACEMENT_3D('',#994,#995,#996);
#455=EDGE_LOOP('',(#997,#998,#999,#1000));
#456=EDGE_LOOP('',(#1001,#1002));
#457=EDGE_LOOP('',(#1003,#1004));
#458=EDGE_LOOP('',(#1005,#1006));
#459=EDGE_LOOP('',(#1007,#1008));
#460=AXIS2_PLACEMENT_3D('',#1009,#1010,#1011);
#461=EDGE_LOOP('',(#1012,#1013,#1014,#1015));
#462=AXIS2_PLACEMENT_3D('',#1016,#1017,#1018);
#463=EDGE_LOOP('',(#1019,#1020,#1021,#1022));
#464=AXIS2_PLACEMENT_3D('',#1023,#1024,#1025);
#465=EDGE_LOOP('',(#1026,#1027,#1028,#1029));
#466=AXIS2_PLACEMENT_3D('',#1030,#1031,#1032);
#467=EDGE_LOOP('',(#1033,#1034,#1035,#1036));
#468=AXIS2_PLACEMENT_3D('',#1037,#1038,#1039);
#469=EDGE_LOOP('',(#1040,#1041,#1042,#1043));
#470=AXIS2_PLACEMENT_3D('',#1044,#1045,#1046);
#471=EDGE_LOOP('',(#1047,#1048,#1049,#1050));
#472=AXIS2_PLACEMENT_3D('',#1051,#1052,#1053);
#473=EDGE_LOOP('',(#1054,#1055,#1056,#1057));
#474=AXIS2_PLACEMENT_3D('',#1058,#1059,#1060);
#475=EDGE_LOOP('',(#1061,#1062,#1063,#1064));
#476=AXIS2_PLACEMENT_3D('',#1065,#1066,#1067);
#477=EDGE_LOOP('',(#1068,#1069,#1070,#1071));
#478=AXIS2_PLACEMENT_3D('',#1072,#1073,#1074);
#479=EDGE_LOOP('',(#1075,#1076,#1077,#1078));
#480=AXIS2_PLACEMENT_3D('',#1079,#1080,#1081);
#481=EDGE_LOOP('',(#1082,#1083,#1084,#1085));
#482=AXIS2_PLACEMENT_3D('',#1086,#1087,#1088);
#483=EDGE_LOOP('',(#1089,#1090,#1091,#1092));
#484=AXIS2_PLACEMENT_3D('',#1093,#1094,#1095);
#485=EDGE_LOOP('',(#1096,#1097,#1098,#1099));
#486=AXIS2_PLACEMENT_3D('',#1100,#1101,#1102);
#487=EDGE_LOOP('',(#1103,#1104,#1105,#1106));
#488=AXIS2_PLACEMENT_3D('',#1107,#1108,#1109);
#489=EDGE_LOOP('',(#1110,#1111,#1112,#1113));
#490=AXIS2_PLACEMENT_3D('',#1114,#1115,#1116);
#491=EDGE_LOOP('',(#1117,#1118,#1119,#1120));
#492=AXIS2_PLACEMENT_3D('',#1121,#1122,#1123);
#493=EDGE_LOOP('',(#1124,#1125,#1126,#1127));
#494=AXIS2_PLACEMENT_3D('',#1128,#1129,#1130);
#495=EDGE_LOOP('',(#1131,#1132,#1133,#1134));
#496=AXIS2_PLACEMENT_3D('',#1135,#1136,#1137);
#497=EDGE_LOOP('',(#1138,#1139,#1140,#1141));
#498=AXIS2_PLACEMENT_3D('',#1142,#1143,#1144);
#499=EDGE_LOOP('',(#1145,#1146,#1147,#1148));
#500=AXIS2_PLACEMENT_3D('',#1149,#1150,#1151);
#501=EDGE_LOOP('',(#1152,#1153,#1154,#1155));
#502=AXIS2_PLACEMENT_3D('',#1156,#1157,#1158);
#503=EDGE_LOOP('',(#1159,#1160,#1161,#1162));
#504=AXIS2_PLACEMENT_3D('',#1163,#1164,#1165);
#505=EDGE_LOOP('',(#1166,#1167,#1168,#1169));
#506=AXIS2_PLACEMENT_3D('',#1170,#1171,#1172);
#507=EDGE_LOOP('',(#1173,#1174,#1175,#1176));
#508=AXIS2_PLACEMENT_3D('',#1177,#1178,#1179);
#509=EDGE_LOOP('',(#1180,#1181,#1182,#1183));
#510=AXIS2_PLACEMENT_3D('',#1184,#1185,#1186);
#511=EDGE_LOOP('',(#1187,#1188,#1189,#1190));
#512=AXIS2_PLACEMENT_3D('',#1191,#1192,#1193);
#513=EDGE_LOOP('',(#1194,#1195,#1196,#1197));
#514=AXIS2_PLACEMENT_3D('',#1198,#1199,#1200);
#515=EDGE_LOOP('',(#1201,#1202,#1203,#1204));
#516=AXIS2_PLACEMENT_3D('',#1205,#1206,#1207);
#517=EDGE_LOOP('',(#1208,#1209,#1210,#1211));
#518=AXIS2_PLACEMENT_3D('',#1212,#1213,#1214);
#519=EDGE_LOOP('',(#1215,#1216,#1217,#1218));
#520=AXIS2_PLACEMENT_3D('',#1219,#1220,#1221);
#521=EDGE_LOOP('',(#1222,#1223,#1224,#1225));
#522=AXIS2_PLACEMENT_3D('',#1226,#1227,#1228);
#523=EDGE_LOOP('',(#1229,#1230,#1231,#1232));
#524=AXIS2_PLACEMENT_3D('',#1233,#1234,#1235);
#525=EDGE_LOOP('',(#1236,#1237,#1238,#1239));
#526=AXIS2_PLACEMENT_3D('',#1240,#1241,#1242);
#527=ORIENTED_EDGE('',*,*,#1243,.F.);
#528=ORIENTED_EDGE('',*,*,#1244,.F.);
#529=ORIENTED_EDGE('',*,*,#1245,.T.);
#530=ORIENTED_EDGE('',*,*,#1246,.T.);
#531=CARTESIAN_POINT('',(-4.5,-0.3,-6.74999999999998));
#532=DIRECTION('',(0.0,-1.0,0.0));
#533=DIRECTION('',(0.0,0.0,1.0));
#534=ORIENTED_EDGE('',*,*,#1247,.F.);
#535=ORIENTED_EDGE('',*,*,#1248,.F.);
#536=ORIENTED_EDGE('',*,*,#1249,.T.);
#537=ORIENTED_EDGE('',*,*,#1250,.T.);
#538=CARTESIAN_POINT('',(7.5,-0.3,-6.74999999999998));
#539=DIRECTION('',(0.0,-1.0,0.0));
#540=DIRECTION('',(0.0,0.0,1.0));
#541=ORIENTED_EDGE('',*,*,#1251,.F.);
#542=ORIENTED_EDGE('',*,*,#1252,.F.);
#543=ORIENTED_EDGE('',*,*,#1253,.F.);
#544=ORIENTED_EDGE('',*,*,#1254,.T.);
#545=CARTESIAN_POINT('',(1.5,-0.3,-7.74999999999999));
#546=DIRECTION('',(0.0,-1.0,0.0));
#547=DIRECTION('',(0.0,0.0,1.0));
#548=ORIENTED_EDGE('',*,*,#1255,.F.);
#549=ORIENTED_EDGE('',*,*,#1256,.T.);
#550=ORIENTED_EDGE('',*,*,#1257,.T.);
#551=ORIENTED_EDGE('',*,*,#1258,.F.);
#552=CARTESIAN_POINT('',(-7.15000000000001,-2.00000000000001,-22.75));
#553=DIRECTION('',(-1.0,0.0,7.92111176245117E-17));
#554=DIRECTION('',(0.0,1.0,0.0));
#555=ORIENTED_EDGE('',*,*,#1259,.F.);
#556=ORIENTED_EDGE('',*,*,#1260,.T.);
#557=ORIENTED_EDGE('',*,*,#1261,.T.);
#558=ORIENTED_EDGE('',*,*,#1262,.F.);
#559=CARTESIAN_POINT('',(-7.15000000000001,-2.00000000000001,-12.75));
#560=DIRECTION('',(-1.0,0.0,7.92111176245117E-17));
#561=DIRECTION('',(0.0,1.0,0.0));
#562=ORIENTED_EDGE('',*,*,#1263,.F.);
#563=ORIENTED_EDGE('',*,*,#1264,.T.);
#564=ORIENTED_EDGE('',*,*,#1265,.T.);
#565=ORIENTED_EDGE('',*,*,#1266,.F.);
#566=CARTESIAN_POINT('',(-7.15000000000001,-2.00000000000001,-2.75));
#567=DIRECTION('',(-1.0,0.0,7.92111176245117E-17));
#568=DIRECTION('',(0.0,1.0,0.0));
#569=ORIENTED_EDGE('',*,*,#1267,.F.);
#570=ORIENTED_EDGE('',*,*,#1268,.T.);
#571=ORIENTED_EDGE('',*,*,#1269,.F.);
#572=ORIENTED_EDGE('',*,*,#1270,.F.);
#573=CARTESIAN_POINT('',(-7.15000000000001,-2.00000000000001,-22.75));
#574=DIRECTION('',(-1.0,0.0,7.92111176245117E-17));
#575=DIRECTION('',(0.0,1.0,0.0));
#576=ORIENTED_EDGE('',*,*,#1271,.F.);
#577=ORIENTED_EDGE('',*,*,#1272,.T.);
#578=ORIENTED_EDGE('',*,*,#1273,.F.);
#579=ORIENTED_EDGE('',*,*,#1274,.F.);
#580=CARTESIAN_POINT('',(-7.15000000000001,-2.00000000000001,-12.75));
#581=DIRECTION('',(-1.0,0.0,7.92111176245117E-17));
#582=DIRECTION('',(0.0,1.0,0.0));
#583=ORIENTED_EDGE('',*,*,#1275,.F.);
#584=ORIENTED_EDGE('',*,*,#1276,.T.);
#585=ORIENTED_EDGE('',*,*,#1277,.F.);
#586=ORIENTED_EDGE('',*,*,#1278,.F.);
#587=CARTESIAN_POINT('',(-7.15000000000001,-2.00000000000001,-2.75));
#588=DIRECTION('',(-1.0,0.0,7.92111176245117E-17));
#589=DIRECTION('',(0.0,1.0,0.0));
#590=ORIENTED_EDGE('',*,*,#1279,.F.);
#591=ORIENTED_EDGE('',*,*,#1280,.T.);
#592=ORIENTED_EDGE('',*,*,#1281,.F.);
#593=ORIENTED_EDGE('',*,*,#1282,.F.);
#594=CARTESIAN_POINT('',(-7.15000000000001,-2.00000000000001,7.25));
#595=DIRECTION('',(-1.0,0.0,7.92111176245117E-17));
#596=DIRECTION('',(0.0,1.0,0.0));
#597=ORIENTED_EDGE('',*,*,#1283,.F.);
#598=ORIENTED_EDGE('',*,*,#1284,.T.);
#599=ORIENTED_EDGE('',*,*,#1285,.T.);
#600=ORIENTED_EDGE('',*,*,#1286,.F.);
#601=CARTESIAN_POINT('',(-7.15000000000001,-2.00000000000001,7.25));
#602=DIRECTION('',(-1.0,0.0,7.92111176245117E-17));
#603=DIRECTION('',(0.0,1.0,0.0));
#604=ORIENTED_EDGE('',*,*,#1287,.F.);
#605=ORIENTED_EDGE('',*,*,#1288,.T.);
#606=ORIENTED_EDGE('',*,*,#1289,.T.);
#607=ORIENTED_EDGE('',*,*,#1290,.F.);
#608=CARTESIAN_POINT('',(7.5,-0.3,-8.74999999999998));
#609=DIRECTION('',(0.0,-1.0,0.0));
#610=DIRECTION('',(0.0,0.0,1.0));
#611=ORIENTED_EDGE('',*,*,#1291,.F.);
#612=ORIENTED_EDGE('',*,*,#1292,.T.);
#613=ORIENTED_EDGE('',*,*,#1293,.T.);
#614=ORIENTED_EDGE('',*,*,#1294,.T.);
#615=CARTESIAN_POINT('',(-4.5,-0.3,-8.74999999999998));
#616=DIRECTION('',(0.0,-1.0,0.0));
#617=DIRECTION('',(0.0,0.0,1.0));
#618=ORIENTED_EDGE('',*,*,#1295,.T.);
#619=ORIENTED_EDGE('',*,*,#1296,.T.);
#620=ORIENTED_EDGE('',*,*,#1297,.F.);
#621=ORIENTED_EDGE('',*,*,#1298,.F.);
#622=CARTESIAN_POINT('',(1.5,-0.3,-7.74999999999999));
#623=DIRECTION('',(0.0,-1.0,0.0));
#624=DIRECTION('',(0.0,0.0,1.0));
#625=ORIENTED_EDGE('',*,*,#1299,.T.);
#626=ORIENTED_EDGE('',*,*,#1300,.T.);
#627=ORIENTED_EDGE('',*,*,#1301,.T.);
#628=ORIENTED_EDGE('',*,*,#1302,.T.);
#629=ORIENTED_EDGE('',*,*,#1303,.T.);
#630=ORIENTED_EDGE('',*,*,#1304,.T.);
#631=ORIENTED_EDGE('',*,*,#1305,.T.);
#632=ORIENTED_EDGE('',*,*,#1306,.T.);
#633=ORIENTED_EDGE('',*,*,#1307,.F.);
#634=ORIENTED_EDGE('',*,*,#1308,.T.);
#635=ORIENTED_EDGE('',*,*,#1309,.F.);
#636=ORIENTED_EDGE('',*,*,#1252,.T.);
#637=ORIENTED_EDGE('',*,*,#1310,.T.);
#638=ORIENTED_EDGE('',*,*,#1311,.F.);
#639=ORIENTED_EDGE('',*,*,#1312,.T.);
#640=ORIENTED_EDGE('',*,*,#1293,.F.);
#641=ORIENTED_EDGE('',*,*,#1313,.F.);
#642=ORIENTED_EDGE('',*,*,#1314,.F.);
#643=ORIENTED_EDGE('',*,*,#1315,.T.);
#644=ORIENTED_EDGE('',*,*,#1316,.F.);
#645=ORIENTED_EDGE('',*,*,#1317,.T.);
#646=ORIENTED_EDGE('',*,*,#1318,.F.);
#647=ORIENTED_EDGE('',*,*,#1289,.F.);
#648=ORIENTED_EDGE('',*,*,#1319,.T.);
#649=ORIENTED_EDGE('',*,*,#1320,.T.);
#650=ORIENTED_EDGE('',*,*,#1321,.F.);
#651=ORIENTED_EDGE('',*,*,#1250,.F.);
#652=ORIENTED_EDGE('',*,*,#1322,.F.);
#653=ORIENTED_EDGE('',*,*,#1323,.T.);
#654=ORIENTED_EDGE('',*,*,#1324,.F.);
#655=ORIENTED_EDGE('',*,*,#1325,.T.);
#656=ORIENTED_EDGE('',*,*,#1326,.F.);
#657=ORIENTED_EDGE('',*,*,#1327,.F.);
#658=ORIENTED_EDGE('',*,*,#1246,.F.);
#659=ORIENTED_EDGE('',*,*,#1328,.T.);
#660=ORIENTED_EDGE('',*,*,#1329,.T.);
#661=ORIENTED_EDGE('',*,*,#1297,.T.);
#662=ORIENTED_EDGE('',*,*,#1330,.T.);
#663=CARTESIAN_POINT('',(7.65,0.0,14.15));
#664=DIRECTION('',(0.0,-1.0,0.0));
#665=DIRECTION('',(0.0,0.0,-1.0));
#666=ORIENTED_EDGE('',*,*,#1331,.F.);
#667=ORIENTED_EDGE('',*,*,#1332,.F.);
#668=ORIENTED_EDGE('',*,*,#1333,.F.);
#669=ORIENTED_EDGE('',*,*,#1334,.F.);
#670=ORIENTED_EDGE('',*,*,#1335,.F.);
#671=ORIENTED_EDGE('',*,*,#1336,.F.);
#672=ORIENTED_EDGE('',*,*,#1337,.F.);
#673=ORIENTED_EDGE('',*,*,#1338,.F.);
#674=ORIENTED_EDGE('',*,*,#1339,.T.);
#675=ORIENTED_EDGE('',*,*,#1340,.T.);
#676=ORIENTED_EDGE('',*,*,#1341,.T.);
#677=ORIENTED_EDGE('',*,*,#1287,.T.);
#678=ORIENTED_EDGE('',*,*,#1342,.T.);
#679=ORIENTED_EDGE('',*,*,#1343,.F.);
#680=ORIENTED_EDGE('',*,*,#1344,.T.);
#681=ORIENTED_EDGE('',*,*,#1345,.F.);
#682=ORIENTED_EDGE('',*,*,#1346,.T.);
#683=ORIENTED_EDGE('',*,*,#1347,.T.);
#684=ORIENTED_EDGE('',*,*,#1291,.T.);
#685=ORIENTED_EDGE('',*,*,#1348,.T.);
#686=ORIENTED_EDGE('',*,*,#1349,.T.);
#687=ORIENTED_EDGE('',*,*,#1350,.F.);
#688=ORIENTED_EDGE('',*,*,#1254,.F.);
#689=ORIENTED_EDGE('',*,*,#1248,.T.);
#690=ORIENTED_EDGE('',*,*,#1351,.T.);
#691=ORIENTED_EDGE('',*,*,#1352,.T.);
#692=ORIENTED_EDGE('',*,*,#1353,.F.);
#693=ORIENTED_EDGE('',*,*,#1354,.F.);
#694=ORIENTED_EDGE('',*,*,#1295,.F.);
#695=ORIENTED_EDGE('',*,*,#1355,.F.);
#696=ORIENTED_EDGE('',*,*,#1356,.T.);
#697=ORIENTED_EDGE('',*,*,#1244,.T.);
#698=ORIENTED_EDGE('',*,*,#1357,.T.);
#699=ORIENTED_EDGE('',*,*,#1358,.T.);
#700=ORIENTED_EDGE('',*,*,#1359,.F.);
#701=ORIENTED_EDGE('',*,*,#1360,.T.);
#702=ORIENTED_EDGE('',*,*,#1361,.F.);
#703=ORIENTED_EDGE('',*,*,#1362,.T.);
#704=CARTESIAN_POINT('',(7.65,-0.3,14.15));
#705=DIRECTION('',(0.0,-1.0,0.0));
#706=DIRECTION('',(0.0,0.0,-1.0));
#707=ORIENTED_EDGE('',*,*,#1363,.F.);
#708=ORIENTED_EDGE('',*,*,#1364,.F.);
#709=ORIENTED_EDGE('',*,*,#1365,.T.);
#710=ORIENTED_EDGE('',*,*,#1366,.T.);
#711=CARTESIAN_POINT('',(-4.65,-7.5,14.15));
#712=DIRECTION('',(0.0,-1.0,0.0));
#713=DIRECTION('',(0.0,0.0,-1.0));
#714=ORIENTED_EDGE('',*,*,#1365,.F.);
#715=ORIENTED_EDGE('',*,*,#1367,.F.);
#716=ORIENTED_EDGE('',*,*,#1368,.T.);
#717=ORIENTED_EDGE('',*,*,#1369,.T.);
#718=CARTESIAN_POINT('',(-7.15,-7.5,-29.65));
#719=DIRECTION('',(-4.62592926927148E-16,-1.0,-7.32850054941871E-32));
#720=DIRECTION('',(-1.0,4.62592926927148E-16,0.0));
#721=ORIENTED_EDGE('',*,*,#1368,.F.);
#722=ORIENTED_EDGE('',*,*,#1370,.F.);
#723=ORIENTED_EDGE('',*,*,#1371,.T.);
#724=ORIENTED_EDGE('',*,*,#1372,.T.);
#725=CARTESIAN_POINT('',(-4.65,-7.5,-29.65));
#726=DIRECTION('',(0.0,-1.0,0.0));
#727=DIRECTION('',(0.0,0.0,-1.0));
#728=ORIENTED_EDGE('',*,*,#1371,.F.);
#729=ORIENTED_EDGE('',*,*,#1373,.F.);
#730=ORIENTED_EDGE('',*,*,#1374,.T.);
#731=ORIENTED_EDGE('',*,*,#1375,.T.);
#732=CARTESIAN_POINT('',(7.65,-7.5,-32.15));
#733=DIRECTION('',(-5.21932234251283E-31,-1.0,-4.62592926927148E-16));
#734=DIRECTION('',(0.0,4.62592926927148E-16,-1.0));
#735=ORIENTED_EDGE('',*,*,#1374,.F.);
#736=ORIENTED_EDGE('',*,*,#1376,.F.);
#737=ORIENTED_EDGE('',*,*,#1377,.T.);
#738=ORIENTED_EDGE('',*,*,#1378,.T.);
#739=CARTESIAN_POINT('',(7.65,-7.5,-29.65));
#740=DIRECTION('',(0.0,-1.0,0.0));
#741=DIRECTION('',(0.0,0.0,-1.0));
#742=ORIENTED_EDGE('',*,*,#1377,.F.);
#743=ORIENTED_EDGE('',*,*,#1379,.F.);
#744=ORIENTED_EDGE('',*,*,#1380,.T.);
#745=ORIENTED_EDGE('',*,*,#1381,.T.);
#746=CARTESIAN_POINT('',(10.15,-7.5,14.15));
#747=DIRECTION('',(4.62592926927148E-16,-1.0,-3.66425027470935E-32));
#748=DIRECTION('',(0.0,3.66425027470935E-32,-1.0));
#749=ORIENTED_EDGE('',*,*,#1380,.F.);
#750=ORIENTED_EDGE('',*,*,#1382,.F.);
#751=ORIENTED_EDGE('',*,*,#1383,.T.);
#752=ORIENTED_EDGE('',*,*,#1384,.T.);
#753=CARTESIAN_POINT('',(7.65,-7.5,14.15));
#754=DIRECTION('',(0.0,-1.0,0.0));
#755=DIRECTION('',(0.0,0.0,-1.0));
#756=ORIENTED_EDGE('',*,*,#1385,.F.);
#757=ORIENTED_EDGE('',*,*,#1363,.T.);
#758=ORIENTED_EDGE('',*,*,#1386,.T.);
#759=ORIENTED_EDGE('',*,*,#1383,.F.);
#760=CARTESIAN_POINT('',(-4.65,-7.5,16.65));
#761=DIRECTION('',(0.0,-1.0,4.62592926927148E-16));
#762=DIRECTION('',(-1.0,0.0,0.0));
#763=ORIENTED_EDGE('',*,*,#1387,.T.);
#764=ORIENTED_EDGE('',*,*,#1388,.T.);
#765=ORIENTED_EDGE('',*,*,#1384,.F.);
#766=ORIENTED_EDGE('',*,*,#1389,.F.);
#767=CARTESIAN_POINT('',(7.65,-0.3,14.15));
#768=DIRECTION('',(0.0,-1.0,0.0));
#769=DIRECTION('',(0.0,0.0,1.0));
#770=ORIENTED_EDGE('',*,*,#1331,.T.);
#771=ORIENTED_EDGE('',*,*,#1390,.T.);
#772=ORIENTED_EDGE('',*,*,#1387,.F.);
#773=ORIENTED_EDGE('',*,*,#1391,.F.);
#774=CARTESIAN_POINT('',(7.65,-0.8,14.15));
#775=DIRECTION('',(-0.0,1.0,0.0));
#776=DIRECTION('',(0.0,0.0,1.0));
#777=ORIENTED_EDGE('',*,*,#1386,.F.);
#778=ORIENTED_EDGE('',*,*,#1392,.F.);
#779=ORIENTED_EDGE('',*,*,#1393,.T.);
#780=ORIENTED_EDGE('',*,*,#1389,.T.);
#781=CARTESIAN_POINT('',(-4.65,-1.38777878078145E-16,16.35));
#782=DIRECTION('',(0.0,4.62592926927148E-16,1.0));
#783=DIRECTION('',(0.0,-1.0,4.62592926927148E-16));
#784=ORIENTED_EDGE('',*,*,#1393,.F.);
#785=ORIENTED_EDGE('',*,*,#1394,.F.);
#786=ORIENTED_EDGE('',*,*,#1332,.T.);
#787=ORIENTED_EDGE('',*,*,#1391,.T.);
#788=CARTESIAN_POINT('',(-4.65,-0.8,15.85));
#789=DIRECTION('',(-1.0,0.0,0.0));
#790=DIRECTION('',(0.0,0.0,-1.0));
#791=ORIENTED_EDGE('',*,*,#1366,.F.);
#792=ORIENTED_EDGE('',*,*,#1395,.F.);
#793=ORIENTED_EDGE('',*,*,#1396,.T.);
#794=ORIENTED_EDGE('',*,*,#1392,.T.);
#795=CARTESIAN_POINT('',(-4.65,-0.3,14.15));
#796=DIRECTION('',(0.0,-1.0,0.0));
#797=DIRECTION('',(0.0,0.0,1.0));
#798=ORIENTED_EDGE('',*,*,#1396,.F.);
#799=ORIENTED_EDGE('',*,*,#1397,.F.);
#800=ORIENTED_EDGE('',*,*,#1333,.T.);
#801=ORIENTED_EDGE('',*,*,#1394,.T.);
#802=CARTESIAN_POINT('',(-4.65,-0.8,14.15));
#803=DIRECTION('',(-0.0,1.0,0.0));
#804=DIRECTION('',(0.0,0.0,1.0));
#805=ORIENTED_EDGE('',*,*,#1369,.F.);
#806=ORIENTED_EDGE('',*,*,#1398,.F.);
#807=ORIENTED_EDGE('',*,*,#1399,.T.);
#808=ORIENTED_EDGE('',*,*,#1395,.T.);
#809=ORIENTED_EDGE('',*,*,#1269,.T.);
#810=ORIENTED_EDGE('',*,*,#1400,.T.);
#811=ORIENTED_EDGE('',*,*,#1273,.T.);
#812=ORIENTED_EDGE('',*,*,#1401,.T.);
#813=ORIENTED_EDGE('',*,*,#1277,.T.);
#814=ORIENTED_EDGE('',*,*,#1402,.T.);
#815=ORIENTED_EDGE('',*,*,#1281,.T.);
#816=ORIENTED_EDGE('',*,*,#1403,.T.);
#817=CARTESIAN_POINT('',(-6.84999999999999,-1.38777878078145E-16,-29.65));
#818=DIRECTION('',(-1.0,4.62592926927148E-16,-1.58422235249023E-16));
#819=DIRECTION('',(-1.58422235249023E-16,0.0,1.0));
#820=ORIENTED_EDGE('',*,*,#1399,.F.);
#821=ORIENTED_EDGE('',*,*,#1404,.F.);
#822=ORIENTED_EDGE('',*,*,#1334,.T.);
#823=ORIENTED_EDGE('',*,*,#1397,.T.);
#824=CARTESIAN_POINT('',(-6.34999999999999,-0.8,-29.65));
#825=DIRECTION('',(0.0,0.0,-1.0));
#826=DIRECTION('',(1.0,0.0,0.0));
#827=ORIENTED_EDGE('',*,*,#1372,.F.);
#828=ORIENTED_EDGE('',*,*,#1405,.F.);
#829=ORIENTED_EDGE('',*,*,#1406,.T.);
#830=ORIENTED_EDGE('',*,*,#1398,.T.);
#831=CARTESIAN_POINT('',(-4.65,-0.3,-29.65));
#832=DIRECTION('',(0.0,-1.0,0.0));
#833=DIRECTION('',(0.0,0.0,1.0));
#834=ORIENTED_EDGE('',*,*,#1406,.F.);
#835=ORIENTED_EDGE('',*,*,#1407,.F.);
#836=ORIENTED_EDGE('',*,*,#1335,.T.);
#837=ORIENTED_EDGE('',*,*,#1404,.T.);
#838=CARTESIAN_POINT('',(-4.65,-0.8,-29.65));
#839=DIRECTION('',(-0.0,1.0,0.0));
#840=DIRECTION('',(0.0,0.0,1.0));
#841=ORIENTED_EDGE('',*,*,#1375,.F.);
#842=ORIENTED_EDGE('',*,*,#1408,.F.);
#843=ORIENTED_EDGE('',*,*,#1409,.T.);
#844=ORIENTED_EDGE('',*,*,#1405,.T.);
#845=CARTESIAN_POINT('',(7.65,-1.38777878078145E-16,-31.85));
#846=DIRECTION('',(-1.12827543152963E-15,4.62592926927148E-16,-1.0));
#847=DIRECTION('',(-1.0,0.0,1.12827543152963E-15));
#848=ORIENTED_EDGE('',*,*,#1409,.F.);
#849=ORIENTED_EDGE('',*,*,#1410,.F.);
#850=ORIENTED_EDGE('',*,*,#1336,.T.);
#851=ORIENTED_EDGE('',*,*,#1407,.T.);
#852=CARTESIAN_POINT('',(7.65,-0.8,-31.35));
#853=DIRECTION('',(1.0,0.0,-1.73472347597681E-15));
#854=DIRECTION('',(1.73472347597681E-15,0.0,1.0));
#855=ORIENTED_EDGE('',*,*,#1378,.F.);
#856=ORIENTED_EDGE('',*,*,#1411,.F.);
#857=ORIENTED_EDGE('',*,*,#1412,.T.);
#858=ORIENTED_EDGE('',*,*,#1408,.T.);
#859=CARTESIAN_POINT('',(7.65,-0.3,-29.65));
#860=DIRECTION('',(0.0,-1.0,0.0));
#861=DIRECTION('',(0.0,0.0,1.0));
#862=ORIENTED_EDGE('',*,*,#1412,.F.);
#863=ORIENTED_EDGE('',*,*,#1413,.F.);
#864=ORIENTED_EDGE('',*,*,#1337,.T.);
#865=ORIENTED_EDGE('',*,*,#1410,.T.);
#866=CARTESIAN_POINT('',(7.65,-0.8,-29.65));
#867=DIRECTION('',(-0.0,1.0,0.0));
#868=DIRECTION('',(0.0,0.0,1.0));
#869=ORIENTED_EDGE('',*,*,#1381,.F.);
#870=ORIENTED_EDGE('',*,*,#1388,.F.);
#871=ORIENTED_EDGE('',*,*,#1414,.T.);
#872=ORIENTED_EDGE('',*,*,#1411,.T.);
#873=ORIENTED_EDGE('',*,*,#1415,.T.);
#874=ORIENTED_EDGE('',*,*,#1255,.T.);
#875=ORIENTED_EDGE('',*,*,#1416,.T.);
#876=ORIENTED_EDGE('',*,*,#1259,.T.);
#877=ORIENTED_EDGE('',*,*,#1417,.T.);
#878=ORIENTED_EDGE('',*,*,#1263,.T.);
#879=ORIENTED_EDGE('',*,*,#1418,.T.);
#880=ORIENTED_EDGE('',*,*,#1283,.T.);
#881=CARTESIAN_POINT('',(9.85,-1.38777878078145E-16,14.15));
#882=DIRECTION('',(1.0,4.62592926927148E-16,-7.92111176245117E-17));
#883=DIRECTION('',(-4.62592926927148E-16,1.0,0.0));
#884=ORIENTED_EDGE('',*,*,#1414,.F.);
#885=ORIENTED_EDGE('',*,*,#1390,.F.);
#886=ORIENTED_EDGE('',*,*,#1338,.T.);
#887=ORIENTED_EDGE('',*,*,#1413,.T.);
#888=CARTESIAN_POINT('',(9.35,-0.8,14.15));
#889=DIRECTION('',(0.0,0.0,1.0));
#890=DIRECTION('',(-1.0,0.0,0.0));
#891=ORIENTED_EDGE('',*,*,#1419,.F.);
#892=ORIENTED_EDGE('',*,*,#1420,.T.);
#893=ORIENTED_EDGE('',*,*,#1382,.T.);
#894=ORIENTED_EDGE('',*,*,#1421,.F.);
#895=CARTESIAN_POINT('',(7.65,-0.3,14.15));
#896=DIRECTION('',(0.0,-1.0,0.0));
#897=DIRECTION('',(0.0,0.0,1.0));
#898=ORIENTED_EDGE('',*,*,#1300,.F.);
#899=ORIENTED_EDGE('',*,*,#1422,.T.);
#900=ORIENTED_EDGE('',*,*,#1419,.T.);
#901=ORIENTED_EDGE('',*,*,#1423,.F.);
#902=CARTESIAN_POINT('',(7.65,-0.8,14.15));
#903=DIRECTION('',(-0.0,1.0,0.0));
#904=DIRECTION('',(0.0,0.0,1.0));
#905=ORIENTED_EDGE('',*,*,#1385,.T.);
#906=ORIENTED_EDGE('',*,*,#1420,.F.);
#907=ORIENTED_EDGE('',*,*,#1424,.F.);
#908=ORIENTED_EDGE('',*,*,#1425,.T.);
#909=CARTESIAN_POINT('',(-4.65,0.0,16.65));
#910=DIRECTION('',(0.0,4.62592926927148E-16,1.0));
#911=DIRECTION('',(0.0,-1.0,4.62592926927148E-16));
#912=ORIENTED_EDGE('',*,*,#1424,.T.);
#913=ORIENTED_EDGE('',*,*,#1422,.F.);
#914=ORIENTED_EDGE('',*,*,#1299,.F.);
#915=ORIENTED_EDGE('',*,*,#1426,.T.);
#916=CARTESIAN_POINT('',(-4.65,-0.8,15.85));
#917=DIRECTION('',(-1.0,0.0,0.0));
#918=DIRECTION('',(0.0,0.0,-1.0));
#919=ORIENTED_EDGE('',*,*,#1364,.T.);
#920=ORIENTED_EDGE('',*,*,#1425,.F.);
#921=ORIENTED_EDGE('',*,*,#1427,.F.);
#922=ORIENTED_EDGE('',*,*,#1428,.T.);
#923=CARTESIAN_POINT('',(-4.65,-0.3,14.15));
#924=DIRECTION('',(0.0,-1.0,0.0));
#925=DIRECTION('',(0.0,0.0,1.0));
#926=ORIENTED_EDGE('',*,*,#1427,.T.);
#927=ORIENTED_EDGE('',*,*,#1426,.F.);
#928=ORIENTED_EDGE('',*,*,#1306,.F.);
#929=ORIENTED_EDGE('',*,*,#1429,.T.);
#930=CARTESIAN_POINT('',(-4.65,-0.8,14.15));
#931=DIRECTION('',(-0.0,1.0,0.0));
#932=DIRECTION('',(0.0,0.0,1.0));
#933=ORIENTED_EDGE('',*,*,#1367,.T.);
#934=ORIENTED_EDGE('',*,*,#1428,.F.);
#935=ORIENTED_EDGE('',*,*,#1430,.F.);
#936=ORIENTED_EDGE('',*,*,#1431,.T.);
#937=ORIENTED_EDGE('',*,*,#1432,.T.);
#938=ORIENTED_EDGE('',*,*,#1267,.T.);
#939=ORIENTED_EDGE('',*,*,#1433,.T.);
#940=ORIENTED_EDGE('',*,*,#1271,.T.);
#941=ORIENTED_EDGE('',*,*,#1434,.T.);
#942=ORIENTED_EDGE('',*,*,#1275,.T.);
#943=ORIENTED_EDGE('',*,*,#1435,.T.);
#944=ORIENTED_EDGE('',*,*,#1279,.T.);
#945=CARTESIAN_POINT('',(-7.14999999999999,0.0,-29.65));
#946=DIRECTION('',(-1.0,4.62592926927148E-16,-1.58422235249023E-16));
#947=DIRECTION('',(-1.58422235249023E-16,0.0,1.0));
#948=ORIENTED_EDGE('',*,*,#1430,.T.);
#949=ORIENTED_EDGE('',*,*,#1429,.F.);
#950=ORIENTED_EDGE('',*,*,#1305,.F.);
#951=ORIENTED_EDGE('',*,*,#1436,.T.);
#952=CARTESIAN_POINT('',(-6.34999999999999,-0.8,-29.65));
#953=DIRECTION('',(0.0,0.0,-1.0));
#954=DIRECTION('',(1.0,0.0,0.0));
#955=ORIENTED_EDGE('',*,*,#1370,.T.);
#956=ORIENTED_EDGE('',*,*,#1431,.F.);
#957=ORIENTED_EDGE('',*,*,#1437,.F.);
#958=ORIENTED_EDGE('',*,*,#1438,.T.);
#959=CARTESIAN_POINT('',(-4.65,-0.3,-29.65));
#960=DIRECTION('',(0.0,-1.0,0.0));
#961=DIRECTION('',(0.0,0.0,1.0));
#962=ORIENTED_EDGE('',*,*,#1437,.T.);
#963=ORIENTED_EDGE('',*,*,#1436,.F.);
#964=ORIENTED_EDGE('',*,*,#1304,.F.);
#965=ORIENTED_EDGE('',*,*,#1439,.T.);
#966=CARTESIAN_POINT('',(-4.65,-0.8,-29.65));
#967=DIRECTION('',(-0.0,1.0,0.0));
#968=DIRECTION('',(0.0,0.0,1.0));
#969=ORIENTED_EDGE('',*,*,#1373,.T.);
#970=ORIENTED_EDGE('',*,*,#1438,.F.);
#971=ORIENTED_EDGE('',*,*,#1440,.F.);
#972=ORIENTED_EDGE('',*,*,#1441,.T.);
#973=CARTESIAN_POINT('',(7.65,0.0,-32.15));
#974=DIRECTION('',(-1.12827543152963E-15,4.62592926927148E-16,-1.0));
#975=DIRECTION('',(-1.0,0.0,1.12827543152963E-15));
#976=ORIENTED_EDGE('',*,*,#1440,.T.);
#977=ORIENTED_EDGE('',*,*,#1439,.F.);
#978=ORIENTED_EDGE('',*,*,#1303,.F.);
#979=ORIENTED_EDGE('',*,*,#1442,.T.);
#980=CARTESIAN_POINT('',(7.65,-0.8,-31.35));
#981=DIRECTION('',(1.0,0.0,-1.08420217248551E-15));
#982=DIRECTION('',(1.08420217248551E-15,0.0,1.0));
#983=ORIENTED_EDGE('',*,*,#1376,.T.);
#984=ORIENTED_EDGE('',*,*,#1441,.F.);
#985=ORIENTED_EDGE('',*,*,#1443,.F.);
#986=ORIENTED_EDGE('',*,*,#1444,.T.);
#987=CARTESIAN_POINT('',(7.65,-0.3,-29.65));
#988=DIRECTION('',(0.0,-1.0,0.0));
#989=DIRECTION('',(0.0,0.0,1.0));
#990=ORIENTED_EDGE('',*,*,#1443,.T.);
#991=ORIENTED_EDGE('',*,*,#1442,.F.);
#992=ORIENTED_EDGE('',*,*,#1302,.F.);
#993=ORIENTED_EDGE('',*,*,#1445,.T.);
#994=CARTESIAN_POINT('',(7.65,-0.8,-29.65));
#995=DIRECTION('',(-0.0,1.0,0.0));
#996=DIRECTION('',(0.0,0.0,1.0));
#997=ORIENTED_EDGE('',*,*,#1379,.T.);
#998=ORIENTED_EDGE('',*,*,#1444,.F.);
#999=ORIENTED_EDGE('',*,*,#1446,.F.);
#1000=ORIENTED_EDGE('',*,*,#1421,.T.);
#1001=ORIENTED_EDGE('',*,*,#1447,.F.);
#1002=ORIENTED_EDGE('',*,*,#1257,.F.);
#1003=ORIENTED_EDGE('',*,*,#1448,.F.);
#1004=ORIENTED_EDGE('',*,*,#1261,.F.);
#1005=ORIENTED_EDGE('',*,*,#1449,.F.);
#1006=ORIENTED_EDGE('',*,*,#1265,.F.);
#1007=ORIENTED_EDGE('',*,*,#1450,.F.);
#1008=ORIENTED_EDGE('',*,*,#1285,.F.);
#1009=CARTESIAN_POINT('',(10.15,0.0,14.15));
#1010=DIRECTION('',(1.0,4.62592926927148E-16,-7.92111176245117E-17));
#1011=DIRECTION('',(-4.62592926927148E-16,1.0,0.0));
#1012=ORIENTED_EDGE('',*,*,#1446,.T.);
#1013=ORIENTED_EDGE('',*,*,#1445,.F.);
#1014=ORIENTED_EDGE('',*,*,#1301,.F.);
#1015=ORIENTED_EDGE('',*,*,#1423,.T.);
#1016=CARTESIAN_POINT('',(9.35,-0.8,14.15));
#1017=DIRECTION('',(0.0,0.0,1.0));
#1018=DIRECTION('',(-1.0,0.0,0.0));
#1019=ORIENTED_EDGE('',*,*,#1315,.F.);
#1020=ORIENTED_EDGE('',*,*,#1451,.F.);
#1021=ORIENTED_EDGE('',*,*,#1345,.T.);
#1022=ORIENTED_EDGE('',*,*,#1452,.T.);
#1023=CARTESIAN_POINT('',(-4.15,-0.3,-29.15));
#1024=DIRECTION('',(0.0,-1.0,0.0));
#1025=DIRECTION('',(0.0,0.0,1.0));
#1026=ORIENTED_EDGE('',*,*,#1316,.T.);
#1027=ORIENTED_EDGE('',*,*,#1452,.F.);
#1028=ORIENTED_EDGE('',*,*,#1344,.F.);
#1029=ORIENTED_EDGE('',*,*,#1453,.T.);
#1030=CARTESIAN_POINT('',(0.0,-0.3,-30.15));
#1031=DIRECTION('',(-0.0,-0.0,-1.0));
#1032=DIRECTION('',(0.0,-1.0,0.0));
#1033=ORIENTED_EDGE('',*,*,#1317,.F.);
#1034=ORIENTED_EDGE('',*,*,#1453,.F.);
#1035=ORIENTED_EDGE('',*,*,#1343,.T.);
#1036=ORIENTED_EDGE('',*,*,#1454,.T.);
#1037=CARTESIAN_POINT('',(7.15,-0.3,-29.15));
#1038=DIRECTION('',(0.0,-1.0,0.0));
#1039=DIRECTION('',(0.0,0.0,1.0));
#1040=ORIENTED_EDGE('',*,*,#1318,.T.);
#1041=ORIENTED_EDGE('',*,*,#1454,.F.);
#1042=ORIENTED_EDGE('',*,*,#1342,.F.);
#1043=ORIENTED_EDGE('',*,*,#1290,.T.);
#1044=CARTESIAN_POINT('',(8.15,-0.3,-1.6516350851882E-15));
#1045=DIRECTION('',(1.0,0.0,-2.02654611679534E-16));
#1046=DIRECTION('',(-2.02654611679534E-16,0.0,-1.0));
#1047=ORIENTED_EDGE('',*,*,#1309,.T.);
#1048=ORIENTED_EDGE('',*,*,#1455,.T.);
#1049=ORIENTED_EDGE('',*,*,#1339,.F.);
#1050=ORIENTED_EDGE('',*,*,#1253,.T.);
#1051=CARTESIAN_POINT('',(0.0,-0.3,-8.74999999999998));
#1052=DIRECTION('',(0.0,0.0,1.0));
#1053=DIRECTION('',(1.0,0.0,0.0));
#1054=ORIENTED_EDGE('',*,*,#1251,.T.);
#1055=ORIENTED_EDGE('',*,*,#1350,.T.);
#1056=ORIENTED_EDGE('',*,*,#1456,.T.);
#1057=ORIENTED_EDGE('',*,*,#1310,.F.);
#1058=CARTESIAN_POINT('',(1.5,-0.3,-7.74999999999999));
#1059=DIRECTION('',(0.0,-1.0,0.0));
#1060=DIRECTION('',(0.0,0.0,1.0));
#1061=ORIENTED_EDGE('',*,*,#1349,.F.);
#1062=ORIENTED_EDGE('',*,*,#1457,.T.);
#1063=ORIENTED_EDGE('',*,*,#1311,.T.);
#1064=ORIENTED_EDGE('',*,*,#1456,.F.);
#1065=CARTESIAN_POINT('',(0.0,-0.3,-8.74999999999998));
#1066=DIRECTION('',(0.0,0.0,1.0));
#1067=DIRECTION('',(1.0,0.0,0.0));
#1068=ORIENTED_EDGE('',*,*,#1314,.T.);
#1069=ORIENTED_EDGE('',*,*,#1458,.F.);
#1070=ORIENTED_EDGE('',*,*,#1346,.F.);
#1071=ORIENTED_EDGE('',*,*,#1451,.T.);
#1072=CARTESIAN_POINT('',(-5.15,-0.3,5.21835625074799E-16));
#1073=DIRECTION('',(-1.0,0.0,1.01327305839767E-16));
#1074=DIRECTION('',(0.0,1.0,0.0));
#1075=ORIENTED_EDGE('',*,*,#1325,.F.);
#1076=ORIENTED_EDGE('',*,*,#1459,.F.);
#1077=ORIENTED_EDGE('',*,*,#1359,.T.);
#1078=ORIENTED_EDGE('',*,*,#1460,.T.);
#1079=CARTESIAN_POINT('',(-4.15,-0.3,13.65));
#1080=DIRECTION('',(0.0,-1.0,0.0));
#1081=DIRECTION('',(0.0,0.0,1.0));
#1082=ORIENTED_EDGE('',*,*,#1326,.T.);
#1083=ORIENTED_EDGE('',*,*,#1460,.F.);
#1084=ORIENTED_EDGE('',*,*,#1358,.F.);
#1085=ORIENTED_EDGE('',*,*,#1461,.T.);
#1086=CARTESIAN_POINT('',(-5.15,-0.3,5.21835625074799E-16));
#1087=DIRECTION('',(-1.0,0.0,1.01327305839767E-16));
#1088=DIRECTION('',(0.0,1.0,0.0));
#1089=ORIENTED_EDGE('',*,*,#1329,.F.);
#1090=ORIENTED_EDGE('',*,*,#1462,.T.);
#1091=ORIENTED_EDGE('',*,*,#1355,.T.);
#1092=ORIENTED_EDGE('',*,*,#1298,.T.);
#1093=CARTESIAN_POINT('',(0.0,-0.3,-6.74999999999998));
#1094=DIRECTION('',(0.0,0.0,1.0));
#1095=DIRECTION('',(1.0,0.0,0.0));
#1096=ORIENTED_EDGE('',*,*,#1296,.F.);
#1097=ORIENTED_EDGE('',*,*,#1354,.T.);
#1098=ORIENTED_EDGE('',*,*,#1463,.T.);
#1099=ORIENTED_EDGE('',*,*,#1330,.F.);
#1100=CARTESIAN_POINT('',(1.5,-0.3,-7.74999999999999));
#1101=DIRECTION('',(0.0,-1.0,0.0));
#1102=DIRECTION('',(0.0,0.0,1.0));
#1103=ORIENTED_EDGE('',*,*,#1353,.T.);
#1104=ORIENTED_EDGE('',*,*,#1464,.T.);
#1105=ORIENTED_EDGE('',*,*,#1319,.F.);
#1106=ORIENTED_EDGE('',*,*,#1463,.F.);
#1107=CARTESIAN_POINT('',(0.0,-0.3,-6.74999999999998));
#1108=DIRECTION('',(0.0,0.0,1.0));
#1109=DIRECTION('',(1.0,0.0,0.0));
#1110=ORIENTED_EDGE('',*,*,#1322,.T.);
#1111=ORIENTED_EDGE('',*,*,#1249,.F.);
#1112=ORIENTED_EDGE('',*,*,#1362,.F.);
#1113=ORIENTED_EDGE('',*,*,#1465,.T.);
#1114=CARTESIAN_POINT('',(8.15,-0.3,-1.6516350851882E-15));
#1115=DIRECTION('',(1.0,0.0,-2.02654611679534E-16));
#1116=DIRECTION('',(-2.02654611679534E-16,0.0,-1.0));
#1117=ORIENTED_EDGE('',*,*,#1323,.F.);
#1118=ORIENTED_EDGE('',*,*,#1465,.F.);
#1119=ORIENTED_EDGE('',*,*,#1361,.T.);
#1120=ORIENTED_EDGE('',*,*,#1466,.T.);
#1121=CARTESIAN_POINT('',(7.15,-0.3,13.65));
#1122=DIRECTION('',(0.0,-1.0,0.0));
#1123=DIRECTION('',(0.0,0.0,1.0));
#1124=ORIENTED_EDGE('',*,*,#1324,.T.);
#1125=ORIENTED_EDGE('',*,*,#1466,.F.);
#1126=ORIENTED_EDGE('',*,*,#1360,.F.);
#1127=ORIENTED_EDGE('',*,*,#1459,.T.);
#1128=CARTESIAN_POINT('',(0.0,-0.3,14.65));
#1129=DIRECTION('',(0.0,0.0,1.0));
#1130=DIRECTION('',(1.0,0.0,0.0));
#1131=ORIENTED_EDGE('',*,*,#1247,.T.);
#1132=ORIENTED_EDGE('',*,*,#1321,.T.);
#1133=ORIENTED_EDGE('',*,*,#1467,.T.);
#1134=ORIENTED_EDGE('',*,*,#1351,.F.);
#1135=CARTESIAN_POINT('',(7.5,-0.3,-6.74999999999998));
#1136=DIRECTION('',(0.0,-1.0,0.0));
#1137=DIRECTION('',(0.0,0.0,1.0));
#1138=ORIENTED_EDGE('',*,*,#1243,.T.);
#1139=ORIENTED_EDGE('',*,*,#1327,.T.);
#1140=ORIENTED_EDGE('',*,*,#1461,.F.);
#1141=ORIENTED_EDGE('',*,*,#1357,.F.);
#1142=CARTESIAN_POINT('',(-4.5,-0.3,-6.74999999999998));
#1143=DIRECTION('',(0.0,-1.0,0.0));
#1144=DIRECTION('',(0.0,0.0,1.0));
#1145=ORIENTED_EDGE('',*,*,#1292,.F.);
#1146=ORIENTED_EDGE('',*,*,#1347,.F.);
#1147=ORIENTED_EDGE('',*,*,#1458,.T.);
#1148=ORIENTED_EDGE('',*,*,#1313,.T.);
#1149=CARTESIAN_POINT('',(-4.5,-0.3,-8.74999999999998));
#1150=DIRECTION('',(0.0,-1.0,0.0));
#1151=DIRECTION('',(0.0,0.0,1.0));
#1152=ORIENTED_EDGE('',*,*,#1288,.F.);
#1153=ORIENTED_EDGE('',*,*,#1341,.F.);
#1154=ORIENTED_EDGE('',*,*,#1468,.T.);
#1155=ORIENTED_EDGE('',*,*,#1307,.T.);
#1156=CARTESIAN_POINT('',(7.5,-0.3,-8.74999999999998));
#1157=DIRECTION('',(0.0,-1.0,0.0));
#1158=DIRECTION('',(0.0,0.0,1.0));
#1159=ORIENTED_EDGE('',*,*,#1308,.F.);
#1160=ORIENTED_EDGE('',*,*,#1468,.F.);
#1161=ORIENTED_EDGE('',*,*,#1340,.F.);
#1162=ORIENTED_EDGE('',*,*,#1455,.F.);
#1163=CARTESIAN_POINT('',(6.63541917671047,-0.3,-8.49999999999998));
#1164=DIRECTION('',(0.0,-1.0,0.0));
#1165=DIRECTION('',(0.0,0.0,1.0));
#1166=ORIENTED_EDGE('',*,*,#1320,.F.);
#1167=ORIENTED_EDGE('',*,*,#1464,.F.);
#1168=ORIENTED_EDGE('',*,*,#1352,.F.);
#1169=ORIENTED_EDGE('',*,*,#1467,.F.);
#1170=CARTESIAN_POINT('',(6.63541917671047,-0.3,-6.99999999999998));
#1171=DIRECTION('',(0.0,-1.0,0.0));
#1172=DIRECTION('',(0.0,0.0,1.0));
#1173=ORIENTED_EDGE('',*,*,#1356,.F.);
#1174=ORIENTED_EDGE('',*,*,#1462,.F.);
#1175=ORIENTED_EDGE('',*,*,#1328,.F.);
#1176=ORIENTED_EDGE('',*,*,#1245,.F.);
#1177=CARTESIAN_POINT('',(-3.63541917671047,-0.3,-6.99999999999998));
#1178=DIRECTION('',(0.0,-1.0,0.0));
#1179=DIRECTION('',(0.0,0.0,1.0));
#1180=ORIENTED_EDGE('',*,*,#1348,.F.);
#1181=ORIENTED_EDGE('',*,*,#1294,.F.);
#1182=ORIENTED_EDGE('',*,*,#1312,.F.);
#1183=ORIENTED_EDGE('',*,*,#1457,.F.);
#1184=CARTESIAN_POINT('',(-3.63541917671047,-0.3,-8.49999999999998));
#1185=DIRECTION('',(0.0,-1.0,0.0));
#1186=DIRECTION('',(0.0,0.0,1.0));
#1187=ORIENTED_EDGE('',*,*,#1284,.F.);
#1188=ORIENTED_EDGE('',*,*,#1418,.F.);
#1189=ORIENTED_EDGE('',*,*,#1286,.T.);
#1190=ORIENTED_EDGE('',*,*,#1450,.T.);
#1191=CARTESIAN_POINT('',(-7.15000000000001,-2.00000000000001,7.25));
#1192=DIRECTION('',(-1.0,0.0,7.92111176245117E-17));
#1193=DIRECTION('',(0.0,1.0,0.0));
#1194=ORIENTED_EDGE('',*,*,#1280,.F.);
#1195=ORIENTED_EDGE('',*,*,#1435,.F.);
#1196=ORIENTED_EDGE('',*,*,#1282,.T.);
#1197=ORIENTED_EDGE('',*,*,#1403,.F.);
#1198=CARTESIAN_POINT('',(-7.15000000000001,-2.00000000000001,7.25));
#1199=DIRECTION('',(-1.0,0.0,7.92111176245117E-17));
#1200=DIRECTION('',(0.0,1.0,0.0));
#1201=ORIENTED_EDGE('',*,*,#1276,.F.);
#1202=ORIENTED_EDGE('',*,*,#1434,.F.);
#1203=ORIENTED_EDGE('',*,*,#1278,.T.);
#1204=ORIENTED_EDGE('',*,*,#1402,.F.);
#1205=CARTESIAN_POINT('',(-7.15000000000001,-2.00000000000001,-2.75));
#1206=DIRECTION('',(-1.0,0.0,7.92111176245117E-17));
#1207=DIRECTION('',(0.0,1.0,0.0));
#1208=ORIENTED_EDGE('',*,*,#1272,.F.);
#1209=ORIENTED_EDGE('',*,*,#1433,.F.);
#1210=ORIENTED_EDGE('',*,*,#1274,.T.);
#1211=ORIENTED_EDGE('',*,*,#1401,.F.);
#1212=CARTESIAN_POINT('',(-7.15000000000001,-2.00000000000001,-12.75));
#1213=DIRECTION('',(-1.0,0.0,7.92111176245117E-17));
#1214=DIRECTION('',(0.0,1.0,0.0));
#1215=ORIENTED_EDGE('',*,*,#1268,.F.);
#1216=ORIENTED_EDGE('',*,*,#1432,.F.);
#1217=ORIENTED_EDGE('',*,*,#1270,.T.);
#1218=ORIENTED_EDGE('',*,*,#1400,.F.);
#1219=CARTESIAN_POINT('',(-7.15000000000001,-2.00000000000001,-22.75));
#1220=DIRECTION('',(-1.0,0.0,7.92111176245117E-17));
#1221=DIRECTION('',(0.0,1.0,0.0));
#1222=ORIENTED_EDGE('',*,*,#1264,.F.);
#1223=ORIENTED_EDGE('',*,*,#1417,.F.);
#1224=ORIENTED_EDGE('',*,*,#1266,.T.);
#1225=ORIENTED_EDGE('',*,*,#1449,.T.);
#1226=CARTESIAN_POINT('',(-7.15000000000001,-2.00000000000001,-2.75));
#1227=DIRECTION('',(-1.0,0.0,7.92111176245117E-17));
#1228=DIRECTION('',(0.0,1.0,0.0));
#1229=ORIENTED_EDGE('',*,*,#1260,.F.);
#1230=ORIENTED_EDGE('',*,*,#1416,.F.);
#1231=ORIENTED_EDGE('',*,*,#1262,.T.);
#1232=ORIENTED_EDGE('',*,*,#1448,.T.);
#1233=CARTESIAN_POINT('',(-7.15000000000001,-2.00000000000001,-12.75));
#1234=DIRECTION('',(-1.0,0.0,7.92111176245117E-17));
#1235=DIRECTION('',(0.0,1.0,0.0));
#1236=ORIENTED_EDGE('',*,*,#1256,.F.);
#1237=ORIENTED_EDGE('',*,*,#1415,.F.);
#1238=ORIENTED_EDGE('',*,*,#1258,.T.);
#1239=ORIENTED_EDGE('',*,*,#1447,.T.);
#1240=CARTESIAN_POINT('',(-7.15000000000001,-2.00000000000001,-22.75));
#1241=DIRECTION('',(-1.0,0.0,7.92111176245117E-17));
#1242=DIRECTION('',(0.0,1.0,0.0));
#1243=EDGE_CURVE('',#1469,#1470,#1471,.T.);
#1244=EDGE_CURVE('NONE',#1472,#1469,#1473,.T.);
#1245=EDGE_CURVE('NONE',#1472,#1474,#1475,.T.);
#1246=EDGE_CURVE('NONE',#1474,#1470,#1476,.T.);
#1247=EDGE_CURVE('',#1477,#1478,#1479,.T.);
#1248=EDGE_CURVE('NONE',#1480,#1477,#1481,.T.);
#1249=EDGE_CURVE('NONE',#1480,#1482,#1483,.T.);
#1250=EDGE_CURVE('NONE',#1482,#1478,#1484,.T.);
#1251=EDGE_CURVE('',#1485,#1486,#1487,.T.);
#1252=EDGE_CURVE('NONE',#1488,#1485,#1489,.T.);
#1253=EDGE_CURVE('NONE',#1490,#1488,#1491,.T.);
#1254=EDGE_CURVE('NONE',#1490,#1486,#1492,.T.);
#1255=EDGE_CURVE('NONE',#1493,#1494,#1495,.T.);
#1256=EDGE_CURVE('NONE',#1493,#1496,#1497,.T.);
#1257=EDGE_CURVE('NONE',#1496,#1498,#1499,.T.);
#1258=EDGE_CURVE('NONE',#1494,#1498,#1500,.T.);
#1259=EDGE_CURVE('NONE',#1501,#1502,#1503,.T.);
#1260=EDGE_CURVE('NONE',#1501,#1504,#1505,.T.);
#1261=EDGE_CURVE('NONE',#1504,#1506,#1507,.T.);
#1262=EDGE_CURVE('NONE',#1502,#1506,#1508,.T.);
#1263=EDGE_CURVE('NONE',#1509,#1510,#1511,.T.);
#1264=EDGE_CURVE('NONE',#1509,#1512,#1513,.T.);
#1265=EDGE_CURVE('NONE',#1512,#1514,#1515,.T.);
#1266=EDGE_CURVE('NONE',#1510,#1514,#1516,.T.);
#1267=EDGE_CURVE('NONE',#1517,#1518,#1519,.T.);
#1268=EDGE_CURVE('NONE',#1517,#1520,#1521,.T.);
#1269=EDGE_CURVE('NONE',#1522,#1520,#1523,.T.);
#1270=EDGE_CURVE('NONE',#1518,#1522,#1524,.T.);
#1271=EDGE_CURVE('NONE',#1525,#1526,#1527,.T.);
#1272=EDGE_CURVE('NONE',#1525,#1528,#1529,.T.);
#1273=EDGE_CURVE('NONE',#1530,#1528,#1531,.T.);
#1274=EDGE_CURVE('NONE',#1526,#1530,#1532,.T.);
#1275=EDGE_CURVE('NONE',#1533,#1534,#1535,.T.);
#1276=EDGE_CURVE('NONE',#1533,#1536,#1537,.T.);
#1277=EDGE_CURVE('NONE',#1538,#1536,#1539,.T.);
#1278=EDGE_CURVE('NONE',#1534,#1538,#1540,.T.);
#1279=EDGE_CURVE('NONE',#1541,#1542,#1543,.T.);
#1280=EDGE_CURVE('NONE',#1541,#1544,#1545,.T.);
#1281=EDGE_CURVE('NONE',#1546,#1544,#1547,.T.);
#1282=EDGE_CURVE('NONE',#1542,#1546,#1548,.T.);
#1283=EDGE_CURVE('NONE',#1549,#1550,#1551,.T.);
#1284=EDGE_CURVE('NONE',#1549,#1552,#1553,.T.);
#1285=EDGE_CURVE('NONE',#1552,#1554,#1555,.T.);
#1286=EDGE_CURVE('NONE',#1550,#1554,#1556,.T.);
#1287=EDGE_CURVE('NONE',#1557,#1558,#1559,.T.);
#1288=EDGE_CURVE('NONE',#1557,#1560,#1561,.T.);
#1289=EDGE_CURVE('NONE',#1560,#1562,#1563,.T.);
#1290=EDGE_CURVE('NONE',#1558,#1562,#1564,.T.);
#1291=EDGE_CURVE('NONE',#1565,#1566,#1567,.T.);
#1292=EDGE_CURVE('NONE',#1565,#1568,#1569,.T.);
#1293=EDGE_CURVE('NONE',#1568,#1570,#1571,.T.);
#1294=EDGE_CURVE('NONE',#1570,#1566,#1572,.T.);
#1295=EDGE_CURVE('NONE',#1573,#1574,#1575,.T.);
#1296=EDGE_CURVE('NONE',#1574,#1576,#1577,.T.);
#1297=EDGE_CURVE('NONE',#1578,#1576,#1579,.T.);
#1298=EDGE_CURVE('NONE',#1573,#1578,#1580,.T.);
#1299=EDGE_CURVE('NONE',#1581,#1582,#1583,.T.);
#1300=EDGE_CURVE('NONE',#1582,#1584,#1585,.T.);
#1301=EDGE_CURVE('NONE',#1584,#1586,#1587,.T.);
#1302=EDGE_CURVE('NONE',#1586,#1588,#1589,.T.);
#1303=EDGE_CURVE('NONE',#1588,#1590,#1591,.T.);
#1304=EDGE_CURVE('NONE',#1590,#1592,#1593,.T.);
#1305=EDGE_CURVE('NONE',#1592,#1594,#1595,.T.);
#1306=EDGE_CURVE('NONE',#1594,#1581,#1596,.T.);
#1307=EDGE_CURVE('NONE',#1597,#1560,#1598,.T.);
#1308=EDGE_CURVE('NONE',#1597,#1599,#1600,.T.);
#1309=EDGE_CURVE('NONE',#1488,#1599,#1601,.T.);
#1310=EDGE_CURVE('NONE',#1485,#1602,#1603,.T.);
#1311=EDGE_CURVE('NONE',#1604,#1602,#1605,.T.);
#1312=EDGE_CURVE('NONE',#1604,#1570,#1606,.T.);
#1313=EDGE_CURVE('NONE',#1607,#1568,#1608,.T.);
#1314=EDGE_CURVE('NONE',#1609,#1607,#1610,.T.);
#1315=EDGE_CURVE('NONE',#1609,#1611,#1612,.T.);
#1316=EDGE_CURVE('NONE',#1613,#1611,#1614,.T.);
#1317=EDGE_CURVE('NONE',#1613,#1615,#1616,.T.);
#1318=EDGE_CURVE('NONE',#1562,#1615,#1617,.T.);
#1319=EDGE_CURVE('NONE',#1618,#1619,#1620,.T.);
#1320=EDGE_CURVE('NONE',#1619,#1621,#1622,.T.);
#1321=EDGE_CURVE('NONE',#1478,#1621,#1623,.T.);
#1322=EDGE_CURVE('NONE',#1624,#1482,#1625,.T.);
#1323=EDGE_CURVE('NONE',#1624,#1626,#1627,.T.);
#1324=EDGE_CURVE('NONE',#1628,#1626,#1629,.T.);
#1325=EDGE_CURVE('NONE',#1628,#1630,#1631,.T.);
#1326=EDGE_CURVE('NONE',#1632,#1630,#1633,.T.);
#1327=EDGE_CURVE('NONE',#1470,#1632,#1634,.T.);
#1328=EDGE_CURVE('NONE',#1474,#1635,#1636,.T.);
#1329=EDGE_CURVE('NONE',#1635,#1578,#1637,.T.);
#1330=EDGE_CURVE('NONE',#1576,#1618,#1638,.T.);
#1331=EDGE_CURVE('NONE',#1639,#1640,#1641,.T.);
#1332=EDGE_CURVE('NONE',#1642,#1639,#1643,.T.);
#1333=EDGE_CURVE('NONE',#1644,#1642,#1645,.T.);
#1334=EDGE_CURVE('NONE',#1646,#1644,#1647,.T.);
#1335=EDGE_CURVE('NONE',#1648,#1646,#1649,.T.);
#1336=EDGE_CURVE('NONE',#1650,#1648,#1651,.T.);
#1337=EDGE_CURVE('NONE',#1652,#1650,#1653,.T.);
#1338=EDGE_CURVE('NONE',#1640,#1652,#1654,.T.);
#1339=EDGE_CURVE('NONE',#1490,#1655,#1656,.T.);
#1340=EDGE_CURVE('NONE',#1655,#1657,#1658,.T.);
#1341=EDGE_CURVE('NONE',#1657,#1557,#1659,.T.);
#1342=EDGE_CURVE('NONE',#1558,#1660,#1661,.T.);
#1343=EDGE_CURVE('NONE',#1662,#1660,#1663,.T.);
#1344=EDGE_CURVE('NONE',#1662,#1664,#1665,.T.);
#1345=EDGE_CURVE('NONE',#1666,#1664,#1667,.T.);
#1346=EDGE_CURVE('NONE',#1666,#1668,#1669,.T.);
#1347=EDGE_CURVE('NONE',#1668,#1565,#1670,.T.);
#1348=EDGE_CURVE('NONE',#1566,#1671,#1672,.T.);
#1349=EDGE_CURVE('NONE',#1671,#1673,#1674,.T.);
#1350=EDGE_CURVE('NONE',#1486,#1673,#1675,.T.);
#1351=EDGE_CURVE('NONE',#1477,#1676,#1677,.T.);
#1352=EDGE_CURVE('NONE',#1676,#1678,#1679,.T.);
#1353=EDGE_CURVE('NONE',#1680,#1678,#1681,.T.);
#1354=EDGE_CURVE('NONE',#1574,#1680,#1682,.T.);
#1355=EDGE_CURVE('NONE',#1683,#1573,#1684,.T.);
#1356=EDGE_CURVE('NONE',#1683,#1472,#1685,.T.);
#1357=EDGE_CURVE('NONE',#1469,#1686,#1687,.T.);
#1358=EDGE_CURVE('NONE',#1686,#1688,#1689,.T.);
#1359=EDGE_CURVE('NONE',#1690,#1688,#1691,.T.);
#1360=EDGE_CURVE('NONE',#1690,#1692,#1693,.T.);
#1361=EDGE_CURVE('NONE',#1694,#1692,#1695,.T.);
#1362=EDGE_CURVE('NONE',#1694,#1480,#1696,.T.);
#1363=EDGE_CURVE('NONE',#1697,#1698,#1699,.T.);
#1364=EDGE_CURVE('NONE',#1700,#1697,#1701,.T.);
#1365=EDGE_CURVE('NONE',#1700,#1702,#1703,.T.);
#1366=EDGE_CURVE('NONE',#1702,#1698,#1704,.T.);
#1367=EDGE_CURVE('NONE',#1705,#1700,#1706,.T.);
#1368=EDGE_CURVE('NONE',#1705,#1707,#1708,.T.);
#1369=EDGE_CURVE('NONE',#1707,#1702,#1709,.T.);
#1370=EDGE_CURVE('NONE',#1710,#1705,#1711,.T.);
#1371=EDGE_CURVE('NONE',#1710,#1712,#1713,.T.);
#1372=EDGE_CURVE('NONE',#1712,#1707,#1714,.T.);
#1373=EDGE_CURVE('NONE',#1715,#1710,#1716,.T.);
#1374=EDGE_CURVE('NONE',#1715,#1717,#1718,.T.);
#1375=EDGE_CURVE('NONE',#1717,#1712,#1719,.T.);
#1376=EDGE_CURVE('NONE',#1720,#1715,#1721,.T.);
#1377=EDGE_CURVE('NONE',#1720,#1722,#1723,.T.);
#1378=EDGE_CURVE('NONE',#1722,#1717,#1724,.T.);
#1379=EDGE_CURVE('NONE',#1725,#1720,#1726,.T.);
#1380=EDGE_CURVE('NONE',#1725,#1727,#1728,.T.);
#1381=EDGE_CURVE('NONE',#1727,#1722,#1729,.T.);
#1382=EDGE_CURVE('NONE',#1730,#1725,#1731,.T.);
#1383=EDGE_CURVE('NONE',#1730,#1732,#1733,.T.);
#1384=EDGE_CURVE('NONE',#1732,#1727,#1734,.T.);
#1385=EDGE_CURVE('NONE',#1697,#1730,#1735,.T.);
#1386=EDGE_CURVE('NONE',#1698,#1732,#1736,.T.);
#1387=EDGE_CURVE('NONE',#1737,#1738,#1739,.T.);
#1388=EDGE_CURVE('NONE',#1738,#1727,#1740,.T.);
#1389=EDGE_CURVE('NONE',#1737,#1732,#1741,.T.);
#1390=EDGE_CURVE('NONE',#1640,#1738,#1742,.T.);
#1391=EDGE_CURVE('NONE',#1639,#1737,#1743,.T.);
#1392=EDGE_CURVE('NONE',#1744,#1698,#1745,.T.);
#1393=EDGE_CURVE('NONE',#1744,#1737,#1746,.T.);
#1394=EDGE_CURVE('NONE',#1642,#1744,#1747,.T.);
#1395=EDGE_CURVE('NONE',#1748,#1702,#1749,.T.);
#1396=EDGE_CURVE('NONE',#1748,#1744,#1750,.T.);
#1397=EDGE_CURVE('NONE',#1644,#1748,#1751,.T.);
#1398=EDGE_CURVE('NONE',#1752,#1707,#1753,.T.);
#1399=EDGE_CURVE('NONE',#1752,#1748,#1754,.T.);
#1400=EDGE_CURVE('NONE',#1520,#1522,#1755,.T.);
#1401=EDGE_CURVE('NONE',#1528,#1530,#1756,.T.);
#1402=EDGE_CURVE('NONE',#1536,#1538,#1757,.T.);
#1403=EDGE_CURVE('NONE',#1544,#1546,#1758,.T.);
#1404=EDGE_CURVE('NONE',#1646,#1752,#1759,.T.);
#1405=EDGE_CURVE('NONE',#1760,#1712,#1761,.T.);
#1406=EDGE_CURVE('NONE',#1760,#1752,#1762,.T.);
#1407=EDGE_CURVE('NONE',#1648,#1760,#1763,.T.);
#1408=EDGE_CURVE('NONE',#1764,#1717,#1765,.T.);
#1409=EDGE_CURVE('NONE',#1764,#1760,#1766,.T.);
#1410=EDGE_CURVE('NONE',#1650,#1764,#1767,.T.);
#1411=EDGE_CURVE('NONE',#1768,#1722,#1769,.T.);
#1412=EDGE_CURVE('NONE',#1768,#1764,#1770,.T.);
#1413=EDGE_CURVE('NONE',#1652,#1768,#1771,.T.);
#1414=EDGE_CURVE('NONE',#1738,#1768,#1772,.T.);
#1415=EDGE_CURVE('NONE',#1494,#1493,#1773,.T.);
#1416=EDGE_CURVE('NONE',#1502,#1501,#1774,.T.);
#1417=EDGE_CURVE('NONE',#1510,#1509,#1775,.T.);
#1418=EDGE_CURVE('NONE',#1550,#1549,#1776,.T.);
#1419=EDGE_CURVE('NONE',#1777,#1778,#1779,.T.);
#1420=EDGE_CURVE('NONE',#1777,#1730,#1780,.T.);
#1421=EDGE_CURVE('NONE',#1778,#1725,#1781,.T.);
#1422=EDGE_CURVE('NONE',#1582,#1777,#1782,.T.);
#1423=EDGE_CURVE('NONE',#1584,#1778,#1783,.T.);
#1424=EDGE_CURVE('NONE',#1784,#1777,#1785,.T.);
#1425=EDGE_CURVE('NONE',#1784,#1697,#1786,.T.);
#1426=EDGE_CURVE('NONE',#1581,#1784,#1787,.T.);
#1427=EDGE_CURVE('NONE',#1788,#1784,#1789,.T.);
#1428=EDGE_CURVE('NONE',#1788,#1700,#1790,.T.);
#1429=EDGE_CURVE('NONE',#1594,#1788,#1791,.T.);
#1430=EDGE_CURVE('NONE',#1792,#1788,#1793,.T.);
#1431=EDGE_CURVE('NONE',#1792,#1705,#1794,.T.);
#1432=EDGE_CURVE('NONE',#1518,#1517,#1795,.T.);
#1433=EDGE_CURVE('NONE',#1526,#1525,#1796,.T.);
#1434=EDGE_CURVE('NONE',#1534,#1533,#1797,.T.);
#1435=EDGE_CURVE('NONE',#1542,#1541,#1798,.T.);
#1436=EDGE_CURVE('NONE',#1592,#1792,#1799,.T.);
#1437=EDGE_CURVE('NONE',#1800,#1792,#1801,.T.);
#1438=EDGE_CURVE('NONE',#1800,#1710,#1802,.T.);
#1439=EDGE_CURVE('NONE',#1590,#1800,#1803,.T.);
#1440=EDGE_CURVE('NONE',#1804,#1800,#1805,.T.);
#1441=EDGE_CURVE('NONE',#1804,#1715,#1806,.T.);
#1442=EDGE_CURVE('NONE',#1588,#1804,#1807,.T.);
#1443=EDGE_CURVE('NONE',#1808,#1804,#1809,.T.);
#1444=EDGE_CURVE('NONE',#1808,#1720,#1810,.T.);
#1445=EDGE_CURVE('NONE',#1586,#1808,#1811,.T.);
#1446=EDGE_CURVE('NONE',#1778,#1808,#1812,.T.);
#1447=EDGE_CURVE('NONE',#1498,#1496,#1813,.T.);
#1448=EDGE_CURVE('NONE',#1506,#1504,#1814,.T.);
#1449=EDGE_CURVE('NONE',#1514,#1512,#1815,.T.);
#1450=EDGE_CURVE('NONE',#1554,#1552,#1816,.T.);
#1451=EDGE_CURVE('NONE',#1666,#1609,#1817,.T.);
#1452=EDGE_CURVE('NONE',#1664,#1611,#1818,.T.);
#1453=EDGE_CURVE('NONE',#1662,#1613,#1819,.T.);
#1454=EDGE_CURVE('NONE',#1660,#1615,#1820,.T.);
#1455=EDGE_CURVE('NONE',#1599,#1655,#1821,.T.);
#1456=EDGE_CURVE('NONE',#1673,#1602,#1822,.T.);
#1457=EDGE_CURVE('NONE',#1671,#1604,#1823,.T.);
#1458=EDGE_CURVE('NONE',#1668,#1607,#1824,.T.);
#1459=EDGE_CURVE('NONE',#1690,#1628,#1825,.T.);
#1460=EDGE_CURVE('NONE',#1688,#1630,#1826,.T.);
#1461=EDGE_CURVE('NONE',#1686,#1632,#1827,.T.);
#1462=EDGE_CURVE('NONE',#1635,#1683,#1828,.T.);
#1463=EDGE_CURVE('NONE',#1680,#1618,#1829,.T.);
#1464=EDGE_CURVE('NONE',#1678,#1619,#1830,.T.);
#1465=EDGE_CURVE('NONE',#1694,#1624,#1831,.T.);
#1466=EDGE_CURVE('NONE',#1692,#1626,#1832,.T.);
#1467=EDGE_CURVE('NONE',#1621,#1676,#1833,.T.);
#1468=EDGE_CURVE('NONE',#1657,#1597,#1834,.T.);
#1469=VERTEX_POINT('',#1835);
#1470=VERTEX_POINT('',#1836);
#1471=LINE('',#1837,#1838);
#1472=VERTEX_POINT('NONE',#1839);
#1473=CIRCLE('',#1840,0.65);
#1474=VERTEX_POINT('NONE',#1841);
#1475=LINE('',#1842,#1843);
#1476=CIRCLE('',#1844,0.65);
#1477=VERTEX_POINT('',#1845);
#1478=VERTEX_POINT('',#1846);
#1479=LINE('',#1847,#1848);
#1480=VERTEX_POINT('NONE',#1849);
#1481=CIRCLE('',#1850,0.65);
#1482=VERTEX_POINT('NONE',#1851);
#1483=LINE('',#1852,#1853);
#1484=CIRCLE('',#1854,0.65);
#1485=VERTEX_POINT('',#1855);
#1486=VERTEX_POINT('',#1856);
#1487=LINE('',#1857,#1858);
#1488=VERTEX_POINT('NONE',#1859);
#1489=CIRCLE('',#1860,4.0);
#1490=VERTEX_POINT('NONE',#1861);
#1491=LINE('',#1862,#1863);
#1492=CIRCLE('',#1864,4.0);
#1493=VERTEX_POINT('NONE',#1865);
#1494=VERTEX_POINT('NONE',#1866);
#1495=CIRCLE('',#1867,0.6);
#1496=VERTEX_POINT('NONE',#1868);
#1497=LINE('',#1869,#1870);
#1498=VERTEX_POINT('NONE',#1871);
#1499=CIRCLE('',#1872,0.6);
#1500=LINE('',#1873,#1874);
#1501=VERTEX_POINT('NONE',#1875);
#1502=VERTEX_POINT('NONE',#1876);
#1503=CIRCLE('',#1877,0.6);
#1504=VERTEX_POINT('NONE',#1878);
#1505=LINE('',#1879,#1880);
#1506=VERTEX_POINT('NONE',#1881);
#1507=CIRCLE('',#1882,0.6);
#1508=LINE('',#1883,#1884);
#1509=VERTEX_POINT('NONE',#1885);
#1510=VERTEX_POINT('NONE',#1886);
#1511=CIRCLE('',#1887,0.6);
#1512=VERTEX_POINT('NONE',#1888);
#1513=LINE('',#1889,#1890);
#1514=VERTEX_POINT('NONE',#1891);
#1515=CIRCLE('',#1892,0.6);
#1516=LINE('',#1893,#1894);
#1517=VERTEX_POINT('NONE',#1895);
#1518=VERTEX_POINT('NONE',#1896);
#1519=CIRCLE('',#1897,0.6);
#1520=VERTEX_POINT('NONE',#1898);
#1521=LINE('',#1899,#1900);
#1522=VERTEX_POINT('NONE',#1901);
#1523=CIRCLE('',#1902,0.6);
#1524=LINE('',#1903,#1904);
#1525=VERTEX_POINT('NONE',#1905);
#1526=VERTEX_POINT('NONE',#1906);
#1527=CIRCLE('',#1907,0.6);
#1528=VERTEX_POINT('NONE',#1908);
#1529=LINE('',#1909,#1910);
#1530=VERTEX_POINT('NONE',#1911);
#1531=CIRCLE('',#1912,0.6);
#1532=LINE('',#1913,#1914);
#1533=VERTEX_POINT('NONE',#1915);
#1534=VERTEX_POINT('NONE',#1916);
#1535=CIRCLE('',#1917,0.6);
#1536=VERTEX_POINT('NONE',#1918);
#1537=LINE('',#1919,#1920);
#1538=VERTEX_POINT('NONE',#1921);
#1539=CIRCLE('',#1922,0.6);
#1540=LINE('',#1923,#1924);
#1541=VERTEX_POINT('NONE',#1925);
#1542=VERTEX_POINT('NONE',#1926);
#1543=CIRCLE('',#1927,0.6);
#1544=VERTEX_POINT('NONE',#1928);
#1545=LINE('',#1929,#1930);
#1546=VERTEX_POINT('NONE',#1931);
#1547=CIRCLE('',#1932,0.6);
#1548=LINE('',#1933,#1934);
#1549=VERTEX_POINT('NONE',#1935);
#1550=VERTEX_POINT('NONE',#1936);
#1551=CIRCLE('',#1937,0.6);
#1552=VERTEX_POINT('NONE',#1938);
#1553=LINE('',#1939,#1940);
#1554=VERTEX_POINT('NONE',#1941);
#1555=CIRCLE('',#1942,0.6);
#1556=LINE('',#1943,#1944);
#1557=VERTEX_POINT('NONE',#1945);
#1558=VERTEX_POINT('NONE',#1946);
#1559=CIRCLE('',#1947,0.650000000000001);
#1560=VERTEX_POINT('NONE',#1948);
#1561=LINE('',#1949,#1950);
#1562=VERTEX_POINT('NONE',#1951);
#1563=CIRCLE('',#1952,0.650000000000001);
#1564=LINE('',#1953,#1954);
#1565=VERTEX_POINT('NONE',#1955);
#1566=VERTEX_POINT('NONE',#1956);
#1567=CIRCLE('',#1957,0.65);
#1568=VERTEX_POINT('NONE',#1958);
#1569=LINE('',#1959,#1960);
#1570=VERTEX_POINT('NONE',#1961);
#1571=CIRCLE('',#1962,0.65);
#1572=LINE('',#1963,#1964);
#1573=VERTEX_POINT('NONE',#1965);
#1574=VERTEX_POINT('NONE',#1966);
#1575=CIRCLE('',#1967,4.0);
#1576=VERTEX_POINT('NONE',#1968);
#1577=LINE('',#1969,#1970);
#1578=VERTEX_POINT('NONE',#1971);
#1579=CIRCLE('',#1972,4.0);
#1580=LINE('',#1973,#1974);
#1581=VERTEX_POINT('NONE',#1975);
#1582=VERTEX_POINT('NONE',#1976);
#1583=LINE('',#1977,#1978);
#1584=VERTEX_POINT('NONE',#1979);
#1585=CIRCLE('',#1980,1.7);
#1586=VERTEX_POINT('NONE',#1981);
#1587=LINE('',#1982,#1983);
#1588=VERTEX_POINT('NONE',#1984);
#1589=CIRCLE('',#1985,1.7);
#1590=VERTEX_POINT('NONE',#1986);
#1591=LINE('',#1987,#1988);
#1592=VERTEX_POINT('NONE',#1989);
#1593=CIRCLE('',#1990,1.69999999999999);
#1594=VERTEX_POINT('NONE',#1991);
#1595=LINE('',#1992,#1993);
#1596=CIRCLE('',#1994,1.7);
#1597=VERTEX_POINT('NONE',#1995);
#1598=CIRCLE('',#1996,0.650000000000001);
#1599=VERTEX_POINT('NONE',#1997);
#1600=CIRCLE('',#1998,0.25);
#1601=LINE('',#1999,#2000);
#1602=VERTEX_POINT('NONE',#2001);
#1603=CIRCLE('',#2002,4.0);
#1604=VERTEX_POINT('NONE',#2003);
#1605=LINE('',#2004,#2005);
#1606=CIRCLE('',#2006,0.25);
#1607=VERTEX_POINT('NONE',#2007);
#1608=CIRCLE('',#2008,0.65);
#1609=VERTEX_POINT('NONE',#2009);
#1610=LINE('',#2010,#2011);
#1611=VERTEX_POINT('NONE',#2012);
#1612=CIRCLE('',#2013,1.0);
#1613=VERTEX_POINT('NONE',#2014);
#1614=LINE('',#2015,#2016);
#1615=VERTEX_POINT('NONE',#2017);
#1616=CIRCLE('',#2018,1.0);
#1617=LINE('',#2019,#2020);
#1618=VERTEX_POINT('NONE',#2021);
#1619=VERTEX_POINT('NONE',#2022);
#1620=LINE('',#2023,#2024);
#1621=VERTEX_POINT('NONE',#2025);
#1622=CIRCLE('',#2026,0.25);
#1623=CIRCLE('',#2027,0.65);
#1624=VERTEX_POINT('NONE',#2028);
#1625=LINE('',#2029,#2030);
#1626=VERTEX_POINT('NONE',#2031);
#1627=CIRCLE('',#2032,1.0);
#1628=VERTEX_POINT('NONE',#2033);
#1629=LINE('',#2034,#2035);
#1630=VERTEX_POINT('NONE',#2036);
#1631=CIRCLE('',#2037,1.0);
#1632=VERTEX_POINT('NONE',#2038);
#1633=LINE('',#2039,#2040);
#1634=CIRCLE('',#2041,0.65);
#1635=VERTEX_POINT('NONE',#2042);
#1636=CIRCLE('',#2043,0.25);
#1637=LINE('',#2044,#2045);
#1638=CIRCLE('',#2046,4.0);
#1639=VERTEX_POINT('NONE',#2047);
#1640=VERTEX_POINT('NONE',#2048);
#1641=CIRCLE('',#2049,1.7);
#1642=VERTEX_POINT('NONE',#2050);
#1643=LINE('',#2051,#2052);
#1644=VERTEX_POINT('NONE',#2053);
#1645=CIRCLE('',#2054,1.7);
#1646=VERTEX_POINT('NONE',#2055);
#1647=LINE('',#2056,#2057);
#1648=VERTEX_POINT('NONE',#2058);
#1649=CIRCLE('',#2059,1.69999999999999);
#1650=VERTEX_POINT('NONE',#2060);
#1651=LINE('',#2061,#2062);
#1652=VERTEX_POINT('NONE',#2063);
#1653=CIRCLE('',#2064,1.7);
#1654=LINE('',#2065,#2066);
#1655=VERTEX_POINT('NONE',#2067);
#1656=LINE('',#2068,#2069);
#1657=VERTEX_POINT('NONE',#2070);
#1658=CIRCLE('',#2071,0.25);
#1659=CIRCLE('',#2072,0.650000000000001);
#1660=VERTEX_POINT('NONE',#2073);
#1661=LINE('',#2074,#2075);
#1662=VERTEX_POINT('NONE',#2076);
#1663=CIRCLE('',#2077,1.0);
#1664=VERTEX_POINT('NONE',#2078);
#1665=LINE('',#2079,#2080);
#1666=VERTEX_POINT('NONE',#2081);
#1667=CIRCLE('',#2082,1.0);
#1668=VERTEX_POINT('NONE',#2083);
#1669=LINE('',#2084,#2085);
#1670=CIRCLE('',#2086,0.65);
#1671=VERTEX_POINT('NONE',#2087);
#1672=CIRCLE('',#2088,0.25);
#1673=VERTEX_POINT('NONE',#2089);
#1674=LINE('',#2090,#2091);
#1675=CIRCLE('',#2092,4.0);
#1676=VERTEX_POINT('NONE',#2093);
#1677=CIRCLE('',#2094,0.65);
#1678=VERTEX_POINT('NONE',#2095);
#1679=CIRCLE('',#2096,0.25);
#1680=VERTEX_POINT('NONE',#2097);
#1681=LINE('',#2098,#2099);
#1682=CIRCLE('',#2100,4.0);
#1683=VERTEX_POINT('NONE',#2101);
#1684=LINE('',#2102,#2103);
#1685=CIRCLE('',#2104,0.25);
#1686=VERTEX_POINT('NONE',#2105);
#1687=CIRCLE('',#2106,0.65);
#1688=VERTEX_POINT('NONE',#2107);
#1689=LINE('',#2108,#2109);
#1690=VERTEX_POINT('NONE',#2110);
#1691=CIRCLE('',#2111,1.0);
#1692=VERTEX_POINT('NONE',#2112);
#1693=LINE('',#2113,#2114);
#1694=VERTEX_POINT('NONE',#2115);
#1695=CIRCLE('',#2116,1.0);
#1696=LINE('',#2117,#2118);
#1697=VERTEX_POINT('NONE',#2119);
#1698=VERTEX_POINT('NONE',#2120);
#1699=LINE('',#2121,#2122);
#1700=VERTEX_POINT('NONE',#2123);
#1701=CIRCLE('',#2124,2.5);
#1702=VERTEX_POINT('NONE',#2125);
#1703=LINE('',#2126,#2127);
#1704=CIRCLE('',#2128,2.2);
#1705=VERTEX_POINT('NONE',#2129);
#1706=LINE('',#2130,#2131);
#1707=VERTEX_POINT('NONE',#2132);
#1708=LINE('',#2133,#2134);
#1709=LINE('',#2135,#2136);
#1710=VERTEX_POINT('NONE',#2137);
#1711=CIRCLE('',#2138,2.49999999999999);
#1712=VERTEX_POINT('NONE',#2139);
#1713=LINE('',#2140,#2141);
#1714=CIRCLE('',#2142,2.19999999999999);
#1715=VERTEX_POINT('NONE',#2143);
#1716=LINE('',#2144,#2145);
#1717=VERTEX_POINT('NONE',#2146);
#1718=LINE('',#2147,#2148);
#1719=LINE('',#2149,#2150);
#1720=VERTEX_POINT('NONE',#2151);
#1721=CIRCLE('',#2152,2.5);
#1722=VERTEX_POINT('NONE',#2153);
#1723=LINE('',#2154,#2155);
#1724=CIRCLE('',#2156,2.2);
#1725=VERTEX_POINT('NONE',#2157);
#1726=LINE('',#2158,#2159);
#1727=VERTEX_POINT('NONE',#2160);
#1728=LINE('',#2161,#2162);
#1729=LINE('',#2163,#2164);
#1730=VERTEX_POINT('NONE',#2165);
#1731=CIRCLE('',#2166,2.5);
#1732=VERTEX_POINT('NONE',#2167);
#1733=LINE('',#2168,#2169);
#1734=CIRCLE('',#2170,2.2);
#1735=LINE('',#2171,#2172);
#1736=LINE('',#2173,#2174);
#1737=VERTEX_POINT('NONE',#2175);
#1738=VERTEX_POINT('NONE',#2176);
#1739=CIRCLE('',#2177,2.2);
#1740=LINE('',#2178,#2179);
#1741=LINE('',#2180,#2181);
#1742=CIRCLE('',#2182,0.5);
#1743=CIRCLE('',#2183,0.5);
#1744=VERTEX_POINT('NONE',#2184);
#1745=LINE('',#2185,#2186);
#1746=LINE('',#2187,#2188);
#1747=CIRCLE('',#2189,0.5);
#1748=VERTEX_POINT('NONE',#2190);
#1749=LINE('',#2191,#2192);
#1750=CIRCLE('',#2193,2.2);
#1751=CIRCLE('',#2194,0.5);
#1752=VERTEX_POINT('NONE',#2195);
#1753=LINE('',#2196,#2197);
#1754=LINE('',#2198,#2199);
#1755=CIRCLE('',#2200,0.6);
#1756=CIRCLE('',#2201,0.6);
#1757=CIRCLE('',#2202,0.6);
#1758=CIRCLE('',#2203,0.6);
#1759=CIRCLE('',#2204,0.5);
#1760=VERTEX_POINT('NONE',#2205);
#1761=LINE('',#2206,#2207);
#1762=CIRCLE('',#2208,2.19999999999999);
#1763=CIRCLE('',#2209,0.5);
#1764=VERTEX_POINT('NONE',#2210);
#1765=LINE('',#2211,#2212);
#1766=LINE('',#2213,#2214);
#1767=CIRCLE('',#2215,0.5);
#1768=VERTEX_POINT('NONE',#2216);
#1769=LINE('',#2217,#2218);
#1770=CIRCLE('',#2219,2.2);
#1771=CIRCLE('',#2220,0.5);
#1772=LINE('',#2221,#2222);
#1773=CIRCLE('',#2223,0.6);
#1774=CIRCLE('',#2224,0.6);
#1775=CIRCLE('',#2225,0.6);
#1776=CIRCLE('',#2226,0.6);
#1777=VERTEX_POINT('NONE',#2227);
#1778=VERTEX_POINT('NONE',#2228);
#1779=CIRCLE('',#2229,2.5);
#1780=LINE('',#2230,#2231);
#1781=LINE('',#2232,#2233);
#1782=CIRCLE('',#2234,0.799999999999999);
#1783=CIRCLE('',#2235,0.8);
#1784=VERTEX_POINT('NONE',#2236);
#1785=LINE('',#2237,#2238);
#1786=LINE('',#2239,#2240);
#1787=CIRCLE('',#2241,0.799999999999999);
#1788=VERTEX_POINT('NONE',#2242);
#1789=CIRCLE('',#2243,2.5);
#1790=LINE('',#2244,#2245);
#1791=CIRCLE('',#2246,0.8);
#1792=VERTEX_POINT('NONE',#2247);
#1793=LINE('',#2248,#2249);
#1794=LINE('',#2250,#2251);
#1795=CIRCLE('',#2252,0.6);
#1796=CIRCLE('',#2253,0.6);
#1797=CIRCLE('',#2254,0.6);
#1798=CIRCLE('',#2255,0.6);
#1799=CIRCLE('',#2256,0.8);
#1800=VERTEX_POINT('NONE',#2257);
#1801=CIRCLE('',#2258,2.49999999999999);
#1802=LINE('',#2259,#2260);
#1803=CIRCLE('',#2261,0.800000000000002);
#1804=VERTEX_POINT('NONE',#2262);
#1805=LINE('',#2263,#2264);
#1806=LINE('',#2265,#2266);
#1807=CIRCLE('',#2267,0.800000000000002);
#1808=VERTEX_POINT('NONE',#2268);
#1809=CIRCLE('',#2269,2.5);
#1810=LINE('',#2270,#2271);
#1811=CIRCLE('',#2272,0.8);
#1812=LINE('',#2273,#2274);
#1813=CIRCLE('',#2275,0.6);
#1814=CIRCLE('',#2276,0.6);
#1815=CIRCLE('',#2277,0.6);
#1816=CIRCLE('',#2278,0.6);
#1817=LINE('',#2279,#2280);
#1818=LINE('',#2281,#2282);
#1819=LINE('',#2283,#2284);
#1820=LINE('',#2285,#2286);
#1821=LINE('',#2287,#2288);
#1822=LINE('',#2289,#2290);
#1823=LINE('',#2291,#2292);
#1824=LINE('',#2293,#2294);
#1825=LINE('',#2295,#2296);
#1826=LINE('',#2297,#2298);
#1827=LINE('',#2299,#2300);
#1828=LINE('',#2301,#2302);
#1829=LINE('',#2303,#2304);
#1830=LINE('',#2305,#2306);
#1831=LINE('',#2307,#2308);
#1832=LINE('',#2309,#2310);
#1833=LINE('',#2311,#2312);
#1834=LINE('',#2313,#2314);
#1835=CARTESIAN_POINT('',(-4.5,-0.3,-7.39999999999998));
#1836=CARTESIAN_POINT('',(-4.5,0.0,-7.39999999999998));
#1837=CARTESIAN_POINT('',(-4.5,-0.3,-7.39999999999998));
#1838=VECTOR('',#2315,1.0);
#1839=CARTESIAN_POINT('',(-3.87558051651312,-0.3,-6.93055555555553));
#1840=AXIS2_PLACEMENT_3D('',#2316,#2317,#2318);
#1841=CARTESIAN_POINT('',(-3.87558051651312,0.0,-6.93055555555553));
#1842=CARTESIAN_POINT('',(-3.87558051651312,-0.3,-6.93055555555553));
#1843=VECTOR('',#2319,1000.0);
#1844=AXIS2_PLACEMENT_3D('',#2320,#2321,#2322);
#1845=CARTESIAN_POINT('',(7.5,-0.3,-7.39999999999998));
#1846=CARTESIAN_POINT('',(7.5,0.0,-7.39999999999998));
#1847=CARTESIAN_POINT('',(7.5,-0.3,-7.39999999999998));
#1848=VECTOR('',#2323,1.0);
#1849=CARTESIAN_POINT('',(8.15,-0.3,-6.74999999999998));
#1850=AXIS2_PLACEMENT_3D('',#2324,#2325,#2326);
#1851=CARTESIAN_POINT('',(8.15,0.0,-6.74999999999998));
#1852=CARTESIAN_POINT('',(8.15,-0.3,-6.74999999999998));
#1853=VECTOR('',#2327,1000.0);
#1854=AXIS2_PLACEMENT_3D('',#2328,#2329,#2330);
#1855=CARTESIAN_POINT('',(1.5,0.0,-11.75));
#1856=CARTESIAN_POINT('',(1.5,-0.3,-11.75));
#1857=CARTESIAN_POINT('',(1.5,-0.15,-11.75));
#1858=VECTOR('',#2331,1.0);
#1859=CARTESIAN_POINT('',(5.37298334620742,0.0,-8.74999999999998));
#1860=AXIS2_PLACEMENT_3D('',#2332,#2333,#2334);
#1861=CARTESIAN_POINT('',(5.37298334620742,-0.3,-8.74999999999998));
#1862=CARTESIAN_POINT('',(5.37298334620742,-0.3,-8.74999999999998));
#1863=VECTOR('',#2335,1000.0);
#1864=AXIS2_PLACEMENT_3D('',#2336,#2337,#2338);
#1865=CARTESIAN_POINT('',(9.85,-2.6,-22.75));
#1866=CARTESIAN_POINT('',(9.85,-1.4,-22.75));
#1867=AXIS2_PLACEMENT_3D('',#2339,#2340,#2341);
#1868=CARTESIAN_POINT('',(10.15,-2.6,-22.75));
#1869=CARTESIAN_POINT('',(-7.15000000000001,-2.60000000000001,-22.75));
#1870=VECTOR('',#2342,1000.0);
#1871=CARTESIAN_POINT('',(10.15,-1.4,-22.75));
#1872=AXIS2_PLACEMENT_3D('',#2343,#2344,#2345);
#1873=CARTESIAN_POINT('',(-7.15000000000001,-1.40000000000001,-22.75));
#1874=VECTOR('',#2346,1000.0);
#1875=CARTESIAN_POINT('',(9.85,-2.6,-12.75));
#1876=CARTESIAN_POINT('',(9.85,-1.4,-12.75));
#1877=AXIS2_PLACEMENT_3D('',#2347,#2348,#2349);
#1878=CARTESIAN_POINT('',(10.15,-2.6,-12.75));
#1879=CARTESIAN_POINT('',(-7.15000000000001,-2.60000000000001,-12.75));
#1880=VECTOR('',#2350,1000.0);
#1881=CARTESIAN_POINT('',(10.15,-1.4,-12.75));
#1882=AXIS2_PLACEMENT_3D('',#2351,#2352,#2353);
#1883=CARTESIAN_POINT('',(-7.15000000000001,-1.40000000000001,-12.75));
#1884=VECTOR('',#2354,1000.0);
#1885=CARTESIAN_POINT('',(9.85,-2.6,-2.75));
#1886=CARTESIAN_POINT('',(9.85,-1.4,-2.75));
#1887=AXIS2_PLACEMENT_3D('',#2355,#2356,#2357);
#1888=CARTESIAN_POINT('',(10.15,-2.6,-2.75));
#1889=CARTESIAN_POINT('',(-7.15000000000001,-2.60000000000001,-2.75));
#1890=VECTOR('',#2358,1000.0);
#1891=CARTESIAN_POINT('',(10.15,-1.4,-2.75));
#1892=AXIS2_PLACEMENT_3D('',#2359,#2360,#2361);
#1893=CARTESIAN_POINT('',(-7.15000000000001,-1.40000000000001,-2.75));
#1894=VECTOR('',#2362,1000.0);
#1895=CARTESIAN_POINT('',(-7.15000000000001,-2.60000000000001,-22.75));
#1896=CARTESIAN_POINT('',(-7.15000000000001,-1.40000000000001,-22.75));
#1897=AXIS2_PLACEMENT_3D('',#2363,#2364,#2365);
#1898=CARTESIAN_POINT('',(-6.85,-2.60000000000001,-22.75));
#1899=CARTESIAN_POINT('',(-7.15000000000001,-2.60000000000001,-22.75));
#1900=VECTOR('',#2366,1000.0);
#1901=CARTESIAN_POINT('',(-6.85,-1.40000000000001,-22.75));
#1902=AXIS2_PLACEMENT_3D('',#2367,#2368,#2369);
#1903=CARTESIAN_POINT('',(-7.15000000000001,-1.40000000000001,-22.75));
#1904=VECTOR('',#2370,1000.0);
#1905=CARTESIAN_POINT('',(-7.15000000000001,-2.60000000000001,-12.75));
#1906=CARTESIAN_POINT('',(-7.15000000000001,-1.40000000000001,-12.75));
#1907=AXIS2_PLACEMENT_3D('',#2371,#2372,#2373);
#1908=CARTESIAN_POINT('',(-6.85,-2.60000000000001,-12.75));
#1909=CARTESIAN_POINT('',(-7.15000000000001,-2.60000000000001,-12.75));
#1910=VECTOR('',#2374,1000.0);
#1911=CARTESIAN_POINT('',(-6.85,-1.40000000000001,-12.75));
#1912=AXIS2_PLACEMENT_3D('',#2375,#2376,#2377);
#1913=CARTESIAN_POINT('',(-7.15000000000001,-1.40000000000001,-12.75));
#1914=VECTOR('',#2378,1000.0);
#1915=CARTESIAN_POINT('',(-7.15000000000001,-2.60000000000001,-2.75));
#1916=CARTESIAN_POINT('',(-7.15000000000001,-1.40000000000001,-2.75));
#1917=AXIS2_PLACEMENT_3D('',#2379,#2380,#2381);
#1918=CARTESIAN_POINT('',(-6.85,-2.60000000000001,-2.75));
#1919=CARTESIAN_POINT('',(-7.15000000000001,-2.60000000000001,-2.75));
#1920=VECTOR('',#2382,1000.0);
#1921=CARTESIAN_POINT('',(-6.85,-1.40000000000001,-2.75));
#1922=AXIS2_PLACEMENT_3D('',#2383,#2384,#2385);
#1923=CARTESIAN_POINT('',(-7.15000000000001,-1.40000000000001,-2.75));
#1924=VECTOR('',#2386,1000.0);
#1925=CARTESIAN_POINT('',(-7.15000000000001,-2.60000000000001,7.25));
#1926=CARTESIAN_POINT('',(-7.15000000000001,-1.40000000000001,7.25));
#1927=AXIS2_PLACEMENT_3D('',#2387,#2388,#2389);
#1928=CARTESIAN_POINT('',(-6.85,-2.60000000000001,7.25));
#1929=CARTESIAN_POINT('',(-7.15000000000001,-2.60000000000001,7.25));
#1930=VECTOR('',#2390,1000.0);
#1931=CARTESIAN_POINT('',(-6.85,-1.40000000000001,7.25));
#1932=AXIS2_PLACEMENT_3D('',#2391,#2392,#2393);
#1933=CARTESIAN_POINT('',(-7.15000000000001,-1.40000000000001,7.25));
#1934=VECTOR('',#2394,1000.0);
#1935=CARTESIAN_POINT('',(9.85,-2.6,7.25));
#1936=CARTESIAN_POINT('',(9.85,-1.4,7.25));
#1937=AXIS2_PLACEMENT_3D('',#2395,#2396,#2397);
#1938=CARTESIAN_POINT('',(10.15,-2.6,7.25));
#1939=CARTESIAN_POINT('',(-7.15000000000001,-2.60000000000001,7.25));
#1940=VECTOR('',#2398,1000.0);
#1941=CARTESIAN_POINT('',(10.15,-1.4,7.25));
#1942=AXIS2_PLACEMENT_3D('',#2399,#2400,#2401);
#1943=CARTESIAN_POINT('',(-7.15000000000001,-1.40000000000001,7.25));
#1944=VECTOR('',#2402,1000.0);
#1945=CARTESIAN_POINT('',(7.5,-0.3,-8.09999999999998));
#1946=CARTESIAN_POINT('',(8.15,-0.3,-8.74999999999998));
#1947=AXIS2_PLACEMENT_3D('',#2403,#2404,#2405);
#1948=CARTESIAN_POINT('',(7.5,0.0,-8.09999999999998));
#1949=CARTESIAN_POINT('',(7.5,-0.3,-8.09999999999998));
#1950=VECTOR('',#2406,1000.0);
#1951=CARTESIAN_POINT('',(8.15,0.0,-8.74999999999998));
#1952=AXIS2_PLACEMENT_3D('',#2407,#2408,#2409);
#1953=CARTESIAN_POINT('',(8.15,-0.3,-8.74999999999998));
#1954=VECTOR('',#2410,1000.0);
#1955=CARTESIAN_POINT('',(-4.5,-0.3,-8.09999999999998));
#1956=CARTESIAN_POINT('',(-3.87558051651312,-0.3,-8.56944444444443));
#1957=AXIS2_PLACEMENT_3D('',#2411,#2412,#2413);
#1958=CARTESIAN_POINT('',(-4.5,0.0,-8.09999999999998));
#1959=CARTESIAN_POINT('',(-4.5,-0.3,-8.09999999999998));
#1960=VECTOR('',#2414,1000.0);
#1961=CARTESIAN_POINT('',(-3.87558051651312,0.0,-8.56944444444443));
#1962=AXIS2_PLACEMENT_3D('',#2415,#2416,#2417);
#1963=CARTESIAN_POINT('',(-3.87558051651312,-0.3,-8.56944444444443));
#1964=VECTOR('',#2418,1000.0);
#1965=CARTESIAN_POINT('',(-2.37298334620741,-0.3,-6.74999999999998));
#1966=CARTESIAN_POINT('',(1.5,-0.3,-3.74999999999999));
#1967=AXIS2_PLACEMENT_3D('',#2419,#2420,#2421);
#1968=CARTESIAN_POINT('',(1.5,0.0,-3.74999999999999));
#1969=CARTESIAN_POINT('',(1.5,-0.3,-3.74999999999999));
#1970=VECTOR('',#2422,1000.0);
#1971=CARTESIAN_POINT('',(-2.37298334620741,0.0,-6.74999999999998));
#1972=AXIS2_PLACEMENT_3D('',#2423,#2424,#2425);
#1973=CARTESIAN_POINT('',(-2.37298334620741,-0.3,-6.74999999999998));
#1974=VECTOR('',#2426,1000.0);
#1975=CARTESIAN_POINT('',(-4.65,0.0,15.85));
#1976=CARTESIAN_POINT('',(7.65,0.0,15.85));
#1977=CARTESIAN_POINT('',(-4.65,0.0,15.85));
#1978=VECTOR('',#2427,1000.0);
#1979=CARTESIAN_POINT('',(9.35,0.0,14.15));
#1980=AXIS2_PLACEMENT_3D('',#2428,#2429,#2430);
#1981=CARTESIAN_POINT('',(9.35,0.0,-29.65));
#1982=CARTESIAN_POINT('',(9.35,0.0,14.15));
#1983=VECTOR('',#2431,1000.0);
#1984=CARTESIAN_POINT('',(7.65,0.0,-31.35));
#1985=AXIS2_PLACEMENT_3D('',#2432,#2433,#2434);
#1986=CARTESIAN_POINT('',(-4.65,0.0,-31.35));
#1987=CARTESIAN_POINT('',(7.65,0.0,-31.35));
#1988=VECTOR('',#2435,1000.0);
#1989=CARTESIAN_POINT('',(-6.34999999999999,0.0,-29.65));
#1990=AXIS2_PLACEMENT_3D('',#2436,#2437,#2438);
#1991=CARTESIAN_POINT('',(-6.35,0.0,14.15));
#1992=CARTESIAN_POINT('',(-6.34999999999999,0.0,-29.65));
#1993=VECTOR('',#2439,1000.0);
#1994=AXIS2_PLACEMENT_3D('',#2440,#2441,#2442);
#1995=CARTESIAN_POINT('',(6.87558051651312,0.0,-8.56944444444443));
#1996=AXIS2_PLACEMENT_3D('',#2443,#2444,#2445);
#1997=CARTESIAN_POINT('',(6.63541917671047,0.0,-8.74999999999998));
#1998=AXIS2_PLACEMENT_3D('',#2446,#2447,#2448);
#1999=CARTESIAN_POINT('',(0.0,0.0,-8.74999999999998));
#2000=VECTOR('',#2449,1000.0);
#2001=CARTESIAN_POINT('',(-2.37298334620742,0.0,-8.74999999999998));
#2002=AXIS2_PLACEMENT_3D('',#2450,#2451,#2452);
#2003=CARTESIAN_POINT('',(-3.63541917671047,0.0,-8.74999999999998));
#2004=CARTESIAN_POINT('',(0.0,0.0,-8.74999999999998));
#2005=VECTOR('',#2453,1000.0);
#2006=AXIS2_PLACEMENT_3D('',#2454,#2455,#2456);
#2007=CARTESIAN_POINT('',(-5.15,0.0,-8.74999999999998));
#2008=AXIS2_PLACEMENT_3D('',#2457,#2458,#2459);
#2009=CARTESIAN_POINT('',(-5.15,0.0,-29.15));
#2010=CARTESIAN_POINT('',(-5.15,0.0,5.21835625074799E-16));
#2011=VECTOR('',#2460,1000.0);
#2012=CARTESIAN_POINT('',(-4.15,0.0,-30.15));
#2013=AXIS2_PLACEMENT_3D('',#2461,#2462,#2463);
#2014=CARTESIAN_POINT('',(7.15,0.0,-30.15));
#2015=CARTESIAN_POINT('',(0.0,0.0,-30.15));
#2016=VECTOR('',#2464,1000.0);
#2017=CARTESIAN_POINT('',(8.14999999999999,0.0,-29.15));
#2018=AXIS2_PLACEMENT_3D('',#2465,#2466,#2467);
#2019=CARTESIAN_POINT('',(8.15,0.0,-1.6516350851882E-15));
#2020=VECTOR('',#2468,1000.0);
#2021=CARTESIAN_POINT('',(5.37298334620741,0.0,-6.74999999999998));
#2022=CARTESIAN_POINT('',(6.63541917671047,0.0,-6.74999999999998));
#2023=CARTESIAN_POINT('',(0.0,0.0,-6.74999999999998));
#2024=VECTOR('',#2469,1000.0);
#2025=CARTESIAN_POINT('',(6.87558051651312,0.0,-6.93055555555553));
#2026=AXIS2_PLACEMENT_3D('',#2470,#2471,#2472);
#2027=AXIS2_PLACEMENT_3D('',#2473,#2474,#2475);
#2028=CARTESIAN_POINT('',(8.15,0.0,13.65));
#2029=CARTESIAN_POINT('',(8.15,0.0,-1.6516350851882E-15));
#2030=VECTOR('',#2476,1000.0);
#2031=CARTESIAN_POINT('',(7.15,0.0,14.65));
#2032=AXIS2_PLACEMENT_3D('',#2477,#2478,#2479);
#2033=CARTESIAN_POINT('',(-4.15,0.0,14.65));
#2034=CARTESIAN_POINT('',(0.0,0.0,14.65));
#2035=VECTOR('',#2480,1000.0);
#2036=CARTESIAN_POINT('',(-5.15,0.0,13.65));
#2037=AXIS2_PLACEMENT_3D('',#2481,#2482,#2483);
#2038=CARTESIAN_POINT('',(-5.15,0.0,-6.74999999999998));
#2039=CARTESIAN_POINT('',(-5.15,0.0,5.21835625074799E-16));
#2040=VECTOR('',#2484,1000.0);
#2041=AXIS2_PLACEMENT_3D('',#2485,#2486,#2487);
#2042=CARTESIAN_POINT('',(-3.63541917671047,0.0,-6.74999999999998));
#2043=AXIS2_PLACEMENT_3D('',#2488,#2489,#2490);
#2044=CARTESIAN_POINT('',(0.0,0.0,-6.74999999999998));
#2045=VECTOR('',#2491,1000.0);
#2046=AXIS2_PLACEMENT_3D('',#2492,#2493,#2494);
#2047=CARTESIAN_POINT('',(7.65,-0.3,15.85));
#2048=CARTESIAN_POINT('',(9.35,-0.3,14.15));
#2049=AXIS2_PLACEMENT_3D('',#2495,#2496,#2497);
#2050=CARTESIAN_POINT('',(-4.65,-0.3,15.85));
#2051=CARTESIAN_POINT('',(-4.65,-0.3,15.85));
#2052=VECTOR('',#2498,1000.0);
#2053=CARTESIAN_POINT('',(-6.35,-0.3,14.15));
#2054=AXIS2_PLACEMENT_3D('',#2499,#2500,#2501);
#2055=CARTESIAN_POINT('',(-6.34999999999999,-0.3,-29.65));
#2056=CARTESIAN_POINT('',(-6.34999999999999,-0.3,-29.65));
#2057=VECTOR('',#2502,1000.0);
#2058=CARTESIAN_POINT('',(-4.65,-0.3,-31.35));
#2059=AXIS2_PLACEMENT_3D('',#2503,#2504,#2505);
#2060=CARTESIAN_POINT('',(7.65,-0.3,-31.35));
#2061=CARTESIAN_POINT('',(7.65,-0.3,-31.35));
#2062=VECTOR('',#2506,1000.0);
#2063=CARTESIAN_POINT('',(9.35,-0.3,-29.65));
#2064=AXIS2_PLACEMENT_3D('',#2507,#2508,#2509);
#2065=CARTESIAN_POINT('',(9.35,-0.3,14.15));
#2066=VECTOR('',#2510,1000.0);
#2067=CARTESIAN_POINT('',(6.63541917671047,-0.3,-8.74999999999998));
#2068=CARTESIAN_POINT('',(0.0,-0.3,-8.74999999999998));
#2069=VECTOR('',#2511,1000.0);
#2070=CARTESIAN_POINT('',(6.87558051651312,-0.3,-8.56944444444443));
#2071=AXIS2_PLACEMENT_3D('',#2512,#2513,#2514);
#2072=AXIS2_PLACEMENT_3D('',#2515,#2516,#2517);
#2073=CARTESIAN_POINT('',(8.14999999999999,-0.3,-29.15));
#2074=CARTESIAN_POINT('',(8.15,-0.3,-1.6516350851882E-15));
#2075=VECTOR('',#2518,1000.0);
#2076=CARTESIAN_POINT('',(7.15,-0.3,-30.15));
#2077=AXIS2_PLACEMENT_3D('',#2519,#2520,#2521);
#2078=CARTESIAN_POINT('',(-4.15,-0.3,-30.15));
#2079=CARTESIAN_POINT('',(0.0,-0.3,-30.15));
#2080=VECTOR('',#2522,1000.0);
#2081=CARTESIAN_POINT('',(-5.15,-0.3,-29.15));
#2082=AXIS2_PLACEMENT_3D('',#2523,#2524,#2525);
#2083=CARTESIAN_POINT('',(-5.15,-0.3,-8.74999999999998));
#2084=CARTESIAN_POINT('',(-5.15,-0.3,5.21835625074799E-16));
#2085=VECTOR('',#2526,1000.0);
#2086=AXIS2_PLACEMENT_3D('',#2527,#2528,#2529);
#2087=CARTESIAN_POINT('',(-3.63541917671047,-0.3,-8.74999999999998));
#2088=AXIS2_PLACEMENT_3D('',#2530,#2531,#2532);
#2089=CARTESIAN_POINT('',(-2.37298334620742,-0.3,-8.74999999999998));
#2090=CARTESIAN_POINT('',(0.0,-0.3,-8.74999999999998));
#2091=VECTOR('',#2533,1000.0);
#2092=AXIS2_PLACEMENT_3D('',#2534,#2535,#2536);
#2093=CARTESIAN_POINT('',(6.87558051651312,-0.3,-6.93055555555553));
#2094=AXIS2_PLACEMENT_3D('',#2537,#2538,#2539);
#2095=CARTESIAN_POINT('',(6.63541917671047,-0.3,-6.74999999999998));
#2096=AXIS2_PLACEMENT_3D('',#2540,#2541,#2542);
#2097=CARTESIAN_POINT('',(5.37298334620741,-0.3,-6.74999999999998));
#2098=CARTESIAN_POINT('',(0.0,-0.3,-6.74999999999998));
#2099=VECTOR('',#2543,1000.0);
#2100=AXIS2_PLACEMENT_3D('',#2544,#2545,#2546);
#2101=CARTESIAN_POINT('',(-3.63541917671047,-0.3,-6.74999999999998));
#2102=CARTESIAN_POINT('',(0.0,-0.3,-6.74999999999998));
#2103=VECTOR('',#2547,1000.0);
#2104=AXIS2_PLACEMENT_3D('',#2548,#2549,#2550);
#2105=CARTESIAN_POINT('',(-5.15,-0.3,-6.74999999999998));
#2106=AXIS2_PLACEMENT_3D('',#2551,#2552,#2553);
#2107=CARTESIAN_POINT('',(-5.15,-0.3,13.65));
#2108=CARTESIAN_POINT('',(-5.15,-0.3,5.21835625074799E-16));
#2109=VECTOR('',#2554,1000.0);
#2110=CARTESIAN_POINT('',(-4.15,-0.3,14.65));
#2111=AXIS2_PLACEMENT_3D('',#2555,#2556,#2557);
#2112=CARTESIAN_POINT('',(7.15,-0.3,14.65));
#2113=CARTESIAN_POINT('',(0.0,-0.3,14.65));
#2114=VECTOR('',#2558,1000.0);
#2115=CARTESIAN_POINT('',(8.15,-0.3,13.65));
#2116=AXIS2_PLACEMENT_3D('',#2559,#2560,#2561);
#2117=CARTESIAN_POINT('',(8.15,-0.3,-1.6516350851882E-15));
#2118=VECTOR('',#2562,1000.0);
#2119=CARTESIAN_POINT('',(-4.65,-7.5,16.65));
#2120=CARTESIAN_POINT('',(-4.65,-7.5,16.35));
#2121=CARTESIAN_POINT('',(-4.65,-7.5,16.65));
#2122=VECTOR('',#2563,1000.0);
#2123=CARTESIAN_POINT('',(-7.15,-7.5,14.15));
#2124=AXIS2_PLACEMENT_3D('',#2564,#2565,#2566);
#2125=CARTESIAN_POINT('',(-6.85,-7.5,14.15));
#2126=CARTESIAN_POINT('',(-7.15,-7.5,14.15));
#2127=VECTOR('',#2567,1000.0);
#2128=AXIS2_PLACEMENT_3D('',#2568,#2569,#2570);
#2129=CARTESIAN_POINT('',(-7.14999999999999,-7.5,-29.65));
#2130=CARTESIAN_POINT('',(-7.15,-7.5,-29.65));
#2131=VECTOR('',#2571,1000.0);
#2132=CARTESIAN_POINT('',(-6.85,-7.5,-29.65));
#2133=CARTESIAN_POINT('',(-7.14999999999999,-7.5,-29.65));
#2134=VECTOR('',#2572,1000.0);
#2135=CARTESIAN_POINT('',(-6.85,-7.5,-29.65));
#2136=VECTOR('',#2573,1000.0);
#2137=CARTESIAN_POINT('',(-4.65,-7.5,-32.15));
#2138=AXIS2_PLACEMENT_3D('',#2574,#2575,#2576);
#2139=CARTESIAN_POINT('',(-4.65,-7.5,-31.85));
#2140=CARTESIAN_POINT('',(-4.65,-7.5,-32.15));
#2141=VECTOR('',#2577,1000.0);
#2142=AXIS2_PLACEMENT_3D('',#2578,#2579,#2580);
#2143=CARTESIAN_POINT('',(7.65,-7.5,-32.15));
#2144=CARTESIAN_POINT('',(7.65,-7.5,-32.15));
#2145=VECTOR('',#2581,1000.0);
#2146=CARTESIAN_POINT('',(7.65,-7.5,-31.85));
#2147=CARTESIAN_POINT('',(7.65,-7.5,-32.15));
#2148=VECTOR('',#2582,1000.0);
#2149=CARTESIAN_POINT('',(7.65,-7.5,-31.85));
#2150=VECTOR('',#2583,1000.0);
#2151=CARTESIAN_POINT('',(10.15,-7.5,-29.65));
#2152=AXIS2_PLACEMENT_3D('',#2584,#2585,#2586);
#2153=CARTESIAN_POINT('',(9.85,-7.5,-29.65));
#2154=CARTESIAN_POINT('',(10.15,-7.5,-29.65));
#2155=VECTOR('',#2587,1000.0);
#2156=AXIS2_PLACEMENT_3D('',#2588,#2589,#2590);
#2157=CARTESIAN_POINT('',(10.15,-7.5,14.15));
#2158=CARTESIAN_POINT('',(10.15,-7.5,14.15));
#2159=VECTOR('',#2591,1000.0);
#2160=CARTESIAN_POINT('',(9.85,-7.5,14.15));
#2161=CARTESIAN_POINT('',(10.15,-7.5,14.15));
#2162=VECTOR('',#2592,1000.0);
#2163=CARTESIAN_POINT('',(9.85,-7.5,14.15));
#2164=VECTOR('',#2593,1000.0);
#2165=CARTESIAN_POINT('',(7.65,-7.5,16.65));
#2166=AXIS2_PLACEMENT_3D('',#2594,#2595,#2596);
#2167=CARTESIAN_POINT('',(7.64999999999999,-7.5,16.35));
#2168=CARTESIAN_POINT('',(7.65,-7.5,16.65));
#2169=VECTOR('',#2597,1000.0);
#2170=AXIS2_PLACEMENT_3D('',#2598,#2599,#2600);
#2171=CARTESIAN_POINT('',(-4.65,-7.5,16.65));
#2172=VECTOR('',#2601,1000.0);
#2173=CARTESIAN_POINT('',(-4.65,-7.5,16.35));
#2174=VECTOR('',#2602,1000.0);
#2175=CARTESIAN_POINT('',(7.65,-0.8,16.35));
#2176=CARTESIAN_POINT('',(9.85,-0.8,14.15));
#2177=AXIS2_PLACEMENT_3D('',#2603,#2604,#2605);
#2178=CARTESIAN_POINT('',(9.85,-0.3,14.15));
#2179=VECTOR('',#2606,1000.0);
#2180=CARTESIAN_POINT('',(7.65,-1.38777878078145E-16,16.35));
#2181=VECTOR('',#2607,1000.0);
#2182=AXIS2_PLACEMENT_3D('',#2608,#2609,#2610);
#2183=AXIS2_PLACEMENT_3D('',#2611,#2612,#2613);
#2184=CARTESIAN_POINT('',(-4.65,-0.799999999999999,16.35));
#2185=CARTESIAN_POINT('',(-4.65,-0.3,16.35));
#2186=VECTOR('',#2614,1000.0);
#2187=CARTESIAN_POINT('',(-4.65,-0.8,16.35));
#2188=VECTOR('',#2615,1000.0);
#2189=AXIS2_PLACEMENT_3D('',#2616,#2617,#2618);
#2190=CARTESIAN_POINT('',(-6.85,-0.8,14.15));
#2191=CARTESIAN_POINT('',(-6.85,-1.38777878078141E-16,14.15));
#2192=VECTOR('',#2619,1000.0);
#2193=AXIS2_PLACEMENT_3D('',#2620,#2621,#2622);
#2194=AXIS2_PLACEMENT_3D('',#2623,#2624,#2625);
#2195=CARTESIAN_POINT('',(-6.84999999999999,-0.799999999999999,-29.65));
#2196=CARTESIAN_POINT('',(-6.84999999999999,-0.3,-29.65));
#2197=VECTOR('',#2626,1000.0);
#2198=CARTESIAN_POINT('',(-6.84999999999999,-0.8,-29.65));
#2199=VECTOR('',#2627,1000.0);
#2200=AXIS2_PLACEMENT_3D('',#2628,#2629,#2630);
#2201=AXIS2_PLACEMENT_3D('',#2631,#2632,#2633);
#2202=AXIS2_PLACEMENT_3D('',#2634,#2635,#2636);
#2203=AXIS2_PLACEMENT_3D('',#2637,#2638,#2639);
#2204=AXIS2_PLACEMENT_3D('',#2640,#2641,#2642);
#2205=CARTESIAN_POINT('',(-4.65,-0.8,-31.85));
#2206=CARTESIAN_POINT('',(-4.65,-1.38777878078145E-16,-31.85));
#2207=VECTOR('',#2643,1000.0);
#2208=AXIS2_PLACEMENT_3D('',#2644,#2645,#2646);
#2209=AXIS2_PLACEMENT_3D('',#2647,#2648,#2649);
#2210=CARTESIAN_POINT('',(7.65,-0.799999999999999,-31.85));
#2211=CARTESIAN_POINT('',(7.65,-0.3,-31.85));
#2212=VECTOR('',#2650,1000.0);
#2213=CARTESIAN_POINT('',(7.65,-0.8,-31.85));
#2214=VECTOR('',#2651,1000.0);
#2215=AXIS2_PLACEMENT_3D('',#2652,#2653,#2654);
#2216=CARTESIAN_POINT('',(9.85,-0.8,-29.65));
#2217=CARTESIAN_POINT('',(9.85,-1.38777878078146E-16,-29.65));
#2218=VECTOR('',#2655,1000.0);
#2219=AXIS2_PLACEMENT_3D('',#2656,#2657,#2658);
#2220=AXIS2_PLACEMENT_3D('',#2659,#2660,#2661);
#2221=CARTESIAN_POINT('',(9.85,-0.8,14.15));
#2222=VECTOR('',#2662,1000.0);
#2223=AXIS2_PLACEMENT_3D('',#2663,#2664,#2665);
#2224=AXIS2_PLACEMENT_3D('',#2666,#2667,#2668);
#2225=AXIS2_PLACEMENT_3D('',#2669,#2670,#2671);
#2226=AXIS2_PLACEMENT_3D('',#2672,#2673,#2674);
#2227=CARTESIAN_POINT('',(7.65,-0.8,16.65));
#2228=CARTESIAN_POINT('',(10.15,-0.8,14.15));
#2229=AXIS2_PLACEMENT_3D('',#2675,#2676,#2677);
#2230=CARTESIAN_POINT('',(7.65,0.0,16.65));
#2231=VECTOR('',#2678,1000.0);
#2232=CARTESIAN_POINT('',(10.15,0.0,14.15));
#2233=VECTOR('',#2679,1000.0);
#2234=AXIS2_PLACEMENT_3D('',#2680,#2681,#2682);
#2235=AXIS2_PLACEMENT_3D('',#2683,#2684,#2685);
#2236=CARTESIAN_POINT('',(-4.65,-0.799999999999999,16.65));
#2237=CARTESIAN_POINT('',(-4.65,-0.8,16.65));
#2238=VECTOR('',#2686,1000.0);
#2239=CARTESIAN_POINT('',(-4.65,0.0,16.65));
#2240=VECTOR('',#2687,1000.0);
#2241=AXIS2_PLACEMENT_3D('',#2688,#2689,#2690);
#2242=CARTESIAN_POINT('',(-7.15,-0.8,14.15));
#2243=AXIS2_PLACEMENT_3D('',#2691,#2692,#2693);
#2244=CARTESIAN_POINT('',(-7.15,0.0,14.15));
#2245=VECTOR('',#2694,1000.0);
#2246=AXIS2_PLACEMENT_3D('',#2695,#2696,#2697);
#2247=CARTESIAN_POINT('',(-7.14999999999999,-0.799999999999999,-29.65));
#2248=CARTESIAN_POINT('',(-7.14999999999999,-0.8,-29.65));
#2249=VECTOR('',#2698,1000.0);
#2250=CARTESIAN_POINT('',(-7.14999999999999,0.0,-29.65));
#2251=VECTOR('',#2699,1000.0);
#2252=AXIS2_PLACEMENT_3D('',#2700,#2701,#2702);
#2253=AXIS2_PLACEMENT_3D('',#2703,#2704,#2705);
#2254=AXIS2_PLACEMENT_3D('',#2706,#2707,#2708);
#2255=AXIS2_PLACEMENT_3D('',#2709,#2710,#2711);
#2256=AXIS2_PLACEMENT_3D('',#2712,#2713,#2714);
#2257=CARTESIAN_POINT('',(-4.65,-0.8,-32.15));
#2258=AXIS2_PLACEMENT_3D('',#2715,#2716,#2717);
#2259=CARTESIAN_POINT('',(-4.65,0.0,-32.15));
#2260=VECTOR('',#2718,1000.0);
#2261=AXIS2_PLACEMENT_3D('',#2719,#2720,#2721);
#2262=CARTESIAN_POINT('',(7.65,-0.799999999999999,-32.15));
#2263=CARTESIAN_POINT('',(7.65,-0.8,-32.15));
#2264=VECTOR('',#2722,1000.0);
#2265=CARTESIAN_POINT('',(7.65,0.0,-32.15));
#2266=VECTOR('',#2723,1000.0);
#2267=AXIS2_PLACEMENT_3D('',#2724,#2725,#2726);
#2268=CARTESIAN_POINT('',(10.15,-0.8,-29.65));
#2269=AXIS2_PLACEMENT_3D('',#2727,#2728,#2729);
#2270=CARTESIAN_POINT('',(10.15,0.0,-29.65));
#2271=VECTOR('',#2730,1000.0);
#2272=AXIS2_PLACEMENT_3D('',#2731,#2732,#2733);
#2273=CARTESIAN_POINT('',(10.15,-0.8,14.15));
#2274=VECTOR('',#2734,1000.0);
#2275=AXIS2_PLACEMENT_3D('',#2735,#2736,#2737);
#2276=AXIS2_PLACEMENT_3D('',#2738,#2739,#2740);
#2277=AXIS2_PLACEMENT_3D('',#2741,#2742,#2743);
#2278=AXIS2_PLACEMENT_3D('',#2744,#2745,#2746);
#2279=CARTESIAN_POINT('',(-5.15,-0.3,-29.15));
#2280=VECTOR('',#2747,1000.0);
#2281=CARTESIAN_POINT('',(-4.15,-0.3,-30.15));
#2282=VECTOR('',#2748,1000.0);
#2283=CARTESIAN_POINT('',(7.15,-0.3,-30.15));
#2284=VECTOR('',#2749,1000.0);
#2285=CARTESIAN_POINT('',(8.14999999999999,-0.3,-29.15));
#2286=VECTOR('',#2750,1000.0);
#2287=CARTESIAN_POINT('',(6.63541917671047,-0.3,-8.74999999999998));
#2288=VECTOR('',#2751,1000.0);
#2289=CARTESIAN_POINT('',(-2.37298334620742,-0.3,-8.74999999999998));
#2290=VECTOR('',#2752,1000.0);
#2291=CARTESIAN_POINT('',(-3.63541917671047,-0.3,-8.74999999999998));
#2292=VECTOR('',#2753,1000.0);
#2293=CARTESIAN_POINT('',(-5.15,-0.3,-8.74999999999998));
#2294=VECTOR('',#2754,1000.0);
#2295=CARTESIAN_POINT('',(-4.15,-0.3,14.65));
#2296=VECTOR('',#2755,1000.0);
#2297=CARTESIAN_POINT('',(-5.15,-0.3,13.65));
#2298=VECTOR('',#2756,1000.0);
#2299=CARTESIAN_POINT('',(-5.15,-0.3,-6.74999999999998));
#2300=VECTOR('',#2757,1000.0);
#2301=CARTESIAN_POINT('',(-3.63541917671047,-0.3,-6.74999999999998));
#2302=VECTOR('',#2758,1000.0);
#2303=CARTESIAN_POINT('',(5.37298334620741,-0.3,-6.74999999999998));
#2304=VECTOR('',#2759,1000.0);
#2305=CARTESIAN_POINT('',(6.63541917671047,0.0,-6.74999999999998));
#2306=VECTOR('',#2760,1000.0);
#2307=CARTESIAN_POINT('',(8.15,-0.3,13.65));
#2308=VECTOR('',#2761,1000.0);
#2309=CARTESIAN_POINT('',(7.15,-0.3,14.65));
#2310=VECTOR('',#2762,1000.0);
#2311=CARTESIAN_POINT('',(6.87558051651312,-0.3,-6.93055555555553));
#2312=VECTOR('',#2763,1000.0);
#2313=CARTESIAN_POINT('',(6.87558051651312,-0.3,-8.56944444444443));
#2314=VECTOR('',#2764,1000.0);
#2315=DIRECTION('',(0.0,1.0,-0.0));
#2316=CARTESIAN_POINT('',(-4.5,-0.3,-6.74999999999998));
#2317=DIRECTION('',(0.0,1.0,0.0));
#2318=DIRECTION('',(0.0,0.0,1.0));
#2319=DIRECTION('',(-0.0,1.0,-0.0));
#2320=CARTESIAN_POINT('',(-4.5,0.0,-6.74999999999998));
#2321=DIRECTION('',(0.0,1.0,0.0));
#2322=DIRECTION('',(0.0,0.0,1.0));
#2323=DIRECTION('',(0.0,1.0,-0.0));
#2324=CARTESIAN_POINT('',(7.5,-0.3,-6.74999999999998));
#2325=DIRECTION('',(0.0,1.0,0.0));
#2326=DIRECTION('',(0.0,0.0,1.0));
#2327=DIRECTION('',(-0.0,1.0,-0.0));
#2328=CARTESIAN_POINT('',(7.5,0.0,-6.74999999999998));
#2329=DIRECTION('',(0.0,1.0,0.0));
#2330=DIRECTION('',(0.0,0.0,1.0));
#2331=DIRECTION('',(0.0,-1.0,0.0));
#2332=CARTESIAN_POINT('',(1.5,0.0,-7.74999999999999));
#2333=DIRECTION('',(0.0,1.0,-0.0));
#2334=DIRECTION('',(0.0,0.0,1.0));
#2335=DIRECTION('',(-0.0,1.0,-0.0));
#2336=CARTESIAN_POINT('',(1.5,-0.3,-7.74999999999999));
#2337=DIRECTION('',(0.0,1.0,-0.0));
#2338=DIRECTION('',(0.0,0.0,1.0));
#2339=CARTESIAN_POINT('',(9.85,-2.0,-22.75));
#2340=DIRECTION('',(1.0,0.0,-7.92111176245117E-17));
#2341=DIRECTION('',(0.0,1.0,0.0));
#2342=DIRECTION('',(1.0,4.62592926927148E-16,-7.92111176245117E-17));
#2343=CARTESIAN_POINT('',(10.15,-2.0,-22.75));
#2344=DIRECTION('',(1.0,0.0,-7.92111176245117E-17));
#2345=DIRECTION('',(0.0,1.0,0.0));
#2346=DIRECTION('',(1.0,4.62592926927148E-16,-7.92111176245117E-17));
#2347=CARTESIAN_POINT('',(9.85,-2.0,-12.75));
#2348=DIRECTION('',(1.0,0.0,-7.92111176245117E-17));
#2349=DIRECTION('',(0.0,1.0,0.0));
#2350=DIRECTION('',(1.0,4.62592926927148E-16,-7.92111176245117E-17));
#2351=CARTESIAN_POINT('',(10.15,-2.0,-12.75));
#2352=DIRECTION('',(1.0,0.0,-7.92111176245117E-17));
#2353=DIRECTION('',(0.0,1.0,0.0));
#2354=DIRECTION('',(1.0,4.62592926927148E-16,-7.92111176245117E-17));
#2355=CARTESIAN_POINT('',(9.85,-2.0,-2.75));
#2356=DIRECTION('',(1.0,0.0,-7.92111176245117E-17));
#2357=DIRECTION('',(0.0,1.0,0.0));
#2358=DIRECTION('',(1.0,4.62592926927148E-16,-7.92111176245117E-17));
#2359=CARTESIAN_POINT('',(10.15,-2.0,-2.75));
#2360=DIRECTION('',(1.0,0.0,-7.92111176245117E-17));
#2361=DIRECTION('',(0.0,1.0,0.0));
#2362=DIRECTION('',(1.0,4.62592926927148E-16,-7.92111176245117E-17));
#2363=CARTESIAN_POINT('',(-7.15000000000001,-2.00000000000001,-22.75));
#2364=DIRECTION('',(1.0,0.0,-7.92111176245117E-17));
#2365=DIRECTION('',(0.0,1.0,0.0));
#2366=DIRECTION('',(1.0,4.62592926927148E-16,-7.92111176245117E-17));
#2367=CARTESIAN_POINT('',(-6.85,-2.00000000000001,-22.75));
#2368=DIRECTION('',(-1.0,-0.0,-1.58422235249023E-16));
#2369=DIRECTION('',(0.0,-1.0,0.0));
#2370=DIRECTION('',(1.0,4.62592926927148E-16,-7.92111176245117E-17));
#2371=CARTESIAN_POINT('',(-7.15000000000001,-2.00000000000001,-12.75));
#2372=DIRECTION('',(1.0,0.0,-7.92111176245117E-17));
#2373=DIRECTION('',(0.0,1.0,0.0));
#2374=DIRECTION('',(1.0,4.62592926927148E-16,-7.92111176245117E-17));
#2375=CARTESIAN_POINT('',(-6.85,-2.00000000000001,-12.75));
#2376=DIRECTION('',(-1.0,-0.0,-1.58422235249023E-16));
#2377=DIRECTION('',(0.0,-1.0,0.0));
#2378=DIRECTION('',(1.0,4.62592926927148E-16,-7.92111176245117E-17));
#2379=CARTESIAN_POINT('',(-7.15000000000001,-2.00000000000001,-2.75));
#2380=DIRECTION('',(1.0,0.0,-7.92111176245117E-17));
#2381=DIRECTION('',(0.0,1.0,0.0));
#2382=DIRECTION('',(1.0,4.62592926927148E-16,-7.92111176245117E-17));
#2383=CARTESIAN_POINT('',(-6.85,-2.00000000000001,-2.75));
#2384=DIRECTION('',(-1.0,-0.0,-1.58422235249023E-16));
#2385=DIRECTION('',(0.0,-1.0,0.0));
#2386=DIRECTION('',(1.0,4.62592926927148E-16,-7.92111176245117E-17));
#2387=CARTESIAN_POINT('',(-7.15000000000001,-2.00000000000001,7.25));
#2388=DIRECTION('',(1.0,0.0,-7.92111176245117E-17));
#2389=DIRECTION('',(0.0,1.0,0.0));
#2390=DIRECTION('',(1.0,4.62592926927148E-16,-7.92111176245117E-17));
#2391=CARTESIAN_POINT('',(-6.85,-2.00000000000001,7.25));
#2392=DIRECTION('',(-1.0,-0.0,-1.58422235249023E-16));
#2393=DIRECTION('',(0.0,-1.0,0.0));
#2394=DIRECTION('',(1.0,4.62592926927148E-16,-7.92111176245117E-17));
#2395=CARTESIAN_POINT('',(9.85,-2.0,7.25));
#2396=DIRECTION('',(1.0,0.0,-7.92111176245117E-17));
#2397=DIRECTION('',(0.0,1.0,0.0));
#2398=DIRECTION('',(1.0,4.62592926927148E-16,-7.92111176245117E-17));
#2399=CARTESIAN_POINT('',(10.15,-2.0,7.25));
#2400=DIRECTION('',(1.0,0.0,-7.92111176245117E-17));
#2401=DIRECTION('',(0.0,1.0,0.0));
#2402=DIRECTION('',(1.0,4.62592926927148E-16,-7.92111176245117E-17));
#2403=CARTESIAN_POINT('',(7.5,-0.3,-8.74999999999998));
#2404=DIRECTION('',(0.0,1.0,0.0));
#2405=DIRECTION('',(0.0,0.0,1.0));
#2406=DIRECTION('',(-0.0,1.0,-0.0));
#2407=CARTESIAN_POINT('',(7.5,0.0,-8.74999999999998));
#2408=DIRECTION('',(0.0,1.0,0.0));
#2409=DIRECTION('',(0.0,0.0,1.0));
#2410=DIRECTION('',(-0.0,1.0,-0.0));
#2411=CARTESIAN_POINT('',(-4.5,-0.3,-8.74999999999998));
#2412=DIRECTION('',(0.0,1.0,0.0));
#2413=DIRECTION('',(0.0,0.0,1.0));
#2414=DIRECTION('',(-0.0,1.0,-0.0));
#2415=CARTESIAN_POINT('',(-4.5,0.0,-8.74999999999998));
#2416=DIRECTION('',(0.0,1.0,0.0));
#2417=DIRECTION('',(0.0,0.0,1.0));
#2418=DIRECTION('',(0.0,-1.0,0.0));
#2419=CARTESIAN_POINT('',(1.5,-0.3,-7.74999999999999));
#2420=DIRECTION('',(0.0,1.0,-0.0));
#2421=DIRECTION('',(0.0,0.0,1.0));
#2422=DIRECTION('',(-0.0,1.0,-0.0));
#2423=CARTESIAN_POINT('',(1.5,0.0,-7.74999999999999));
#2424=DIRECTION('',(0.0,1.0,-0.0));
#2425=DIRECTION('',(0.0,0.0,1.0));
#2426=DIRECTION('',(-0.0,1.0,-0.0));
#2427=DIRECTION('',(1.0,-0.0,-0.0));
#2428=CARTESIAN_POINT('',(7.65,0.0,14.15));
#2429=DIRECTION('',(0.0,1.0,-0.0));
#2430=DIRECTION('',(-2.04085114820801E-15,0.0,1.0));
#2431=DIRECTION('',(-7.92111176245117E-17,-0.0,-1.0));
#2432=CARTESIAN_POINT('',(7.65,0.0,-29.65));
#2433=DIRECTION('',(-0.0,1.0,0.0));
#2434=DIRECTION('',(1.0,0.0,0.0));
#2435=DIRECTION('',(-1.0,-0.0,1.12827543152963E-15));
#2436=CARTESIAN_POINT('',(-4.65,0.0,-29.65));
#2437=DIRECTION('',(0.0,1.0,0.0));
#2438=DIRECTION('',(1.02042557410401E-15,0.0,-1.0));
#2439=DIRECTION('',(-1.58422235249023E-16,-0.0,1.0));
#2440=CARTESIAN_POINT('',(-4.65,0.0,14.15));
#2441=DIRECTION('',(0.0,1.0,0.0));
#2442=DIRECTION('',(-1.0,0.0,-2.04085114820801E-15));
#2443=CARTESIAN_POINT('',(7.5,0.0,-8.74999999999998));
#2444=DIRECTION('',(0.0,1.0,0.0));
#2445=DIRECTION('',(0.0,0.0,1.0));
#2446=CARTESIAN_POINT('',(6.63541917671047,0.0,-8.49999999999998));
#2447=DIRECTION('',(0.0,1.0,0.0));
#2448=DIRECTION('',(0.0,0.0,-1.0));
#2449=DIRECTION('',(1.0,-0.0,0.0));
#2450=CARTESIAN_POINT('',(1.5,0.0,-7.74999999999999));
#2451=DIRECTION('',(0.0,1.0,-0.0));
#2452=DIRECTION('',(0.0,0.0,1.0));
#2453=DIRECTION('',(1.0,-0.0,0.0));
#2454=CARTESIAN_POINT('',(-3.63541917671047,0.0,-8.49999999999998));
#2455=DIRECTION('',(0.0,1.0,0.0));
#2456=DIRECTION('',(0.0,0.0,-1.0));
#2457=CARTESIAN_POINT('',(-4.5,0.0,-8.74999999999998));
#2458=DIRECTION('',(0.0,1.0,0.0));
#2459=DIRECTION('',(0.0,0.0,1.0));
#2460=DIRECTION('',(1.01327305839767E-16,0.0,1.0));
#2461=CARTESIAN_POINT('',(-4.15,0.0,-29.15));
#2462=DIRECTION('',(0.0,-1.0,0.0));
#2463=DIRECTION('',(0.0,0.0,1.0));
#2464=DIRECTION('',(-1.0,0.0,0.0));
#2465=CARTESIAN_POINT('',(7.15,0.0,-29.15));
#2466=DIRECTION('',(0.0,-1.0,0.0));
#2467=DIRECTION('',(0.0,0.0,1.0));
#2468=DIRECTION('',(-2.02654611679534E-16,0.0,-1.0));
#2469=DIRECTION('',(1.0,-0.0,0.0));
#2470=CARTESIAN_POINT('',(6.63541917671047,0.0,-6.99999999999998));
#2471=DIRECTION('',(0.0,1.0,0.0));
#2472=DIRECTION('',(0.0,0.0,-1.0));
#2473=CARTESIAN_POINT('',(7.5,0.0,-6.74999999999998));
#2474=DIRECTION('',(0.0,1.0,0.0));
#2475=DIRECTION('',(0.0,0.0,1.0));
#2476=DIRECTION('',(-2.02654611679534E-16,0.0,-1.0));
#2477=CARTESIAN_POINT('',(7.15,0.0,13.65));
#2478=DIRECTION('',(0.0,-1.0,0.0));
#2479=DIRECTION('',(0.0,0.0,1.0));
#2480=DIRECTION('',(1.0,-0.0,0.0));
#2481=CARTESIAN_POINT('',(-4.15,0.0,13.65));
#2482=DIRECTION('',(-0.0,-1.0,0.0));
#2483=DIRECTION('',(-8.67361737988403E-16,0.0,1.0));
#2484=DIRECTION('',(1.01327305839767E-16,0.0,1.0));
#2485=CARTESIAN_POINT('',(-4.5,0.0,-6.74999999999998));
#2486=DIRECTION('',(0.0,1.0,0.0));
#2487=DIRECTION('',(0.0,0.0,1.0));
#2488=CARTESIAN_POINT('',(-3.63541917671047,0.0,-6.99999999999998));
#2489=DIRECTION('',(0.0,1.0,0.0));
#2490=DIRECTION('',(0.0,0.0,-1.0));
#2491=DIRECTION('',(1.0,-0.0,0.0));
#2492=CARTESIAN_POINT('',(1.5,0.0,-7.74999999999999));
#2493=DIRECTION('',(0.0,1.0,-0.0));
#2494=DIRECTION('',(0.0,0.0,1.0));
#2495=CARTESIAN_POINT('',(7.65,-0.3,14.15));
#2496=DIRECTION('',(-0.0,1.0,0.0));
#2497=DIRECTION('',(0.0,0.0,1.0));
#2498=DIRECTION('',(1.0,-0.0,-0.0));
#2499=CARTESIAN_POINT('',(-4.65,-0.3,14.15));
#2500=DIRECTION('',(-0.0,1.0,0.0));
#2501=DIRECTION('',(0.0,0.0,1.0));
#2502=DIRECTION('',(-1.58422235249023E-16,-0.0,1.0));
#2503=CARTESIAN_POINT('',(-4.65,-0.3,-29.65));
#2504=DIRECTION('',(-0.0,1.0,0.0));
#2505=DIRECTION('',(0.0,0.0,1.0));
#2506=DIRECTION('',(-1.0,-0.0,1.12827543152963E-15));
#2507=CARTESIAN_POINT('',(7.65,-0.3,-29.65));
#2508=DIRECTION('',(-0.0,1.0,0.0));
#2509=DIRECTION('',(0.0,0.0,1.0));
#2510=DIRECTION('',(-7.92111176245117E-17,-0.0,-1.0));
#2511=DIRECTION('',(1.0,-0.0,0.0));
#2512=CARTESIAN_POINT('',(6.63541917671047,-0.3,-8.49999999999998));
#2513=DIRECTION('',(0.0,-1.0,0.0));
#2514=DIRECTION('',(0.0,0.0,-1.0));
#2515=CARTESIAN_POINT('',(7.5,-0.3,-8.74999999999998));
#2516=DIRECTION('',(0.0,1.0,0.0));
#2517=DIRECTION('',(0.0,0.0,1.0));
#2518=DIRECTION('',(-2.02654611679534E-16,0.0,-1.0));
#2519=CARTESIAN_POINT('',(7.15,-0.3,-29.15));
#2520=DIRECTION('',(0.0,-1.0,0.0));
#2521=DIRECTION('',(0.0,0.0,1.0));
#2522=DIRECTION('',(-1.0,0.0,0.0));
#2523=CARTESIAN_POINT('',(-4.15,-0.3,-29.15));
#2524=DIRECTION('',(0.0,-1.0,0.0));
#2525=DIRECTION('',(0.0,0.0,1.0));
#2526=DIRECTION('',(1.01327305839767E-16,0.0,1.0));
#2527=CARTESIAN_POINT('',(-4.5,-0.3,-8.74999999999998));
#2528=DIRECTION('',(0.0,1.0,0.0));
#2529=DIRECTION('',(0.0,0.0,1.0));
#2530=CARTESIAN_POINT('',(-3.63541917671047,-0.3,-8.49999999999998));
#2531=DIRECTION('',(0.0,-1.0,0.0));
#2532=DIRECTION('',(0.0,0.0,-1.0));
#2533=DIRECTION('',(1.0,-0.0,0.0));
#2534=CARTESIAN_POINT('',(1.5,-0.3,-7.74999999999999));
#2535=DIRECTION('',(0.0,1.0,-0.0));
#2536=DIRECTION('',(0.0,0.0,1.0));
#2537=CARTESIAN_POINT('',(7.5,-0.3,-6.74999999999998));
#2538=DIRECTION('',(0.0,1.0,0.0));
#2539=DIRECTION('',(0.0,0.0,1.0));
#2540=CARTESIAN_POINT('',(6.63541917671047,-0.3,-6.99999999999998));
#2541=DIRECTION('',(0.0,-1.0,0.0));
#2542=DIRECTION('',(0.0,0.0,-1.0));
#2543=DIRECTION('',(1.0,-0.0,0.0));
#2544=CARTESIAN_POINT('',(1.5,-0.3,-7.74999999999999));
#2545=DIRECTION('',(0.0,1.0,-0.0));
#2546=DIRECTION('',(0.0,0.0,1.0));
#2547=DIRECTION('',(1.0,-0.0,0.0));
#2548=CARTESIAN_POINT('',(-3.63541917671047,-0.3,-6.99999999999998));
#2549=DIRECTION('',(0.0,-1.0,0.0));
#2550=DIRECTION('',(0.0,0.0,-1.0));
#2551=CARTESIAN_POINT('',(-4.5,-0.3,-6.74999999999998));
#2552=DIRECTION('',(0.0,1.0,0.0));
#2553=DIRECTION('',(0.0,0.0,1.0));
#2554=DIRECTION('',(1.01327305839767E-16,0.0,1.0));
#2555=CARTESIAN_POINT('',(-4.15,-0.3,13.65));
#2556=DIRECTION('',(0.0,-1.0,0.0));
#2557=DIRECTION('',(0.0,0.0,1.0));
#2558=DIRECTION('',(1.0,-0.0,0.0));
#2559=CARTESIAN_POINT('',(7.15,-0.3,13.65));
#2560=DIRECTION('',(0.0,-1.0,0.0));
#2561=DIRECTION('',(0.0,0.0,1.0));
#2562=DIRECTION('',(-2.02654611679534E-16,0.0,-1.0));
#2563=DIRECTION('',(6.93889390390723E-16,-0.0,-1.0));
#2564=CARTESIAN_POINT('',(-4.65,-7.5,14.15));
#2565=DIRECTION('',(0.0,1.0,0.0));
#2566=DIRECTION('',(-1.0,0.0,-1.38777878078144E-15));
#2567=DIRECTION('',(1.0,-4.62592926927148E-16,1.58422235249023E-16));
#2568=CARTESIAN_POINT('',(-4.65,-7.5,14.15));
#2569=DIRECTION('',(-0.0,1.0,0.0));
#2570=DIRECTION('',(0.0,0.0,1.0));
#2571=DIRECTION('',(-1.58422235249023E-16,-0.0,1.0));
#2572=DIRECTION('',(1.0,-0.0,-0.0));
#2573=DIRECTION('',(-1.58422235249023E-16,7.32850054941871E-32,1.0));
#2574=CARTESIAN_POINT('',(-4.65,-7.5,-29.65));
#2575=DIRECTION('',(0.0,1.0,0.0));
#2576=DIRECTION('',(6.93889390390726E-16,0.0,-1.0));
#2577=DIRECTION('',(1.12827543152963E-15,-4.62592926927148E-16,1.0));
#2578=CARTESIAN_POINT('',(-4.65,-7.5,-29.65));
#2579=DIRECTION('',(-0.0,1.0,0.0));
#2580=DIRECTION('',(0.0,0.0,1.0));
#2581=DIRECTION('',(-1.0,-0.0,1.12827543152963E-15));
#2582=DIRECTION('',(-6.93889390390722E-16,-0.0,1.0));
#2583=DIRECTION('',(-1.0,0.0,1.12827543152963E-15));
#2584=CARTESIAN_POINT('',(7.65,-7.5,-29.65));
#2585=DIRECTION('',(-0.0,1.0,0.0));
#2586=DIRECTION('',(1.0,0.0,0.0));
#2587=DIRECTION('',(-1.0,-4.62592926927148E-16,7.92111176245117E-17));
#2588=CARTESIAN_POINT('',(7.65,-7.5,-29.65));
#2589=DIRECTION('',(-0.0,1.0,0.0));
#2590=DIRECTION('',(0.0,0.0,1.0));
#2591=DIRECTION('',(-7.92111176245117E-17,-0.0,-1.0));
#2592=DIRECTION('',(-1.0,-0.0,-0.0));
#2593=DIRECTION('',(-7.92111176245117E-17,-3.66425027470935E-32,-1.0));
#2594=CARTESIAN_POINT('',(7.65,-7.5,14.15));
#2595=DIRECTION('',(0.0,1.0,-0.0));
#2596=DIRECTION('',(-1.38777878078145E-15,0.0,1.0));
#2597=DIRECTION('',(-0.0,-4.62592926927148E-16,-1.0));
#2598=CARTESIAN_POINT('',(7.65,-7.5,14.15));
#2599=DIRECTION('',(-0.0,1.0,0.0));
#2600=DIRECTION('',(0.0,0.0,1.0));
#2601=DIRECTION('',(1.0,-0.0,-0.0));
#2602=DIRECTION('',(1.0,0.0,-0.0));
#2603=CARTESIAN_POINT('',(7.65,-0.799999999999999,14.15));
#2604=DIRECTION('',(-0.0,1.0,0.0));
#2605=DIRECTION('',(0.0,0.0,1.0));
#2606=DIRECTION('',(0.0,-1.0,0.0));
#2607=DIRECTION('',(0.0,-1.0,4.62592926927148E-16));
#2608=CARTESIAN_POINT('',(9.35,-0.8,14.15));
#2609=DIRECTION('',(1.84264370451239E-46,1.06221177613038E-31,-1.0));
#2610=DIRECTION('',(1.0,-1.73472347597681E-15,3.88938454866321E-62));
#2611=CARTESIAN_POINT('',(7.65,-0.8,15.85));
#2612=DIRECTION('',(1.0,-0.0,0.0));
#2613=DIRECTION('',(0.0,0.0,-1.0));
#2614=DIRECTION('',(0.0,-1.0,0.0));
#2615=DIRECTION('',(1.0,0.0,-0.0));
#2616=CARTESIAN_POINT('',(-4.65,-0.8,15.85));
#2617=DIRECTION('',(1.0,-2.2027823738929E-30,1.73472347597681E-15));
#2618=DIRECTION('',(-1.73472347597681E-15,-2.60208521396521E-15,1.0));
#2619=DIRECTION('',(-4.62592926927148E-16,-1.0,0.0));
#2620=CARTESIAN_POINT('',(-4.65,-0.799999999999999,14.15));
#2621=DIRECTION('',(-0.0,1.0,0.0));
#2622=DIRECTION('',(0.0,0.0,1.0));
#2623=CARTESIAN_POINT('',(-6.35,-0.8,14.15));
#2624=DIRECTION('',(0.0,-0.0,1.0));
#2625=DIRECTION('',(1.0,0.0,0.0));
#2626=DIRECTION('',(0.0,-1.0,0.0));
#2627=DIRECTION('',(-1.58422235249023E-16,7.32850054941871E-32,1.0));
#2628=CARTESIAN_POINT('',(-6.85,-2.00000000000001,-22.75));
#2629=DIRECTION('',(-1.0,-0.0,-1.58422235249023E-16));
#2630=DIRECTION('',(0.0,-1.0,0.0));
#2631=CARTESIAN_POINT('',(-6.85,-2.00000000000001,-12.75));
#2632=DIRECTION('',(-1.0,-0.0,-1.58422235249023E-16));
#2633=DIRECTION('',(0.0,-1.0,0.0));
#2634=CARTESIAN_POINT('',(-6.85,-2.00000000000001,-2.75));
#2635=DIRECTION('',(-1.0,-0.0,-1.58422235249023E-16));
#2636=DIRECTION('',(0.0,-1.0,0.0));
#2637=CARTESIAN_POINT('',(-6.85,-2.00000000000001,7.25));
#2638=DIRECTION('',(-1.0,-0.0,-1.58422235249023E-16));
#2639=DIRECTION('',(0.0,-1.0,0.0));
#2640=CARTESIAN_POINT('',(-6.34999999999999,-0.8,-29.65));
#2641=DIRECTION('',(-1.24378450054587E-45,4.77995299258672E-31,1.0));
#2642=DIRECTION('',(-1.0,-2.60208521396521E-15,0.0));
#2643=DIRECTION('',(-5.21932234251283E-31,-1.0,-4.62592926927148E-16));
#2644=CARTESIAN_POINT('',(-4.65,-0.799999999999999,-29.65));
#2645=DIRECTION('',(-0.0,1.0,0.0));
#2646=DIRECTION('',(0.0,0.0,1.0));
#2647=CARTESIAN_POINT('',(-4.65,-0.8,-31.35));
#2648=DIRECTION('',(-1.0,-0.0,1.73472347597681E-15));
#2649=DIRECTION('',(1.73472347597681E-15,0.0,1.0));
#2650=DIRECTION('',(0.0,-1.0,0.0));
#2651=DIRECTION('',(-1.0,0.0,1.12827543152963E-15));
#2652=CARTESIAN_POINT('',(7.65,-0.8,-31.35));
#2653=DIRECTION('',(-1.0,1.47422149947145E-30,-3.83604996588429E-45));
#2654=DIRECTION('',(0.0,-2.60208521396521E-15,-1.0));
#2655=DIRECTION('',(4.62592926927148E-16,-1.0,-0.0));
#2656=CARTESIAN_POINT('',(7.65,-0.799999999999999,-29.65));
#2657=DIRECTION('',(-0.0,1.0,0.0));
#2658=DIRECTION('',(0.0,0.0,1.0));
#2659=CARTESIAN_POINT('',(9.35,-0.8,-29.65));
#2660=DIRECTION('',(0.0,0.0,-1.0));
#2661=DIRECTION('',(-1.0,0.0,0.0));
#2662=DIRECTION('',(-7.92111176245117E-17,-3.66425027470935E-32,-1.0));
#2663=CARTESIAN_POINT('',(9.85,-2.0,-22.75));
#2664=DIRECTION('',(1.0,0.0,-7.92111176245117E-17));
#2665=DIRECTION('',(0.0,1.0,0.0));
#2666=CARTESIAN_POINT('',(9.85,-2.0,-12.75));
#2667=DIRECTION('',(1.0,0.0,-7.92111176245117E-17));
#2668=DIRECTION('',(0.0,1.0,0.0));
#2669=CARTESIAN_POINT('',(9.85,-2.0,-2.75));
#2670=DIRECTION('',(1.0,0.0,-7.92111176245117E-17));
#2671=DIRECTION('',(0.0,1.0,0.0));
#2672=CARTESIAN_POINT('',(9.85,-2.0,7.25));
#2673=DIRECTION('',(1.0,0.0,-7.92111176245117E-17));
#2674=DIRECTION('',(0.0,1.0,0.0));
#2675=CARTESIAN_POINT('',(7.65,-0.799999999999999,14.15));
#2676=DIRECTION('',(-6.01853107621011E-32,1.0,4.33680868994202E-17));
#2677=DIRECTION('',(-1.38777878078145E-15,-4.33680868994202E-17,1.0));
#2678=DIRECTION('',(-3.66425027470935E-32,-1.0,4.62592926927148E-16));
#2679=DIRECTION('',(4.62592926927148E-16,-1.0,0.0));
#2680=CARTESIAN_POINT('',(7.65,-0.8,15.85));
#2681=DIRECTION('',(1.0,1.39556406946938E-31,2.45874459343731E-46));
#2682=DIRECTION('',(0.0,-1.76182853028895E-15,1.0));
#2683=CARTESIAN_POINT('',(9.35,-0.8,14.15));
#2684=DIRECTION('',(0.0,-0.0,-1.0));
#2685=DIRECTION('',(1.0,-1.76182853028894E-15,0.0));
#2686=DIRECTION('',(1.0,-0.0,-0.0));
#2687=DIRECTION('',(-3.66425027470935E-32,-1.0,4.62592926927148E-16));
#2688=CARTESIAN_POINT('',(-4.65,-0.8,15.85));
#2689=DIRECTION('',(1.0,1.39556406946938E-31,2.45874459343731E-46));
#2690=DIRECTION('',(0.0,-1.76182853028895E-15,1.0));
#2691=CARTESIAN_POINT('',(-4.65,-0.799999999999999,14.15));
#2692=DIRECTION('',(-4.33680868994202E-17,1.0,-6.01853107621012E-32));
#2693=DIRECTION('',(-1.0,-4.33680868994202E-17,-1.38777878078145E-15));
#2694=DIRECTION('',(-4.62592926927148E-16,-1.0,-1.09927508241281E-31));
#2695=CARTESIAN_POINT('',(-6.35,-0.8,14.15));
#2696=DIRECTION('',(-7.37623378031189E-46,4.18669220840815E-31,1.0));
#2697=DIRECTION('',(-1.0,-1.76182853028894E-15,1.94469227433161E-61));
#2698=DIRECTION('',(-1.58422235249023E-16,-0.0,1.0));
#2699=DIRECTION('',(-4.62592926927148E-16,-1.0,-3.66425027470935E-32));
#2700=CARTESIAN_POINT('',(-7.15000000000001,-2.00000000000001,-22.75));
#2701=DIRECTION('',(1.0,0.0,-7.92111176245117E-17));
#2702=DIRECTION('',(0.0,1.0,0.0));
#2703=CARTESIAN_POINT('',(-7.15000000000001,-2.00000000000001,-12.75));
#2704=DIRECTION('',(1.0,0.0,-7.92111176245117E-17));
#2705=DIRECTION('',(0.0,1.0,0.0));
#2706=CARTESIAN_POINT('',(-7.15000000000001,-2.00000000000001,-2.75));
#2707=DIRECTION('',(1.0,0.0,-7.92111176245117E-17));
#2708=DIRECTION('',(0.0,1.0,0.0));
#2709=CARTESIAN_POINT('',(-7.15000000000001,-2.00000000000001,7.25));
#2710=DIRECTION('',(1.0,0.0,-7.92111176245117E-17));
#2711=DIRECTION('',(0.0,1.0,0.0));
#2712=CARTESIAN_POINT('',(-6.34999999999999,-0.8,-29.65));
#2713=DIRECTION('',(0.0,0.0,1.0));
#2714=DIRECTION('',(-1.0,0.0,0.0));
#2715=CARTESIAN_POINT('',(-4.65,-0.799999999999999,-29.65));
#2716=DIRECTION('',(3.00926553810508E-32,1.0,-4.33680868994204E-17));
#2717=DIRECTION('',(6.93889390390726E-16,-4.33680868994204E-17,-1.0));
#2718=DIRECTION('',(-4.8528973150419E-31,-1.0,-4.62592926927148E-16));
#2719=CARTESIAN_POINT('',(-4.65,-0.8,-31.35));
#2720=DIRECTION('',(-1.0,6.19068817401764E-32,1.0842021724855E-15));
#2721=DIRECTION('',(-1.0842021724855E-15,-1.76182853028894E-15,-1.0));
#2722=DIRECTION('',(-1.0,-0.0,1.12827543152963E-15));
#2723=DIRECTION('',(3.66425027470935E-32,-1.0,-4.62592926927148E-16));
#2724=CARTESIAN_POINT('',(7.65,-0.8,-31.35));
#2725=DIRECTION('',(-1.0,1.39556406946938E-31,-2.45874459343729E-46));
#2726=DIRECTION('',(-4.861730685829E-62,-1.76182853028894E-15,-1.0));
#2727=CARTESIAN_POINT('',(7.65,-0.799999999999999,-29.65));
#2728=DIRECTION('',(4.33680868994202E-17,1.0,0.0));
#2729=DIRECTION('',(1.0,-4.33680868994202E-17,0.0));
#2730=DIRECTION('',(4.62592926927148E-16,-1.0,0.0));
#2731=CARTESIAN_POINT('',(9.35,-0.8,-29.65));
#2732=DIRECTION('',(0.0,-0.0,-1.0));
#2733=DIRECTION('',(1.0,-1.76182853028894E-15,0.0));
#2734=DIRECTION('',(-7.92111176245117E-17,-0.0,-1.0));
#2735=CARTESIAN_POINT('',(10.15,-2.0,-22.75));
#2736=DIRECTION('',(1.0,0.0,-7.92111176245117E-17));
#2737=DIRECTION('',(0.0,1.0,0.0));
#2738=CARTESIAN_POINT('',(10.15,-2.0,-12.75));
#2739=DIRECTION('',(1.0,0.0,-7.92111176245117E-17));
#2740=DIRECTION('',(0.0,1.0,0.0));
#2741=CARTESIAN_POINT('',(10.15,-2.0,-2.75));
#2742=DIRECTION('',(1.0,0.0,-7.92111176245117E-17));
#2743=DIRECTION('',(0.0,1.0,0.0));
#2744=CARTESIAN_POINT('',(10.15,-2.0,7.25));
#2745=DIRECTION('',(1.0,0.0,-7.92111176245117E-17));
#2746=DIRECTION('',(0.0,1.0,0.0));
#2747=DIRECTION('',(-0.0,1.0,-0.0));
#2748=DIRECTION('',(-0.0,1.0,-0.0));
#2749=DIRECTION('',(-0.0,1.0,-0.0));
#2750=DIRECTION('',(-0.0,1.0,-0.0));
#2751=DIRECTION('',(0.0,-1.0,-0.0));
#2752=DIRECTION('',(-0.0,1.0,-0.0));
#2753=DIRECTION('',(-0.0,1.0,0.0));
#2754=DIRECTION('',(-0.0,1.0,-0.0));
#2755=DIRECTION('',(-0.0,1.0,-0.0));
#2756=DIRECTION('',(-0.0,1.0,-0.0));
#2757=DIRECTION('',(-0.0,1.0,-0.0));
#2758=DIRECTION('',(0.0,-1.0,0.0));
#2759=DIRECTION('',(-0.0,1.0,-0.0));
#2760=DIRECTION('',(-0.0,1.0,-0.0));
#2761=DIRECTION('',(-0.0,1.0,-0.0));
#2762=DIRECTION('',(-0.0,1.0,-0.0));
#2763=DIRECTION('',(0.0,-1.0,0.0));
#2764=DIRECTION('',(-0.0,1.0,-0.0));
#2765=PRESENTATION_LAYER_ASSIGNMENT('','',(#24,#46,#47,#48,#49,#50,#51,#52,#53,#54,#55,#56,#57,#58,#59,#60,#61,#62,#63,#64,#65,#66,#67,#68,#69,#70,#71,#72,#73,#74,#75,#76,#77,#78,#79,#80,#81,#82,#83,#84,#85,#86,#87,#88,#89,#90,#91,#92,#93,#94,#95,#96,#97,#98,#99,#100,#101,#102,#103,#104,#105,#106,#107,#108,#109,#110,#111,#112,#113,#114,#115,#116,#117,#118,#119,#120,#121,#122,#123,#124,#125,#126,#127,#128,#129,#130,#131,#132,#133,#1244,#1245,#1246,#1248,#1249,#1250,#1252,#1253,#1254,#1255,#1256,#1257,#1258,#1259,#1260,#1261,#1262,#1263,#1264,#1265,#1266,#1267,#1268,#1269,#1270,#1271,#1272,#1273,#1274,#1275,#1276,#1277,#1278,#1279,#1280,#1281,#1282,#1283,#1284,#1285,#1286,#1287,#1288,#1289,#1290,#1291,#1292,#1293,#1294,#1295,#1296,#1297,#1298,#1299,#1300,#1301,#1302,#1303,#1304,#1305,#1306,#1307,#1308,#1309,#1310,#1311,#1312,#1313,#1314,#1315,#1316,#1317,#1318,#1319,#1320,#1321,#1322,#1323,#1324,#1325,#1326,#1327,#1328,#1329,#1330,#1331,#1332,#1333,#1334,#1335,#1336,#1337,#1338,#1339,#1340,#1341,#1342,#1343,#1344,#1345,#1346,#1347,#1348,#1349,#1350,#1351,#1352,#1353,#1354,#1355,#1356,#1357,#1358,#1359,#1360,#1361,#1362,#1363,#1364,#1365,#1366,#1367,#1368,#1369,#1370,#1371,#1372,#1373,#1374,#1375,#1376,#1377,#1378,#1379,#1380,#1381,#1382,#1383,#1384,#1385,#1386,#1387,#1388,#1389,#1390,#1391,#1392,#1393,#1394,#1395,#1396,#1397,#1398,#1399,#1400,#1401,#1402,#1403,#1404,#1405,#1406,#1407,#1408,#1409,#1410,#1411,#1412,#1413,#1414,#1415,#1416,#1417,#1418,#1419,#1420,#1421,#1422,#1423,#1424,#1425,#1426,#1427,#1428,#1429,#1430,#1431,#1432,#1433,#1434,#1435,#1436,#1437,#1438,#1439,#1440,#1441,#1442,#1443,#1444,#1445,#1446,#1447,#1448,#1449,#1450,#1451,#1452,#1453,#1454,#1455,#1456,#1457,#1458,#1459,#1460,#1461,#1462,#1463,#1464,#1465,#1466,#1467,#1468,#1472,#1474,#1480,#1482,#1488,#1490,#1493,#1494,#1496,#1498,#1501,#1502,#1504,#1506,#1509,#1510,#1512,#1514,#1517,#1518,#1520,#1522,#1525,#1526,#1528,#1530,#1533,#1534,#1536,#1538,#1541,#1542,#1544,#1546,#1549,#1550,#1552,#1554,#1557,#1558,#1560,#1562,#1565,#1566,#1568,#1570,#1573,#1574,#1576,#1578,#1581,#1582,#1584,#1586,#1588,#1590,#1592,#1594,#1597,#1599,#1602,#1604,#1607,#1609,#1611,#1613,#1615,#1618,#1619,#1621,#1624,#1626,#1628,#1630,#1632,#1635,#1639,#1640,#1642,#1644,#1646,#1648,#1650,#1652,#1655,#1657,#1660,#1662,#1664,#1666,#1668,#1671,#1673,#1676,#1678,#1680,#1683,#1686,#1688,#1690,#1692,#1694,#1697,#1698,#1700,#1702,#1705,#1707,#1710,#1712,#1715,#1717,#1720,#1722,#1725,#1727,#1730,#1732,#1737,#1738,#1744,#1748,#1752,#1760,#1764,#1768,#1777,#1778,#1784,#1788,#1792,#1800,#1804,#1808));
ENDSEC;
END-ISO-10303-21;
