ISO-10303-21;
HEADER;
FILE_DESCRIPTION(('STEP AP242'),'1');
FILE_NAME('0705430002.stp','2026-03-21T13:19:42',('TraceParts'),('TraceParts S.A.S.'),'Spatial InterOp 3D',' ',' ');
FILE_SCHEMA(('AP242_MANAGED_MODEL_BASED_3D_ENGINEERING_MIM_LF  {1 0 10303 442 1 1 4}'));
ENDSEC;
DATA;
#1=PRODUCT_DEFINITION_CONTEXT('',#10,'design');
#2=APPLICATION_PROTOCOL_DEFINITION('INTERNATIONAL STANDARD','ap242_managed_model_based_3d_engineering',2014,#10);
#3=PRODUCT_CATEGORY_RELATIONSHIP('NONE','NONE',#11,#12);
#4=SHAPE_DEFINITION_REPRESENTATION(#13,#14);
#5=SHAPE_DEFINITION_REPRESENTATION(#13,#15);
#6= (GEOMETRIC_REPRESENTATION_CONTEXT(3)GLOBAL_UNCERTAINTY_ASSIGNED_CONTEXT((#18))GLOBAL_UNIT_ASSIGNED_CONTEXT((#20,#21,#22))REPRESENTATION_CONTEXT('NONE','WORKSPACE'));
#10=APPLICATION_CONTEXT('managed model based 3d engineering');
#11=PRODUCT_CATEGORY('part','NONE');
#12=PRODUCT_RELATED_PRODUCT_CATEGORY('detail',' ',(#24));
#13=PRODUCT_DEFINITION_SHAPE('NONE','NONE',#25);
#14=ADVANCED_BREP_SHAPE_REPRESENTATION('1',(#26,#27),#6);
#15=GEOMETRICALLY_BOUNDED_SURFACE_SHAPE_REPRESENTATION('2',(#28,#29),#6);
#18=UNCERTAINTY_MEASURE_WITH_UNIT(LENGTH_MEASURE(1.0E-06),#20,'','');
#20= (CONVERSION_BASED_UNIT('MILLIMETRE',#32)LENGTH_UNIT()NAMED_UNIT(#35));
#21= (NAMED_UNIT(#37)PLANE_ANGLE_UNIT()SI_UNIT($,.RADIAN.));
#22= (NAMED_UNIT(#37)SOLID_ANGLE_UNIT()SI_UNIT($,.STERADIAN.));
#24=PRODUCT('1','','PART--DESC',(#43));
#25=PRODUCT_DEFINITION('','NONE',#44,#1);
#26=MANIFOLD_SOLID_BREP('1',#45);
#27=AXIS2_PLACEMENT_3D('',#46,#47,#48);
#28=GEOMETRIC_SET('2',(#49,#50,#51));
#29=AXIS2_PLACEMENT_3D('',#52,#53,#54);
#32=LENGTH_MEASURE_WITH_UNIT(LENGTH_MEASURE(1.0),#55);
#35=DIMENSIONAL_EXPONENTS(1.0,0.0,0.0,0.0,0.0,0.0,0.0);
#37=DIMENSIONAL_EXPONENTS(0.0,0.0,0.0,0.0,0.0,0.0,0.0);
#43=PRODUCT_CONTEXT('',#10,'mechanical');
#44=PRODUCT_DEFINITION_FORMATION_WITH_SPECIFIED_SOURCE(' ','NONE',#24,.NOT_KNOWN.);
#45=CLOSED_SHELL('',(#56,#57,#58,#59,#60,#61,#62,#63,#64,#65,#66,#67,#68,#69,#70,#71,#72,#73,#74,#75,#76,#77,#78,#79,#80,#81,#82,#83,#84,#85,#86,#87,#88,#89,#90,#91,#92,#93,#94,#95,#96,#97,#98,#99,#100,#101,#102,#103,#104,#105,#106,#107,#108,#109,#110,#111,#112,#113,#114,#115,#116,#117,#118,#119,#120,#121,#122,#123,#124,#125,#126,#127,#128,#129,#130,#131,#132,#133,#134,#135,#136,#137,#138,#139,#140,#141,#142,#143,#144,#145,#146,#147,#148,#149,#150,#151,#152,#153,#154,#155,#156,#157,#158,#159,#160,#161));
#46=CARTESIAN_POINT('',(0.0,0.0,0.0));
#47=DIRECTION('',(0.0,0.0,1.0));
#48=DIRECTION('',(1.0,0.0,0.0));
#49=COMPOSITE_CURVE('',(#162,#163),.U.);
#50=COMPOSITE_CURVE('',(#164,#165),.U.);
#51=COMPOSITE_CURVE('',(#166,#167),.U.);
#52=CARTESIAN_POINT('',(0.0,0.0,0.0));
#53=DIRECTION('',(0.0,0.0,1.0));
#54=DIRECTION('',(1.0,0.0,0.0));
#55= (NAMED_UNIT(#35)LENGTH_UNIT()SI_UNIT(.MILLI.,.METRE.));
#56=ADVANCED_FACE('',(#169),#170,.F.);
#57=ADVANCED_FACE('',(#171),#172,.T.);
#58=ADVANCED_FACE('',(#173),#174,.F.);
#59=ADVANCED_FACE('',(#175),#176,.T.);
#60=ADVANCED_FACE('',(#177),#178,.T.);
#61=ADVANCED_FACE('',(#179),#180,.F.);
#62=ADVANCED_FACE('',(#181),#182,.T.);
#63=ADVANCED_FACE('',(#183),#184,.T.);
#64=ADVANCED_FACE('',(#185,#186,#187,#188),#189,.T.);
#65=ADVANCED_FACE('',(#190),#191,.T.);
#66=ADVANCED_FACE('',(#192),#193,.T.);
#67=ADVANCED_FACE('',(#194),#195,.T.);
#68=ADVANCED_FACE('',(#196,#197,#198,#199),#200,.T.);
#69=ADVANCED_FACE('',(#201),#202,.F.);
#70=ADVANCED_FACE('',(#203),#204,.F.);
#71=ADVANCED_FACE('',(#205),#206,.T.);
#72=ADVANCED_FACE('',(#207),#208,.T.);
#73=ADVANCED_FACE('',(#209),#210,.T.);
#74=ADVANCED_FACE('',(#211),#212,.T.);
#75=ADVANCED_FACE('',(#213),#214,.T.);
#76=ADVANCED_FACE('',(#215),#216,.T.);
#77=ADVANCED_FACE('',(#217),#218,.T.);
#78=ADVANCED_FACE('',(#219),#220,.T.);
#79=ADVANCED_FACE('',(#221),#222,.T.);
#80=ADVANCED_FACE('',(#223),#224,.T.);
#81=ADVANCED_FACE('',(#225),#226,.T.);
#82=ADVANCED_FACE('',(#227),#228,.T.);
#83=ADVANCED_FACE('',(#229),#230,.T.);
#84=ADVANCED_FACE('',(#231),#232,.T.);
#85=ADVANCED_FACE('',(#233),#234,.T.);
#86=ADVANCED_FACE('',(#235),#236,.T.);
#87=ADVANCED_FACE('',(#237),#238,.F.);
#88=ADVANCED_FACE('',(#239),#240,.F.);
#89=ADVANCED_FACE('',(#241),#242,.T.);
#90=ADVANCED_FACE('',(#243),#244,.T.);
#91=ADVANCED_FACE('',(#245),#246,.T.);
#92=ADVANCED_FACE('',(#247),#248,.T.);
#93=ADVANCED_FACE('',(#249),#250,.T.);
#94=ADVANCED_FACE('',(#251),#252,.T.);
#95=ADVANCED_FACE('',(#253),#254,.T.);
#96=ADVANCED_FACE('',(#255),#256,.T.);
#97=ADVANCED_FACE('',(#257),#258,.T.);
#98=ADVANCED_FACE('',(#259),#260,.T.);
#99=ADVANCED_FACE('',(#261),#262,.T.);
#100=ADVANCED_FACE('',(#263),#264,.T.);
#101=ADVANCED_FACE('',(#265),#266,.T.);
#102=ADVANCED_FACE('',(#267),#268,.T.);
#103=ADVANCED_FACE('',(#269),#270,.T.);
#104=ADVANCED_FACE('',(#271),#272,.T.);
#105=ADVANCED_FACE('',(#273),#274,.F.);
#106=ADVANCED_FACE('',(#275),#276,.F.);
#107=ADVANCED_FACE('',(#277),#278,.T.);
#108=ADVANCED_FACE('',(#279),#280,.T.);
#109=ADVANCED_FACE('',(#281),#282,.T.);
#110=ADVANCED_FACE('',(#283),#284,.T.);
#111=ADVANCED_FACE('',(#285),#286,.T.);
#112=ADVANCED_FACE('',(#287),#288,.T.);
#113=ADVANCED_FACE('',(#289),#290,.T.);
#114=ADVANCED_FACE('',(#291),#292,.T.);
#115=ADVANCED_FACE('',(#293),#294,.T.);
#116=ADVANCED_FACE('',(#295),#296,.T.);
#117=ADVANCED_FACE('',(#297),#298,.T.);
#118=ADVANCED_FACE('',(#299),#300,.T.);
#119=ADVANCED_FACE('',(#301),#302,.T.);
#120=ADVANCED_FACE('',(#303),#304,.T.);
#121=ADVANCED_FACE('',(#305),#306,.T.);
#122=ADVANCED_FACE('',(#307),#308,.T.);
#123=ADVANCED_FACE('',(#309),#310,.F.);
#124=ADVANCED_FACE('',(#311),#312,.F.);
#125=ADVANCED_FACE('',(#313),#314,.F.);
#126=ADVANCED_FACE('',(#315),#316,.T.);
#127=ADVANCED_FACE('',(#317),#318,.T.);
#128=ADVANCED_FACE('',(#319),#320,.T.);
#129=ADVANCED_FACE('',(#321),#322,.T.);
#130=ADVANCED_FACE('',(#323),#324,.T.);
#131=ADVANCED_FACE('',(#325),#326,.T.);
#132=ADVANCED_FACE('',(#327),#328,.F.);
#133=ADVANCED_FACE('',(#329),#330,.F.);
#134=ADVANCED_FACE('',(#331),#332,.T.);
#135=ADVANCED_FACE('',(#333),#334,.F.);
#136=ADVANCED_FACE('',(#335),#336,.T.);
#137=ADVANCED_FACE('',(#337),#338,.T.);
#138=ADVANCED_FACE('',(#339),#340,.F.);
#139=ADVANCED_FACE('',(#341),#342,.F.);
#140=ADVANCED_FACE('',(#343),#344,.F.);
#141=ADVANCED_FACE('',(#345),#346,.F.);
#142=ADVANCED_FACE('',(#347),#348,.F.);
#143=ADVANCED_FACE('',(#349),#350,.F.);
#144=ADVANCED_FACE('',(#351),#352,.F.);
#145=ADVANCED_FACE('',(#353),#354,.F.);
#146=ADVANCED_FACE('',(#355),#356,.F.);
#147=ADVANCED_FACE('',(#357),#358,.T.);
#148=ADVANCED_FACE('',(#359),#360,.F.);
#149=ADVANCED_FACE('',(#361),#362,.T.);
#150=ADVANCED_FACE('',(#363),#364,.F.);
#151=ADVANCED_FACE('',(#365),#366,.T.);
#152=ADVANCED_FACE('',(#367),#368,.T.);
#153=ADVANCED_FACE('',(#369),#370,.F.);
#154=ADVANCED_FACE('',(#371),#372,.T.);
#155=ADVANCED_FACE('',(#373),#374,.F.);
#156=ADVANCED_FACE('',(#375),#376,.F.);
#157=ADVANCED_FACE('',(#377),#378,.T.);
#158=ADVANCED_FACE('',(#379),#380,.T.);
#159=ADVANCED_FACE('',(#381),#382,.T.);
#160=ADVANCED_FACE('',(#383),#384,.T.);
#161=ADVANCED_FACE('',(#385),#386,.T.);
#162=COMPOSITE_CURVE_SEGMENT(.CONTINUOUS.,.T.,#387);
#163=COMPOSITE_CURVE_SEGMENT(.CONTINUOUS.,.T.,#388);
#164=COMPOSITE_CURVE_SEGMENT(.CONTINUOUS.,.T.,#389);
#165=COMPOSITE_CURVE_SEGMENT(.CONTINUOUS.,.T.,#390);
#166=COMPOSITE_CURVE_SEGMENT(.CONTINUOUS.,.T.,#391);
#167=COMPOSITE_CURVE_SEGMENT(.CONTINUOUS.,.T.,#392);
#169=FACE_OUTER_BOUND('',#393,.T.);
#170=PLANE('',#394);
#171=FACE_OUTER_BOUND('',#395,.T.);
#172=PLANE('',#396);
#173=FACE_OUTER_BOUND('',#397,.T.);
#174=PLANE('',#398);
#175=FACE_OUTER_BOUND('',#399,.T.);
#176=PLANE('',#400);
#177=FACE_OUTER_BOUND('',#401,.T.);
#178=PLANE('',#402);
#179=FACE_OUTER_BOUND('',#403,.T.);
#180=PLANE('',#404);
#181=FACE_OUTER_BOUND('',#405,.T.);
#182=PLANE('',#406);
#183=FACE_OUTER_BOUND('',#407,.T.);
#184=PLANE('',#408);
#185=FACE_OUTER_BOUND('',#409,.T.);
#186=FACE_BOUND('',#410,.T.);
#187=FACE_BOUND('',#411,.T.);
#188=FACE_BOUND('',#412,.T.);
#189=PLANE('',#413);
#190=FACE_OUTER_BOUND('',#414,.T.);
#191=PLANE('',#415);
#192=FACE_OUTER_BOUND('',#416,.T.);
#193=PLANE('',#417);
#194=FACE_OUTER_BOUND('',#418,.T.);
#195=PLANE('',#419);
#196=FACE_OUTER_BOUND('',#420,.T.);
#197=FACE_BOUND('',#421,.T.);
#198=FACE_BOUND('',#422,.T.);
#199=FACE_BOUND('',#423,.T.);
#200=PLANE('',#424);
#201=FACE_OUTER_BOUND('',#425,.T.);
#202=PLANE('',#426);
#203=FACE_OUTER_BOUND('',#427,.T.);
#204=PLANE('',#428);
#205=FACE_OUTER_BOUND('',#429,.T.);
#206=PLANE('',#430);
#207=FACE_OUTER_BOUND('',#431,.T.);
#208=PLANE('',#432);
#209=FACE_OUTER_BOUND('',#433,.T.);
#210=PLANE('',#434);
#211=FACE_OUTER_BOUND('',#435,.T.);
#212=PLANE('',#436);
#213=FACE_OUTER_BOUND('',#437,.T.);
#214=PLANE('',#438);
#215=FACE_OUTER_BOUND('',#439,.T.);
#216=PLANE('',#440);
#217=FACE_OUTER_BOUND('',#441,.T.);
#218=PLANE('',#442);
#219=FACE_OUTER_BOUND('',#443,.T.);
#220=PLANE('',#444);
#221=FACE_OUTER_BOUND('',#445,.T.);
#222=PLANE('',#446);
#223=FACE_OUTER_BOUND('',#447,.T.);
#224=PLANE('',#448);
#225=FACE_OUTER_BOUND('',#449,.T.);
#226=PLANE('',#450);
#227=FACE_OUTER_BOUND('',#451,.T.);
#228=PLANE('',#452);
#229=FACE_OUTER_BOUND('',#453,.T.);
#230=PLANE('',#454);
#231=FACE_OUTER_BOUND('',#455,.T.);
#232=PLANE('',#456);
#233=FACE_OUTER_BOUND('',#457,.T.);
#234=PLANE('',#458);
#235=FACE_OUTER_BOUND('',#459,.T.);
#236=PLANE('',#460);
#237=FACE_OUTER_BOUND('',#461,.T.);
#238=PLANE('',#462);
#239=FACE_OUTER_BOUND('',#463,.T.);
#240=PLANE('',#464);
#241=FACE_OUTER_BOUND('',#465,.T.);
#242=PLANE('',#466);
#243=FACE_OUTER_BOUND('',#467,.T.);
#244=PLANE('',#468);
#245=FACE_OUTER_BOUND('',#469,.T.);
#246=PLANE('',#470);
#247=FACE_OUTER_BOUND('',#471,.T.);
#248=PLANE('',#472);
#249=FACE_OUTER_BOUND('',#473,.T.);
#250=PLANE('',#474);
#251=FACE_OUTER_BOUND('',#475,.T.);
#252=PLANE('',#476);
#253=FACE_OUTER_BOUND('',#477,.T.);
#254=PLANE('',#478);
#255=FACE_OUTER_BOUND('',#479,.T.);
#256=PLANE('',#480);
#257=FACE_OUTER_BOUND('',#481,.T.);
#258=PLANE('',#482);
#259=FACE_OUTER_BOUND('',#483,.T.);
#260=PLANE('',#484);
#261=FACE_OUTER_BOUND('',#485,.T.);
#262=PLANE('',#486);
#263=FACE_OUTER_BOUND('',#487,.T.);
#264=PLANE('',#488);
#265=FACE_OUTER_BOUND('',#489,.T.);
#266=PLANE('',#490);
#267=FACE_OUTER_BOUND('',#491,.T.);
#268=PLANE('',#492);
#269=FACE_OUTER_BOUND('',#493,.T.);
#270=PLANE('',#494);
#271=FACE_OUTER_BOUND('',#495,.T.);
#272=PLANE('',#496);
#273=FACE_OUTER_BOUND('',#497,.T.);
#274=PLANE('',#498);
#275=FACE_OUTER_BOUND('',#499,.T.);
#276=PLANE('',#500);
#277=FACE_OUTER_BOUND('',#501,.T.);
#278=PLANE('',#502);
#279=FACE_OUTER_BOUND('',#503,.T.);
#280=PLANE('',#504);
#281=FACE_OUTER_BOUND('',#505,.T.);
#282=PLANE('',#506);
#283=FACE_OUTER_BOUND('',#507,.T.);
#284=PLANE('',#508);
#285=FACE_OUTER_BOUND('',#509,.T.);
#286=PLANE('',#510);
#287=FACE_OUTER_BOUND('',#511,.T.);
#288=PLANE('',#512);
#289=FACE_OUTER_BOUND('',#513,.T.);
#290=PLANE('',#514);
#291=FACE_OUTER_BOUND('',#515,.T.);
#292=PLANE('',#516);
#293=FACE_OUTER_BOUND('',#517,.T.);
#294=PLANE('',#518);
#295=FACE_OUTER_BOUND('',#519,.T.);
#296=PLANE('',#520);
#297=FACE_OUTER_BOUND('',#521,.T.);
#298=PLANE('',#522);
#299=FACE_OUTER_BOUND('',#523,.T.);
#300=PLANE('',#524);
#301=FACE_OUTER_BOUND('',#525,.T.);
#302=PLANE('',#526);
#303=FACE_OUTER_BOUND('',#527,.T.);
#304=PLANE('',#528);
#305=FACE_OUTER_BOUND('',#529,.T.);
#306=PLANE('',#530);
#307=FACE_OUTER_BOUND('',#531,.T.);
#308=PLANE('',#532);
#309=FACE_OUTER_BOUND('',#533,.T.);
#310=PLANE('',#534);
#311=FACE_OUTER_BOUND('',#535,.T.);
#312=PLANE('',#536);
#313=FACE_OUTER_BOUND('',#537,.T.);
#314=PLANE('',#538);
#315=FACE_OUTER_BOUND('',#539,.T.);
#316=PLANE('',#540);
#317=FACE_OUTER_BOUND('',#541,.T.);
#318=PLANE('',#542);
#319=FACE_OUTER_BOUND('',#543,.T.);
#320=PLANE('',#544);
#321=FACE_OUTER_BOUND('',#545,.T.);
#322=PLANE('',#546);
#323=FACE_OUTER_BOUND('',#547,.T.);
#324=PLANE('',#548);
#325=FACE_OUTER_BOUND('',#549,.T.);
#326=PLANE('',#550);
#327=FACE_OUTER_BOUND('',#551,.T.);
#328=PLANE('',#552);
#329=FACE_OUTER_BOUND('',#553,.T.);
#330=CYLINDRICAL_SURFACE('',#554,1.3462);
#331=FACE_OUTER_BOUND('',#555,.T.);
#332=PLANE('',#556);
#333=FACE_OUTER_BOUND('',#557,.T.);
#334=PLANE('',#558);
#335=FACE_OUTER_BOUND('',#559,.T.);
#336=PLANE('',#560);
#337=FACE_OUTER_BOUND('',#561,.T.);
#338=PLANE('',#562);
#339=FACE_OUTER_BOUND('',#563,.T.);
#340=PLANE('',#564);
#341=FACE_OUTER_BOUND('',#565,.T.);
#342=PLANE('',#566);
#343=FACE_OUTER_BOUND('',#567,.T.);
#344=CYLINDRICAL_SURFACE('',#568,1.3462);
#345=FACE_OUTER_BOUND('',#569,.T.);
#346=PLANE('',#570);
#347=FACE_OUTER_BOUND('',#571,.T.);
#348=PLANE('',#572);
#349=FACE_OUTER_BOUND('',#573,.T.);
#350=PLANE('',#574);
#351=FACE_OUTER_BOUND('',#575,.T.);
#352=PLANE('',#576);
#353=FACE_OUTER_BOUND('',#577,.T.);
#354=PLANE('',#578);
#355=FACE_OUTER_BOUND('',#579,.T.);
#356=PLANE('',#580);
#357=FACE_OUTER_BOUND('',#581,.T.);
#358=PLANE('',#582);
#359=FACE_OUTER_BOUND('',#583,.T.);
#360=PLANE('',#584);
#361=FACE_OUTER_BOUND('',#585,.T.);
#362=PLANE('',#586);
#363=FACE_OUTER_BOUND('',#587,.T.);
#364=PLANE('',#588);
#365=FACE_OUTER_BOUND('',#589,.T.);
#366=PLANE('',#590);
#367=FACE_OUTER_BOUND('',#591,.T.);
#368=PLANE('',#592);
#369=FACE_OUTER_BOUND('',#593,.T.);
#370=PLANE('',#594);
#371=FACE_OUTER_BOUND('',#595,.T.);
#372=PLANE('',#596);
#373=FACE_OUTER_BOUND('',#597,.T.);
#374=PLANE('',#598);
#375=FACE_OUTER_BOUND('',#599,.T.);
#376=PLANE('',#600);
#377=FACE_OUTER_BOUND('',#601,.T.);
#378=PLANE('',#602);
#379=FACE_OUTER_BOUND('',#603,.T.);
#380=PLANE('',#604);
#381=FACE_OUTER_BOUND('',#605,.T.);
#382=PLANE('',#606);
#383=FACE_OUTER_BOUND('',#607,.T.);
#384=PLANE('',#608);
#385=FACE_OUTER_BOUND('',#609,.T.);
#386=PLANE('',#610);
#387=TRIMMED_CURVE('',#611,(PARAMETER_VALUE(0.0)),(PARAMETER_VALUE(3.1415926535892)),.T.,.UNSPECIFIED.);
#388=TRIMMED_CURVE('',#612,(PARAMETER_VALUE(0.0)),(PARAMETER_VALUE(3.1415926535892)),.T.,.UNSPECIFIED.);
#389=TRIMMED_CURVE('',#613,(PARAMETER_VALUE(0.0)),(PARAMETER_VALUE(3.1415926535892)),.T.,.UNSPECIFIED.);
#390=TRIMMED_CURVE('',#614,(PARAMETER_VALUE(0.0)),(PARAMETER_VALUE(3.1415926535892)),.T.,.UNSPECIFIED.);
#391=TRIMMED_CURVE('',#615,(PARAMETER_VALUE(0.0)),(PARAMETER_VALUE(3.1415926535892)),.T.,.UNSPECIFIED.);
#392=TRIMMED_CURVE('',#616,(PARAMETER_VALUE(0.0)),(PARAMETER_VALUE(3.1415926535892)),.T.,.UNSPECIFIED.);
#393=EDGE_LOOP('',(#617,#618,#619,#620));
#394=AXIS2_PLACEMENT_3D('',#621,#622,#623);
#395=EDGE_LOOP('',(#624,#625,#626,#627,#628,#629,#630,#631,#632,#633,#634,#635,#636,#637,#638,#639,#640,#641,#642,#643,#644,#645,#646,#647,#648));
#396=AXIS2_PLACEMENT_3D('',#649,#650,#651);
#397=EDGE_LOOP('',(#652,#653,#654,#655));
#398=AXIS2_PLACEMENT_3D('',#656,#657,#658);
#399=EDGE_LOOP('',(#659,#660,#661,#662,#663,#664,#665,#666,#667,#668,#669,#670,#671,#672,#673,#674,#675,#676,#677,#678,#679,#680,#681,#682));
#400=AXIS2_PLACEMENT_3D('',#683,#684,#685);
#401=EDGE_LOOP('',(#686,#687,#688));
#402=AXIS2_PLACEMENT_3D('',#689,#690,#691);
#403=EDGE_LOOP('',(#692,#693,#694,#695));
#404=AXIS2_PLACEMENT_3D('',#696,#697,#698);
#405=EDGE_LOOP('',(#699,#700,#701,#702));
#406=AXIS2_PLACEMENT_3D('',#703,#704,#705);
#407=EDGE_LOOP('',(#706,#707,#708,#709));
#408=AXIS2_PLACEMENT_3D('',#710,#711,#712);
#409=EDGE_LOOP('',(#713,#714,#715,#716));
#410=EDGE_LOOP('',(#717,#718,#719,#720));
#411=EDGE_LOOP('',(#721,#722,#723,#724));
#412=EDGE_LOOP('',(#725,#726,#727,#728));
#413=AXIS2_PLACEMENT_3D('',#729,#730,#731);
#414=EDGE_LOOP('',(#732,#733,#734,#735));
#415=AXIS2_PLACEMENT_3D('',#736,#737,#738);
#416=EDGE_LOOP('',(#739,#740,#741,#742));
#417=AXIS2_PLACEMENT_3D('',#743,#744,#745);
#418=EDGE_LOOP('',(#746,#747,#748,#749,#750,#751,#752,#753,#754,#755,#756,#757,#758,#759,#760,#761));
#419=AXIS2_PLACEMENT_3D('',#762,#763,#764);
#420=EDGE_LOOP('',(#765,#766,#767,#768,#769,#770,#771,#772,#773,#774,#775,#776));
#421=EDGE_LOOP('',(#777,#778,#779,#780));
#422=EDGE_LOOP('',(#781,#782,#783,#784));
#423=EDGE_LOOP('',(#785,#786,#787,#788));
#424=AXIS2_PLACEMENT_3D('',#789,#790,#791);
#425=EDGE_LOOP('',(#792,#793,#794,#795));
#426=AXIS2_PLACEMENT_3D('',#796,#797,#798);
#427=EDGE_LOOP('',(#799,#800,#801,#802));
#428=AXIS2_PLACEMENT_3D('',#803,#804,#805);
#429=EDGE_LOOP('',(#806,#807,#808,#809));
#430=AXIS2_PLACEMENT_3D('',#810,#811,#812);
#431=EDGE_LOOP('',(#813,#814,#815,#816));
#432=AXIS2_PLACEMENT_3D('',#817,#818,#819);
#433=EDGE_LOOP('',(#820,#821,#822,#823));
#434=AXIS2_PLACEMENT_3D('',#824,#825,#826);
#435=EDGE_LOOP('',(#827,#828,#829,#830));
#436=AXIS2_PLACEMENT_3D('',#831,#832,#833);
#437=EDGE_LOOP('',(#834,#835,#836,#837));
#438=AXIS2_PLACEMENT_3D('',#838,#839,#840);
#439=EDGE_LOOP('',(#841,#842,#843,#844));
#440=AXIS2_PLACEMENT_3D('',#845,#846,#847);
#441=EDGE_LOOP('',(#848,#849,#850,#851));
#442=AXIS2_PLACEMENT_3D('',#852,#853,#854);
#443=EDGE_LOOP('',(#855,#856,#857,#858));
#444=AXIS2_PLACEMENT_3D('',#859,#860,#861);
#445=EDGE_LOOP('',(#862,#863,#864,#865));
#446=AXIS2_PLACEMENT_3D('',#866,#867,#868);
#447=EDGE_LOOP('',(#869,#870,#871,#872));
#448=AXIS2_PLACEMENT_3D('',#873,#874,#875);
#449=EDGE_LOOP('',(#876,#877,#878,#879));
#450=AXIS2_PLACEMENT_3D('',#880,#881,#882);
#451=EDGE_LOOP('',(#883,#884,#885,#886));
#452=AXIS2_PLACEMENT_3D('',#887,#888,#889);
#453=EDGE_LOOP('',(#890,#891,#892,#893));
#454=AXIS2_PLACEMENT_3D('',#894,#895,#896);
#455=EDGE_LOOP('',(#897,#898,#899,#900));
#456=AXIS2_PLACEMENT_3D('',#901,#902,#903);
#457=EDGE_LOOP('',(#904,#905,#906,#907));
#458=AXIS2_PLACEMENT_3D('',#908,#909,#910);
#459=EDGE_LOOP('',(#911,#912,#913,#914));
#460=AXIS2_PLACEMENT_3D('',#915,#916,#917);
#461=EDGE_LOOP('',(#918,#919,#920,#921));
#462=AXIS2_PLACEMENT_3D('',#922,#923,#924);
#463=EDGE_LOOP('',(#925,#926,#927,#928));
#464=AXIS2_PLACEMENT_3D('',#929,#930,#931);
#465=EDGE_LOOP('',(#932,#933,#934,#935));
#466=AXIS2_PLACEMENT_3D('',#936,#937,#938);
#467=EDGE_LOOP('',(#939,#940,#941,#942));
#468=AXIS2_PLACEMENT_3D('',#943,#944,#945);
#469=EDGE_LOOP('',(#946,#947,#948,#949));
#470=AXIS2_PLACEMENT_3D('',#950,#951,#952);
#471=EDGE_LOOP('',(#953,#954,#955,#956));
#472=AXIS2_PLACEMENT_3D('',#957,#958,#959);
#473=EDGE_LOOP('',(#960,#961,#962,#963));
#474=AXIS2_PLACEMENT_3D('',#964,#965,#966);
#475=EDGE_LOOP('',(#967,#968,#969,#970));
#476=AXIS2_PLACEMENT_3D('',#971,#972,#973);
#477=EDGE_LOOP('',(#974,#975,#976,#977));
#478=AXIS2_PLACEMENT_3D('',#978,#979,#980);
#479=EDGE_LOOP('',(#981,#982,#983,#984));
#480=AXIS2_PLACEMENT_3D('',#985,#986,#987);
#481=EDGE_LOOP('',(#988,#989,#990,#991));
#482=AXIS2_PLACEMENT_3D('',#992,#993,#994);
#483=EDGE_LOOP('',(#995,#996,#997,#998));
#484=AXIS2_PLACEMENT_3D('',#999,#1000,#1001);
#485=EDGE_LOOP('',(#1002,#1003,#1004,#1005));
#486=AXIS2_PLACEMENT_3D('',#1006,#1007,#1008);
#487=EDGE_LOOP('',(#1009,#1010,#1011,#1012));
#488=AXIS2_PLACEMENT_3D('',#1013,#1014,#1015);
#489=EDGE_LOOP('',(#1016,#1017,#1018,#1019));
#490=AXIS2_PLACEMENT_3D('',#1020,#1021,#1022);
#491=EDGE_LOOP('',(#1023,#1024,#1025,#1026));
#492=AXIS2_PLACEMENT_3D('',#1027,#1028,#1029);
#493=EDGE_LOOP('',(#1030,#1031,#1032,#1033));
#494=AXIS2_PLACEMENT_3D('',#1034,#1035,#1036);
#495=EDGE_LOOP('',(#1037,#1038,#1039,#1040));
#496=AXIS2_PLACEMENT_3D('',#1041,#1042,#1043);
#497=EDGE_LOOP('',(#1044,#1045,#1046,#1047));
#498=AXIS2_PLACEMENT_3D('',#1048,#1049,#1050);
#499=EDGE_LOOP('',(#1051,#1052,#1053,#1054));
#500=AXIS2_PLACEMENT_3D('',#1055,#1056,#1057);
#501=EDGE_LOOP('',(#1058,#1059,#1060,#1061));
#502=AXIS2_PLACEMENT_3D('',#1062,#1063,#1064);
#503=EDGE_LOOP('',(#1065,#1066,#1067,#1068));
#504=AXIS2_PLACEMENT_3D('',#1069,#1070,#1071);
#505=EDGE_LOOP('',(#1072,#1073,#1074,#1075));
#506=AXIS2_PLACEMENT_3D('',#1076,#1077,#1078);
#507=EDGE_LOOP('',(#1079,#1080,#1081,#1082));
#508=AXIS2_PLACEMENT_3D('',#1083,#1084,#1085);
#509=EDGE_LOOP('',(#1086,#1087,#1088,#1089));
#510=AXIS2_PLACEMENT_3D('',#1090,#1091,#1092);
#511=EDGE_LOOP('',(#1093,#1094,#1095,#1096));
#512=AXIS2_PLACEMENT_3D('',#1097,#1098,#1099);
#513=EDGE_LOOP('',(#1100,#1101,#1102,#1103));
#514=AXIS2_PLACEMENT_3D('',#1104,#1105,#1106);
#515=EDGE_LOOP('',(#1107,#1108,#1109,#1110));
#516=AXIS2_PLACEMENT_3D('',#1111,#1112,#1113);
#517=EDGE_LOOP('',(#1114,#1115,#1116,#1117));
#518=AXIS2_PLACEMENT_3D('',#1118,#1119,#1120);
#519=EDGE_LOOP('',(#1121,#1122,#1123,#1124));
#520=AXIS2_PLACEMENT_3D('',#1125,#1126,#1127);
#521=EDGE_LOOP('',(#1128,#1129,#1130,#1131));
#522=AXIS2_PLACEMENT_3D('',#1132,#1133,#1134);
#523=EDGE_LOOP('',(#1135,#1136,#1137,#1138));
#524=AXIS2_PLACEMENT_3D('',#1139,#1140,#1141);
#525=EDGE_LOOP('',(#1142,#1143,#1144,#1145));
#526=AXIS2_PLACEMENT_3D('',#1146,#1147,#1148);
#527=EDGE_LOOP('',(#1149,#1150,#1151,#1152));
#528=AXIS2_PLACEMENT_3D('',#1153,#1154,#1155);
#529=EDGE_LOOP('',(#1156,#1157,#1158,#1159));
#530=AXIS2_PLACEMENT_3D('',#1160,#1161,#1162);
#531=EDGE_LOOP('',(#1163,#1164,#1165,#1166));
#532=AXIS2_PLACEMENT_3D('',#1167,#1168,#1169);
#533=EDGE_LOOP('',(#1170,#1171,#1172,#1173));
#534=AXIS2_PLACEMENT_3D('',#1174,#1175,#1176);
#535=EDGE_LOOP('',(#1177,#1178,#1179,#1180));
#536=AXIS2_PLACEMENT_3D('',#1181,#1182,#1183);
#537=EDGE_LOOP('',(#1184,#1185,#1186,#1187,#1188));
#538=AXIS2_PLACEMENT_3D('',#1189,#1190,#1191);
#539=EDGE_LOOP('',(#1192,#1193,#1194,#1195));
#540=AXIS2_PLACEMENT_3D('',#1196,#1197,#1198);
#541=EDGE_LOOP('',(#1199,#1200,#1201,#1202));
#542=AXIS2_PLACEMENT_3D('',#1203,#1204,#1205);
#543=EDGE_LOOP('',(#1206,#1207,#1208,#1209));
#544=AXIS2_PLACEMENT_3D('',#1210,#1211,#1212);
#545=EDGE_LOOP('',(#1213,#1214,#1215,#1216));
#546=AXIS2_PLACEMENT_3D('',#1217,#1218,#1219);
#547=EDGE_LOOP('',(#1220,#1221,#1222,#1223));
#548=AXIS2_PLACEMENT_3D('',#1224,#1225,#1226);
#549=EDGE_LOOP('',(#1227,#1228,#1229,#1230));
#550=AXIS2_PLACEMENT_3D('',#1231,#1232,#1233);
#551=EDGE_LOOP('',(#1234,#1235,#1236,#1237,#1238,#1239));
#552=AXIS2_PLACEMENT_3D('',#1240,#1241,#1242);
#553=EDGE_LOOP('',(#1243,#1244,#1245,#1246));
#554=AXIS2_PLACEMENT_3D('',#1247,#1248,#1249);
#555=EDGE_LOOP('',(#1250,#1251,#1252,#1253,#1254,#1255,#1256,#1257,#1258,#1259));
#556=AXIS2_PLACEMENT_3D('',#1260,#1261,#1262);
#557=EDGE_LOOP('',(#1263,#1264,#1265,#1266,#1267,#1268,#1269,#1270));
#558=AXIS2_PLACEMENT_3D('',#1271,#1272,#1273);
#559=EDGE_LOOP('',(#1274,#1275,#1276,#1277));
#560=AXIS2_PLACEMENT_3D('',#1278,#1279,#1280);
#561=EDGE_LOOP('',(#1281,#1282,#1283,#1284));
#562=AXIS2_PLACEMENT_3D('',#1285,#1286,#1287);
#563=EDGE_LOOP('',(#1288,#1289,#1290,#1291));
#564=AXIS2_PLACEMENT_3D('',#1292,#1293,#1294);
#565=EDGE_LOOP('',(#1295,#1296,#1297,#1298,#1299,#1300,#1301,#1302));
#566=AXIS2_PLACEMENT_3D('',#1303,#1304,#1305);
#567=EDGE_LOOP('',(#1306,#1307,#1308,#1309));
#568=AXIS2_PLACEMENT_3D('',#1310,#1311,#1312);
#569=EDGE_LOOP('',(#1313,#1314,#1315,#1316));
#570=AXIS2_PLACEMENT_3D('',#1317,#1318,#1319);
#571=EDGE_LOOP('',(#1320,#1321,#1322,#1323));
#572=AXIS2_PLACEMENT_3D('',#1324,#1325,#1326);
#573=EDGE_LOOP('',(#1327,#1328,#1329,#1330));
#574=AXIS2_PLACEMENT_3D('',#1331,#1332,#1333);
#575=EDGE_LOOP('',(#1334,#1335,#1336,#1337,#1338));
#576=AXIS2_PLACEMENT_3D('',#1339,#1340,#1341);
#577=EDGE_LOOP('',(#1342,#1343,#1344,#1345,#1346,#1347));
#578=AXIS2_PLACEMENT_3D('',#1348,#1349,#1350);
#579=EDGE_LOOP('',(#1351,#1352,#1353,#1354));
#580=AXIS2_PLACEMENT_3D('',#1355,#1356,#1357);
#581=EDGE_LOOP('',(#1358,#1359,#1360,#1361));
#582=AXIS2_PLACEMENT_3D('',#1362,#1363,#1364);
#583=EDGE_LOOP('',(#1365,#1366,#1367,#1368,#1369));
#584=AXIS2_PLACEMENT_3D('',#1370,#1371,#1372);
#585=EDGE_LOOP('',(#1373,#1374,#1375,#1376));
#586=AXIS2_PLACEMENT_3D('',#1377,#1378,#1379);
#587=EDGE_LOOP('',(#1380,#1381,#1382,#1383,#1384,#1385));
#588=AXIS2_PLACEMENT_3D('',#1386,#1387,#1388);
#589=EDGE_LOOP('',(#1389,#1390,#1391,#1392));
#590=AXIS2_PLACEMENT_3D('',#1393,#1394,#1395);
#591=EDGE_LOOP('',(#1396,#1397,#1398,#1399));
#592=AXIS2_PLACEMENT_3D('',#1400,#1401,#1402);
#593=EDGE_LOOP('',(#1403,#1404,#1405,#1406));
#594=AXIS2_PLACEMENT_3D('',#1407,#1408,#1409);
#595=EDGE_LOOP('',(#1410,#1411,#1412,#1413));
#596=AXIS2_PLACEMENT_3D('',#1414,#1415,#1416);
#597=EDGE_LOOP('',(#1417,#1418,#1419,#1420));
#598=AXIS2_PLACEMENT_3D('',#1421,#1422,#1423);
#599=EDGE_LOOP('',(#1424,#1425,#1426,#1427,#1428));
#600=AXIS2_PLACEMENT_3D('',#1429,#1430,#1431);
#601=EDGE_LOOP('',(#1432,#1433,#1434,#1435));
#602=AXIS2_PLACEMENT_3D('',#1436,#1437,#1438);
#603=EDGE_LOOP('',(#1439,#1440,#1441,#1442));
#604=AXIS2_PLACEMENT_3D('',#1443,#1444,#1445);
#605=EDGE_LOOP('',(#1446,#1447,#1448,#1449));
#606=AXIS2_PLACEMENT_3D('',#1450,#1451,#1452);
#607=EDGE_LOOP('',(#1453,#1454,#1455,#1456));
#608=AXIS2_PLACEMENT_3D('',#1457,#1458,#1459);
#609=EDGE_LOOP('',(#1460,#1461,#1462,#1463));
#610=AXIS2_PLACEMENT_3D('',#1464,#1465,#1466);
#611=CIRCLE('',#1467,0.5461);
#612=CIRCLE('',#1468,0.5461);
#613=CIRCLE('',#1469,0.5461);
#614=CIRCLE('',#1470,0.5461);
#615=CIRCLE('',#1471,0.5461);
#616=CIRCLE('',#1472,0.5461);
#617=ORIENTED_EDGE('',*,*,#1473,.F.);
#618=ORIENTED_EDGE('',*,*,#1474,.F.);
#619=ORIENTED_EDGE('',*,*,#1475,.F.);
#620=ORIENTED_EDGE('',*,*,#1476,.T.);
#621=CARTESIAN_POINT('',(-5.08,0.0,0.0));
#622=DIRECTION('',(1.0,0.0,0.0));
#623=DIRECTION('',(0.0,1.0,0.0));
#624=ORIENTED_EDGE('',*,*,#1477,.F.);
#625=ORIENTED_EDGE('',*,*,#1478,.F.);
#626=ORIENTED_EDGE('',*,*,#1479,.F.);
#627=ORIENTED_EDGE('',*,*,#1480,.T.);
#628=ORIENTED_EDGE('',*,*,#1481,.T.);
#629=ORIENTED_EDGE('',*,*,#1482,.T.);
#630=ORIENTED_EDGE('',*,*,#1483,.F.);
#631=ORIENTED_EDGE('',*,*,#1484,.T.);
#632=ORIENTED_EDGE('',*,*,#1485,.T.);
#633=ORIENTED_EDGE('',*,*,#1486,.T.);
#634=ORIENTED_EDGE('',*,*,#1487,.F.);
#635=ORIENTED_EDGE('',*,*,#1476,.F.);
#636=ORIENTED_EDGE('',*,*,#1488,.T.);
#637=ORIENTED_EDGE('',*,*,#1489,.T.);
#638=ORIENTED_EDGE('',*,*,#1490,.T.);
#639=ORIENTED_EDGE('',*,*,#1491,.T.);
#640=ORIENTED_EDGE('',*,*,#1492,.T.);
#641=ORIENTED_EDGE('',*,*,#1493,.T.);
#642=ORIENTED_EDGE('',*,*,#1494,.F.);
#643=ORIENTED_EDGE('',*,*,#1495,.T.);
#644=ORIENTED_EDGE('',*,*,#1496,.T.);
#645=ORIENTED_EDGE('',*,*,#1497,.F.);
#646=ORIENTED_EDGE('',*,*,#1498,.F.);
#647=ORIENTED_EDGE('',*,*,#1499,.F.);
#648=ORIENTED_EDGE('',*,*,#1500,.F.);
#649=CARTESIAN_POINT('',(-5.08,2.54,-7.62));
#650=DIRECTION('',(-0.0,1.0,0.0));
#651=DIRECTION('',(1.0,0.0,0.0));
#652=ORIENTED_EDGE('',*,*,#1501,.T.);
#653=ORIENTED_EDGE('',*,*,#1502,.F.);
#654=ORIENTED_EDGE('',*,*,#1503,.T.);
#655=ORIENTED_EDGE('',*,*,#1500,.T.);
#656=CARTESIAN_POINT('',(4.826,2.54,3.81));
#657=DIRECTION('',(0.970142500145338,0.0,-0.242535625036309));
#658=DIRECTION('',(0.0,-1.0,0.0));
#659=ORIENTED_EDGE('',*,*,#1504,.T.);
#660=ORIENTED_EDGE('',*,*,#1498,.T.);
#661=ORIENTED_EDGE('',*,*,#1505,.F.);
#662=ORIENTED_EDGE('',*,*,#1506,.F.);
#663=ORIENTED_EDGE('',*,*,#1507,.T.);
#664=ORIENTED_EDGE('',*,*,#1488,.F.);
#665=ORIENTED_EDGE('',*,*,#1475,.T.);
#666=ORIENTED_EDGE('',*,*,#1508,.T.);
#667=ORIENTED_EDGE('',*,*,#1509,.T.);
#668=ORIENTED_EDGE('',*,*,#1510,.T.);
#669=ORIENTED_EDGE('',*,*,#1511,.T.);
#670=ORIENTED_EDGE('',*,*,#1512,.T.);
#671=ORIENTED_EDGE('',*,*,#1513,.T.);
#672=ORIENTED_EDGE('',*,*,#1514,.T.);
#673=ORIENTED_EDGE('',*,*,#1515,.T.);
#674=ORIENTED_EDGE('',*,*,#1516,.T.);
#675=ORIENTED_EDGE('',*,*,#1517,.T.);
#676=ORIENTED_EDGE('',*,*,#1518,.T.);
#677=ORIENTED_EDGE('',*,*,#1519,.F.);
#678=ORIENTED_EDGE('',*,*,#1520,.T.);
#679=ORIENTED_EDGE('',*,*,#1521,.F.);
#680=ORIENTED_EDGE('',*,*,#1477,.T.);
#681=ORIENTED_EDGE('',*,*,#1503,.F.);
#682=ORIENTED_EDGE('',*,*,#1522,.F.);
#683=CARTESIAN_POINT('',(-5.08,4.064,3.81));
#684=DIRECTION('',(0.0,0.0,1.0));
#685=DIRECTION('',(1.0,0.0,0.0));
#686=ORIENTED_EDGE('',*,*,#1502,.T.);
#687=ORIENTED_EDGE('',*,*,#1523,.T.);
#688=ORIENTED_EDGE('',*,*,#1522,.T.);
#689=CARTESIAN_POINT('',(-5.08,2.5146,0.0));
#690=DIRECTION('',(-0.0,1.0,0.0));
#691=DIRECTION('',(1.0,0.0,0.0));
#692=ORIENTED_EDGE('',*,*,#1504,.F.);
#693=ORIENTED_EDGE('',*,*,#1523,.F.);
#694=ORIENTED_EDGE('',*,*,#1501,.F.);
#695=ORIENTED_EDGE('',*,*,#1499,.T.);
#696=CARTESIAN_POINT('',(4.445,2.54,2.286));
#697=DIRECTION('',(-0.970142500145338,0.0,-0.242535625036309));
#698=DIRECTION('',(-0.242535625036309,0.0,0.970142500145338));
#699=ORIENTED_EDGE('',*,*,#1521,.T.);
#700=ORIENTED_EDGE('',*,*,#1524,.T.);
#701=ORIENTED_EDGE('',*,*,#1525,.T.);
#702=ORIENTED_EDGE('',*,*,#1478,.T.);
#703=CARTESIAN_POINT('',(5.08,0.0,0.0));
#704=DIRECTION('',(1.0,0.0,0.0));
#705=DIRECTION('',(0.0,1.0,0.0));
#706=ORIENTED_EDGE('',*,*,#1526,.F.);
#707=ORIENTED_EDGE('',*,*,#1473,.T.);
#708=ORIENTED_EDGE('',*,*,#1487,.T.);
#709=ORIENTED_EDGE('',*,*,#1527,.F.);
#710=CARTESIAN_POINT('',(-5.08,-2.54,-7.62));
#711=DIRECTION('',(0.0,0.0,-1.0));
#712=DIRECTION('',(0.0,-1.0,0.0));
#713=ORIENTED_EDGE('',*,*,#1483,.T.);
#714=ORIENTED_EDGE('',*,*,#1528,.F.);
#715=ORIENTED_EDGE('',*,*,#1529,.F.);
#716=ORIENTED_EDGE('',*,*,#1530,.T.);
#717=ORIENTED_EDGE('',*,*,#1531,.T.);
#718=ORIENTED_EDGE('',*,*,#1532,.T.);
#719=ORIENTED_EDGE('',*,*,#1533,.F.);
#720=ORIENTED_EDGE('',*,*,#1534,.F.);
#721=ORIENTED_EDGE('',*,*,#1535,.F.);
#722=ORIENTED_EDGE('',*,*,#1536,.T.);
#723=ORIENTED_EDGE('',*,*,#1537,.T.);
#724=ORIENTED_EDGE('',*,*,#1538,.F.);
#725=ORIENTED_EDGE('',*,*,#1539,.T.);
#726=ORIENTED_EDGE('',*,*,#1540,.T.);
#727=ORIENTED_EDGE('',*,*,#1541,.F.);
#728=ORIENTED_EDGE('',*,*,#1542,.F.);
#729=CARTESIAN_POINT('',(-5.08,-2.54,-7.62));
#730=DIRECTION('',(0.0,0.0,-1.0));
#731=DIRECTION('',(0.0,-1.0,0.0));
#732=ORIENTED_EDGE('',*,*,#1479,.T.);
#733=ORIENTED_EDGE('',*,*,#1525,.F.);
#734=ORIENTED_EDGE('',*,*,#1543,.F.);
#735=ORIENTED_EDGE('',*,*,#1544,.T.);
#736=CARTESIAN_POINT('',(-5.08,-2.54,-7.62));
#737=DIRECTION('',(0.0,0.0,-1.0));
#738=DIRECTION('',(0.0,-1.0,0.0));
#739=ORIENTED_EDGE('',*,*,#1486,.F.);
#740=ORIENTED_EDGE('',*,*,#1545,.T.);
#741=ORIENTED_EDGE('',*,*,#1546,.T.);
#742=ORIENTED_EDGE('',*,*,#1527,.T.);
#743=CARTESIAN_POINT('',(-3.8735,2.54,-8.001));
#744=DIRECTION('',(-0.707106781186547,0.0,-0.707106781186547));
#745=DIRECTION('',(-0.707106781186548,0.0,0.707106781186548));
#746=ORIENTED_EDGE('',*,*,#1547,.F.);
#747=ORIENTED_EDGE('',*,*,#1508,.F.);
#748=ORIENTED_EDGE('',*,*,#1474,.T.);
#749=ORIENTED_EDGE('',*,*,#1526,.T.);
#750=ORIENTED_EDGE('',*,*,#1546,.F.);
#751=ORIENTED_EDGE('',*,*,#1548,.F.);
#752=ORIENTED_EDGE('',*,*,#1549,.F.);
#753=ORIENTED_EDGE('',*,*,#1529,.T.);
#754=ORIENTED_EDGE('',*,*,#1550,.F.);
#755=ORIENTED_EDGE('',*,*,#1551,.F.);
#756=ORIENTED_EDGE('',*,*,#1552,.F.);
#757=ORIENTED_EDGE('',*,*,#1543,.T.);
#758=ORIENTED_EDGE('',*,*,#1524,.F.);
#759=ORIENTED_EDGE('',*,*,#1520,.F.);
#760=ORIENTED_EDGE('',*,*,#1553,.T.);
#761=ORIENTED_EDGE('',*,*,#1554,.F.);
#762=CARTESIAN_POINT('',(-5.08,-2.54,3.81));
#763=DIRECTION('',(0.0,-1.0,0.0));
#764=DIRECTION('',(0.0,0.0,-1.0));
#765=ORIENTED_EDGE('',*,*,#1555,.T.);
#766=ORIENTED_EDGE('',*,*,#1556,.T.);
#767=ORIENTED_EDGE('',*,*,#1557,.T.);
#768=ORIENTED_EDGE('',*,*,#1493,.F.);
#769=ORIENTED_EDGE('',*,*,#1558,.T.);
#770=ORIENTED_EDGE('',*,*,#1559,.T.);
#771=ORIENTED_EDGE('',*,*,#1560,.T.);
#772=ORIENTED_EDGE('',*,*,#1561,.T.);
#773=ORIENTED_EDGE('',*,*,#1562,.T.);
#774=ORIENTED_EDGE('',*,*,#1554,.T.);
#775=ORIENTED_EDGE('',*,*,#1563,.T.);
#776=ORIENTED_EDGE('',*,*,#1564,.T.);
#777=ORIENTED_EDGE('',*,*,#1565,.T.);
#778=ORIENTED_EDGE('',*,*,#1566,.F.);
#779=ORIENTED_EDGE('',*,*,#1567,.F.);
#780=ORIENTED_EDGE('',*,*,#1568,.T.);
#781=ORIENTED_EDGE('',*,*,#1569,.T.);
#782=ORIENTED_EDGE('',*,*,#1570,.F.);
#783=ORIENTED_EDGE('',*,*,#1571,.F.);
#784=ORIENTED_EDGE('',*,*,#1572,.T.);
#785=ORIENTED_EDGE('',*,*,#1573,.T.);
#786=ORIENTED_EDGE('',*,*,#1574,.F.);
#787=ORIENTED_EDGE('',*,*,#1575,.F.);
#788=ORIENTED_EDGE('',*,*,#1576,.T.);
#789=CARTESIAN_POINT('',(-5.08,0.0,-5.08));
#790=DIRECTION('',(0.0,0.0,1.0));
#791=DIRECTION('',(1.0,0.0,0.0));
#792=ORIENTED_EDGE('',*,*,#1576,.F.);
#793=ORIENTED_EDGE('',*,*,#1577,.F.);
#794=ORIENTED_EDGE('',*,*,#1578,.T.);
#795=ORIENTED_EDGE('',*,*,#1579,.F.);
#796=CARTESIAN_POINT('',(2.2225,0.0,0.0));
#797=DIRECTION('',(1.0,0.0,0.0));
#798=DIRECTION('',(0.0,1.0,0.0));
#799=ORIENTED_EDGE('',*,*,#1580,.F.);
#800=ORIENTED_EDGE('',*,*,#1534,.T.);
#801=ORIENTED_EDGE('',*,*,#1581,.F.);
#802=ORIENTED_EDGE('',*,*,#1582,.T.);
#803=CARTESIAN_POINT('',(2.2225,0.0,0.0));
#804=DIRECTION('',(1.0,0.0,0.0));
#805=DIRECTION('',(0.0,1.0,0.0));
#806=ORIENTED_EDGE('',*,*,#1583,.F.);
#807=ORIENTED_EDGE('',*,*,#1573,.F.);
#808=ORIENTED_EDGE('',*,*,#1579,.T.);
#809=ORIENTED_EDGE('',*,*,#1584,.F.);
#810=CARTESIAN_POINT('',(2.2225,0.3175,-11.303));
#811=DIRECTION('',(-0.0,1.0,0.0));
#812=DIRECTION('',(1.0,0.0,0.0));
#813=ORIENTED_EDGE('',*,*,#1581,.T.);
#814=ORIENTED_EDGE('',*,*,#1533,.T.);
#815=ORIENTED_EDGE('',*,*,#1585,.F.);
#816=ORIENTED_EDGE('',*,*,#1586,.T.);
#817=CARTESIAN_POINT('',(2.2225,0.3175,-11.303));
#818=DIRECTION('',(-0.0,1.0,0.0));
#819=DIRECTION('',(1.0,0.0,0.0));
#820=ORIENTED_EDGE('',*,*,#1587,.T.);
#821=ORIENTED_EDGE('',*,*,#1588,.F.);
#822=ORIENTED_EDGE('',*,*,#1589,.T.);
#823=ORIENTED_EDGE('',*,*,#1584,.T.);
#824=CARTESIAN_POINT('',(2.54,0.2159,0.6985));
#825=DIRECTION('',(0.0,0.952424147199317,0.304775727103806));
#826=DIRECTION('',(1.0,0.0,-0.0));
#827=ORIENTED_EDGE('',*,*,#1590,.F.);
#828=ORIENTED_EDGE('',*,*,#1591,.F.);
#829=ORIENTED_EDGE('',*,*,#1589,.F.);
#830=ORIENTED_EDGE('',*,*,#1592,.T.);
#831=CARTESIAN_POINT('',(2.7559,0.0,0.6985));
#832=DIRECTION('',(0.952424147199317,0.0,0.304775727103806));
#833=DIRECTION('',(0.0,-1.0,0.0));
#834=ORIENTED_EDGE('',*,*,#1593,.F.);
#835=ORIENTED_EDGE('',*,*,#1594,.F.);
#836=ORIENTED_EDGE('',*,*,#1592,.F.);
#837=ORIENTED_EDGE('',*,*,#1588,.T.);
#838=CARTESIAN_POINT('',(2.2225,0.3175,1.016));
#839=DIRECTION('',(0.0,0.0,1.0));
#840=DIRECTION('',(1.0,0.0,0.0));
#841=ORIENTED_EDGE('',*,*,#1590,.T.);
#842=ORIENTED_EDGE('',*,*,#1594,.T.);
#843=ORIENTED_EDGE('',*,*,#1595,.T.);
#844=ORIENTED_EDGE('',*,*,#1596,.F.);
#845=CARTESIAN_POINT('',(2.54,-0.2159,0.6985));
#846=DIRECTION('',(0.0,-0.952424147199317,0.304775727103806));
#847=DIRECTION('',(-1.0,0.0,0.0));
#848=ORIENTED_EDGE('',*,*,#1577,.T.);
#849=ORIENTED_EDGE('',*,*,#1575,.T.);
#850=ORIENTED_EDGE('',*,*,#1597,.F.);
#851=ORIENTED_EDGE('',*,*,#1596,.T.);
#852=CARTESIAN_POINT('',(2.2225,-0.3175,1.016));
#853=DIRECTION('',(0.0,-1.0,0.0));
#854=DIRECTION('',(0.0,0.0,-1.0));
#855=ORIENTED_EDGE('',*,*,#1598,.F.);
#856=ORIENTED_EDGE('',*,*,#1531,.F.);
#857=ORIENTED_EDGE('',*,*,#1580,.T.);
#858=ORIENTED_EDGE('',*,*,#1599,.F.);
#859=CARTESIAN_POINT('',(2.2225,-0.3175,1.016));
#860=DIRECTION('',(0.0,-1.0,0.0));
#861=DIRECTION('',(0.0,0.0,-1.0));
#862=ORIENTED_EDGE('',*,*,#1591,.T.);
#863=ORIENTED_EDGE('',*,*,#1597,.T.);
#864=ORIENTED_EDGE('',*,*,#1574,.T.);
#865=ORIENTED_EDGE('',*,*,#1583,.T.);
#866=CARTESIAN_POINT('',(2.8575,0.0,0.0));
#867=DIRECTION('',(1.0,0.0,0.0));
#868=DIRECTION('',(0.0,1.0,0.0));
#869=ORIENTED_EDGE('',*,*,#1585,.T.);
#870=ORIENTED_EDGE('',*,*,#1532,.F.);
#871=ORIENTED_EDGE('',*,*,#1598,.T.);
#872=ORIENTED_EDGE('',*,*,#1600,.T.);
#873=CARTESIAN_POINT('',(2.8575,0.0,0.0));
#874=DIRECTION('',(1.0,0.0,0.0));
#875=DIRECTION('',(0.0,1.0,0.0));
#876=ORIENTED_EDGE('',*,*,#1601,.F.);
#877=ORIENTED_EDGE('',*,*,#1600,.F.);
#878=ORIENTED_EDGE('',*,*,#1602,.F.);
#879=ORIENTED_EDGE('',*,*,#1603,.T.);
#880=CARTESIAN_POINT('',(2.7559,0.0,-10.9855));
#881=DIRECTION('',(0.952424147199317,0.0,-0.304775727103806));
#882=DIRECTION('',(0.0,-1.0,0.0));
#883=ORIENTED_EDGE('',*,*,#1603,.F.);
#884=ORIENTED_EDGE('',*,*,#1604,.T.);
#885=ORIENTED_EDGE('',*,*,#1605,.F.);
#886=ORIENTED_EDGE('',*,*,#1606,.F.);
#887=CARTESIAN_POINT('',(2.2225,-0.3175,-11.303));
#888=DIRECTION('',(0.0,0.0,-1.0));
#889=DIRECTION('',(0.0,-1.0,0.0));
#890=ORIENTED_EDGE('',*,*,#1601,.T.);
#891=ORIENTED_EDGE('',*,*,#1606,.T.);
#892=ORIENTED_EDGE('',*,*,#1607,.T.);
#893=ORIENTED_EDGE('',*,*,#1586,.F.);
#894=CARTESIAN_POINT('',(2.54,0.2159,-10.9855));
#895=DIRECTION('',(0.0,0.952424147199317,-0.304775727103806));
#896=DIRECTION('',(-1.0,0.0,0.0));
#897=ORIENTED_EDGE('',*,*,#1607,.F.);
#898=ORIENTED_EDGE('',*,*,#1605,.T.);
#899=ORIENTED_EDGE('',*,*,#1608,.T.);
#900=ORIENTED_EDGE('',*,*,#1582,.F.);
#901=CARTESIAN_POINT('',(2.3241,0.0,-10.9855));
#902=DIRECTION('',(-0.952424147199317,0.0,-0.304775727103806));
#903=DIRECTION('',(-0.304775727103806,0.0,0.952424147199317));
#904=ORIENTED_EDGE('',*,*,#1608,.F.);
#905=ORIENTED_EDGE('',*,*,#1604,.F.);
#906=ORIENTED_EDGE('',*,*,#1602,.T.);
#907=ORIENTED_EDGE('',*,*,#1599,.T.);
#908=CARTESIAN_POINT('',(2.54,-0.2159,-10.9855));
#909=DIRECTION('',(0.0,-0.952424147199317,-0.304775727103806));
#910=DIRECTION('',(0.0,0.304775727103806,-0.952424147199317));
#911=ORIENTED_EDGE('',*,*,#1587,.F.);
#912=ORIENTED_EDGE('',*,*,#1578,.F.);
#913=ORIENTED_EDGE('',*,*,#1595,.F.);
#914=ORIENTED_EDGE('',*,*,#1593,.T.);
#915=CARTESIAN_POINT('',(2.3241,0.0,0.6985));
#916=DIRECTION('',(-0.952424147199317,0.0,0.304775727103806));
#917=DIRECTION('',(0.0,1.0,0.0));
#918=ORIENTED_EDGE('',*,*,#1609,.F.);
#919=ORIENTED_EDGE('',*,*,#1568,.F.);
#920=ORIENTED_EDGE('',*,*,#1610,.F.);
#921=ORIENTED_EDGE('',*,*,#1611,.T.);
#922=CARTESIAN_POINT('',(-0.3175,0.0,0.0));
#923=DIRECTION('',(1.0,0.0,0.0));
#924=DIRECTION('',(0.0,1.0,0.0));
#925=ORIENTED_EDGE('',*,*,#1612,.F.);
#926=ORIENTED_EDGE('',*,*,#1538,.T.);
#927=ORIENTED_EDGE('',*,*,#1613,.F.);
#928=ORIENTED_EDGE('',*,*,#1614,.T.);
#929=CARTESIAN_POINT('',(-0.3175,0.0,0.0));
#930=DIRECTION('',(1.0,0.0,0.0));
#931=DIRECTION('',(0.0,1.0,0.0));
#932=ORIENTED_EDGE('',*,*,#1615,.F.);
#933=ORIENTED_EDGE('',*,*,#1611,.F.);
#934=ORIENTED_EDGE('',*,*,#1616,.F.);
#935=ORIENTED_EDGE('',*,*,#1617,.T.);
#936=CARTESIAN_POINT('',(-0.2159,0.0,0.6985));
#937=DIRECTION('',(-0.952424147199317,0.0,0.304775727103806));
#938=DIRECTION('',(0.0,1.0,0.0));
#939=ORIENTED_EDGE('',*,*,#1617,.F.);
#940=ORIENTED_EDGE('',*,*,#1618,.F.);
#941=ORIENTED_EDGE('',*,*,#1619,.F.);
#942=ORIENTED_EDGE('',*,*,#1620,.T.);
#943=CARTESIAN_POINT('',(-0.3175,0.3175,1.016));
#944=DIRECTION('',(0.0,0.0,1.0));
#945=DIRECTION('',(1.0,0.0,0.0));
#946=ORIENTED_EDGE('',*,*,#1621,.T.);
#947=ORIENTED_EDGE('',*,*,#1622,.T.);
#948=ORIENTED_EDGE('',*,*,#1615,.T.);
#949=ORIENTED_EDGE('',*,*,#1620,.F.);
#950=CARTESIAN_POINT('',(0.0,0.2159,0.6985));
#951=DIRECTION('',(0.0,0.952424147199317,0.304775727103806));
#952=DIRECTION('',(1.0,0.0,-0.0));
#953=ORIENTED_EDGE('',*,*,#1623,.F.);
#954=ORIENTED_EDGE('',*,*,#1565,.F.);
#955=ORIENTED_EDGE('',*,*,#1609,.T.);
#956=ORIENTED_EDGE('',*,*,#1622,.F.);
#957=CARTESIAN_POINT('',(-0.3175,0.3175,-11.303));
#958=DIRECTION('',(-0.0,1.0,0.0));
#959=DIRECTION('',(1.0,0.0,0.0));
#960=ORIENTED_EDGE('',*,*,#1613,.T.);
#961=ORIENTED_EDGE('',*,*,#1537,.F.);
#962=ORIENTED_EDGE('',*,*,#1624,.F.);
#963=ORIENTED_EDGE('',*,*,#1625,.T.);
#964=CARTESIAN_POINT('',(-0.3175,0.3175,-11.303));
#965=DIRECTION('',(-0.0,1.0,0.0));
#966=DIRECTION('',(1.0,0.0,0.0));
#967=ORIENTED_EDGE('',*,*,#1626,.T.);
#968=ORIENTED_EDGE('',*,*,#1566,.T.);
#969=ORIENTED_EDGE('',*,*,#1623,.T.);
#970=ORIENTED_EDGE('',*,*,#1627,.T.);
#971=CARTESIAN_POINT('',(0.3175,0.0,0.0));
#972=DIRECTION('',(1.0,0.0,0.0));
#973=DIRECTION('',(0.0,1.0,0.0));
#974=ORIENTED_EDGE('',*,*,#1624,.T.);
#975=ORIENTED_EDGE('',*,*,#1536,.F.);
#976=ORIENTED_EDGE('',*,*,#1628,.T.);
#977=ORIENTED_EDGE('',*,*,#1629,.T.);
#978=CARTESIAN_POINT('',(0.3175,0.0,0.0));
#979=DIRECTION('',(1.0,0.0,0.0));
#980=DIRECTION('',(0.0,1.0,0.0));
#981=ORIENTED_EDGE('',*,*,#1630,.F.);
#982=ORIENTED_EDGE('',*,*,#1627,.F.);
#983=ORIENTED_EDGE('',*,*,#1621,.F.);
#984=ORIENTED_EDGE('',*,*,#1619,.T.);
#985=CARTESIAN_POINT('',(0.2159,0.0,0.6985));
#986=DIRECTION('',(0.952424147199317,0.0,0.304775727103806));
#987=DIRECTION('',(0.0,-1.0,0.0));
#988=ORIENTED_EDGE('',*,*,#1630,.T.);
#989=ORIENTED_EDGE('',*,*,#1618,.T.);
#990=ORIENTED_EDGE('',*,*,#1616,.T.);
#991=ORIENTED_EDGE('',*,*,#1631,.F.);
#992=CARTESIAN_POINT('',(0.0,-0.2159,0.6985));
#993=DIRECTION('',(0.0,-0.952424147199317,0.304775727103806));
#994=DIRECTION('',(-1.0,0.0,0.0));
#995=ORIENTED_EDGE('',*,*,#1610,.T.);
#996=ORIENTED_EDGE('',*,*,#1567,.T.);
#997=ORIENTED_EDGE('',*,*,#1626,.F.);
#998=ORIENTED_EDGE('',*,*,#1631,.T.);
#999=CARTESIAN_POINT('',(-0.3175,-0.3175,1.016));
#1000=DIRECTION('',(0.0,-1.0,0.0));
#1001=DIRECTION('',(0.0,0.0,-1.0));
#1002=ORIENTED_EDGE('',*,*,#1628,.F.);
#1003=ORIENTED_EDGE('',*,*,#1535,.T.);
#1004=ORIENTED_EDGE('',*,*,#1612,.T.);
#1005=ORIENTED_EDGE('',*,*,#1632,.F.);
#1006=CARTESIAN_POINT('',(-0.3175,-0.3175,1.016));
#1007=DIRECTION('',(0.0,-1.0,0.0));
#1008=DIRECTION('',(0.0,0.0,-1.0));
#1009=ORIENTED_EDGE('',*,*,#1633,.F.);
#1010=ORIENTED_EDGE('',*,*,#1634,.F.);
#1011=ORIENTED_EDGE('',*,*,#1635,.T.);
#1012=ORIENTED_EDGE('',*,*,#1632,.T.);
#1013=CARTESIAN_POINT('',(0.0,-0.2159,-10.9855));
#1014=DIRECTION('',(0.0,-0.952424147199317,-0.304775727103806));
#1015=DIRECTION('',(0.0,0.304775727103806,-0.952424147199317));
#1016=ORIENTED_EDGE('',*,*,#1636,.F.);
#1017=ORIENTED_EDGE('',*,*,#1629,.F.);
#1018=ORIENTED_EDGE('',*,*,#1635,.F.);
#1019=ORIENTED_EDGE('',*,*,#1637,.T.);
#1020=CARTESIAN_POINT('',(0.2159,0.0,-10.9855));
#1021=DIRECTION('',(0.952424147199317,0.0,-0.304775727103806));
#1022=DIRECTION('',(0.0,-1.0,0.0));
#1023=ORIENTED_EDGE('',*,*,#1637,.F.);
#1024=ORIENTED_EDGE('',*,*,#1634,.T.);
#1025=ORIENTED_EDGE('',*,*,#1638,.F.);
#1026=ORIENTED_EDGE('',*,*,#1639,.F.);
#1027=CARTESIAN_POINT('',(-0.3175,-0.3175,-11.303));
#1028=DIRECTION('',(0.0,0.0,-1.0));
#1029=DIRECTION('',(0.0,-1.0,0.0));
#1030=ORIENTED_EDGE('',*,*,#1636,.T.);
#1031=ORIENTED_EDGE('',*,*,#1639,.T.);
#1032=ORIENTED_EDGE('',*,*,#1640,.T.);
#1033=ORIENTED_EDGE('',*,*,#1625,.F.);
#1034=CARTESIAN_POINT('',(0.0,0.2159,-10.9855));
#1035=DIRECTION('',(0.0,0.952424147199317,-0.304775727103806));
#1036=DIRECTION('',(-1.0,0.0,0.0));
#1037=ORIENTED_EDGE('',*,*,#1640,.F.);
#1038=ORIENTED_EDGE('',*,*,#1638,.T.);
#1039=ORIENTED_EDGE('',*,*,#1633,.T.);
#1040=ORIENTED_EDGE('',*,*,#1614,.F.);
#1041=CARTESIAN_POINT('',(-0.2159,0.0,-10.9855));
#1042=DIRECTION('',(-0.952424147199317,0.0,-0.304775727103806));
#1043=DIRECTION('',(-0.304775727103806,0.0,0.952424147199317));
#1044=ORIENTED_EDGE('',*,*,#1641,.F.);
#1045=ORIENTED_EDGE('',*,*,#1572,.F.);
#1046=ORIENTED_EDGE('',*,*,#1642,.F.);
#1047=ORIENTED_EDGE('',*,*,#1643,.T.);
#1048=CARTESIAN_POINT('',(-2.8575,0.0,0.0));
#1049=DIRECTION('',(1.0,0.0,0.0));
#1050=DIRECTION('',(0.0,1.0,0.0));
#1051=ORIENTED_EDGE('',*,*,#1644,.F.);
#1052=ORIENTED_EDGE('',*,*,#1542,.T.);
#1053=ORIENTED_EDGE('',*,*,#1645,.F.);
#1054=ORIENTED_EDGE('',*,*,#1646,.T.);
#1055=CARTESIAN_POINT('',(-2.8575,0.0,0.0));
#1056=DIRECTION('',(1.0,0.0,0.0));
#1057=DIRECTION('',(0.0,1.0,0.0));
#1058=ORIENTED_EDGE('',*,*,#1647,.F.);
#1059=ORIENTED_EDGE('',*,*,#1643,.F.);
#1060=ORIENTED_EDGE('',*,*,#1648,.F.);
#1061=ORIENTED_EDGE('',*,*,#1649,.T.);
#1062=CARTESIAN_POINT('',(-2.7559,0.0,0.6985));
#1063=DIRECTION('',(-0.952424147199317,0.0,0.304775727103806));
#1064=DIRECTION('',(0.0,1.0,0.0));
#1065=ORIENTED_EDGE('',*,*,#1649,.F.);
#1066=ORIENTED_EDGE('',*,*,#1650,.F.);
#1067=ORIENTED_EDGE('',*,*,#1651,.F.);
#1068=ORIENTED_EDGE('',*,*,#1652,.T.);
#1069=CARTESIAN_POINT('',(-2.8575,0.3175,1.016));
#1070=DIRECTION('',(0.0,0.0,1.0));
#1071=DIRECTION('',(1.0,0.0,0.0));
#1072=ORIENTED_EDGE('',*,*,#1653,.T.);
#1073=ORIENTED_EDGE('',*,*,#1654,.T.);
#1074=ORIENTED_EDGE('',*,*,#1647,.T.);
#1075=ORIENTED_EDGE('',*,*,#1652,.F.);
#1076=CARTESIAN_POINT('',(-2.54,0.2159,0.6985));
#1077=DIRECTION('',(0.0,0.952424147199317,0.304775727103806));
#1078=DIRECTION('',(1.0,0.0,-0.0));
#1079=ORIENTED_EDGE('',*,*,#1655,.F.);
#1080=ORIENTED_EDGE('',*,*,#1569,.F.);
#1081=ORIENTED_EDGE('',*,*,#1641,.T.);
#1082=ORIENTED_EDGE('',*,*,#1654,.F.);
#1083=CARTESIAN_POINT('',(-2.8575,0.3175,-11.303));
#1084=DIRECTION('',(-0.0,1.0,0.0));
#1085=DIRECTION('',(1.0,0.0,0.0));
#1086=ORIENTED_EDGE('',*,*,#1645,.T.);
#1087=ORIENTED_EDGE('',*,*,#1541,.T.);
#1088=ORIENTED_EDGE('',*,*,#1656,.F.);
#1089=ORIENTED_EDGE('',*,*,#1657,.T.);
#1090=CARTESIAN_POINT('',(-2.8575,0.3175,-11.303));
#1091=DIRECTION('',(-0.0,1.0,0.0));
#1092=DIRECTION('',(1.0,0.0,0.0));
#1093=ORIENTED_EDGE('',*,*,#1658,.T.);
#1094=ORIENTED_EDGE('',*,*,#1570,.T.);
#1095=ORIENTED_EDGE('',*,*,#1655,.T.);
#1096=ORIENTED_EDGE('',*,*,#1659,.T.);
#1097=CARTESIAN_POINT('',(-2.2225,0.0,0.0));
#1098=DIRECTION('',(1.0,0.0,0.0));
#1099=DIRECTION('',(0.0,1.0,0.0));
#1100=ORIENTED_EDGE('',*,*,#1656,.T.);
#1101=ORIENTED_EDGE('',*,*,#1540,.F.);
#1102=ORIENTED_EDGE('',*,*,#1660,.T.);
#1103=ORIENTED_EDGE('',*,*,#1661,.T.);
#1104=CARTESIAN_POINT('',(-2.2225,0.0,0.0));
#1105=DIRECTION('',(1.0,0.0,0.0));
#1106=DIRECTION('',(0.0,1.0,0.0));
#1107=ORIENTED_EDGE('',*,*,#1662,.F.);
#1108=ORIENTED_EDGE('',*,*,#1659,.F.);
#1109=ORIENTED_EDGE('',*,*,#1653,.F.);
#1110=ORIENTED_EDGE('',*,*,#1651,.T.);
#1111=CARTESIAN_POINT('',(-2.3241,0.0,0.6985));
#1112=DIRECTION('',(0.952424147199317,0.0,0.304775727103806));
#1113=DIRECTION('',(0.0,-1.0,0.0));
#1114=ORIENTED_EDGE('',*,*,#1662,.T.);
#1115=ORIENTED_EDGE('',*,*,#1650,.T.);
#1116=ORIENTED_EDGE('',*,*,#1648,.T.);
#1117=ORIENTED_EDGE('',*,*,#1663,.F.);
#1118=CARTESIAN_POINT('',(-2.54,-0.2159,0.6985));
#1119=DIRECTION('',(0.0,-0.952424147199317,0.304775727103806));
#1120=DIRECTION('',(-1.0,0.0,0.0));
#1121=ORIENTED_EDGE('',*,*,#1642,.T.);
#1122=ORIENTED_EDGE('',*,*,#1571,.T.);
#1123=ORIENTED_EDGE('',*,*,#1658,.F.);
#1124=ORIENTED_EDGE('',*,*,#1663,.T.);
#1125=CARTESIAN_POINT('',(-2.8575,-0.3175,1.016));
#1126=DIRECTION('',(0.0,-1.0,0.0));
#1127=DIRECTION('',(0.0,0.0,-1.0));
#1128=ORIENTED_EDGE('',*,*,#1660,.F.);
#1129=ORIENTED_EDGE('',*,*,#1539,.F.);
#1130=ORIENTED_EDGE('',*,*,#1644,.T.);
#1131=ORIENTED_EDGE('',*,*,#1664,.F.);
#1132=CARTESIAN_POINT('',(-2.8575,-0.3175,1.016));
#1133=DIRECTION('',(0.0,-1.0,0.0));
#1134=DIRECTION('',(0.0,0.0,-1.0));
#1135=ORIENTED_EDGE('',*,*,#1665,.F.);
#1136=ORIENTED_EDGE('',*,*,#1666,.F.);
#1137=ORIENTED_EDGE('',*,*,#1667,.T.);
#1138=ORIENTED_EDGE('',*,*,#1664,.T.);
#1139=CARTESIAN_POINT('',(-2.54,-0.2159,-10.9855));
#1140=DIRECTION('',(0.0,-0.952424147199317,-0.304775727103806));
#1141=DIRECTION('',(0.0,0.304775727103806,-0.952424147199317));
#1142=ORIENTED_EDGE('',*,*,#1668,.F.);
#1143=ORIENTED_EDGE('',*,*,#1661,.F.);
#1144=ORIENTED_EDGE('',*,*,#1667,.F.);
#1145=ORIENTED_EDGE('',*,*,#1669,.T.);
#1146=CARTESIAN_POINT('',(-2.3241,0.0,-10.9855));
#1147=DIRECTION('',(0.952424147199317,0.0,-0.304775727103806));
#1148=DIRECTION('',(0.0,-1.0,0.0));
#1149=ORIENTED_EDGE('',*,*,#1669,.F.);
#1150=ORIENTED_EDGE('',*,*,#1666,.T.);
#1151=ORIENTED_EDGE('',*,*,#1670,.F.);
#1152=ORIENTED_EDGE('',*,*,#1671,.F.);
#1153=CARTESIAN_POINT('',(-2.8575,-0.3175,-11.303));
#1154=DIRECTION('',(0.0,0.0,-1.0));
#1155=DIRECTION('',(0.0,-1.0,0.0));
#1156=ORIENTED_EDGE('',*,*,#1668,.T.);
#1157=ORIENTED_EDGE('',*,*,#1671,.T.);
#1158=ORIENTED_EDGE('',*,*,#1672,.T.);
#1159=ORIENTED_EDGE('',*,*,#1657,.F.);
#1160=CARTESIAN_POINT('',(-2.54,0.2159,-10.9855));
#1161=DIRECTION('',(0.0,0.952424147199317,-0.304775727103806));
#1162=DIRECTION('',(-1.0,0.0,0.0));
#1163=ORIENTED_EDGE('',*,*,#1672,.F.);
#1164=ORIENTED_EDGE('',*,*,#1670,.T.);
#1165=ORIENTED_EDGE('',*,*,#1665,.T.);
#1166=ORIENTED_EDGE('',*,*,#1646,.F.);
#1167=CARTESIAN_POINT('',(-2.7559,0.0,-10.9855));
#1168=DIRECTION('',(-0.952424147199317,0.0,-0.304775727103806));
#1169=DIRECTION('',(-0.304775727103806,0.0,0.952424147199317));
#1170=ORIENTED_EDGE('',*,*,#1561,.F.);
#1171=ORIENTED_EDGE('',*,*,#1673,.F.);
#1172=ORIENTED_EDGE('',*,*,#1674,.F.);
#1173=ORIENTED_EDGE('',*,*,#1675,.F.);
#1174=CARTESIAN_POINT('',(-4.064,-1.524,3.81));
#1175=DIRECTION('',(0.0,-1.0,0.0));
#1176=DIRECTION('',(0.0,0.0,-1.0));
#1177=ORIENTED_EDGE('',*,*,#1676,.F.);
#1178=ORIENTED_EDGE('',*,*,#1677,.T.);
#1179=ORIENTED_EDGE('',*,*,#1564,.F.);
#1180=ORIENTED_EDGE('',*,*,#1678,.T.);
#1181=CARTESIAN_POINT('',(-4.064,-1.524,3.81));
#1182=DIRECTION('',(0.0,-1.0,0.0));
#1183=DIRECTION('',(0.0,0.0,-1.0));
#1184=ORIENTED_EDGE('',*,*,#1562,.F.);
#1185=ORIENTED_EDGE('',*,*,#1675,.T.);
#1186=ORIENTED_EDGE('',*,*,#1679,.F.);
#1187=ORIENTED_EDGE('',*,*,#1509,.F.);
#1188=ORIENTED_EDGE('',*,*,#1547,.T.);
#1189=CARTESIAN_POINT('',(0.635,-1.524,3.81));
#1190=DIRECTION('',(-1.0,0.0,0.0));
#1191=DIRECTION('',(0.0,0.0,1.0));
#1192=ORIENTED_EDGE('',*,*,#1674,.T.);
#1193=ORIENTED_EDGE('',*,*,#1680,.T.);
#1194=ORIENTED_EDGE('',*,*,#1510,.F.);
#1195=ORIENTED_EDGE('',*,*,#1679,.T.);
#1196=CARTESIAN_POINT('',(0.0,-1.778,3.556));
#1197=DIRECTION('',(0.0,0.707106781186547,0.707106781186547));
#1198=DIRECTION('',(1.0,0.0,-0.0));
#1199=ORIENTED_EDGE('',*,*,#1518,.F.);
#1200=ORIENTED_EDGE('',*,*,#1681,.F.);
#1201=ORIENTED_EDGE('',*,*,#1676,.T.);
#1202=ORIENTED_EDGE('',*,*,#1682,.F.);
#1203=CARTESIAN_POINT('',(0.0,-1.778,3.556));
#1204=DIRECTION('',(0.0,0.707106781186547,0.707106781186547));
#1205=DIRECTION('',(1.0,0.0,-0.0));
#1206=ORIENTED_EDGE('',*,*,#1683,.T.);
#1207=ORIENTED_EDGE('',*,*,#1684,.T.);
#1208=ORIENTED_EDGE('',*,*,#1511,.F.);
#1209=ORIENTED_EDGE('',*,*,#1680,.F.);
#1210=CARTESIAN_POINT('',(-4.318,0.0,3.556));
#1211=DIRECTION('',(0.707106781186547,0.0,0.707106781186547));
#1212=DIRECTION('',(0.0,-1.0,0.0));
#1213=ORIENTED_EDGE('',*,*,#1512,.F.);
#1214=ORIENTED_EDGE('',*,*,#1684,.F.);
#1215=ORIENTED_EDGE('',*,*,#1685,.T.);
#1216=ORIENTED_EDGE('',*,*,#1686,.T.);
#1217=CARTESIAN_POINT('',(-3.429,1.778,3.556));
#1218=DIRECTION('',(0.0,-0.707106781186547,0.707106781186547));
#1219=DIRECTION('',(-1.0,0.0,0.0));
#1220=ORIENTED_EDGE('',*,*,#1513,.F.);
#1221=ORIENTED_EDGE('',*,*,#1686,.F.);
#1222=ORIENTED_EDGE('',*,*,#1687,.T.);
#1223=ORIENTED_EDGE('',*,*,#1688,.T.);
#1224=CARTESIAN_POINT('',(-3.048,2.286,3.556));
#1225=DIRECTION('',(0.707106781186547,0.0,0.707106781186547));
#1226=DIRECTION('',(0.0,-1.0,0.0));
#1227=ORIENTED_EDGE('',*,*,#1689,.T.);
#1228=ORIENTED_EDGE('',*,*,#1514,.F.);
#1229=ORIENTED_EDGE('',*,*,#1688,.F.);
#1230=ORIENTED_EDGE('',*,*,#1690,.T.);
#1231=CARTESIAN_POINT('',(0.0,3.302,3.556));
#1232=DIRECTION('',(0.0,-0.707106781186547,0.707106781186547));
#1233=DIRECTION('',(-1.0,0.0,0.0));
#1234=ORIENTED_EDGE('',*,*,#1691,.F.);
#1235=ORIENTED_EDGE('',*,*,#1690,.F.);
#1236=ORIENTED_EDGE('',*,*,#1692,.T.);
#1237=ORIENTED_EDGE('',*,*,#1693,.T.);
#1238=ORIENTED_EDGE('',*,*,#1694,.T.);
#1239=ORIENTED_EDGE('',*,*,#1695,.T.);
#1240=CARTESIAN_POINT('',(2.794,3.048,3.81));
#1241=DIRECTION('',(-0.0,1.0,0.0));
#1242=DIRECTION('',(1.0,0.0,0.0));
#1243=ORIENTED_EDGE('',*,*,#1696,.T.);
#1244=ORIENTED_EDGE('',*,*,#1695,.F.);
#1245=ORIENTED_EDGE('',*,*,#1697,.F.);
#1246=ORIENTED_EDGE('',*,*,#1698,.T.);
#1247=CARTESIAN_POINT('',(1.4478,4.064,0.9398));
#1248=DIRECTION('',(-0.0,-1.0,0.0));
#1249=DIRECTION('',(-1.0,0.0,0.0));
#1250=ORIENTED_EDGE('',*,*,#1699,.F.);
#1251=ORIENTED_EDGE('',*,*,#1700,.F.);
#1252=ORIENTED_EDGE('',*,*,#1701,.F.);
#1253=ORIENTED_EDGE('',*,*,#1702,.F.);
#1254=ORIENTED_EDGE('',*,*,#1703,.T.);
#1255=ORIENTED_EDGE('',*,*,#1506,.T.);
#1256=ORIENTED_EDGE('',*,*,#1704,.F.);
#1257=ORIENTED_EDGE('',*,*,#1705,.F.);
#1258=ORIENTED_EDGE('',*,*,#1706,.T.);
#1259=ORIENTED_EDGE('',*,*,#1698,.F.);
#1260=CARTESIAN_POINT('',(-5.08,4.064,0.0));
#1261=DIRECTION('',(-0.0,1.0,0.0));
#1262=DIRECTION('',(1.0,0.0,0.0));
#1263=ORIENTED_EDGE('',*,*,#1707,.F.);
#1264=ORIENTED_EDGE('',*,*,#1708,.T.);
#1265=ORIENTED_EDGE('',*,*,#1709,.F.);
#1266=ORIENTED_EDGE('',*,*,#1710,.F.);
#1267=ORIENTED_EDGE('',*,*,#1691,.T.);
#1268=ORIENTED_EDGE('',*,*,#1696,.F.);
#1269=ORIENTED_EDGE('',*,*,#1706,.F.);
#1270=ORIENTED_EDGE('',*,*,#1711,.F.);
#1271=CARTESIAN_POINT('',(2.794,1.524,3.81));
#1272=DIRECTION('',(1.0,0.0,0.0));
#1273=DIRECTION('',(0.0,1.0,0.0));
#1274=ORIENTED_EDGE('',*,*,#1705,.T.);
#1275=ORIENTED_EDGE('',*,*,#1712,.F.);
#1276=ORIENTED_EDGE('',*,*,#1496,.F.);
#1277=ORIENTED_EDGE('',*,*,#1711,.T.);
#1278=CARTESIAN_POINT('',(-5.08,2.54,0.0));
#1279=DIRECTION('',(0.0,0.0,-1.0));
#1280=DIRECTION('',(0.0,-1.0,0.0));
#1281=ORIENTED_EDGE('',*,*,#1490,.F.);
#1282=ORIENTED_EDGE('',*,*,#1713,.T.);
#1283=ORIENTED_EDGE('',*,*,#1702,.T.);
#1284=ORIENTED_EDGE('',*,*,#1714,.T.);
#1285=CARTESIAN_POINT('',(-5.08,2.54,0.0));
#1286=DIRECTION('',(0.0,0.0,-1.0));
#1287=DIRECTION('',(0.0,-1.0,0.0));
#1288=ORIENTED_EDGE('',*,*,#1704,.T.);
#1289=ORIENTED_EDGE('',*,*,#1505,.T.);
#1290=ORIENTED_EDGE('',*,*,#1497,.T.);
#1291=ORIENTED_EDGE('',*,*,#1712,.T.);
#1292=CARTESIAN_POINT('',(3.81,4.064,3.81));
#1293=DIRECTION('',(-1.0,0.0,0.0));
#1294=DIRECTION('',(0.0,0.0,1.0));
#1295=ORIENTED_EDGE('',*,*,#1687,.F.);
#1296=ORIENTED_EDGE('',*,*,#1715,.F.);
#1297=ORIENTED_EDGE('',*,*,#1716,.T.);
#1298=ORIENTED_EDGE('',*,*,#1717,.F.);
#1299=ORIENTED_EDGE('',*,*,#1714,.F.);
#1300=ORIENTED_EDGE('',*,*,#1701,.T.);
#1301=ORIENTED_EDGE('',*,*,#1718,.T.);
#1302=ORIENTED_EDGE('',*,*,#1692,.F.);
#1303=CARTESIAN_POINT('',(-2.794,3.048,3.81));
#1304=DIRECTION('',(-1.0,0.0,0.0));
#1305=DIRECTION('',(0.0,0.0,1.0));
#1306=ORIENTED_EDGE('',*,*,#1719,.T.);
#1307=ORIENTED_EDGE('',*,*,#1693,.F.);
#1308=ORIENTED_EDGE('',*,*,#1718,.F.);
#1309=ORIENTED_EDGE('',*,*,#1700,.T.);
#1310=CARTESIAN_POINT('',(-1.4478,4.064,0.9398));
#1311=DIRECTION('',(-0.0,-1.0,0.0));
#1312=DIRECTION('',(-1.0,0.0,0.0));
#1313=ORIENTED_EDGE('',*,*,#1697,.T.);
#1314=ORIENTED_EDGE('',*,*,#1694,.F.);
#1315=ORIENTED_EDGE('',*,*,#1719,.F.);
#1316=ORIENTED_EDGE('',*,*,#1699,.T.);
#1317=CARTESIAN_POINT('',(-1.4478,4.064,2.286));
#1318=DIRECTION('',(0.0,0.0,1.0));
#1319=DIRECTION('',(1.0,0.0,0.0));
#1320=ORIENTED_EDGE('',*,*,#1491,.F.);
#1321=ORIENTED_EDGE('',*,*,#1717,.T.);
#1322=ORIENTED_EDGE('',*,*,#1720,.T.);
#1323=ORIENTED_EDGE('',*,*,#1721,.F.);
#1324=CARTESIAN_POINT('',(-5.08,2.54,0.0));
#1325=DIRECTION('',(0.0,0.0,-1.0));
#1326=DIRECTION('',(0.0,-1.0,0.0));
#1327=ORIENTED_EDGE('',*,*,#1722,.T.);
#1328=ORIENTED_EDGE('',*,*,#1707,.T.);
#1329=ORIENTED_EDGE('',*,*,#1495,.F.);
#1330=ORIENTED_EDGE('',*,*,#1723,.T.);
#1331=CARTESIAN_POINT('',(-5.08,2.54,0.0));
#1332=DIRECTION('',(0.0,0.0,-1.0));
#1333=DIRECTION('',(0.0,-1.0,0.0));
#1334=ORIENTED_EDGE('',*,*,#1724,.T.);
#1335=ORIENTED_EDGE('',*,*,#1725,.T.);
#1336=ORIENTED_EDGE('',*,*,#1558,.F.);
#1337=ORIENTED_EDGE('',*,*,#1492,.F.);
#1338=ORIENTED_EDGE('',*,*,#1721,.T.);
#1339=CARTESIAN_POINT('',(-1.524,3.048,3.81));
#1340=DIRECTION('',(-1.0,0.0,0.0));
#1341=DIRECTION('',(0.0,0.0,1.0));
#1342=ORIENTED_EDGE('',*,*,#1726,.F.);
#1343=ORIENTED_EDGE('',*,*,#1715,.T.);
#1344=ORIENTED_EDGE('',*,*,#1685,.F.);
#1345=ORIENTED_EDGE('',*,*,#1727,.T.);
#1346=ORIENTED_EDGE('',*,*,#1559,.F.);
#1347=ORIENTED_EDGE('',*,*,#1725,.F.);
#1348=CARTESIAN_POINT('',(-2.794,1.524,3.81));
#1349=DIRECTION('',(-0.0,1.0,0.0));
#1350=DIRECTION('',(1.0,0.0,0.0));
#1351=ORIENTED_EDGE('',*,*,#1673,.T.);
#1352=ORIENTED_EDGE('',*,*,#1560,.F.);
#1353=ORIENTED_EDGE('',*,*,#1727,.F.);
#1354=ORIENTED_EDGE('',*,*,#1683,.F.);
#1355=CARTESIAN_POINT('',(-4.064,1.524,3.81));
#1356=DIRECTION('',(-1.0,0.0,0.0));
#1357=DIRECTION('',(0.0,0.0,1.0));
#1358=ORIENTED_EDGE('',*,*,#1720,.F.);
#1359=ORIENTED_EDGE('',*,*,#1716,.F.);
#1360=ORIENTED_EDGE('',*,*,#1726,.T.);
#1361=ORIENTED_EDGE('',*,*,#1724,.F.);
#1362=CARTESIAN_POINT('',(-2.159,1.778,-0.254));
#1363=DIRECTION('',(0.0,-0.707106781186547,0.707106781186547));
#1364=DIRECTION('',(-1.0,0.0,0.0));
#1365=ORIENTED_EDGE('',*,*,#1494,.T.);
#1366=ORIENTED_EDGE('',*,*,#1557,.F.);
#1367=ORIENTED_EDGE('',*,*,#1728,.F.);
#1368=ORIENTED_EDGE('',*,*,#1729,.T.);
#1369=ORIENTED_EDGE('',*,*,#1723,.F.);
#1370=CARTESIAN_POINT('',(1.524,1.524,3.81));
#1371=DIRECTION('',(1.0,0.0,0.0));
#1372=DIRECTION('',(0.0,1.0,0.0));
#1373=ORIENTED_EDGE('',*,*,#1708,.F.);
#1374=ORIENTED_EDGE('',*,*,#1722,.F.);
#1375=ORIENTED_EDGE('',*,*,#1729,.F.);
#1376=ORIENTED_EDGE('',*,*,#1730,.T.);
#1377=CARTESIAN_POINT('',(2.159,1.778,-0.254));
#1378=DIRECTION('',(0.0,-0.707106781186547,0.707106781186547));
#1379=DIRECTION('',(-1.0,0.0,0.0));
#1380=ORIENTED_EDGE('',*,*,#1556,.F.);
#1381=ORIENTED_EDGE('',*,*,#1731,.T.);
#1382=ORIENTED_EDGE('',*,*,#1732,.F.);
#1383=ORIENTED_EDGE('',*,*,#1709,.T.);
#1384=ORIENTED_EDGE('',*,*,#1730,.F.);
#1385=ORIENTED_EDGE('',*,*,#1728,.T.);
#1386=CARTESIAN_POINT('',(4.064,1.524,3.81));
#1387=DIRECTION('',(-0.0,1.0,0.0));
#1388=DIRECTION('',(1.0,0.0,0.0));
#1389=ORIENTED_EDGE('',*,*,#1516,.F.);
#1390=ORIENTED_EDGE('',*,*,#1733,.F.);
#1391=ORIENTED_EDGE('',*,*,#1732,.T.);
#1392=ORIENTED_EDGE('',*,*,#1734,.T.);
#1393=CARTESIAN_POINT('',(3.429,1.778,3.556));
#1394=DIRECTION('',(0.0,-0.707106781186547,0.707106781186547));
#1395=DIRECTION('',(-1.0,0.0,0.0));
#1396=ORIENTED_EDGE('',*,*,#1735,.T.);
#1397=ORIENTED_EDGE('',*,*,#1681,.T.);
#1398=ORIENTED_EDGE('',*,*,#1517,.F.);
#1399=ORIENTED_EDGE('',*,*,#1734,.F.);
#1400=CARTESIAN_POINT('',(4.318,0.0,3.556));
#1401=DIRECTION('',(-0.707106781186547,0.0,0.707106781186547));
#1402=DIRECTION('',(0.0,1.0,0.0));
#1403=ORIENTED_EDGE('',*,*,#1731,.F.);
#1404=ORIENTED_EDGE('',*,*,#1555,.F.);
#1405=ORIENTED_EDGE('',*,*,#1677,.F.);
#1406=ORIENTED_EDGE('',*,*,#1735,.F.);
#1407=CARTESIAN_POINT('',(4.064,-1.524,3.81));
#1408=DIRECTION('',(1.0,0.0,0.0));
#1409=DIRECTION('',(0.0,1.0,0.0));
#1410=ORIENTED_EDGE('',*,*,#1515,.F.);
#1411=ORIENTED_EDGE('',*,*,#1689,.F.);
#1412=ORIENTED_EDGE('',*,*,#1710,.T.);
#1413=ORIENTED_EDGE('',*,*,#1733,.T.);
#1414=CARTESIAN_POINT('',(3.048,2.286,3.556));
#1415=DIRECTION('',(-0.707106781186547,0.0,0.707106781186547));
#1416=DIRECTION('',(0.0,1.0,0.0));
#1417=ORIENTED_EDGE('',*,*,#1489,.F.);
#1418=ORIENTED_EDGE('',*,*,#1507,.F.);
#1419=ORIENTED_EDGE('',*,*,#1703,.F.);
#1420=ORIENTED_EDGE('',*,*,#1713,.F.);
#1421=CARTESIAN_POINT('',(-3.81,2.54,3.81));
#1422=DIRECTION('',(1.0,0.0,0.0));
#1423=DIRECTION('',(0.0,1.0,0.0));
#1424=ORIENTED_EDGE('',*,*,#1519,.T.);
#1425=ORIENTED_EDGE('',*,*,#1682,.T.);
#1426=ORIENTED_EDGE('',*,*,#1678,.F.);
#1427=ORIENTED_EDGE('',*,*,#1563,.F.);
#1428=ORIENTED_EDGE('',*,*,#1553,.F.);
#1429=CARTESIAN_POINT('',(1.905,-2.54,3.81));
#1430=DIRECTION('',(1.0,0.0,0.0));
#1431=DIRECTION('',(0.0,1.0,0.0));
#1432=ORIENTED_EDGE('',*,*,#1552,.T.);
#1433=ORIENTED_EDGE('',*,*,#1736,.F.);
#1434=ORIENTED_EDGE('',*,*,#1480,.F.);
#1435=ORIENTED_EDGE('',*,*,#1544,.F.);
#1436=CARTESIAN_POINT('',(4.2545,2.54,-7.62));
#1437=DIRECTION('',(0.707106781186547,0.0,-0.707106781186547));
#1438=DIRECTION('',(0.0,-1.0,0.0));
#1439=ORIENTED_EDGE('',*,*,#1736,.T.);
#1440=ORIENTED_EDGE('',*,*,#1551,.T.);
#1441=ORIENTED_EDGE('',*,*,#1737,.F.);
#1442=ORIENTED_EDGE('',*,*,#1481,.F.);
#1443=CARTESIAN_POINT('',(3.8735,2.54,-8.001));
#1444=DIRECTION('',(0.0,0.0,-1.0));
#1445=DIRECTION('',(0.0,-1.0,0.0));
#1446=ORIENTED_EDGE('',*,*,#1482,.F.);
#1447=ORIENTED_EDGE('',*,*,#1737,.T.);
#1448=ORIENTED_EDGE('',*,*,#1550,.T.);
#1449=ORIENTED_EDGE('',*,*,#1528,.T.);
#1450=CARTESIAN_POINT('',(3.7465,2.54,-8.001));
#1451=DIRECTION('',(-0.707106781186547,0.0,-0.707106781186547));
#1452=DIRECTION('',(-0.707106781186548,0.0,0.707106781186548));
#1453=ORIENTED_EDGE('',*,*,#1549,.T.);
#1454=ORIENTED_EDGE('',*,*,#1738,.F.);
#1455=ORIENTED_EDGE('',*,*,#1484,.F.);
#1456=ORIENTED_EDGE('',*,*,#1530,.F.);
#1457=CARTESIAN_POINT('',(-3.3655,2.54,-7.62));
#1458=DIRECTION('',(0.707106781186547,0.0,-0.707106781186547));
#1459=DIRECTION('',(0.0,-1.0,0.0));
#1460=ORIENTED_EDGE('',*,*,#1738,.T.);
#1461=ORIENTED_EDGE('',*,*,#1548,.T.);
#1462=ORIENTED_EDGE('',*,*,#1545,.F.);
#1463=ORIENTED_EDGE('',*,*,#1485,.F.);
#1464=CARTESIAN_POINT('',(-3.7465,2.54,-8.001));
#1465=DIRECTION('',(0.0,0.0,-1.0));
#1466=DIRECTION('',(0.0,-1.0,0.0));
#1467=AXIS2_PLACEMENT_3D('',#1739,#1740,#1741);
#1468=AXIS2_PLACEMENT_3D('',#1742,#1743,#1744);
#1469=AXIS2_PLACEMENT_3D('',#1745,#1746,#1747);
#1470=AXIS2_PLACEMENT_3D('',#1748,#1749,#1750);
#1471=AXIS2_PLACEMENT_3D('',#1751,#1752,#1753);
#1472=AXIS2_PLACEMENT_3D('',#1754,#1755,#1756);
#1473=EDGE_CURVE('',#1757,#1758,#1759,.T.);
#1474=EDGE_CURVE('',#1760,#1757,#1761,.T.);
#1475=EDGE_CURVE('',#1762,#1760,#1763,.T.);
#1476=EDGE_CURVE('',#1762,#1758,#1764,.T.);
#1477=EDGE_CURVE('',#1765,#1766,#1767,.T.);
#1478=EDGE_CURVE('',#1768,#1765,#1769,.T.);
#1479=EDGE_CURVE('',#1770,#1768,#1771,.T.);
#1480=EDGE_CURVE('',#1770,#1772,#1773,.T.);
#1481=EDGE_CURVE('',#1772,#1774,#1775,.T.);
#1482=EDGE_CURVE('',#1774,#1776,#1777,.T.);
#1483=EDGE_CURVE('',#1778,#1776,#1779,.T.);
#1484=EDGE_CURVE('',#1778,#1780,#1781,.T.);
#1485=EDGE_CURVE('',#1780,#1782,#1783,.T.);
#1486=EDGE_CURVE('',#1782,#1784,#1785,.T.);
#1487=EDGE_CURVE('',#1758,#1784,#1786,.T.);
#1488=EDGE_CURVE('',#1762,#1787,#1788,.T.);
#1489=EDGE_CURVE('',#1787,#1789,#1790,.T.);
#1490=EDGE_CURVE('',#1789,#1791,#1792,.T.);
#1491=EDGE_CURVE('',#1791,#1793,#1794,.T.);
#1492=EDGE_CURVE('',#1793,#1795,#1796,.T.);
#1493=EDGE_CURVE('',#1795,#1797,#1798,.T.);
#1494=EDGE_CURVE('',#1799,#1797,#1800,.T.);
#1495=EDGE_CURVE('',#1799,#1801,#1802,.T.);
#1496=EDGE_CURVE('',#1801,#1803,#1804,.T.);
#1497=EDGE_CURVE('',#1805,#1803,#1806,.T.);
#1498=EDGE_CURVE('',#1807,#1805,#1808,.T.);
#1499=EDGE_CURVE('',#1809,#1807,#1810,.T.);
#1500=EDGE_CURVE('',#1766,#1809,#1811,.T.);
#1501=EDGE_CURVE('',#1809,#1812,#1813,.T.);
#1502=EDGE_CURVE('',#1814,#1812,#1815,.T.);
#1503=EDGE_CURVE('',#1814,#1766,#1816,.T.);
#1504=EDGE_CURVE('',#1817,#1807,#1818,.T.);
#1505=EDGE_CURVE('',#1819,#1805,#1820,.T.);
#1506=EDGE_CURVE('',#1821,#1819,#1822,.T.);
#1507=EDGE_CURVE('',#1821,#1787,#1823,.T.);
#1508=EDGE_CURVE('',#1760,#1824,#1825,.T.);
#1509=EDGE_CURVE('',#1824,#1826,#1827,.T.);
#1510=EDGE_CURVE('',#1826,#1828,#1829,.T.);
#1511=EDGE_CURVE('',#1828,#1830,#1831,.T.);
#1512=EDGE_CURVE('',#1830,#1832,#1833,.T.);
#1513=EDGE_CURVE('',#1832,#1834,#1835,.T.);
#1514=EDGE_CURVE('',#1834,#1836,#1837,.T.);
#1515=EDGE_CURVE('',#1836,#1838,#1839,.T.);
#1516=EDGE_CURVE('',#1838,#1840,#1841,.T.);
#1517=EDGE_CURVE('',#1840,#1842,#1843,.T.);
#1518=EDGE_CURVE('',#1842,#1844,#1845,.T.);
#1519=EDGE_CURVE('',#1846,#1844,#1847,.T.);
#1520=EDGE_CURVE('',#1846,#1848,#1849,.T.);
#1521=EDGE_CURVE('',#1765,#1848,#1850,.T.);
#1522=EDGE_CURVE('',#1817,#1814,#1851,.T.);
#1523=EDGE_CURVE('',#1812,#1817,#1852,.T.);
#1524=EDGE_CURVE('',#1848,#1853,#1854,.T.);
#1525=EDGE_CURVE('',#1853,#1768,#1855,.T.);
#1526=EDGE_CURVE('',#1757,#1856,#1857,.T.);
#1527=EDGE_CURVE('',#1856,#1784,#1858,.T.);
#1528=EDGE_CURVE('',#1859,#1776,#1860,.T.);
#1529=EDGE_CURVE('',#1861,#1859,#1862,.T.);
#1530=EDGE_CURVE('',#1861,#1778,#1863,.T.);
#1531=EDGE_CURVE('',#1864,#1865,#1866,.T.);
#1532=EDGE_CURVE('',#1865,#1867,#1868,.T.);
#1533=EDGE_CURVE('',#1869,#1867,#1870,.T.);
#1534=EDGE_CURVE('',#1864,#1869,#1871,.T.);
#1535=EDGE_CURVE('',#1872,#1873,#1874,.T.);
#1536=EDGE_CURVE('',#1872,#1875,#1876,.T.);
#1537=EDGE_CURVE('',#1875,#1877,#1878,.T.);
#1538=EDGE_CURVE('',#1873,#1877,#1879,.T.);
#1539=EDGE_CURVE('',#1880,#1881,#1882,.T.);
#1540=EDGE_CURVE('',#1881,#1883,#1884,.T.);
#1541=EDGE_CURVE('',#1885,#1883,#1886,.T.);
#1542=EDGE_CURVE('',#1880,#1885,#1887,.T.);
#1543=EDGE_CURVE('',#1888,#1853,#1889,.T.);
#1544=EDGE_CURVE('',#1888,#1770,#1890,.T.);
#1545=EDGE_CURVE('',#1782,#1891,#1892,.T.);
#1546=EDGE_CURVE('',#1891,#1856,#1893,.T.);
#1547=EDGE_CURVE('',#1824,#1894,#1895,.T.);
#1548=EDGE_CURVE('',#1896,#1891,#1897,.T.);
#1549=EDGE_CURVE('',#1861,#1896,#1898,.T.);
#1550=EDGE_CURVE('',#1899,#1859,#1900,.T.);
#1551=EDGE_CURVE('',#1901,#1899,#1902,.T.);
#1552=EDGE_CURVE('',#1888,#1901,#1903,.T.);
#1553=EDGE_CURVE('',#1846,#1904,#1905,.T.);
#1554=EDGE_CURVE('',#1894,#1904,#1906,.T.);
#1555=EDGE_CURVE('',#1907,#1908,#1909,.T.);
#1556=EDGE_CURVE('',#1908,#1910,#1911,.T.);
#1557=EDGE_CURVE('',#1910,#1797,#1912,.T.);
#1558=EDGE_CURVE('',#1795,#1913,#1914,.T.);
#1559=EDGE_CURVE('',#1913,#1915,#1916,.T.);
#1560=EDGE_CURVE('',#1915,#1917,#1918,.T.);
#1561=EDGE_CURVE('',#1917,#1919,#1920,.T.);
#1562=EDGE_CURVE('',#1919,#1894,#1921,.T.);
#1563=EDGE_CURVE('',#1904,#1922,#1923,.T.);
#1564=EDGE_CURVE('',#1922,#1907,#1924,.T.);
#1565=EDGE_CURVE('',#1925,#1926,#1927,.T.);
#1566=EDGE_CURVE('',#1928,#1926,#1929,.T.);
#1567=EDGE_CURVE('',#1930,#1928,#1931,.T.);
#1568=EDGE_CURVE('',#1930,#1925,#1932,.T.);
#1569=EDGE_CURVE('',#1933,#1934,#1935,.T.);
#1570=EDGE_CURVE('',#1936,#1934,#1937,.T.);
#1571=EDGE_CURVE('',#1938,#1936,#1939,.T.);
#1572=EDGE_CURVE('',#1938,#1933,#1940,.T.);
#1573=EDGE_CURVE('',#1941,#1942,#1943,.T.);
#1574=EDGE_CURVE('',#1944,#1942,#1945,.T.);
#1575=EDGE_CURVE('',#1946,#1944,#1947,.T.);
#1576=EDGE_CURVE('',#1946,#1941,#1948,.T.);
#1577=EDGE_CURVE('',#1949,#1946,#1950,.T.);
#1578=EDGE_CURVE('',#1949,#1951,#1952,.T.);
#1579=EDGE_CURVE('',#1941,#1951,#1953,.T.);
#1580=EDGE_CURVE('',#1864,#1954,#1955,.T.);
#1581=EDGE_CURVE('',#1956,#1869,#1957,.T.);
#1582=EDGE_CURVE('',#1956,#1954,#1958,.T.);
#1583=EDGE_CURVE('',#1942,#1959,#1960,.T.);
#1584=EDGE_CURVE('',#1959,#1951,#1961,.T.);
#1585=EDGE_CURVE('',#1962,#1867,#1963,.T.);
#1586=EDGE_CURVE('',#1962,#1956,#1964,.T.);
#1587=EDGE_CURVE('',#1951,#1965,#1966,.T.);
#1588=EDGE_CURVE('',#1967,#1965,#1968,.T.);
#1589=EDGE_CURVE('',#1967,#1959,#1969,.T.);
#1590=EDGE_CURVE('',#1970,#1971,#1972,.T.);
#1591=EDGE_CURVE('',#1959,#1970,#1973,.T.);
#1592=EDGE_CURVE('',#1967,#1971,#1974,.T.);
#1593=EDGE_CURVE('',#1975,#1965,#1976,.T.);
#1594=EDGE_CURVE('',#1971,#1975,#1977,.T.);
#1595=EDGE_CURVE('',#1975,#1949,#1978,.T.);
#1596=EDGE_CURVE('',#1970,#1949,#1979,.T.);
#1597=EDGE_CURVE('',#1970,#1944,#1980,.T.);
#1598=EDGE_CURVE('',#1865,#1981,#1982,.T.);
#1599=EDGE_CURVE('',#1981,#1954,#1983,.T.);
#1600=EDGE_CURVE('',#1981,#1962,#1984,.T.);
#1601=EDGE_CURVE('',#1962,#1985,#1986,.T.);
#1602=EDGE_CURVE('',#1987,#1981,#1988,.T.);
#1603=EDGE_CURVE('',#1987,#1985,#1989,.T.);
#1604=EDGE_CURVE('',#1987,#1990,#1991,.T.);
#1605=EDGE_CURVE('',#1992,#1990,#1993,.T.);
#1606=EDGE_CURVE('',#1985,#1992,#1994,.T.);
#1607=EDGE_CURVE('',#1992,#1956,#1995,.T.);
#1608=EDGE_CURVE('',#1990,#1954,#1996,.T.);
#1609=EDGE_CURVE('',#1925,#1997,#1998,.T.);
#1610=EDGE_CURVE('',#1999,#1930,#2000,.T.);
#1611=EDGE_CURVE('',#1999,#1997,#2001,.T.);
#1612=EDGE_CURVE('',#1873,#2002,#2003,.T.);
#1613=EDGE_CURVE('',#2004,#1877,#2005,.T.);
#1614=EDGE_CURVE('',#2004,#2002,#2006,.T.);
#1615=EDGE_CURVE('',#1997,#2007,#2008,.T.);
#1616=EDGE_CURVE('',#2009,#1999,#2010,.T.);
#1617=EDGE_CURVE('',#2009,#2007,#2011,.T.);
#1618=EDGE_CURVE('',#2012,#2009,#2013,.T.);
#1619=EDGE_CURVE('',#2014,#2012,#2015,.T.);
#1620=EDGE_CURVE('',#2014,#2007,#2016,.T.);
#1621=EDGE_CURVE('',#2014,#2017,#2018,.T.);
#1622=EDGE_CURVE('',#2017,#1997,#2019,.T.);
#1623=EDGE_CURVE('',#1926,#2017,#2020,.T.);
#1624=EDGE_CURVE('',#2021,#1875,#2022,.T.);
#1625=EDGE_CURVE('',#2021,#2004,#2023,.T.);
#1626=EDGE_CURVE('',#2024,#1928,#2025,.T.);
#1627=EDGE_CURVE('',#2017,#2024,#2026,.T.);
#1628=EDGE_CURVE('',#1872,#2027,#2028,.T.);
#1629=EDGE_CURVE('',#2027,#2021,#2029,.T.);
#1630=EDGE_CURVE('',#2024,#2012,#2030,.T.);
#1631=EDGE_CURVE('',#2024,#1999,#2031,.T.);
#1632=EDGE_CURVE('',#2027,#2002,#2032,.T.);
#1633=EDGE_CURVE('',#2033,#2002,#2034,.T.);
#1634=EDGE_CURVE('',#2035,#2033,#2036,.T.);
#1635=EDGE_CURVE('',#2035,#2027,#2037,.T.);
#1636=EDGE_CURVE('',#2021,#2038,#2039,.T.);
#1637=EDGE_CURVE('',#2035,#2038,#2040,.T.);
#1638=EDGE_CURVE('',#2041,#2033,#2042,.T.);
#1639=EDGE_CURVE('',#2038,#2041,#2043,.T.);
#1640=EDGE_CURVE('',#2041,#2004,#2044,.T.);
#1641=EDGE_CURVE('',#1933,#2045,#2046,.T.);
#1642=EDGE_CURVE('',#2047,#1938,#2048,.T.);
#1643=EDGE_CURVE('',#2047,#2045,#2049,.T.);
#1644=EDGE_CURVE('',#1880,#2050,#2051,.T.);
#1645=EDGE_CURVE('',#2052,#1885,#2053,.T.);
#1646=EDGE_CURVE('',#2052,#2050,#2054,.T.);
#1647=EDGE_CURVE('',#2045,#2055,#2056,.T.);
#1648=EDGE_CURVE('',#2057,#2047,#2058,.T.);
#1649=EDGE_CURVE('',#2057,#2055,#2059,.T.);
#1650=EDGE_CURVE('',#2060,#2057,#2061,.T.);
#1651=EDGE_CURVE('',#2062,#2060,#2063,.T.);
#1652=EDGE_CURVE('',#2062,#2055,#2064,.T.);
#1653=EDGE_CURVE('',#2062,#2065,#2066,.T.);
#1654=EDGE_CURVE('',#2065,#2045,#2067,.T.);
#1655=EDGE_CURVE('',#1934,#2065,#2068,.T.);
#1656=EDGE_CURVE('',#2069,#1883,#2070,.T.);
#1657=EDGE_CURVE('',#2069,#2052,#2071,.T.);
#1658=EDGE_CURVE('',#2072,#1936,#2073,.T.);
#1659=EDGE_CURVE('',#2065,#2072,#2074,.T.);
#1660=EDGE_CURVE('',#1881,#2075,#2076,.T.);
#1661=EDGE_CURVE('',#2075,#2069,#2077,.T.);
#1662=EDGE_CURVE('',#2072,#2060,#2078,.T.);
#1663=EDGE_CURVE('',#2072,#2047,#2079,.T.);
#1664=EDGE_CURVE('',#2075,#2050,#2080,.T.);
#1665=EDGE_CURVE('',#2081,#2050,#2082,.T.);
#1666=EDGE_CURVE('',#2083,#2081,#2084,.T.);
#1667=EDGE_CURVE('',#2083,#2075,#2085,.T.);
#1668=EDGE_CURVE('',#2069,#2086,#2087,.T.);
#1669=EDGE_CURVE('',#2083,#2086,#2088,.T.);
#1670=EDGE_CURVE('',#2089,#2081,#2090,.T.);
#1671=EDGE_CURVE('',#2086,#2089,#2091,.T.);
#1672=EDGE_CURVE('',#2089,#2052,#2092,.T.);
#1673=EDGE_CURVE('',#2093,#1917,#2094,.T.);
#1674=EDGE_CURVE('',#2095,#2093,#2096,.T.);
#1675=EDGE_CURVE('',#1919,#2095,#2097,.T.);
#1676=EDGE_CURVE('',#2098,#2099,#2100,.T.);
#1677=EDGE_CURVE('',#2098,#1907,#2101,.T.);
#1678=EDGE_CURVE('',#1922,#2099,#2102,.T.);
#1679=EDGE_CURVE('',#1826,#2095,#2103,.T.);
#1680=EDGE_CURVE('',#2093,#1828,#2104,.T.);
#1681=EDGE_CURVE('',#2098,#1842,#2105,.T.);
#1682=EDGE_CURVE('',#1844,#2099,#2106,.T.);
#1683=EDGE_CURVE('',#2093,#2107,#2108,.T.);
#1684=EDGE_CURVE('',#2107,#1830,#2109,.T.);
#1685=EDGE_CURVE('',#2107,#2110,#2111,.T.);
#1686=EDGE_CURVE('',#2110,#1832,#2112,.T.);
#1687=EDGE_CURVE('',#2110,#2113,#2114,.T.);
#1688=EDGE_CURVE('',#2113,#1834,#2115,.T.);
#1689=EDGE_CURVE('',#2116,#1836,#2117,.T.);
#1690=EDGE_CURVE('',#2113,#2116,#2118,.T.);
#1691=EDGE_CURVE('',#2116,#2119,#2120,.T.);
#1692=EDGE_CURVE('',#2113,#2121,#2122,.T.);
#1693=EDGE_CURVE('',#2121,#2123,#2124,.T.);
#1694=EDGE_CURVE('',#2123,#2125,#2126,.T.);
#1695=EDGE_CURVE('',#2125,#2119,#2127,.T.);
#1696=EDGE_CURVE('',#2128,#2119,#2129,.T.);
#1697=EDGE_CURVE('',#2130,#2125,#2131,.T.);
#1698=EDGE_CURVE('',#2130,#2128,#2132,.T.);
#1699=EDGE_CURVE('',#2133,#2130,#2134,.T.);
#1700=EDGE_CURVE('',#2135,#2133,#2136,.T.);
#1701=EDGE_CURVE('',#2137,#2135,#2138,.T.);
#1702=EDGE_CURVE('',#2139,#2137,#2140,.T.);
#1703=EDGE_CURVE('',#2139,#1821,#2141,.T.);
#1704=EDGE_CURVE('',#2142,#1819,#2143,.T.);
#1705=EDGE_CURVE('',#2144,#2142,#2145,.T.);
#1706=EDGE_CURVE('',#2144,#2128,#2146,.T.);
#1707=EDGE_CURVE('',#2147,#1801,#2148,.T.);
#1708=EDGE_CURVE('',#2147,#2149,#2150,.T.);
#1709=EDGE_CURVE('',#2151,#2149,#2152,.T.);
#1710=EDGE_CURVE('',#2116,#2151,#2153,.T.);
#1711=EDGE_CURVE('',#1801,#2144,#2154,.T.);
#1712=EDGE_CURVE('',#1803,#2142,#2155,.T.);
#1713=EDGE_CURVE('',#1789,#2139,#2156,.T.);
#1714=EDGE_CURVE('',#2137,#1791,#2157,.T.);
#1715=EDGE_CURVE('',#2158,#2110,#2159,.T.);
#1716=EDGE_CURVE('',#2158,#2160,#2161,.T.);
#1717=EDGE_CURVE('',#1791,#2160,#2162,.T.);
#1718=EDGE_CURVE('',#2135,#2121,#2163,.T.);
#1719=EDGE_CURVE('',#2133,#2123,#2164,.T.);
#1720=EDGE_CURVE('',#2160,#2165,#2166,.T.);
#1721=EDGE_CURVE('',#1793,#2165,#2167,.T.);
#1722=EDGE_CURVE('',#2168,#2147,#2169,.T.);
#1723=EDGE_CURVE('',#1799,#2168,#2170,.T.);
#1724=EDGE_CURVE('',#2165,#2171,#2172,.T.);
#1725=EDGE_CURVE('',#2171,#1913,#2173,.T.);
#1726=EDGE_CURVE('',#2158,#2171,#2174,.T.);
#1727=EDGE_CURVE('',#2107,#1915,#2175,.T.);
#1728=EDGE_CURVE('',#2176,#1910,#2177,.T.);
#1729=EDGE_CURVE('',#2176,#2168,#2178,.T.);
#1730=EDGE_CURVE('',#2176,#2149,#2179,.T.);
#1731=EDGE_CURVE('',#1908,#2180,#2181,.T.);
#1732=EDGE_CURVE('',#2151,#2180,#2182,.T.);
#1733=EDGE_CURVE('',#2151,#1838,#2183,.T.);
#1734=EDGE_CURVE('',#2180,#1840,#2184,.T.);
#1735=EDGE_CURVE('',#2180,#2098,#2185,.T.);
#1736=EDGE_CURVE('',#1772,#1901,#2186,.T.);
#1737=EDGE_CURVE('',#1774,#1899,#2187,.T.);
#1738=EDGE_CURVE('',#1780,#1896,#2188,.T.);
#1739=CARTESIAN_POINT('',(2.54,0.0,-8.001));
#1740=DIRECTION('',(0.0,0.0,-1.0));
#1741=DIRECTION('',(1.0,0.0,0.0));
#1742=CARTESIAN_POINT('',(2.54,0.0,-8.001));
#1743=DIRECTION('',(0.0,0.0,-1.0));
#1744=DIRECTION('',(-1.0,0.0,0.0));
#1745=CARTESIAN_POINT('',(0.0,0.0,-8.001));
#1746=DIRECTION('',(0.0,0.0,-1.0));
#1747=DIRECTION('',(1.0,0.0,0.0));
#1748=CARTESIAN_POINT('',(0.0,0.0,-8.001));
#1749=DIRECTION('',(0.0,0.0,-1.0));
#1750=DIRECTION('',(-1.0,0.0,0.0));
#1751=CARTESIAN_POINT('',(-2.54,0.0,-8.001));
#1752=DIRECTION('',(0.0,0.0,-1.0));
#1753=DIRECTION('',(1.0,0.0,0.0));
#1754=CARTESIAN_POINT('',(-2.54,0.0,-8.001));
#1755=DIRECTION('',(0.0,0.0,-1.0));
#1756=DIRECTION('',(-1.0,0.0,0.0));
#1757=VERTEX_POINT('',#2189);
#1758=VERTEX_POINT('',#2190);
#1759=LINE('',#2191,#2192);
#1760=VERTEX_POINT('',#2193);
#1761=LINE('',#2194,#2195);
#1762=VERTEX_POINT('',#2196);
#1763=LINE('',#2197,#2198);
#1764=LINE('',#2199,#2200);
#1765=VERTEX_POINT('',#2201);
#1766=VERTEX_POINT('',#2202);
#1767=LINE('',#2203,#2204);
#1768=VERTEX_POINT('',#2205);
#1769=LINE('',#2206,#2207);
#1770=VERTEX_POINT('',#2208);
#1771=LINE('',#2209,#2210);
#1772=VERTEX_POINT('',#2211);
#1773=LINE('',#2212,#2213);
#1774=VERTEX_POINT('',#2214);
#1775=LINE('',#2215,#2216);
#1776=VERTEX_POINT('',#2217);
#1777=LINE('',#2218,#2219);
#1778=VERTEX_POINT('',#2220);
#1779=LINE('',#2221,#2222);
#1780=VERTEX_POINT('',#2223);
#1781=LINE('',#2224,#2225);
#1782=VERTEX_POINT('',#2226);
#1783=LINE('',#2227,#2228);
#1784=VERTEX_POINT('',#2229);
#1785=LINE('',#2230,#2231);
#1786=LINE('',#2232,#2233);
#1787=VERTEX_POINT('',#2234);
#1788=LINE('',#2235,#2236);
#1789=VERTEX_POINT('',#2237);
#1790=LINE('',#2238,#2239);
#1791=VERTEX_POINT('',#2240);
#1792=LINE('',#2241,#2242);
#1793=VERTEX_POINT('',#2243);
#1794=LINE('',#2244,#2245);
#1795=VERTEX_POINT('',#2246);
#1796=LINE('',#2247,#2248);
#1797=VERTEX_POINT('',#2249);
#1798=LINE('',#2250,#2251);
#1799=VERTEX_POINT('',#2252);
#1800=LINE('',#2253,#2254);
#1801=VERTEX_POINT('',#2255);
#1802=LINE('',#2256,#2257);
#1803=VERTEX_POINT('',#2258);
#1804=LINE('',#2259,#2260);
#1805=VERTEX_POINT('',#2261);
#1806=LINE('',#2262,#2263);
#1807=VERTEX_POINT('',#2264);
#1808=LINE('',#2265,#2266);
#1809=VERTEX_POINT('',#2267);
#1810=LINE('',#2268,#2269);
#1811=LINE('',#2270,#2271);
#1812=VERTEX_POINT('',#2272);
#1813=LINE('',#2273,#2274);
#1814=VERTEX_POINT('',#2275);
#1815=LINE('',#2276,#2277);
#1816=LINE('',#2278,#2279);
#1817=VERTEX_POINT('',#2280);
#1818=LINE('',#2281,#2282);
#1819=VERTEX_POINT('',#2283);
#1820=LINE('',#2284,#2285);
#1821=VERTEX_POINT('',#2286);
#1822=LINE('',#2287,#2288);
#1823=LINE('',#2289,#2290);
#1824=VERTEX_POINT('',#2291);
#1825=LINE('',#2292,#2293);
#1826=VERTEX_POINT('',#2294);
#1827=LINE('',#2295,#2296);
#1828=VERTEX_POINT('',#2297);
#1829=LINE('',#2298,#2299);
#1830=VERTEX_POINT('',#2300);
#1831=LINE('',#2301,#2302);
#1832=VERTEX_POINT('',#2303);
#1833=LINE('',#2304,#2305);
#1834=VERTEX_POINT('',#2306);
#1835=LINE('',#2307,#2308);
#1836=VERTEX_POINT('',#2309);
#1837=LINE('',#2310,#2311);
#1838=VERTEX_POINT('',#2312);
#1839=LINE('',#2313,#2314);
#1840=VERTEX_POINT('',#2315);
#1841=LINE('',#2316,#2317);
#1842=VERTEX_POINT('',#2318);
#1843=LINE('',#2319,#2320);
#1844=VERTEX_POINT('',#2321);
#1845=LINE('',#2322,#2323);
#1846=VERTEX_POINT('',#2324);
#1847=LINE('',#2325,#2326);
#1848=VERTEX_POINT('',#2327);
#1849=LINE('',#2328,#2329);
#1850=LINE('',#2330,#2331);
#1851=LINE('',#2332,#2333);
#1852=LINE('',#2334,#2335);
#1853=VERTEX_POINT('',#2336);
#1854=LINE('',#2337,#2338);
#1855=LINE('',#2339,#2340);
#1856=VERTEX_POINT('',#2341);
#1857=LINE('',#2342,#2343);
#1858=LINE('',#2344,#2345);
#1859=VERTEX_POINT('',#2346);
#1860=LINE('',#2347,#2348);
#1861=VERTEX_POINT('',#2349);
#1862=LINE('',#2350,#2351);
#1863=LINE('',#2352,#2353);
#1864=VERTEX_POINT('',#2354);
#1865=VERTEX_POINT('',#2355);
#1866=LINE('',#2356,#2357);
#1867=VERTEX_POINT('',#2358);
#1868=LINE('',#2359,#2360);
#1869=VERTEX_POINT('',#2361);
#1870=LINE('',#2362,#2363);
#1871=LINE('',#2364,#2365);
#1872=VERTEX_POINT('',#2366);
#1873=VERTEX_POINT('',#2367);
#1874=LINE('',#2368,#2369);
#1875=VERTEX_POINT('',#2370);
#1876=LINE('',#2371,#2372);
#1877=VERTEX_POINT('',#2373);
#1878=LINE('',#2374,#2375);
#1879=LINE('',#2376,#2377);
#1880=VERTEX_POINT('',#2378);
#1881=VERTEX_POINT('',#2379);
#1882=LINE('',#2380,#2381);
#1883=VERTEX_POINT('',#2382);
#1884=LINE('',#2383,#2384);
#1885=VERTEX_POINT('',#2385);
#1886=LINE('',#2386,#2387);
#1887=LINE('',#2388,#2389);
#1888=VERTEX_POINT('',#2390);
#1889=LINE('',#2391,#2392);
#1890=LINE('',#2393,#2394);
#1891=VERTEX_POINT('',#2395);
#1892=LINE('',#2396,#2397);
#1893=LINE('',#2398,#2399);
#1894=VERTEX_POINT('',#2400);
#1895=LINE('',#2401,#2402);
#1896=VERTEX_POINT('',#2403);
#1897=LINE('',#2404,#2405);
#1898=LINE('',#2406,#2407);
#1899=VERTEX_POINT('',#2408);
#1900=LINE('',#2409,#2410);
#1901=VERTEX_POINT('',#2411);
#1902=LINE('',#2412,#2413);
#1903=LINE('',#2414,#2415);
#1904=VERTEX_POINT('',#2416);
#1905=LINE('',#2417,#2418);
#1906=LINE('',#2419,#2420);
#1907=VERTEX_POINT('',#2421);
#1908=VERTEX_POINT('',#2422);
#1909=LINE('',#2423,#2424);
#1910=VERTEX_POINT('',#2425);
#1911=LINE('',#2426,#2427);
#1912=LINE('',#2428,#2429);
#1913=VERTEX_POINT('',#2430);
#1914=LINE('',#2431,#2432);
#1915=VERTEX_POINT('',#2433);
#1916=LINE('',#2434,#2435);
#1917=VERTEX_POINT('',#2436);
#1918=LINE('',#2437,#2438);
#1919=VERTEX_POINT('',#2439);
#1920=LINE('',#2440,#2441);
#1921=LINE('',#2442,#2443);
#1922=VERTEX_POINT('',#2444);
#1923=LINE('',#2445,#2446);
#1924=LINE('',#2447,#2448);
#1925=VERTEX_POINT('',#2449);
#1926=VERTEX_POINT('',#2450);
#1927=LINE('',#2451,#2452);
#1928=VERTEX_POINT('',#2453);
#1929=LINE('',#2454,#2455);
#1930=VERTEX_POINT('',#2456);
#1931=LINE('',#2457,#2458);
#1932=LINE('',#2459,#2460);
#1933=VERTEX_POINT('',#2461);
#1934=VERTEX_POINT('',#2462);
#1935=LINE('',#2463,#2464);
#1936=VERTEX_POINT('',#2465);
#1937=LINE('',#2466,#2467);
#1938=VERTEX_POINT('',#2468);
#1939=LINE('',#2469,#2470);
#1940=LINE('',#2471,#2472);
#1941=VERTEX_POINT('',#2473);
#1942=VERTEX_POINT('',#2474);
#1943=LINE('',#2475,#2476);
#1944=VERTEX_POINT('',#2477);
#1945=LINE('',#2478,#2479);
#1946=VERTEX_POINT('',#2480);
#1947=LINE('',#2481,#2482);
#1948=LINE('',#2483,#2484);
#1949=VERTEX_POINT('',#2485);
#1950=LINE('',#2486,#2487);
#1951=VERTEX_POINT('',#2488);
#1952=LINE('',#2489,#2490);
#1953=LINE('',#2491,#2492);
#1954=VERTEX_POINT('',#2493);
#1955=LINE('',#2494,#2495);
#1956=VERTEX_POINT('',#2496);
#1957=LINE('',#2497,#2498);
#1958=LINE('',#2499,#2500);
#1959=VERTEX_POINT('',#2501);
#1960=LINE('',#2502,#2503);
#1961=LINE('',#2504,#2505);
#1962=VERTEX_POINT('',#2506);
#1963=LINE('',#2507,#2508);
#1964=LINE('',#2509,#2510);
#1965=VERTEX_POINT('',#2511);
#1966=LINE('',#2512,#2513);
#1967=VERTEX_POINT('',#2514);
#1968=LINE('',#2515,#2516);
#1969=LINE('',#2517,#2518);
#1970=VERTEX_POINT('',#2519);
#1971=VERTEX_POINT('',#2520);
#1972=LINE('',#2521,#2522);
#1973=LINE('',#2523,#2524);
#1974=LINE('',#2525,#2526);
#1975=VERTEX_POINT('',#2527);
#1976=LINE('',#2528,#2529);
#1977=LINE('',#2530,#2531);
#1978=LINE('',#2532,#2533);
#1979=LINE('',#2534,#2535);
#1980=LINE('',#2536,#2537);
#1981=VERTEX_POINT('',#2538);
#1982=LINE('',#2539,#2540);
#1983=LINE('',#2541,#2542);
#1984=LINE('',#2543,#2544);
#1985=VERTEX_POINT('',#2545);
#1986=LINE('',#2546,#2547);
#1987=VERTEX_POINT('',#2548);
#1988=LINE('',#2549,#2550);
#1989=LINE('',#2551,#2552);
#1990=VERTEX_POINT('',#2553);
#1991=LINE('',#2554,#2555);
#1992=VERTEX_POINT('',#2556);
#1993=LINE('',#2557,#2558);
#1994=LINE('',#2559,#2560);
#1995=LINE('',#2561,#2562);
#1996=LINE('',#2563,#2564);
#1997=VERTEX_POINT('',#2565);
#1998=LINE('',#2566,#2567);
#1999=VERTEX_POINT('',#2568);
#2000=LINE('',#2569,#2570);
#2001=LINE('',#2571,#2572);
#2002=VERTEX_POINT('',#2573);
#2003=LINE('',#2574,#2575);
#2004=VERTEX_POINT('',#2576);
#2005=LINE('',#2577,#2578);
#2006=LINE('',#2579,#2580);
#2007=VERTEX_POINT('',#2581);
#2008=LINE('',#2582,#2583);
#2009=VERTEX_POINT('',#2584);
#2010=LINE('',#2585,#2586);
#2011=LINE('',#2587,#2588);
#2012=VERTEX_POINT('',#2589);
#2013=LINE('',#2590,#2591);
#2014=VERTEX_POINT('',#2592);
#2015=LINE('',#2593,#2594);
#2016=LINE('',#2595,#2596);
#2017=VERTEX_POINT('',#2597);
#2018=LINE('',#2598,#2599);
#2019=LINE('',#2600,#2601);
#2020=LINE('',#2602,#2603);
#2021=VERTEX_POINT('',#2604);
#2022=LINE('',#2605,#2606);
#2023=LINE('',#2607,#2608);
#2024=VERTEX_POINT('',#2609);
#2025=LINE('',#2610,#2611);
#2026=LINE('',#2612,#2613);
#2027=VERTEX_POINT('',#2614);
#2028=LINE('',#2615,#2616);
#2029=LINE('',#2617,#2618);
#2030=LINE('',#2619,#2620);
#2031=LINE('',#2621,#2622);
#2032=LINE('',#2623,#2624);
#2033=VERTEX_POINT('',#2625);
#2034=LINE('',#2626,#2627);
#2035=VERTEX_POINT('',#2628);
#2036=LINE('',#2629,#2630);
#2037=LINE('',#2631,#2632);
#2038=VERTEX_POINT('',#2633);
#2039=LINE('',#2634,#2635);
#2040=LINE('',#2636,#2637);
#2041=VERTEX_POINT('',#2638);
#2042=LINE('',#2639,#2640);
#2043=LINE('',#2641,#2642);
#2044=LINE('',#2643,#2644);
#2045=VERTEX_POINT('',#2645);
#2046=LINE('',#2646,#2647);
#2047=VERTEX_POINT('',#2648);
#2048=LINE('',#2649,#2650);
#2049=LINE('',#2651,#2652);
#2050=VERTEX_POINT('',#2653);
#2051=LINE('',#2654,#2655);
#2052=VERTEX_POINT('',#2656);
#2053=LINE('',#2657,#2658);
#2054=LINE('',#2659,#2660);
#2055=VERTEX_POINT('',#2661);
#2056=LINE('',#2662,#2663);
#2057=VERTEX_POINT('',#2664);
#2058=LINE('',#2665,#2666);
#2059=LINE('',#2667,#2668);
#2060=VERTEX_POINT('',#2669);
#2061=LINE('',#2670,#2671);
#2062=VERTEX_POINT('',#2672);
#2063=LINE('',#2673,#2674);
#2064=LINE('',#2675,#2676);
#2065=VERTEX_POINT('',#2677);
#2066=LINE('',#2678,#2679);
#2067=LINE('',#2680,#2681);
#2068=LINE('',#2682,#2683);
#2069=VERTEX_POINT('',#2684);
#2070=LINE('',#2685,#2686);
#2071=LINE('',#2687,#2688);
#2072=VERTEX_POINT('',#2689);
#2073=LINE('',#2690,#2691);
#2074=LINE('',#2692,#2693);
#2075=VERTEX_POINT('',#2694);
#2076=LINE('',#2695,#2696);
#2077=LINE('',#2697,#2698);
#2078=LINE('',#2699,#2700);
#2079=LINE('',#2701,#2702);
#2080=LINE('',#2703,#2704);
#2081=VERTEX_POINT('',#2705);
#2082=LINE('',#2706,#2707);
#2083=VERTEX_POINT('',#2708);
#2084=LINE('',#2709,#2710);
#2085=LINE('',#2711,#2712);
#2086=VERTEX_POINT('',#2713);
#2087=LINE('',#2714,#2715);
#2088=LINE('',#2716,#2717);
#2089=VERTEX_POINT('',#2718);
#2090=LINE('',#2719,#2720);
#2091=LINE('',#2721,#2722);
#2092=LINE('',#2723,#2724);
#2093=VERTEX_POINT('',#2725);
#2094=LINE('',#2726,#2727);
#2095=VERTEX_POINT('',#2728);
#2096=LINE('',#2729,#2730);
#2097=LINE('',#2731,#2732);
#2098=VERTEX_POINT('',#2733);
#2099=VERTEX_POINT('',#2734);
#2100=LINE('',#2735,#2736);
#2101=LINE('',#2737,#2738);
#2102=LINE('',#2739,#2740);
#2103=LINE('',#2741,#2742);
#2104=LINE('',#2743,#2744);
#2105=LINE('',#2745,#2746);
#2106=LINE('',#2747,#2748);
#2107=VERTEX_POINT('',#2749);
#2108=LINE('',#2750,#2751);
#2109=LINE('',#2752,#2753);
#2110=VERTEX_POINT('',#2754);
#2111=LINE('',#2755,#2756);
#2112=LINE('',#2757,#2758);
#2113=VERTEX_POINT('',#2759);
#2114=LINE('',#2760,#2761);
#2115=LINE('',#2762,#2763);
#2116=VERTEX_POINT('',#2764);
#2117=LINE('',#2765,#2766);
#2118=LINE('',#2767,#2768);
#2119=VERTEX_POINT('',#2769);
#2120=LINE('',#2770,#2771);
#2121=VERTEX_POINT('',#2772);
#2122=LINE('',#2773,#2774);
#2123=VERTEX_POINT('',#2775);
#2124=CIRCLE('',#2776,1.3462);
#2125=VERTEX_POINT('',#2777);
#2126=LINE('',#2778,#2779);
#2127=CIRCLE('',#2780,1.3462);
#2128=VERTEX_POINT('',#2781);
#2129=LINE('',#2782,#2783);
#2130=VERTEX_POINT('',#2784);
#2131=LINE('',#2785,#2786);
#2132=CIRCLE('',#2787,1.3462);
#2133=VERTEX_POINT('',#2788);
#2134=LINE('',#2789,#2790);
#2135=VERTEX_POINT('',#2791);
#2136=CIRCLE('',#2792,1.3462);
#2137=VERTEX_POINT('',#2793);
#2138=LINE('',#2794,#2795);
#2139=VERTEX_POINT('',#2796);
#2140=LINE('',#2797,#2798);
#2141=LINE('',#2799,#2800);
#2142=VERTEX_POINT('',#2801);
#2143=LINE('',#2802,#2803);
#2144=VERTEX_POINT('',#2804);
#2145=LINE('',#2805,#2806);
#2146=LINE('',#2807,#2808);
#2147=VERTEX_POINT('',#2809);
#2148=LINE('',#2810,#2811);
#2149=VERTEX_POINT('',#2812);
#2150=LINE('',#2813,#2814);
#2151=VERTEX_POINT('',#2815);
#2152=LINE('',#2816,#2817);
#2153=LINE('',#2818,#2819);
#2154=LINE('',#2820,#2821);
#2155=LINE('',#2822,#2823);
#2156=LINE('',#2824,#2825);
#2157=LINE('',#2826,#2827);
#2158=VERTEX_POINT('',#2828);
#2159=LINE('',#2829,#2830);
#2160=VERTEX_POINT('',#2831);
#2161=LINE('',#2832,#2833);
#2162=LINE('',#2834,#2835);
#2163=LINE('',#2836,#2837);
#2164=LINE('',#2838,#2839);
#2165=VERTEX_POINT('',#2840);
#2166=LINE('',#2841,#2842);
#2167=LINE('',#2843,#2844);
#2168=VERTEX_POINT('',#2845);
#2169=LINE('',#2846,#2847);
#2170=LINE('',#2848,#2849);
#2171=VERTEX_POINT('',#2850);
#2172=LINE('',#2851,#2852);
#2173=LINE('',#2853,#2854);
#2174=LINE('',#2855,#2856);
#2175=LINE('',#2857,#2858);
#2176=VERTEX_POINT('',#2859);
#2177=LINE('',#2860,#2861);
#2178=LINE('',#2862,#2863);
#2179=LINE('',#2864,#2865);
#2180=VERTEX_POINT('',#2866);
#2181=LINE('',#2867,#2868);
#2182=LINE('',#2869,#2870);
#2183=LINE('',#2871,#2872);
#2184=LINE('',#2873,#2874);
#2185=LINE('',#2875,#2876);
#2186=LINE('',#2877,#2878);
#2187=LINE('',#2879,#2880);
#2188=LINE('',#2881,#2882);
#2189=CARTESIAN_POINT('',(-5.08,-2.54,-7.62));
#2190=CARTESIAN_POINT('',(-5.08,2.54,-7.62));
#2191=CARTESIAN_POINT('',(-5.08,-2.54,-7.62));
#2192=VECTOR('',#2883,5.08);
#2193=CARTESIAN_POINT('',(-5.08,-2.54,3.81));
#2194=CARTESIAN_POINT('',(-5.08,-2.54,3.81));
#2195=VECTOR('',#2884,11.43);
#2196=CARTESIAN_POINT('',(-5.08,2.54,3.81));
#2197=CARTESIAN_POINT('',(-5.08,2.54,3.81));
#2198=VECTOR('',#2885,5.08);
#2199=CARTESIAN_POINT('',(-5.08,2.54,3.81));
#2200=VECTOR('',#2886,11.43);
#2201=CARTESIAN_POINT('',(5.08,2.54,3.81));
#2202=CARTESIAN_POINT('',(4.826,2.54,3.81));
#2203=CARTESIAN_POINT('',(5.08,2.54,3.81));
#2204=VECTOR('',#2887,0.254);
#2205=CARTESIAN_POINT('',(5.08,2.54,-7.62));
#2206=CARTESIAN_POINT('',(5.08,2.54,-7.62));
#2207=VECTOR('',#2888,11.43);
#2208=CARTESIAN_POINT('',(4.2545,2.54,-7.62));
#2209=CARTESIAN_POINT('',(4.2545,2.54,-7.62));
#2210=VECTOR('',#2889,0.8255);
#2211=CARTESIAN_POINT('',(3.8735,2.54,-8.001));
#2212=CARTESIAN_POINT('',(4.2545,2.54,-7.62));
#2213=VECTOR('',#2890,0.53881536726424);
#2214=CARTESIAN_POINT('',(3.7465,2.54,-8.001));
#2215=CARTESIAN_POINT('',(3.8735,2.54,-8.001));
#2216=VECTOR('',#2891,0.127);
#2217=CARTESIAN_POINT('',(3.3655,2.54,-7.62));
#2218=CARTESIAN_POINT('',(3.7465,2.54,-8.001));
#2219=VECTOR('',#2892,0.53881536726424);
#2220=CARTESIAN_POINT('',(-3.3655,2.54,-7.62));
#2221=CARTESIAN_POINT('',(-3.3655,2.54,-7.62));
#2222=VECTOR('',#2893,6.731);
#2223=CARTESIAN_POINT('',(-3.7465,2.54,-8.001));
#2224=CARTESIAN_POINT('',(-3.3655,2.54,-7.62));
#2225=VECTOR('',#2894,0.53881536726424);
#2226=CARTESIAN_POINT('',(-3.8735,2.54,-8.001));
#2227=CARTESIAN_POINT('',(-3.7465,2.54,-8.001));
#2228=VECTOR('',#2895,0.127);
#2229=CARTESIAN_POINT('',(-4.2545,2.54,-7.62));
#2230=CARTESIAN_POINT('',(-3.8735,2.54,-8.001));
#2231=VECTOR('',#2896,0.53881536726424);
#2232=CARTESIAN_POINT('',(-5.08,2.54,-7.62));
#2233=VECTOR('',#2897,0.8255);
#2234=CARTESIAN_POINT('',(-3.81,2.54,3.81));
#2235=CARTESIAN_POINT('',(-5.08,2.54,3.81));
#2236=VECTOR('',#2898,1.27);
#2237=CARTESIAN_POINT('',(-3.81,2.54,0.0));
#2238=CARTESIAN_POINT('',(-3.81,2.54,3.81));
#2239=VECTOR('',#2899,3.81);
#2240=CARTESIAN_POINT('',(-2.794,2.54,0.0));
#2241=CARTESIAN_POINT('',(-3.81,2.54,0.0));
#2242=VECTOR('',#2900,1.016);
#2243=CARTESIAN_POINT('',(-1.524,2.54,0.0));
#2244=CARTESIAN_POINT('',(-2.794,2.54,0.0));
#2245=VECTOR('',#2901,1.27);
#2246=CARTESIAN_POINT('',(-1.524,2.54,-5.08));
#2247=CARTESIAN_POINT('',(-1.524,2.54,0.0));
#2248=VECTOR('',#2902,5.08);
#2249=CARTESIAN_POINT('',(1.524,2.54,-5.08));
#2250=CARTESIAN_POINT('',(-1.524,2.54,-5.08));
#2251=VECTOR('',#2903,3.048);
#2252=CARTESIAN_POINT('',(1.524,2.54,0.0));
#2253=CARTESIAN_POINT('',(1.524,2.54,0.0));
#2254=VECTOR('',#2904,5.08);
#2255=CARTESIAN_POINT('',(2.794,2.54,0.0));
#2256=CARTESIAN_POINT('',(1.524,2.54,0.0));
#2257=VECTOR('',#2905,1.27);
#2258=CARTESIAN_POINT('',(3.81,2.54,0.0));
#2259=CARTESIAN_POINT('',(2.794,2.54,0.0));
#2260=VECTOR('',#2906,1.016);
#2261=CARTESIAN_POINT('',(3.81,2.54,3.81));
#2262=CARTESIAN_POINT('',(3.81,2.54,3.81));
#2263=VECTOR('',#2907,3.81);
#2264=CARTESIAN_POINT('',(4.064,2.54,3.81));
#2265=CARTESIAN_POINT('',(4.064,2.54,3.81));
#2266=VECTOR('',#2908,0.254);
#2267=CARTESIAN_POINT('',(4.445,2.54,2.286));
#2268=CARTESIAN_POINT('',(4.445,2.54,2.286));
#2269=VECTOR('',#2909,1.5709032433602);
#2270=CARTESIAN_POINT('',(4.826,2.54,3.81));
#2271=VECTOR('',#2910,1.5709032433602);
#2272=CARTESIAN_POINT('',(4.445,2.5146,2.286));
#2273=CARTESIAN_POINT('',(4.445,2.54,2.286));
#2274=VECTOR('',#2911,0.0254);
#2275=CARTESIAN_POINT('',(4.826,2.5146,3.81));
#2276=CARTESIAN_POINT('',(4.826,2.5146,3.81));
#2277=VECTOR('',#2912,1.5709032433602);
#2278=CARTESIAN_POINT('',(4.826,2.5146,3.81));
#2279=VECTOR('',#2913,0.0254);
#2280=CARTESIAN_POINT('',(4.064,2.5146,3.81));
#2281=CARTESIAN_POINT('',(4.064,2.5146,3.81));
#2282=VECTOR('',#2914,0.0254);
#2283=CARTESIAN_POINT('',(3.81,4.064,3.81));
#2284=CARTESIAN_POINT('',(3.81,4.064,3.81));
#2285=VECTOR('',#2915,1.524);
#2286=CARTESIAN_POINT('',(-3.81,4.064,3.81));
#2287=CARTESIAN_POINT('',(-3.81,4.064,3.81));
#2288=VECTOR('',#2916,7.62);
#2289=CARTESIAN_POINT('',(-3.81,4.064,3.81));
#2290=VECTOR('',#2917,1.524);
#2291=CARTESIAN_POINT('',(0.635,-2.54,3.81));
#2292=CARTESIAN_POINT('',(-5.08,-2.54,3.81));
#2293=VECTOR('',#2918,5.715);
#2294=CARTESIAN_POINT('',(0.635,-2.032,3.81));
#2295=CARTESIAN_POINT('',(0.635,-2.54,3.81));
#2296=VECTOR('',#2919,0.508);
#2297=CARTESIAN_POINT('',(-4.572,-2.032,3.81));
#2298=CARTESIAN_POINT('',(0.635,-2.032,3.81));
#2299=VECTOR('',#2920,5.207);
#2300=CARTESIAN_POINT('',(-4.572,2.032,3.81));
#2301=CARTESIAN_POINT('',(-4.572,-2.032,3.81));
#2302=VECTOR('',#2921,4.064);
#2303=CARTESIAN_POINT('',(-3.302,2.032,3.81));
#2304=CARTESIAN_POINT('',(-4.572,2.032,3.81));
#2305=VECTOR('',#2922,1.27);
#2306=CARTESIAN_POINT('',(-3.302,3.556,3.81));
#2307=CARTESIAN_POINT('',(-3.302,2.032,3.81));
#2308=VECTOR('',#2923,1.524);
#2309=CARTESIAN_POINT('',(3.302,3.556,3.81));
#2310=CARTESIAN_POINT('',(-3.302,3.556,3.81));
#2311=VECTOR('',#2924,6.604);
#2312=CARTESIAN_POINT('',(3.302,2.032,3.81));
#2313=CARTESIAN_POINT('',(3.302,3.556,3.81));
#2314=VECTOR('',#2925,1.524);
#2315=CARTESIAN_POINT('',(4.572,2.032,3.81));
#2316=CARTESIAN_POINT('',(3.302,2.032,3.81));
#2317=VECTOR('',#2926,1.27);
#2318=CARTESIAN_POINT('',(4.572,-2.032,3.81));
#2319=CARTESIAN_POINT('',(4.572,2.032,3.81));
#2320=VECTOR('',#2927,4.064);
#2321=CARTESIAN_POINT('',(1.905,-2.032,3.81));
#2322=CARTESIAN_POINT('',(4.572,-2.032,3.81));
#2323=VECTOR('',#2928,2.667);
#2324=CARTESIAN_POINT('',(1.905,-2.54,3.81));
#2325=CARTESIAN_POINT('',(1.905,-2.54,3.81));
#2326=VECTOR('',#2929,0.508);
#2327=CARTESIAN_POINT('',(5.08,-2.54,3.81));
#2328=CARTESIAN_POINT('',(1.905,-2.54,3.81));
#2329=VECTOR('',#2930,3.175);
#2330=CARTESIAN_POINT('',(5.08,2.54,3.81));
#2331=VECTOR('',#2931,5.08);
#2332=CARTESIAN_POINT('',(4.064,2.5146,3.81));
#2333=VECTOR('',#2932,0.762);
#2334=CARTESIAN_POINT('',(4.445,2.5146,2.286));
#2335=VECTOR('',#2933,1.5709032433602);
#2336=CARTESIAN_POINT('',(5.08,-2.54,-7.62));
#2337=CARTESIAN_POINT('',(5.08,-2.54,3.81));
#2338=VECTOR('',#2934,11.43);
#2339=CARTESIAN_POINT('',(5.08,-2.54,-7.62));
#2340=VECTOR('',#2935,5.08);
#2341=CARTESIAN_POINT('',(-4.2545,-2.54,-7.62));
#2342=CARTESIAN_POINT('',(-5.08,-2.54,-7.62));
#2343=VECTOR('',#2936,0.8255);
#2344=CARTESIAN_POINT('',(-4.2545,-2.54,-7.62));
#2345=VECTOR('',#2937,5.08);
#2346=CARTESIAN_POINT('',(3.3655,-2.54,-7.62));
#2347=CARTESIAN_POINT('',(3.3655,-2.54,-7.62));
#2348=VECTOR('',#2938,5.08);
#2349=CARTESIAN_POINT('',(-3.3655,-2.54,-7.62));
#2350=CARTESIAN_POINT('',(-3.3655,-2.54,-7.62));
#2351=VECTOR('',#2939,6.731);
#2352=CARTESIAN_POINT('',(-3.3655,-2.54,-7.62));
#2353=VECTOR('',#2940,5.08);
#2354=CARTESIAN_POINT('',(2.2225,-0.3175,-7.62));
#2355=CARTESIAN_POINT('',(2.8575,-0.3175,-7.62));
#2356=CARTESIAN_POINT('',(2.2225,-0.3175,-7.62));
#2357=VECTOR('',#2941,0.635);
#2358=CARTESIAN_POINT('',(2.8575,0.3175,-7.62));
#2359=CARTESIAN_POINT('',(2.8575,-0.3175,-7.62));
#2360=VECTOR('',#2942,0.635);
#2361=CARTESIAN_POINT('',(2.2225,0.3175,-7.62));
#2362=CARTESIAN_POINT('',(2.2225,0.3175,-7.62));
#2363=VECTOR('',#2943,0.635);
#2364=CARTESIAN_POINT('',(2.2225,-0.3175,-7.62));
#2365=VECTOR('',#2944,0.635);
#2366=CARTESIAN_POINT('',(0.3175,-0.3175,-7.62));
#2367=CARTESIAN_POINT('',(-0.3175,-0.3175,-7.62));
#2368=CARTESIAN_POINT('',(0.3175,-0.3175,-7.62));
#2369=VECTOR('',#2945,0.635);
#2370=CARTESIAN_POINT('',(0.3175,0.3175,-7.62));
#2371=CARTESIAN_POINT('',(0.3175,-0.3175,-7.62));
#2372=VECTOR('',#2946,0.635);
#2373=CARTESIAN_POINT('',(-0.3175,0.3175,-7.62));
#2374=CARTESIAN_POINT('',(0.3175,0.3175,-7.62));
#2375=VECTOR('',#2947,0.635);
#2376=CARTESIAN_POINT('',(-0.3175,-0.3175,-7.62));
#2377=VECTOR('',#2948,0.635);
#2378=CARTESIAN_POINT('',(-2.8575,-0.3175,-7.62));
#2379=CARTESIAN_POINT('',(-2.2225,-0.3175,-7.62));
#2380=CARTESIAN_POINT('',(-2.8575,-0.3175,-7.62));
#2381=VECTOR('',#2949,0.635);
#2382=CARTESIAN_POINT('',(-2.2225,0.3175,-7.62));
#2383=CARTESIAN_POINT('',(-2.2225,-0.3175,-7.62));
#2384=VECTOR('',#2950,0.635);
#2385=CARTESIAN_POINT('',(-2.8575,0.3175,-7.62));
#2386=CARTESIAN_POINT('',(-2.8575,0.3175,-7.62));
#2387=VECTOR('',#2951,0.635);
#2388=CARTESIAN_POINT('',(-2.8575,-0.3175,-7.62));
#2389=VECTOR('',#2952,0.635);
#2390=CARTESIAN_POINT('',(4.2545,-2.54,-7.62));
#2391=CARTESIAN_POINT('',(4.2545,-2.54,-7.62));
#2392=VECTOR('',#2953,0.8255);
#2393=CARTESIAN_POINT('',(4.2545,-2.54,-7.62));
#2394=VECTOR('',#2954,5.08);
#2395=CARTESIAN_POINT('',(-3.8735,-2.54,-8.001));
#2396=CARTESIAN_POINT('',(-3.8735,2.54,-8.001));
#2397=VECTOR('',#2955,5.08);
#2398=CARTESIAN_POINT('',(-3.8735,-2.54,-8.001));
#2399=VECTOR('',#2956,0.53881536726424);
#2400=CARTESIAN_POINT('',(0.635,-2.54,-5.08));
#2401=CARTESIAN_POINT('',(0.635,-2.54,3.81));
#2402=VECTOR('',#2957,8.89);
#2403=CARTESIAN_POINT('',(-3.7465,-2.54,-8.001));
#2404=CARTESIAN_POINT('',(-3.7465,-2.54,-8.001));
#2405=VECTOR('',#2958,0.127);
#2406=CARTESIAN_POINT('',(-3.3655,-2.54,-7.62));
#2407=VECTOR('',#2959,0.53881536726424);
#2408=CARTESIAN_POINT('',(3.7465,-2.54,-8.001));
#2409=CARTESIAN_POINT('',(3.7465,-2.54,-8.001));
#2410=VECTOR('',#2960,0.53881536726424);
#2411=CARTESIAN_POINT('',(3.8735,-2.54,-8.001));
#2412=CARTESIAN_POINT('',(3.8735,-2.54,-8.001));
#2413=VECTOR('',#2961,0.127);
#2414=CARTESIAN_POINT('',(4.2545,-2.54,-7.62));
#2415=VECTOR('',#2962,0.53881536726424);
#2416=CARTESIAN_POINT('',(1.905,-2.54,-5.08));
#2417=CARTESIAN_POINT('',(1.905,-2.54,3.81));
#2418=VECTOR('',#2963,8.89);
#2419=CARTESIAN_POINT('',(0.635,-2.54,-5.08));
#2420=VECTOR('',#2964,1.27);
#2421=CARTESIAN_POINT('',(4.064,-1.524,-5.08));
#2422=CARTESIAN_POINT('',(4.064,1.524,-5.08));
#2423=CARTESIAN_POINT('',(4.064,-1.524,-5.08));
#2424=VECTOR('',#2965,3.048);
#2425=CARTESIAN_POINT('',(1.524,1.524,-5.08));
#2426=CARTESIAN_POINT('',(4.064,1.524,-5.08));
#2427=VECTOR('',#2966,2.54);
#2428=CARTESIAN_POINT('',(1.524,1.524,-5.08));
#2429=VECTOR('',#2967,1.016);
#2430=CARTESIAN_POINT('',(-1.524,1.524,-5.08));
#2431=CARTESIAN_POINT('',(-1.524,2.54,-5.08));
#2432=VECTOR('',#2968,1.016);
#2433=CARTESIAN_POINT('',(-4.064,1.524,-5.08));
#2434=CARTESIAN_POINT('',(-1.524,1.524,-5.08));
#2435=VECTOR('',#2969,2.54);
#2436=CARTESIAN_POINT('',(-4.064,-1.524,-5.08));
#2437=CARTESIAN_POINT('',(-4.064,1.524,-5.08));
#2438=VECTOR('',#2970,3.048);
#2439=CARTESIAN_POINT('',(0.635,-1.524,-5.08));
#2440=CARTESIAN_POINT('',(-4.064,-1.524,-5.08));
#2441=VECTOR('',#2971,4.699);
#2442=CARTESIAN_POINT('',(0.635,-1.524,-5.08));
#2443=VECTOR('',#2972,1.016);
#2444=CARTESIAN_POINT('',(1.905,-1.524,-5.08));
#2445=CARTESIAN_POINT('',(1.905,-2.54,-5.08));
#2446=VECTOR('',#2973,1.016);
#2447=CARTESIAN_POINT('',(1.905,-1.524,-5.08));
#2448=VECTOR('',#2974,2.159);
#2449=CARTESIAN_POINT('',(-0.3175,0.3175,-5.08));
#2450=CARTESIAN_POINT('',(0.3175,0.3175,-5.08));
#2451=CARTESIAN_POINT('',(-0.3175,0.3175,-5.08));
#2452=VECTOR('',#2975,0.635);
#2453=CARTESIAN_POINT('',(0.3175,-0.3175,-5.08));
#2454=CARTESIAN_POINT('',(0.3175,-0.3175,-5.08));
#2455=VECTOR('',#2976,0.635);
#2456=CARTESIAN_POINT('',(-0.3175,-0.3175,-5.08));
#2457=CARTESIAN_POINT('',(-0.3175,-0.3175,-5.08));
#2458=VECTOR('',#2977,0.635);
#2459=CARTESIAN_POINT('',(-0.3175,-0.3175,-5.08));
#2460=VECTOR('',#2978,0.635);
#2461=CARTESIAN_POINT('',(-2.8575,0.3175,-5.08));
#2462=CARTESIAN_POINT('',(-2.2225,0.3175,-5.08));
#2463=CARTESIAN_POINT('',(-2.8575,0.3175,-5.08));
#2464=VECTOR('',#2979,0.635);
#2465=CARTESIAN_POINT('',(-2.2225,-0.3175,-5.08));
#2466=CARTESIAN_POINT('',(-2.2225,-0.3175,-5.08));
#2467=VECTOR('',#2980,0.635);
#2468=CARTESIAN_POINT('',(-2.8575,-0.3175,-5.08));
#2469=CARTESIAN_POINT('',(-2.8575,-0.3175,-5.08));
#2470=VECTOR('',#2981,0.635);
#2471=CARTESIAN_POINT('',(-2.8575,-0.3175,-5.08));
#2472=VECTOR('',#2982,0.635);
#2473=CARTESIAN_POINT('',(2.2225,0.3175,-5.08));
#2474=CARTESIAN_POINT('',(2.8575,0.3175,-5.08));
#2475=CARTESIAN_POINT('',(2.2225,0.3175,-5.08));
#2476=VECTOR('',#2983,0.635);
#2477=CARTESIAN_POINT('',(2.8575,-0.3175,-5.08));
#2478=CARTESIAN_POINT('',(2.8575,-0.3175,-5.08));
#2479=VECTOR('',#2984,0.635);
#2480=CARTESIAN_POINT('',(2.2225,-0.3175,-5.08));
#2481=CARTESIAN_POINT('',(2.2225,-0.3175,-5.08));
#2482=VECTOR('',#2985,0.635);
#2483=CARTESIAN_POINT('',(2.2225,-0.3175,-5.08));
#2484=VECTOR('',#2986,0.635);
#2485=CARTESIAN_POINT('',(2.2225,-0.3175,0.381));
#2486=CARTESIAN_POINT('',(2.2225,-0.3175,0.381));
#2487=VECTOR('',#2987,5.461);
#2488=CARTESIAN_POINT('',(2.2225,0.3175,0.381));
#2489=CARTESIAN_POINT('',(2.2225,-0.3175,0.381));
#2490=VECTOR('',#2988,0.635);
#2491=CARTESIAN_POINT('',(2.2225,0.3175,-5.08));
#2492=VECTOR('',#2989,5.461);
#2493=CARTESIAN_POINT('',(2.2225,-0.3175,-10.668));
#2494=CARTESIAN_POINT('',(2.2225,-0.3175,-7.62));
#2495=VECTOR('',#2990,3.048);
#2496=CARTESIAN_POINT('',(2.2225,0.3175,-10.668));
#2497=CARTESIAN_POINT('',(2.2225,0.3175,-10.668));
#2498=VECTOR('',#2991,3.048);
#2499=CARTESIAN_POINT('',(2.2225,0.3175,-10.668));
#2500=VECTOR('',#2992,0.635);
#2501=CARTESIAN_POINT('',(2.8575,0.3175,0.381));
#2502=CARTESIAN_POINT('',(2.8575,0.3175,-5.08));
#2503=VECTOR('',#2993,5.461);
#2504=CARTESIAN_POINT('',(2.8575,0.3175,0.381));
#2505=VECTOR('',#2994,0.635);
#2506=CARTESIAN_POINT('',(2.8575,0.3175,-10.668));
#2507=CARTESIAN_POINT('',(2.8575,0.3175,-10.668));
#2508=VECTOR('',#2995,3.048);
#2509=CARTESIAN_POINT('',(2.8575,0.3175,-10.668));
#2510=VECTOR('',#2996,0.635);
#2511=CARTESIAN_POINT('',(2.4257,0.1143,1.016));
#2512=CARTESIAN_POINT('',(2.2225,0.3175,0.381));
#2513=VECTOR('',#2997,0.696997474887708);
#2514=CARTESIAN_POINT('',(2.6543,0.1143,1.016));
#2515=CARTESIAN_POINT('',(2.6543,0.1143,1.016));
#2516=VECTOR('',#2998,0.2286);
#2517=CARTESIAN_POINT('',(2.6543,0.1143,1.016));
#2518=VECTOR('',#2999,0.696997474887708);
#2519=CARTESIAN_POINT('',(2.8575,-0.3175,0.381));
#2520=CARTESIAN_POINT('',(2.6543,-0.1143,1.016));
#2521=CARTESIAN_POINT('',(2.8575,-0.3175,0.381));
#2522=VECTOR('',#3000,0.696997474887708);
#2523=CARTESIAN_POINT('',(2.8575,0.3175,0.381));
#2524=VECTOR('',#3001,0.635);
#2525=CARTESIAN_POINT('',(2.6543,0.1143,1.016));
#2526=VECTOR('',#3002,0.2286);
#2527=CARTESIAN_POINT('',(2.4257,-0.1143,1.016));
#2528=CARTESIAN_POINT('',(2.4257,-0.1143,1.016));
#2529=VECTOR('',#3003,0.2286);
#2530=CARTESIAN_POINT('',(2.6543,-0.1143,1.016));
#2531=VECTOR('',#3004,0.2286);
#2532=CARTESIAN_POINT('',(2.4257,-0.1143,1.016));
#2533=VECTOR('',#3005,0.696997474887708);
#2534=CARTESIAN_POINT('',(2.8575,-0.3175,0.381));
#2535=VECTOR('',#3006,0.635);
#2536=CARTESIAN_POINT('',(2.8575,-0.3175,0.381));
#2537=VECTOR('',#3007,5.461);
#2538=CARTESIAN_POINT('',(2.8575,-0.3175,-10.668));
#2539=CARTESIAN_POINT('',(2.8575,-0.3175,-7.62));
#2540=VECTOR('',#3008,3.048);
#2541=CARTESIAN_POINT('',(2.8575,-0.3175,-10.668));
#2542=VECTOR('',#3009,0.635);
#2543=CARTESIAN_POINT('',(2.8575,-0.3175,-10.668));
#2544=VECTOR('',#3010,0.635);
#2545=CARTESIAN_POINT('',(2.6543,0.1143,-11.303));
#2546=CARTESIAN_POINT('',(2.8575,0.3175,-10.668));
#2547=VECTOR('',#3011,0.696997474887708);
#2548=CARTESIAN_POINT('',(2.6543,-0.1143,-11.303));
#2549=CARTESIAN_POINT('',(2.6543,-0.1143,-11.303));
#2550=VECTOR('',#3012,0.696997474887708);
#2551=CARTESIAN_POINT('',(2.6543,-0.1143,-11.303));
#2552=VECTOR('',#3013,0.2286);
#2553=CARTESIAN_POINT('',(2.4257,-0.1143,-11.303));
#2554=CARTESIAN_POINT('',(2.6543,-0.1143,-11.303));
#2555=VECTOR('',#3014,0.2286);
#2556=CARTESIAN_POINT('',(2.4257,0.1143,-11.303));
#2557=CARTESIAN_POINT('',(2.4257,0.1143,-11.303));
#2558=VECTOR('',#3015,0.2286);
#2559=CARTESIAN_POINT('',(2.6543,0.1143,-11.303));
#2560=VECTOR('',#3016,0.2286);
#2561=CARTESIAN_POINT('',(2.4257,0.1143,-11.303));
#2562=VECTOR('',#3017,0.696997474887708);
#2563=CARTESIAN_POINT('',(2.4257,-0.1143,-11.303));
#2564=VECTOR('',#3018,0.696997474887708);
#2565=CARTESIAN_POINT('',(-0.3175,0.3175,0.381));
#2566=CARTESIAN_POINT('',(-0.3175,0.3175,-5.08));
#2567=VECTOR('',#3019,5.461);
#2568=CARTESIAN_POINT('',(-0.3175,-0.3175,0.381));
#2569=CARTESIAN_POINT('',(-0.3175,-0.3175,0.381));
#2570=VECTOR('',#3020,5.461);
#2571=CARTESIAN_POINT('',(-0.3175,-0.3175,0.381));
#2572=VECTOR('',#3021,0.635);
#2573=CARTESIAN_POINT('',(-0.3175,-0.3175,-10.668));
#2574=CARTESIAN_POINT('',(-0.3175,-0.3175,-7.62));
#2575=VECTOR('',#3022,3.048);
#2576=CARTESIAN_POINT('',(-0.3175,0.3175,-10.668));
#2577=CARTESIAN_POINT('',(-0.3175,0.3175,-10.668));
#2578=VECTOR('',#3023,3.048);
#2579=CARTESIAN_POINT('',(-0.3175,0.3175,-10.668));
#2580=VECTOR('',#3024,0.635);
#2581=CARTESIAN_POINT('',(-0.1143,0.1143,1.016));
#2582=CARTESIAN_POINT('',(-0.3175,0.3175,0.381));
#2583=VECTOR('',#3025,0.696997474887708);
#2584=CARTESIAN_POINT('',(-0.1143,-0.1143,1.016));
#2585=CARTESIAN_POINT('',(-0.1143,-0.1143,1.016));
#2586=VECTOR('',#3026,0.696997474887708);
#2587=CARTESIAN_POINT('',(-0.1143,-0.1143,1.016));
#2588=VECTOR('',#3027,0.2286);
#2589=CARTESIAN_POINT('',(0.1143,-0.1143,1.016));
#2590=CARTESIAN_POINT('',(0.1143,-0.1143,1.016));
#2591=VECTOR('',#3028,0.2286);
#2592=CARTESIAN_POINT('',(0.1143,0.1143,1.016));
#2593=CARTESIAN_POINT('',(0.1143,0.1143,1.016));
#2594=VECTOR('',#3029,0.2286);
#2595=CARTESIAN_POINT('',(0.1143,0.1143,1.016));
#2596=VECTOR('',#3030,0.2286);
#2597=CARTESIAN_POINT('',(0.3175,0.3175,0.381));
#2598=CARTESIAN_POINT('',(0.1143,0.1143,1.016));
#2599=VECTOR('',#3031,0.696997474887708);
#2600=CARTESIAN_POINT('',(0.3175,0.3175,0.381));
#2601=VECTOR('',#3032,0.635);
#2602=CARTESIAN_POINT('',(0.3175,0.3175,-5.08));
#2603=VECTOR('',#3033,5.461);
#2604=CARTESIAN_POINT('',(0.3175,0.3175,-10.668));
#2605=CARTESIAN_POINT('',(0.3175,0.3175,-10.668));
#2606=VECTOR('',#3034,3.048);
#2607=CARTESIAN_POINT('',(0.3175,0.3175,-10.668));
#2608=VECTOR('',#3035,0.635);
#2609=CARTESIAN_POINT('',(0.3175,-0.3175,0.381));
#2610=CARTESIAN_POINT('',(0.3175,-0.3175,0.381));
#2611=VECTOR('',#3036,5.461);
#2612=CARTESIAN_POINT('',(0.3175,0.3175,0.381));
#2613=VECTOR('',#3037,0.635);
#2614=CARTESIAN_POINT('',(0.3175,-0.3175,-10.668));
#2615=CARTESIAN_POINT('',(0.3175,-0.3175,-7.62));
#2616=VECTOR('',#3038,3.048);
#2617=CARTESIAN_POINT('',(0.3175,-0.3175,-10.668));
#2618=VECTOR('',#3039,0.635);
#2619=CARTESIAN_POINT('',(0.3175,-0.3175,0.381));
#2620=VECTOR('',#3040,0.696997474887708);
#2621=CARTESIAN_POINT('',(0.3175,-0.3175,0.381));
#2622=VECTOR('',#3041,0.635);
#2623=CARTESIAN_POINT('',(0.3175,-0.3175,-10.668));
#2624=VECTOR('',#3042,0.635);
#2625=CARTESIAN_POINT('',(-0.1143,-0.1143,-11.303));
#2626=CARTESIAN_POINT('',(-0.1143,-0.1143,-11.303));
#2627=VECTOR('',#3043,0.696997474887708);
#2628=CARTESIAN_POINT('',(0.1143,-0.1143,-11.303));
#2629=CARTESIAN_POINT('',(0.1143,-0.1143,-11.303));
#2630=VECTOR('',#3044,0.2286);
#2631=CARTESIAN_POINT('',(0.1143,-0.1143,-11.303));
#2632=VECTOR('',#3045,0.696997474887708);
#2633=CARTESIAN_POINT('',(0.1143,0.1143,-11.303));
#2634=CARTESIAN_POINT('',(0.3175,0.3175,-10.668));
#2635=VECTOR('',#3046,0.696997474887708);
#2636=CARTESIAN_POINT('',(0.1143,-0.1143,-11.303));
#2637=VECTOR('',#3047,0.2286);
#2638=CARTESIAN_POINT('',(-0.1143,0.1143,-11.303));
#2639=CARTESIAN_POINT('',(-0.1143,0.1143,-11.303));
#2640=VECTOR('',#3048,0.2286);
#2641=CARTESIAN_POINT('',(0.1143,0.1143,-11.303));
#2642=VECTOR('',#3049,0.2286);
#2643=CARTESIAN_POINT('',(-0.1143,0.1143,-11.303));
#2644=VECTOR('',#3050,0.696997474887708);
#2645=CARTESIAN_POINT('',(-2.8575,0.3175,0.381));
#2646=CARTESIAN_POINT('',(-2.8575,0.3175,-5.08));
#2647=VECTOR('',#3051,5.461);
#2648=CARTESIAN_POINT('',(-2.8575,-0.3175,0.381));
#2649=CARTESIAN_POINT('',(-2.8575,-0.3175,0.381));
#2650=VECTOR('',#3052,5.461);
#2651=CARTESIAN_POINT('',(-2.8575,-0.3175,0.381));
#2652=VECTOR('',#3053,0.635);
#2653=CARTESIAN_POINT('',(-2.8575,-0.3175,-10.668));
#2654=CARTESIAN_POINT('',(-2.8575,-0.3175,-7.62));
#2655=VECTOR('',#3054,3.048);
#2656=CARTESIAN_POINT('',(-2.8575,0.3175,-10.668));
#2657=CARTESIAN_POINT('',(-2.8575,0.3175,-10.668));
#2658=VECTOR('',#3055,3.048);
#2659=CARTESIAN_POINT('',(-2.8575,0.3175,-10.668));
#2660=VECTOR('',#3056,0.635);
#2661=CARTESIAN_POINT('',(-2.6543,0.1143,1.016));
#2662=CARTESIAN_POINT('',(-2.8575,0.3175,0.381));
#2663=VECTOR('',#3057,0.696997474887708);
#2664=CARTESIAN_POINT('',(-2.6543,-0.1143,1.016));
#2665=CARTESIAN_POINT('',(-2.6543,-0.1143,1.016));
#2666=VECTOR('',#3058,0.696997474887708);
#2667=CARTESIAN_POINT('',(-2.6543,-0.1143,1.016));
#2668=VECTOR('',#3059,0.2286);
#2669=CARTESIAN_POINT('',(-2.4257,-0.1143,1.016));
#2670=CARTESIAN_POINT('',(-2.4257,-0.1143,1.016));
#2671=VECTOR('',#3060,0.2286);
#2672=CARTESIAN_POINT('',(-2.4257,0.1143,1.016));
#2673=CARTESIAN_POINT('',(-2.4257,0.1143,1.016));
#2674=VECTOR('',#3061,0.2286);
#2675=CARTESIAN_POINT('',(-2.4257,0.1143,1.016));
#2676=VECTOR('',#3062,0.2286);
#2677=CARTESIAN_POINT('',(-2.2225,0.3175,0.381));
#2678=CARTESIAN_POINT('',(-2.4257,0.1143,1.016));
#2679=VECTOR('',#3063,0.696997474887708);
#2680=CARTESIAN_POINT('',(-2.2225,0.3175,0.381));
#2681=VECTOR('',#3064,0.635);
#2682=CARTESIAN_POINT('',(-2.2225,0.3175,-5.08));
#2683=VECTOR('',#3065,5.461);
#2684=CARTESIAN_POINT('',(-2.2225,0.3175,-10.668));
#2685=CARTESIAN_POINT('',(-2.2225,0.3175,-10.668));
#2686=VECTOR('',#3066,3.048);
#2687=CARTESIAN_POINT('',(-2.2225,0.3175,-10.668));
#2688=VECTOR('',#3067,0.635);
#2689=CARTESIAN_POINT('',(-2.2225,-0.3175,0.381));
#2690=CARTESIAN_POINT('',(-2.2225,-0.3175,0.381));
#2691=VECTOR('',#3068,5.461);
#2692=CARTESIAN_POINT('',(-2.2225,0.3175,0.381));
#2693=VECTOR('',#3069,0.635);
#2694=CARTESIAN_POINT('',(-2.2225,-0.3175,-10.668));
#2695=CARTESIAN_POINT('',(-2.2225,-0.3175,-7.62));
#2696=VECTOR('',#3070,3.048);
#2697=CARTESIAN_POINT('',(-2.2225,-0.3175,-10.668));
#2698=VECTOR('',#3071,0.635);
#2699=CARTESIAN_POINT('',(-2.2225,-0.3175,0.381));
#2700=VECTOR('',#3072,0.696997474887708);
#2701=CARTESIAN_POINT('',(-2.2225,-0.3175,0.381));
#2702=VECTOR('',#3073,0.635);
#2703=CARTESIAN_POINT('',(-2.2225,-0.3175,-10.668));
#2704=VECTOR('',#3074,0.635);
#2705=CARTESIAN_POINT('',(-2.6543,-0.1143,-11.303));
#2706=CARTESIAN_POINT('',(-2.6543,-0.1143,-11.303));
#2707=VECTOR('',#3075,0.696997474887708);
#2708=CARTESIAN_POINT('',(-2.4257,-0.1143,-11.303));
#2709=CARTESIAN_POINT('',(-2.4257,-0.1143,-11.303));
#2710=VECTOR('',#3076,0.2286);
#2711=CARTESIAN_POINT('',(-2.4257,-0.1143,-11.303));
#2712=VECTOR('',#3077,0.696997474887708);
#2713=CARTESIAN_POINT('',(-2.4257,0.1143,-11.303));
#2714=CARTESIAN_POINT('',(-2.2225,0.3175,-10.668));
#2715=VECTOR('',#3078,0.696997474887708);
#2716=CARTESIAN_POINT('',(-2.4257,-0.1143,-11.303));
#2717=VECTOR('',#3079,0.2286);
#2718=CARTESIAN_POINT('',(-2.6543,0.1143,-11.303));
#2719=CARTESIAN_POINT('',(-2.6543,0.1143,-11.303));
#2720=VECTOR('',#3080,0.2286);
#2721=CARTESIAN_POINT('',(-2.4257,0.1143,-11.303));
#2722=VECTOR('',#3081,0.2286);
#2723=CARTESIAN_POINT('',(-2.6543,0.1143,-11.303));
#2724=VECTOR('',#3082,0.696997474887708);
#2725=CARTESIAN_POINT('',(-4.064,-1.524,3.302));
#2726=CARTESIAN_POINT('',(-4.064,-1.524,3.302));
#2727=VECTOR('',#3083,8.382);
#2728=CARTESIAN_POINT('',(0.635,-1.524,3.302));
#2729=CARTESIAN_POINT('',(0.635,-1.524,3.302));
#2730=VECTOR('',#3084,4.699);
#2731=CARTESIAN_POINT('',(0.635,-1.524,-5.08));
#2732=VECTOR('',#3085,8.382);
#2733=CARTESIAN_POINT('',(4.064,-1.524,3.302));
#2734=CARTESIAN_POINT('',(1.905,-1.524,3.302));
#2735=CARTESIAN_POINT('',(4.064,-1.524,3.302));
#2736=VECTOR('',#3086,2.159);
#2737=CARTESIAN_POINT('',(4.064,-1.524,3.302));
#2738=VECTOR('',#3087,8.382);
#2739=CARTESIAN_POINT('',(1.905,-1.524,-5.08));
#2740=VECTOR('',#3088,8.382);
#2741=CARTESIAN_POINT('',(0.635,-2.032,3.81));
#2742=VECTOR('',#3089,0.718420489685484);
#2743=CARTESIAN_POINT('',(-4.064,-1.524,3.302));
#2744=VECTOR('',#3090,0.879881810245052);
#2745=CARTESIAN_POINT('',(4.064,-1.524,3.302));
#2746=VECTOR('',#3091,0.879881810245052);
#2747=CARTESIAN_POINT('',(1.905,-2.032,3.81));
#2748=VECTOR('',#3092,0.718420489685484);
#2749=CARTESIAN_POINT('',(-4.064,1.524,3.302));
#2750=CARTESIAN_POINT('',(-4.064,-1.524,3.302));
#2751=VECTOR('',#3093,3.048);
#2752=CARTESIAN_POINT('',(-4.064,1.524,3.302));
#2753=VECTOR('',#3094,0.879881810245052);
#2754=CARTESIAN_POINT('',(-2.794,1.524,3.302));
#2755=CARTESIAN_POINT('',(-4.064,1.524,3.302));
#2756=VECTOR('',#3095,1.27);
#2757=CARTESIAN_POINT('',(-2.794,1.524,3.302));
#2758=VECTOR('',#3096,0.879881810245052);
#2759=CARTESIAN_POINT('',(-2.794,3.048,3.302));
#2760=CARTESIAN_POINT('',(-2.794,1.524,3.302));
#2761=VECTOR('',#3097,1.524);
#2762=CARTESIAN_POINT('',(-2.794,3.048,3.302));
#2763=VECTOR('',#3098,0.879881810245052);
#2764=CARTESIAN_POINT('',(2.794,3.048,3.302));
#2765=CARTESIAN_POINT('',(2.794,3.048,3.302));
#2766=VECTOR('',#3099,0.879881810245052);
#2767=CARTESIAN_POINT('',(-2.794,3.048,3.302));
#2768=VECTOR('',#3100,5.588);
#2769=CARTESIAN_POINT('',(2.794,3.048,0.9398));
#2770=CARTESIAN_POINT('',(2.794,3.048,3.302));
#2771=VECTOR('',#3101,2.3622);
#2772=CARTESIAN_POINT('',(-2.794,3.048,0.9398));
#2773=CARTESIAN_POINT('',(-2.794,3.048,3.302));
#2774=VECTOR('',#3102,2.3622);
#2775=CARTESIAN_POINT('',(-1.4478,3.048,2.286));
#2776=AXIS2_PLACEMENT_3D('',#3103,#3104,#3105);
#2777=CARTESIAN_POINT('',(1.4478,3.048,2.286));
#2778=CARTESIAN_POINT('',(-1.4478,3.048,2.286));
#2779=VECTOR('',#3106,2.8956);
#2780=AXIS2_PLACEMENT_3D('',#3107,#3108,#3109);
#2781=CARTESIAN_POINT('',(2.794,4.064,0.9398));
#2782=CARTESIAN_POINT('',(2.794,4.064,0.9398));
#2783=VECTOR('',#3110,1.016);
#2784=CARTESIAN_POINT('',(1.4478,4.064,2.286));
#2785=CARTESIAN_POINT('',(1.4478,4.064,2.286));
#2786=VECTOR('',#3111,1.016);
#2787=AXIS2_PLACEMENT_3D('',#3112,#3113,#3114);
#2788=CARTESIAN_POINT('',(-1.4478,4.064,2.286));
#2789=CARTESIAN_POINT('',(-1.4478,4.064,2.286));
#2790=VECTOR('',#3115,2.8956);
#2791=CARTESIAN_POINT('',(-2.794,4.064,0.9398));
#2792=AXIS2_PLACEMENT_3D('',#3116,#3117,#3118);
#2793=CARTESIAN_POINT('',(-2.794,4.064,0.0));
#2794=CARTESIAN_POINT('',(-2.794,4.064,0.0));
#2795=VECTOR('',#3119,0.9398);
#2796=CARTESIAN_POINT('',(-3.81,4.064,0.0));
#2797=CARTESIAN_POINT('',(-3.81,4.064,0.0));
#2798=VECTOR('',#3120,1.016);
#2799=CARTESIAN_POINT('',(-3.81,4.064,0.0));
#2800=VECTOR('',#3121,3.81);
#2801=CARTESIAN_POINT('',(3.81,4.064,0.0));
#2802=CARTESIAN_POINT('',(3.81,4.064,0.0));
#2803=VECTOR('',#3122,3.81);
#2804=CARTESIAN_POINT('',(2.794,4.064,0.0));
#2805=CARTESIAN_POINT('',(2.794,4.064,0.0));
#2806=VECTOR('',#3123,1.016);
#2807=CARTESIAN_POINT('',(2.794,4.064,0.0));
#2808=VECTOR('',#3124,0.9398);
#2809=CARTESIAN_POINT('',(2.794,2.032,0.0));
#2810=CARTESIAN_POINT('',(2.794,2.032,0.0));
#2811=VECTOR('',#3125,0.508);
#2812=CARTESIAN_POINT('',(2.794,1.524,-0.508));
#2813=CARTESIAN_POINT('',(2.794,2.032,0.0));
#2814=VECTOR('',#3126,0.718420489685484);
#2815=CARTESIAN_POINT('',(2.794,1.524,3.302));
#2816=CARTESIAN_POINT('',(2.794,1.524,3.302));
#2817=VECTOR('',#3127,3.81);
#2818=CARTESIAN_POINT('',(2.794,3.048,3.302));
#2819=VECTOR('',#3128,1.524);
#2820=CARTESIAN_POINT('',(2.794,2.54,0.0));
#2821=VECTOR('',#3129,1.524);
#2822=CARTESIAN_POINT('',(3.81,2.54,0.0));
#2823=VECTOR('',#3130,1.524);
#2824=CARTESIAN_POINT('',(-3.81,2.54,0.0));
#2825=VECTOR('',#3131,1.524);
#2826=CARTESIAN_POINT('',(-2.794,4.064,0.0));
#2827=VECTOR('',#3132,1.524);
#2828=CARTESIAN_POINT('',(-2.794,1.524,-0.508));
#2829=CARTESIAN_POINT('',(-2.794,1.524,-0.508));
#2830=VECTOR('',#3133,3.81);
#2831=CARTESIAN_POINT('',(-2.794,2.032,0.0));
#2832=CARTESIAN_POINT('',(-2.794,1.524,-0.508));
#2833=VECTOR('',#3134,0.718420489685484);
#2834=CARTESIAN_POINT('',(-2.794,2.54,0.0));
#2835=VECTOR('',#3135,0.508);
#2836=CARTESIAN_POINT('',(-2.794,4.064,0.9398));
#2837=VECTOR('',#3136,1.016);
#2838=CARTESIAN_POINT('',(-1.4478,4.064,2.286));
#2839=VECTOR('',#3137,1.016);
#2840=CARTESIAN_POINT('',(-1.524,2.032,0.0));
#2841=CARTESIAN_POINT('',(-2.794,2.032,0.0));
#2842=VECTOR('',#3138,1.27);
#2843=CARTESIAN_POINT('',(-1.524,2.54,0.0));
#2844=VECTOR('',#3139,0.508);
#2845=CARTESIAN_POINT('',(1.524,2.032,0.0));
#2846=CARTESIAN_POINT('',(1.524,2.032,0.0));
#2847=VECTOR('',#3140,1.27);
#2848=CARTESIAN_POINT('',(1.524,2.54,0.0));
#2849=VECTOR('',#3141,0.508);
#2850=CARTESIAN_POINT('',(-1.524,1.524,-0.508));
#2851=CARTESIAN_POINT('',(-1.524,2.032,0.0));
#2852=VECTOR('',#3142,0.718420489685484);
#2853=CARTESIAN_POINT('',(-1.524,1.524,-0.508));
#2854=VECTOR('',#3143,4.572);
#2855=CARTESIAN_POINT('',(-2.794,1.524,-0.508));
#2856=VECTOR('',#3144,1.27);
#2857=CARTESIAN_POINT('',(-4.064,1.524,3.302));
#2858=VECTOR('',#3145,8.382);
#2859=CARTESIAN_POINT('',(1.524,1.524,-0.508));
#2860=CARTESIAN_POINT('',(1.524,1.524,-0.508));
#2861=VECTOR('',#3146,4.572);
#2862=CARTESIAN_POINT('',(1.524,1.524,-0.508));
#2863=VECTOR('',#3147,0.718420489685484);
#2864=CARTESIAN_POINT('',(1.524,1.524,-0.508));
#2865=VECTOR('',#3148,1.27);
#2866=CARTESIAN_POINT('',(4.064,1.524,3.302));
#2867=CARTESIAN_POINT('',(4.064,1.524,-5.08));
#2868=VECTOR('',#3149,8.382);
#2869=CARTESIAN_POINT('',(2.794,1.524,3.302));
#2870=VECTOR('',#3150,1.27);
#2871=CARTESIAN_POINT('',(2.794,1.524,3.302));
#2872=VECTOR('',#3151,0.879881810245052);
#2873=CARTESIAN_POINT('',(4.064,1.524,3.302));
#2874=VECTOR('',#3152,0.879881810245052);
#2875=CARTESIAN_POINT('',(4.064,1.524,3.302));
#2876=VECTOR('',#3153,3.048);
#2877=CARTESIAN_POINT('',(3.8735,2.54,-8.001));
#2878=VECTOR('',#3154,5.08);
#2879=CARTESIAN_POINT('',(3.7465,2.54,-8.001));
#2880=VECTOR('',#3155,5.08);
#2881=CARTESIAN_POINT('',(-3.7465,2.54,-8.001));
#2882=VECTOR('',#3156,5.08);
#2883=DIRECTION('',(0.0,1.0,0.0));
#2884=DIRECTION('',(0.0,0.0,-1.0));
#2885=DIRECTION('',(0.0,-1.0,0.0));
#2886=DIRECTION('',(0.0,0.0,-1.0));
#2887=DIRECTION('',(-1.0,0.0,0.0));
#2888=DIRECTION('',(0.0,0.0,1.0));
#2889=DIRECTION('',(1.0,0.0,0.0));
#2890=DIRECTION('',(-0.707106781186548,0.0,-0.707106781186548));
#2891=DIRECTION('',(-1.0,0.0,0.0));
#2892=DIRECTION('',(-0.707106781186548,0.0,0.707106781186548));
#2893=DIRECTION('',(1.0,0.0,0.0));
#2894=DIRECTION('',(-0.707106781186548,0.0,-0.707106781186548));
#2895=DIRECTION('',(-1.0,0.0,0.0));
#2896=DIRECTION('',(-0.707106781186548,0.0,0.707106781186548));
#2897=DIRECTION('',(1.0,0.0,0.0));
#2898=DIRECTION('',(1.0,0.0,0.0));
#2899=DIRECTION('',(0.0,0.0,-1.0));
#2900=DIRECTION('',(1.0,0.0,0.0));
#2901=DIRECTION('',(1.0,0.0,0.0));
#2902=DIRECTION('',(0.0,0.0,-1.0));
#2903=DIRECTION('',(1.0,0.0,0.0));
#2904=DIRECTION('',(0.0,0.0,-1.0));
#2905=DIRECTION('',(1.0,0.0,0.0));
#2906=DIRECTION('',(1.0,0.0,0.0));
#2907=DIRECTION('',(0.0,0.0,-1.0));
#2908=DIRECTION('',(-1.0,0.0,0.0));
#2909=DIRECTION('',(-0.242535625036309,0.0,0.970142500145338));
#2910=DIRECTION('',(-0.242535625036309,0.0,-0.970142500145338));
#2911=DIRECTION('',(0.0,-1.0,-1.387778780781E-14));
#2912=DIRECTION('',(-0.242535625036309,0.0,-0.970142500145338));
#2913=DIRECTION('',(0.0,1.0,0.0));
#2914=DIRECTION('',(0.0,1.0,0.0));
#2915=DIRECTION('',(0.0,-1.0,0.0));
#2916=DIRECTION('',(1.0,0.0,0.0));
#2917=DIRECTION('',(0.0,-1.0,0.0));
#2918=DIRECTION('',(1.0,0.0,0.0));
#2919=DIRECTION('',(0.0,1.0,0.0));
#2920=DIRECTION('',(-1.0,0.0,0.0));
#2921=DIRECTION('',(0.0,1.0,0.0));
#2922=DIRECTION('',(1.0,0.0,0.0));
#2923=DIRECTION('',(0.0,1.0,0.0));
#2924=DIRECTION('',(1.0,0.0,0.0));
#2925=DIRECTION('',(0.0,-1.0,0.0));
#2926=DIRECTION('',(1.0,0.0,0.0));
#2927=DIRECTION('',(0.0,-1.0,0.0));
#2928=DIRECTION('',(-1.0,0.0,0.0));
#2929=DIRECTION('',(0.0,1.0,0.0));
#2930=DIRECTION('',(1.0,0.0,0.0));
#2931=DIRECTION('',(0.0,-1.0,0.0));
#2932=DIRECTION('',(1.0,0.0,0.0));
#2933=DIRECTION('',(-0.242535625036309,0.0,0.970142500145338));
#2934=DIRECTION('',(0.0,0.0,-1.0));
#2935=DIRECTION('',(0.0,1.0,0.0));
#2936=DIRECTION('',(1.0,0.0,0.0));
#2937=DIRECTION('',(0.0,1.0,0.0));
#2938=DIRECTION('',(0.0,1.0,0.0));
#2939=DIRECTION('',(1.0,0.0,0.0));
#2940=DIRECTION('',(0.0,1.0,0.0));
#2941=DIRECTION('',(1.0,0.0,0.0));
#2942=DIRECTION('',(0.0,1.0,0.0));
#2943=DIRECTION('',(1.0,0.0,0.0));
#2944=DIRECTION('',(0.0,1.0,0.0));
#2945=DIRECTION('',(-1.0,0.0,0.0));
#2946=DIRECTION('',(0.0,1.0,0.0));
#2947=DIRECTION('',(-1.0,0.0,0.0));
#2948=DIRECTION('',(0.0,1.0,0.0));
#2949=DIRECTION('',(1.0,0.0,0.0));
#2950=DIRECTION('',(0.0,1.0,0.0));
#2951=DIRECTION('',(1.0,0.0,0.0));
#2952=DIRECTION('',(0.0,1.0,0.0));
#2953=DIRECTION('',(1.0,0.0,0.0));
#2954=DIRECTION('',(0.0,1.0,0.0));
#2955=DIRECTION('',(0.0,-1.0,0.0));
#2956=DIRECTION('',(-0.707106781186548,0.0,0.707106781186548));
#2957=DIRECTION('',(0.0,0.0,-1.0));
#2958=DIRECTION('',(-1.0,0.0,0.0));
#2959=DIRECTION('',(-0.707106781186548,0.0,-0.707106781186548));
#2960=DIRECTION('',(-0.707106781186548,0.0,0.707106781186548));
#2961=DIRECTION('',(-1.0,0.0,0.0));
#2962=DIRECTION('',(-0.707106781186548,0.0,-0.707106781186548));
#2963=DIRECTION('',(0.0,0.0,-1.0));
#2964=DIRECTION('',(1.0,0.0,0.0));
#2965=DIRECTION('',(0.0,1.0,0.0));
#2966=DIRECTION('',(-1.0,0.0,0.0));
#2967=DIRECTION('',(0.0,1.0,0.0));
#2968=DIRECTION('',(0.0,-1.0,0.0));
#2969=DIRECTION('',(-1.0,0.0,0.0));
#2970=DIRECTION('',(0.0,-1.0,0.0));
#2971=DIRECTION('',(1.0,0.0,0.0));
#2972=DIRECTION('',(0.0,-1.0,0.0));
#2973=DIRECTION('',(0.0,1.0,0.0));
#2974=DIRECTION('',(1.0,0.0,0.0));
#2975=DIRECTION('',(1.0,0.0,0.0));
#2976=DIRECTION('',(0.0,1.0,0.0));
#2977=DIRECTION('',(1.0,0.0,0.0));
#2978=DIRECTION('',(0.0,1.0,0.0));
#2979=DIRECTION('',(1.0,0.0,0.0));
#2980=DIRECTION('',(0.0,1.0,0.0));
#2981=DIRECTION('',(1.0,0.0,0.0));
#2982=DIRECTION('',(0.0,1.0,0.0));
#2983=DIRECTION('',(1.0,0.0,0.0));
#2984=DIRECTION('',(0.0,1.0,0.0));
#2985=DIRECTION('',(1.0,0.0,0.0));
#2986=DIRECTION('',(0.0,1.0,0.0));
#2987=DIRECTION('',(0.0,0.0,-1.0));
#2988=DIRECTION('',(0.0,1.0,0.0));
#2989=DIRECTION('',(0.0,0.0,1.0));
#2990=DIRECTION('',(0.0,0.0,-1.0));
#2991=DIRECTION('',(0.0,0.0,1.0));
#2992=DIRECTION('',(0.0,-1.0,0.0));
#2993=DIRECTION('',(0.0,0.0,1.0));
#2994=DIRECTION('',(-1.0,0.0,0.0));
#2995=DIRECTION('',(0.0,0.0,1.0));
#2996=DIRECTION('',(-1.0,0.0,0.0));
#2997=DIRECTION('',(0.291536206831588,-0.291536206831588,0.911050646348763));
#2998=DIRECTION('',(-1.0,0.0,0.0));
#2999=DIRECTION('',(0.291536206831588,0.291536206831588,-0.911050646348763));
#3000=DIRECTION('',(-0.291536206831588,0.291536206831588,0.911050646348763));
#3001=DIRECTION('',(0.0,-1.0,0.0));
#3002=DIRECTION('',(0.0,-1.0,0.0));
#3003=DIRECTION('',(0.0,1.0,0.0));
#3004=DIRECTION('',(-1.0,0.0,0.0));
#3005=DIRECTION('',(-0.291536206831588,-0.291536206831588,-0.911050646348763));
#3006=DIRECTION('',(-1.0,0.0,0.0));
#3007=DIRECTION('',(0.0,0.0,-1.0));
#3008=DIRECTION('',(0.0,0.0,-1.0));
#3009=DIRECTION('',(-1.0,0.0,0.0));
#3010=DIRECTION('',(0.0,1.0,0.0));
#3011=DIRECTION('',(-0.291536206831588,-0.291536206831588,-0.911050646348763));
#3012=DIRECTION('',(0.291536206831588,-0.291536206831588,0.911050646348763));
#3013=DIRECTION('',(0.0,1.0,0.0));
#3014=DIRECTION('',(-1.0,0.0,0.0));
#3015=DIRECTION('',(0.0,-1.0,0.0));
#3016=DIRECTION('',(-1.0,0.0,0.0));
#3017=DIRECTION('',(-0.291536206831588,0.291536206831588,0.911050646348763));
#3018=DIRECTION('',(-0.291536206831588,-0.291536206831588,0.911050646348763));
#3019=DIRECTION('',(0.0,0.0,1.0));
#3020=DIRECTION('',(0.0,0.0,-1.0));
#3021=DIRECTION('',(0.0,1.0,0.0));
#3022=DIRECTION('',(0.0,0.0,-1.0));
#3023=DIRECTION('',(0.0,0.0,1.0));
#3024=DIRECTION('',(0.0,-1.0,0.0));
#3025=DIRECTION('',(0.291536206831588,-0.291536206831588,0.911050646348763));
#3026=DIRECTION('',(-0.291536206831588,-0.291536206831588,-0.911050646348763));
#3027=DIRECTION('',(0.0,1.0,0.0));
#3028=DIRECTION('',(-1.0,0.0,0.0));
#3029=DIRECTION('',(0.0,-1.0,0.0));
#3030=DIRECTION('',(-1.0,0.0,0.0));
#3031=DIRECTION('',(0.291536206831588,0.291536206831588,-0.911050646348763));
#3032=DIRECTION('',(-1.0,0.0,0.0));
#3033=DIRECTION('',(0.0,0.0,1.0));
#3034=DIRECTION('',(0.0,0.0,1.0));
#3035=DIRECTION('',(-1.0,0.0,0.0));
#3036=DIRECTION('',(0.0,0.0,-1.0));
#3037=DIRECTION('',(0.0,-1.0,0.0));
#3038=DIRECTION('',(0.0,0.0,-1.0));
#3039=DIRECTION('',(0.0,1.0,0.0));
#3040=DIRECTION('',(-0.291536206831588,0.291536206831588,0.911050646348763));
#3041=DIRECTION('',(-1.0,0.0,0.0));
#3042=DIRECTION('',(-1.0,0.0,0.0));
#3043=DIRECTION('',(-0.291536206831588,-0.291536206831588,0.911050646348763));
#3044=DIRECTION('',(-1.0,0.0,0.0));
#3045=DIRECTION('',(0.291536206831588,-0.291536206831588,0.911050646348763));
#3046=DIRECTION('',(-0.291536206831588,-0.291536206831588,-0.911050646348763));
#3047=DIRECTION('',(0.0,1.0,0.0));
#3048=DIRECTION('',(0.0,-1.0,0.0));
#3049=DIRECTION('',(-1.0,0.0,0.0));
#3050=DIRECTION('',(-0.291536206831588,0.291536206831588,0.911050646348763));
#3051=DIRECTION('',(0.0,0.0,1.0));
#3052=DIRECTION('',(0.0,0.0,-1.0));
#3053=DIRECTION('',(0.0,1.0,0.0));
#3054=DIRECTION('',(0.0,0.0,-1.0));
#3055=DIRECTION('',(0.0,0.0,1.0));
#3056=DIRECTION('',(0.0,-1.0,0.0));
#3057=DIRECTION('',(0.291536206831588,-0.291536206831588,0.911050646348763));
#3058=DIRECTION('',(-0.291536206831588,-0.291536206831588,-0.911050646348763));
#3059=DIRECTION('',(0.0,1.0,0.0));
#3060=DIRECTION('',(-1.0,0.0,0.0));
#3061=DIRECTION('',(0.0,-1.0,0.0));
#3062=DIRECTION('',(-1.0,0.0,0.0));
#3063=DIRECTION('',(0.291536206831588,0.291536206831588,-0.911050646348763));
#3064=DIRECTION('',(-1.0,0.0,0.0));
#3065=DIRECTION('',(0.0,0.0,1.0));
#3066=DIRECTION('',(0.0,0.0,1.0));
#3067=DIRECTION('',(-1.0,0.0,0.0));
#3068=DIRECTION('',(0.0,0.0,-1.0));
#3069=DIRECTION('',(0.0,-1.0,0.0));
#3070=DIRECTION('',(0.0,0.0,-1.0));
#3071=DIRECTION('',(0.0,1.0,0.0));
#3072=DIRECTION('',(-0.291536206831588,0.291536206831588,0.911050646348763));
#3073=DIRECTION('',(-1.0,0.0,0.0));
#3074=DIRECTION('',(-1.0,0.0,0.0));
#3075=DIRECTION('',(-0.291536206831588,-0.291536206831588,0.911050646348763));
#3076=DIRECTION('',(-1.0,0.0,0.0));
#3077=DIRECTION('',(0.291536206831588,-0.291536206831588,0.911050646348763));
#3078=DIRECTION('',(-0.291536206831588,-0.291536206831588,-0.911050646348763));
#3079=DIRECTION('',(0.0,1.0,0.0));
#3080=DIRECTION('',(0.0,-1.0,0.0));
#3081=DIRECTION('',(-1.0,0.0,0.0));
#3082=DIRECTION('',(-0.291536206831588,0.291536206831588,0.911050646348763));
#3083=DIRECTION('',(0.0,0.0,-1.0));
#3084=DIRECTION('',(-1.0,0.0,0.0));
#3085=DIRECTION('',(0.0,0.0,1.0));
#3086=DIRECTION('',(-1.0,0.0,0.0));
#3087=DIRECTION('',(0.0,0.0,-1.0));
#3088=DIRECTION('',(0.0,0.0,1.0));
#3089=DIRECTION('',(0.0,0.707106781186547,-0.707106781186547));
#3090=DIRECTION('',(-0.577350269189626,-0.577350269189626,0.577350269189626));
#3091=DIRECTION('',(0.577350269189626,-0.577350269189626,0.577350269189626));
#3092=DIRECTION('',(0.0,0.707106781186547,-0.707106781186547));
#3093=DIRECTION('',(0.0,1.0,0.0));
#3094=DIRECTION('',(-0.577350269189626,0.577350269189626,0.577350269189626));
#3095=DIRECTION('',(1.0,0.0,0.0));
#3096=DIRECTION('',(-0.577350269189626,0.577350269189626,0.577350269189626));
#3097=DIRECTION('',(0.0,1.0,0.0));
#3098=DIRECTION('',(-0.577350269189626,0.577350269189626,0.577350269189626));
#3099=DIRECTION('',(0.577350269189626,0.577350269189626,0.577350269189626));
#3100=DIRECTION('',(1.0,0.0,0.0));
#3101=DIRECTION('',(0.0,0.0,-1.0));
#3102=DIRECTION('',(0.0,0.0,-1.0));
#3103=CARTESIAN_POINT('',(-1.4478,3.048,0.9398));
#3104=DIRECTION('',(0.0,1.0,0.0));
#3105=DIRECTION('',(-1.0,0.0,0.0));
#3106=DIRECTION('',(1.0,0.0,0.0));
#3107=CARTESIAN_POINT('',(1.4478,3.048,0.9398));
#3108=DIRECTION('',(0.0,1.0,0.0));
#3109=DIRECTION('',(0.0,0.0,1.0));
#3110=DIRECTION('',(0.0,-1.0,0.0));
#3111=DIRECTION('',(0.0,-1.0,0.0));
#3112=CARTESIAN_POINT('',(1.4478,4.064,0.9398));
#3113=DIRECTION('',(0.0,1.0,0.0));
#3114=DIRECTION('',(0.0,0.0,1.0));
#3115=DIRECTION('',(1.0,0.0,0.0));
#3116=CARTESIAN_POINT('',(-1.4478,4.064,0.9398));
#3117=DIRECTION('',(0.0,1.0,0.0));
#3118=DIRECTION('',(-1.0,0.0,0.0));
#3119=DIRECTION('',(0.0,0.0,1.0));
#3120=DIRECTION('',(1.0,0.0,0.0));
#3121=DIRECTION('',(0.0,0.0,1.0));
#3122=DIRECTION('',(0.0,0.0,1.0));
#3123=DIRECTION('',(1.0,0.0,0.0));
#3124=DIRECTION('',(0.0,0.0,1.0));
#3125=DIRECTION('',(0.0,1.0,0.0));
#3126=DIRECTION('',(0.0,-0.707106781186547,-0.707106781186547));
#3127=DIRECTION('',(0.0,0.0,-1.0));
#3128=DIRECTION('',(0.0,-1.0,0.0));
#3129=DIRECTION('',(0.0,1.0,0.0));
#3130=DIRECTION('',(0.0,1.0,0.0));
#3131=DIRECTION('',(0.0,1.0,0.0));
#3132=DIRECTION('',(0.0,-1.0,0.0));
#3133=DIRECTION('',(0.0,0.0,1.0));
#3134=DIRECTION('',(0.0,0.707106781186547,0.707106781186547));
#3135=DIRECTION('',(0.0,-1.0,0.0));
#3136=DIRECTION('',(0.0,-1.0,0.0));
#3137=DIRECTION('',(0.0,-1.0,0.0));
#3138=DIRECTION('',(1.0,0.0,0.0));
#3139=DIRECTION('',(0.0,-1.0,0.0));
#3140=DIRECTION('',(1.0,0.0,0.0));
#3141=DIRECTION('',(0.0,-1.0,0.0));
#3142=DIRECTION('',(0.0,-0.707106781186547,-0.707106781186547));
#3143=DIRECTION('',(0.0,0.0,-1.0));
#3144=DIRECTION('',(1.0,0.0,0.0));
#3145=DIRECTION('',(0.0,0.0,-1.0));
#3146=DIRECTION('',(0.0,0.0,-1.0));
#3147=DIRECTION('',(0.0,0.707106781186547,0.707106781186547));
#3148=DIRECTION('',(1.0,0.0,0.0));
#3149=DIRECTION('',(0.0,0.0,1.0));
#3150=DIRECTION('',(1.0,0.0,0.0));
#3151=DIRECTION('',(0.577350269189626,0.577350269189626,0.577350269189626));
#3152=DIRECTION('',(0.577350269189626,0.577350269189626,0.577350269189626));
#3153=DIRECTION('',(0.0,-1.0,0.0));
#3154=DIRECTION('',(0.0,-1.0,0.0));
#3155=DIRECTION('',(0.0,-1.0,0.0));
#3156=DIRECTION('',(0.0,-1.0,0.0));
#3157=PRESENTATION_LAYER_ASSIGNMENT('','',(#26,#49,#50,#51,#56,#57,#58,#59,#60,#61,#62,#63,#64,#65,#66,#67,#68,#69,#70,#71,#72,#73,#74,#75,#76,#77,#78,#79,#80,#81,#82,#83,#84,#85,#86,#87,#88,#89,#90,#91,#92,#93,#94,#95,#96,#97,#98,#99,#100,#101,#102,#103,#104,#105,#106,#107,#108,#109,#110,#111,#112,#113,#114,#115,#116,#117,#118,#119,#120,#121,#122,#123,#124,#125,#126,#127,#128,#129,#130,#131,#132,#133,#134,#135,#136,#137,#138,#139,#140,#141,#142,#143,#144,#145,#146,#147,#148,#149,#150,#151,#152,#153,#154,#155,#156,#157,#158,#159,#160,#161,#387,#388,#389,#390,#391,#392,#1473,#1474,#1475,#1476,#1477,#1478,#1479,#1480,#1481,#1482,#1483,#1484,#1485,#1486,#1487,#1488,#1489,#1490,#1491,#1492,#1493,#1494,#1495,#1496,#1497,#1498,#1499,#1500,#1501,#1502,#1503,#1504,#1505,#1506,#1507,#1508,#1509,#1510,#1511,#1512,#1513,#1514,#1515,#1516,#1517,#1518,#1519,#1520,#1521,#1522,#1523,#1524,#1525,#1526,#1527,#1528,#1529,#1530,#1531,#1532,#1533,#1534,#1535,#1536,#1537,#1538,#1539,#1540,#1541,#1542,#1543,#1544,#1545,#1546,#1547,#1548,#1549,#1550,#1551,#1552,#1553,#1554,#1555,#1556,#1557,#1558,#1559,#1560,#1561,#1562,#1563,#1564,#1565,#1566,#1567,#1568,#1569,#1570,#1571,#1572,#1573,#1574,#1575,#1576,#1577,#1578,#1579,#1580,#1581,#1582,#1583,#1584,#1585,#1586,#1587,#1588,#1589,#1590,#1591,#1592,#1593,#1594,#1595,#1596,#1597,#1598,#1599,#1600,#1601,#1602,#1603,#1604,#1605,#1606,#1607,#1608,#1609,#1610,#1611,#1612,#1613,#1614,#1615,#1616,#1617,#1618,#1619,#1620,#1621,#1622,#1623,#1624,#1625,#1626,#1627,#1628,#1629,#1630,#1631,#1632,#1633,#1634,#1635,#1636,#1637,#1638,#1639,#1640,#1641,#1642,#1643,#1644,#1645,#1646,#1647,#1648,#1649,#1650,#1651,#1652,#1653,#1654,#1655,#1656,#1657,#1658,#1659,#1660,#1661,#1662,#1663,#1664,#1665,#1666,#1667,#1668,#1669,#1670,#1671,#1672,#1673,#1674,#1675,#1676,#1677,#1678,#1679,#1680,#1681,#1682,#1683,#1684,#1685,#1686,#1687,#1688,#1689,#1690,#1691,#1692,#1693,#1694,#1695,#1696,#1697,#1698,#1699,#1700,#1701,#1702,#1703,#1704,#1705,#1706,#1707,#1708,#1709,#1710,#1711,#1712,#1713,#1714,#1715,#1716,#1717,#1718,#1719,#1720,#1721,#1722,#1723,#1724,#1725,#1726,#1727,#1728,#1729,#1730,#1731,#1732,#1733,#1734,#1735,#1736,#1737,#1738,#1757,#1758,#1760,#1762,#1765,#1766,#1768,#1770,#1772,#1774,#1776,#1778,#1780,#1782,#1784,#1787,#1789,#1791,#1793,#1795,#1797,#1799,#1801,#1803,#1805,#1807,#1809,#1812,#1814,#1817,#1819,#1821,#1824,#1826,#1828,#1830,#1832,#1834,#1836,#1838,#1840,#1842,#1844,#1846,#1848,#1853,#1856,#1859,#1861,#1864,#1865,#1867,#1869,#1872,#1873,#1875,#1877,#1880,#1881,#1883,#1885,#1888,#1891,#1894,#1896,#1899,#1901,#1904,#1907,#1908,#1910,#1913,#1915,#1917,#1919,#1922,#1925,#1926,#1928,#1930,#1933,#1934,#1936,#1938,#1941,#1942,#1944,#1946,#1949,#1951,#1954,#1956,#1959,#1962,#1965,#1967,#1970,#1971,#1975,#1981,#1985,#1987,#1990,#1992,#1997,#1999,#2002,#2004,#2007,#2009,#2012,#2014,#2017,#2021,#2024,#2027,#2033,#2035,#2038,#2041,#2045,#2047,#2050,#2052,#2055,#2057,#2060,#2062,#2065,#2069,#2072,#2075,#2081,#2083,#2086,#2089,#2093,#2095,#2098,#2099,#2107,#2110,#2113,#2116,#2119,#2121,#2123,#2125,#2128,#2130,#2133,#2135,#2137,#2139,#2142,#2144,#2147,#2149,#2151,#2158,#2160,#2165,#2168,#2171,#2176,#2180));
ENDSEC;
END-ISO-10303-21;
