ISO-10303-21;
HEADER;
FILE_DESCRIPTION(('STEP AP242'),'1');
FILE_NAME('0470531000.stp','2025-10-28T20:03:30',('TraceParts'),('TraceParts S.A.S.'),'Spatial InterOp 3D',' ',' ');
FILE_SCHEMA(('AP242_MANAGED_MODEL_BASED_3D_ENGINEERING_MIM_LF  {1 0 10303 442 1 1 4}'));
ENDSEC;
DATA;
#1=MECHANICAL_DESIGN_GEOMETRIC_PRESENTATION_REPRESENTATION(' ',(#10),#6);
#2=PRODUCT_DEFINITION_CONTEXT('',#11,'design');
#3=APPLICATION_PROTOCOL_DEFINITION('INTERNATIONAL STANDARD','ap242_managed_model_based_3d_engineering',2014,#11);
#4=PRODUCT_CATEGORY_RELATIONSHIP('NONE','NONE',#12,#13);
#5=SHAPE_DEFINITION_REPRESENTATION(#14,#15);
#6= (GEOMETRIC_REPRESENTATION_CONTEXT(3)GLOBAL_UNCERTAINTY_ASSIGNED_CONTEXT((#18))GLOBAL_UNIT_ASSIGNED_CONTEXT((#20,#21,#22))REPRESENTATION_CONTEXT('NONE','WORKSPACE'));
#10=STYLED_ITEM('',(#24),#25);
#11=APPLICATION_CONTEXT('managed model based 3d engineering');
#12=PRODUCT_CATEGORY('part','NONE');
#13=PRODUCT_RELATED_PRODUCT_CATEGORY('detail',' ',(#26));
#14=PRODUCT_DEFINITION_SHAPE('NONE','NONE',#27);
#15=ADVANCED_BREP_SHAPE_REPRESENTATION('Solid1',(#25,#28),#6);
#18=UNCERTAINTY_MEASURE_WITH_UNIT(LENGTH_MEASURE(1.0E-06),#20,'','');
#20= (CONVERSION_BASED_UNIT('MILLIMETRE',#31)LENGTH_UNIT()NAMED_UNIT(#34));
#21= (NAMED_UNIT(#36)PLANE_ANGLE_UNIT()SI_UNIT($,.RADIAN.));
#22= (NAMED_UNIT(#36)SOLID_ANGLE_UNIT()SI_UNIT($,.STERADIAN.));
#24=PRESENTATION_STYLE_ASSIGNMENT((#42));
#25=MANIFOLD_SOLID_BREP('Solid1',#43);
#26=PRODUCT('Solid1','','PART--DESC',(#44));
#27=PRODUCT_DEFINITION('','NONE',#45,#2);
#28=AXIS2_PLACEMENT_3D('',#46,#47,#48);
#31=LENGTH_MEASURE_WITH_UNIT(LENGTH_MEASURE(1.0),#49);
#34=DIMENSIONAL_EXPONENTS(1.0,0.0,0.0,0.0,0.0,0.0,0.0);
#36=DIMENSIONAL_EXPONENTS(0.0,0.0,0.0,0.0,0.0,0.0,0.0);
#42=SURFACE_STYLE_USAGE(.BOTH.,#50);
#43=CLOSED_SHELL('',(#51,#52,#53,#54,#55,#56,#57,#58,#59,#60,#61,#62,#63,#64,#65,#66,#67,#68,#69,#70,#71,#72,#73,#74,#75,#76,#77,#78,#79,#80,#81,#82,#83,#84,#85,#86,#87,#88,#89,#90,#91,#92,#93,#94,#95,#96,#97,#98,#99,#100,#101,#102,#103,#104,#105,#106,#107,#108,#109,#110,#111,#112,#113,#114,#115,#116,#117,#118,#119,#120,#121,#122,#123,#124,#125,#126,#127,#128,#129,#130,#131,#132,#133,#134,#135,#136,#137,#138,#139,#140,#141,#142,#143,#144,#145,#146,#147,#148,#149,#150,#151,#152));
#44=PRODUCT_CONTEXT('',#11,'mechanical');
#45=PRODUCT_DEFINITION_FORMATION_WITH_SPECIFIED_SOURCE(' ','NONE',#26,.NOT_KNOWN.);
#46=CARTESIAN_POINT('',(0.0,0.0,0.0));
#47=DIRECTION('',(0.0,0.0,1.0));
#48=DIRECTION('',(1.0,0.0,0.0));
#49= (NAMED_UNIT(#34)LENGTH_UNIT()SI_UNIT(.MILLI.,.METRE.));
#50=SURFACE_SIDE_STYLE('',(#154));
#51=ADVANCED_FACE('',(#155),#156,.T.);
#52=ADVANCED_FACE('',(#157),#158,.F.);
#53=ADVANCED_FACE('',(#159),#160,.T.);
#54=ADVANCED_FACE('',(#161),#162,.T.);
#55=ADVANCED_FACE('',(#163),#164,.T.);
#56=ADVANCED_FACE('',(#165),#166,.T.);
#57=ADVANCED_FACE('',(#167),#168,.T.);
#58=ADVANCED_FACE('',(#169,#170,#171,#172,#173),#174,.T.);
#59=ADVANCED_FACE('',(#175),#176,.T.);
#60=ADVANCED_FACE('',(#177,#178),#179,.T.);
#61=ADVANCED_FACE('',(#180),#181,.T.);
#62=ADVANCED_FACE('',(#182,#183,#184,#185,#186),#187,.T.);
#63=ADVANCED_FACE('',(#188),#189,.T.);
#64=ADVANCED_FACE('',(#190),#191,.F.);
#65=ADVANCED_FACE('',(#192),#193,.T.);
#66=ADVANCED_FACE('',(#194),#195,.F.);
#67=ADVANCED_FACE('',(#196),#197,.T.);
#68=ADVANCED_FACE('',(#198),#199,.F.);
#69=ADVANCED_FACE('',(#200),#201,.T.);
#70=ADVANCED_FACE('',(#202),#203,.T.);
#71=ADVANCED_FACE('',(#204),#205,.T.);
#72=ADVANCED_FACE('',(#206),#207,.T.);
#73=ADVANCED_FACE('',(#208),#209,.F.);
#74=ADVANCED_FACE('',(#210),#211,.F.);
#75=ADVANCED_FACE('',(#212),#213,.T.);
#76=ADVANCED_FACE('',(#214),#215,.T.);
#77=ADVANCED_FACE('',(#216),#217,.T.);
#78=ADVANCED_FACE('',(#218),#219,.T.);
#79=ADVANCED_FACE('',(#220),#221,.T.);
#80=ADVANCED_FACE('',(#222),#223,.T.);
#81=ADVANCED_FACE('',(#224),#225,.T.);
#82=ADVANCED_FACE('',(#226),#227,.T.);
#83=ADVANCED_FACE('',(#228),#229,.T.);
#84=ADVANCED_FACE('',(#230),#231,.T.);
#85=ADVANCED_FACE('',(#232),#233,.T.);
#86=ADVANCED_FACE('',(#234),#235,.T.);
#87=ADVANCED_FACE('',(#236),#237,.T.);
#88=ADVANCED_FACE('',(#238),#239,.T.);
#89=ADVANCED_FACE('',(#240),#241,.T.);
#90=ADVANCED_FACE('',(#242),#243,.T.);
#91=ADVANCED_FACE('',(#244),#245,.F.);
#92=ADVANCED_FACE('',(#246),#247,.F.);
#93=ADVANCED_FACE('',(#248),#249,.T.);
#94=ADVANCED_FACE('',(#250),#251,.T.);
#95=ADVANCED_FACE('',(#252),#253,.T.);
#96=ADVANCED_FACE('',(#254),#255,.T.);
#97=ADVANCED_FACE('',(#256),#257,.T.);
#98=ADVANCED_FACE('',(#258),#259,.T.);
#99=ADVANCED_FACE('',(#260),#261,.T.);
#100=ADVANCED_FACE('',(#262),#263,.T.);
#101=ADVANCED_FACE('',(#264),#265,.T.);
#102=ADVANCED_FACE('',(#266),#267,.T.);
#103=ADVANCED_FACE('',(#268),#269,.T.);
#104=ADVANCED_FACE('',(#270),#271,.T.);
#105=ADVANCED_FACE('',(#272),#273,.T.);
#106=ADVANCED_FACE('',(#274),#275,.T.);
#107=ADVANCED_FACE('',(#276),#277,.T.);
#108=ADVANCED_FACE('',(#278),#279,.T.);
#109=ADVANCED_FACE('',(#280),#281,.F.);
#110=ADVANCED_FACE('',(#282),#283,.F.);
#111=ADVANCED_FACE('',(#284),#285,.T.);
#112=ADVANCED_FACE('',(#286),#287,.T.);
#113=ADVANCED_FACE('',(#288),#289,.T.);
#114=ADVANCED_FACE('',(#290),#291,.T.);
#115=ADVANCED_FACE('',(#292),#293,.T.);
#116=ADVANCED_FACE('',(#294),#295,.T.);
#117=ADVANCED_FACE('',(#296),#297,.T.);
#118=ADVANCED_FACE('',(#298),#299,.T.);
#119=ADVANCED_FACE('',(#300),#301,.T.);
#120=ADVANCED_FACE('',(#302),#303,.T.);
#121=ADVANCED_FACE('',(#304),#305,.T.);
#122=ADVANCED_FACE('',(#306),#307,.T.);
#123=ADVANCED_FACE('',(#308),#309,.T.);
#124=ADVANCED_FACE('',(#310),#311,.T.);
#125=ADVANCED_FACE('',(#312),#313,.T.);
#126=ADVANCED_FACE('',(#314),#315,.T.);
#127=ADVANCED_FACE('',(#316),#317,.F.);
#128=ADVANCED_FACE('',(#318),#319,.F.);
#129=ADVANCED_FACE('',(#320),#321,.T.);
#130=ADVANCED_FACE('',(#322),#323,.T.);
#131=ADVANCED_FACE('',(#324),#325,.T.);
#132=ADVANCED_FACE('',(#326),#327,.T.);
#133=ADVANCED_FACE('',(#328),#329,.T.);
#134=ADVANCED_FACE('',(#330),#331,.T.);
#135=ADVANCED_FACE('',(#332),#333,.T.);
#136=ADVANCED_FACE('',(#334),#335,.T.);
#137=ADVANCED_FACE('',(#336),#337,.T.);
#138=ADVANCED_FACE('',(#338),#339,.T.);
#139=ADVANCED_FACE('',(#340),#341,.T.);
#140=ADVANCED_FACE('',(#342),#343,.T.);
#141=ADVANCED_FACE('',(#344),#345,.T.);
#142=ADVANCED_FACE('',(#346),#347,.T.);
#143=ADVANCED_FACE('',(#348),#349,.T.);
#144=ADVANCED_FACE('',(#350),#351,.T.);
#145=ADVANCED_FACE('',(#352),#353,.T.);
#146=ADVANCED_FACE('',(#354),#355,.T.);
#147=ADVANCED_FACE('',(#356),#357,.T.);
#148=ADVANCED_FACE('',(#358),#359,.T.);
#149=ADVANCED_FACE('',(#360),#361,.T.);
#150=ADVANCED_FACE('',(#362),#363,.T.);
#151=ADVANCED_FACE('',(#364),#365,.T.);
#152=ADVANCED_FACE('',(#366),#367,.T.);
#154=SURFACE_STYLE_FILL_AREA(#368);
#155=FACE_OUTER_BOUND('',#369,.T.);
#156=CONICAL_SURFACE('',#370,0.349996757426,0.785380149156805);
#157=FACE_OUTER_BOUND('',#371,.T.);
#158=PLANE('',#372);
#159=FACE_OUTER_BOUND('',#373,.T.);
#160=PLANE('',#374);
#161=FACE_OUTER_BOUND('',#375,.T.);
#162=PLANE('',#376);
#163=FACE_OUTER_BOUND('',#377,.T.);
#164=PLANE('',#378);
#165=FACE_OUTER_BOUND('',#379,.T.);
#166=PLANE('',#380);
#167=FACE_OUTER_BOUND('',#381,.T.);
#168=PLANE('',#382);
#169=FACE_OUTER_BOUND('',#383,.T.);
#170=FACE_BOUND('',#384,.T.);
#171=FACE_BOUND('',#385,.T.);
#172=FACE_BOUND('',#386,.T.);
#173=FACE_BOUND('',#387,.T.);
#174=PLANE('',#388);
#175=FACE_OUTER_BOUND('',#389,.T.);
#176=PLANE('',#390);
#177=FACE_OUTER_BOUND('',#391,.T.);
#178=FACE_BOUND('',#392,.T.);
#179=PLANE('',#393);
#180=FACE_OUTER_BOUND('',#394,.T.);
#181=PLANE('',#395);
#182=FACE_OUTER_BOUND('',#396,.T.);
#183=FACE_BOUND('',#397,.T.);
#184=FACE_BOUND('',#398,.T.);
#185=FACE_BOUND('',#399,.T.);
#186=FACE_BOUND('',#400,.T.);
#187=PLANE('',#401);
#188=FACE_OUTER_BOUND('',#402,.T.);
#189=PLANE('',#403);
#190=FACE_OUTER_BOUND('',#404,.T.);
#191=CYLINDRICAL_SURFACE('',#405,0.3);
#192=FACE_OUTER_BOUND('',#406,.T.);
#193=PLANE('',#407);
#194=FACE_OUTER_BOUND('',#408,.T.);
#195=PLANE('',#409);
#196=FACE_OUTER_BOUND('',#410,.T.);
#197=PLANE('',#411);
#198=FACE_OUTER_BOUND('',#412,.T.);
#199=PLANE('',#413);
#200=FACE_OUTER_BOUND('',#414,.T.);
#201=PLANE('',#415);
#202=FACE_OUTER_BOUND('',#416,.T.);
#203=PLANE('',#417);
#204=FACE_OUTER_BOUND('',#418,.T.);
#205=PLANE('',#419);
#206=FACE_OUTER_BOUND('',#420,.T.);
#207=PLANE('',#421);
#208=FACE_OUTER_BOUND('',#422,.T.);
#209=PLANE('',#423);
#210=FACE_OUTER_BOUND('',#424,.T.);
#211=PLANE('',#425);
#212=FACE_OUTER_BOUND('',#426,.T.);
#213=PLANE('',#427);
#214=FACE_OUTER_BOUND('',#428,.T.);
#215=PLANE('',#429);
#216=FACE_OUTER_BOUND('',#430,.T.);
#217=PLANE('',#431);
#218=FACE_OUTER_BOUND('',#432,.T.);
#219=PLANE('',#433);
#220=FACE_OUTER_BOUND('',#434,.T.);
#221=PLANE('',#435);
#222=FACE_OUTER_BOUND('',#436,.T.);
#223=PLANE('',#437);
#224=FACE_OUTER_BOUND('',#438,.T.);
#225=PLANE('',#439);
#226=FACE_OUTER_BOUND('',#440,.T.);
#227=PLANE('',#441);
#228=FACE_OUTER_BOUND('',#442,.T.);
#229=PLANE('',#443);
#230=FACE_OUTER_BOUND('',#444,.T.);
#231=PLANE('',#445);
#232=FACE_OUTER_BOUND('',#446,.T.);
#233=PLANE('',#447);
#234=FACE_OUTER_BOUND('',#448,.T.);
#235=PLANE('',#449);
#236=FACE_OUTER_BOUND('',#450,.T.);
#237=PLANE('',#451);
#238=FACE_OUTER_BOUND('',#452,.T.);
#239=PLANE('',#453);
#240=FACE_OUTER_BOUND('',#454,.T.);
#241=PLANE('',#455);
#242=FACE_OUTER_BOUND('',#456,.T.);
#243=PLANE('',#457);
#244=FACE_OUTER_BOUND('',#458,.T.);
#245=PLANE('',#459);
#246=FACE_OUTER_BOUND('',#460,.T.);
#247=PLANE('',#461);
#248=FACE_OUTER_BOUND('',#462,.T.);
#249=PLANE('',#463);
#250=FACE_OUTER_BOUND('',#464,.T.);
#251=PLANE('',#465);
#252=FACE_OUTER_BOUND('',#466,.T.);
#253=PLANE('',#467);
#254=FACE_OUTER_BOUND('',#468,.T.);
#255=PLANE('',#469);
#256=FACE_OUTER_BOUND('',#470,.T.);
#257=PLANE('',#471);
#258=FACE_OUTER_BOUND('',#472,.T.);
#259=PLANE('',#473);
#260=FACE_OUTER_BOUND('',#474,.T.);
#261=PLANE('',#475);
#262=FACE_OUTER_BOUND('',#476,.T.);
#263=PLANE('',#477);
#264=FACE_OUTER_BOUND('',#478,.T.);
#265=PLANE('',#479);
#266=FACE_OUTER_BOUND('',#480,.T.);
#267=PLANE('',#481);
#268=FACE_OUTER_BOUND('',#482,.T.);
#269=PLANE('',#483);
#270=FACE_OUTER_BOUND('',#484,.T.);
#271=PLANE('',#485);
#272=FACE_OUTER_BOUND('',#486,.T.);
#273=PLANE('',#487);
#274=FACE_OUTER_BOUND('',#488,.T.);
#275=PLANE('',#489);
#276=FACE_OUTER_BOUND('',#490,.T.);
#277=PLANE('',#491);
#278=FACE_OUTER_BOUND('',#492,.T.);
#279=PLANE('',#493);
#280=FACE_OUTER_BOUND('',#494,.T.);
#281=PLANE('',#495);
#282=FACE_OUTER_BOUND('',#496,.T.);
#283=PLANE('',#497);
#284=FACE_OUTER_BOUND('',#498,.T.);
#285=PLANE('',#499);
#286=FACE_OUTER_BOUND('',#500,.T.);
#287=PLANE('',#501);
#288=FACE_OUTER_BOUND('',#502,.T.);
#289=PLANE('',#503);
#290=FACE_OUTER_BOUND('',#504,.T.);
#291=PLANE('',#505);
#292=FACE_OUTER_BOUND('',#506,.T.);
#293=PLANE('',#507);
#294=FACE_OUTER_BOUND('',#508,.T.);
#295=PLANE('',#509);
#296=FACE_OUTER_BOUND('',#510,.T.);
#297=PLANE('',#511);
#298=FACE_OUTER_BOUND('',#512,.T.);
#299=PLANE('',#513);
#300=FACE_OUTER_BOUND('',#514,.T.);
#301=PLANE('',#515);
#302=FACE_OUTER_BOUND('',#516,.T.);
#303=PLANE('',#517);
#304=FACE_OUTER_BOUND('',#518,.T.);
#305=PLANE('',#519);
#306=FACE_OUTER_BOUND('',#520,.T.);
#307=PLANE('',#521);
#308=FACE_OUTER_BOUND('',#522,.T.);
#309=PLANE('',#523);
#310=FACE_OUTER_BOUND('',#524,.T.);
#311=PLANE('',#525);
#312=FACE_OUTER_BOUND('',#526,.T.);
#313=PLANE('',#527);
#314=FACE_OUTER_BOUND('',#528,.T.);
#315=PLANE('',#529);
#316=FACE_OUTER_BOUND('',#530,.T.);
#317=PLANE('',#531);
#318=FACE_OUTER_BOUND('',#532,.T.);
#319=PLANE('',#533);
#320=FACE_OUTER_BOUND('',#534,.T.);
#321=PLANE('',#535);
#322=FACE_OUTER_BOUND('',#536,.T.);
#323=PLANE('',#537);
#324=FACE_OUTER_BOUND('',#538,.T.);
#325=PLANE('',#539);
#326=FACE_OUTER_BOUND('',#540,.T.);
#327=PLANE('',#541);
#328=FACE_OUTER_BOUND('',#542,.T.);
#329=PLANE('',#543);
#330=FACE_OUTER_BOUND('',#544,.T.);
#331=PLANE('',#545);
#332=FACE_OUTER_BOUND('',#546,.T.);
#333=PLANE('',#547);
#334=FACE_OUTER_BOUND('',#548,.T.);
#335=PLANE('',#549);
#336=FACE_OUTER_BOUND('',#550,.T.);
#337=PLANE('',#551);
#338=FACE_OUTER_BOUND('',#552,.T.);
#339=PLANE('',#553);
#340=FACE_OUTER_BOUND('',#554,.T.);
#341=PLANE('',#555);
#342=FACE_OUTER_BOUND('',#556,.T.);
#343=PLANE('',#557);
#344=FACE_OUTER_BOUND('',#558,.T.);
#345=PLANE('',#559);
#346=FACE_OUTER_BOUND('',#560,.T.);
#347=PLANE('',#561);
#348=FACE_OUTER_BOUND('',#562,.T.);
#349=PLANE('',#563);
#350=FACE_OUTER_BOUND('',#564,.T.);
#351=PLANE('',#565);
#352=FACE_OUTER_BOUND('',#566,.T.);
#353=CYLINDRICAL_SURFACE('',#567,0.475);
#354=FACE_OUTER_BOUND('',#568,.T.);
#355=CONICAL_SURFACE('',#569,0.349996757426,0.785380149156805);
#356=FACE_OUTER_BOUND('',#570,.T.);
#357=PLANE('',#571);
#358=FACE_OUTER_BOUND('',#572,.T.);
#359=PLANE('',#573);
#360=FACE_OUTER_BOUND('',#574,.T.);
#361=PLANE('',#575);
#362=FACE_OUTER_BOUND('',#576,.T.);
#363=PLANE('',#577);
#364=FACE_OUTER_BOUND('',#578,.T.);
#365=PLANE('',#579);
#366=FACE_OUTER_BOUND('',#580,.T.);
#367=PLANE('',#581);
#368=FILL_AREA_STYLE('',(#582));
#369=EDGE_LOOP('',(#583,#584,#585,#586));
#370=AXIS2_PLACEMENT_3D('',#587,#588,#589);
#371=EDGE_LOOP('',(#590,#591,#592,#593,#594,#595,#596,#597,#598,#599,#600,#601));
#372=AXIS2_PLACEMENT_3D('',#602,#603,#604);
#373=EDGE_LOOP('',(#605,#606,#607,#608));
#374=AXIS2_PLACEMENT_3D('',#609,#610,#611);
#375=EDGE_LOOP('',(#612,#613,#614,#615));
#376=AXIS2_PLACEMENT_3D('',#616,#617,#618);
#377=EDGE_LOOP('',(#619,#620,#621,#622,#623,#624,#625,#626));
#378=AXIS2_PLACEMENT_3D('',#627,#628,#629);
#379=EDGE_LOOP('',(#630,#631,#632,#633));
#380=AXIS2_PLACEMENT_3D('',#634,#635,#636);
#381=EDGE_LOOP('',(#637,#638,#639,#640));
#382=AXIS2_PLACEMENT_3D('',#641,#642,#643);
#383=EDGE_LOOP('',(#644,#645,#646,#647));
#384=EDGE_LOOP('',(#648,#649,#650,#651));
#385=EDGE_LOOP('',(#652,#653,#654,#655));
#386=EDGE_LOOP('',(#656,#657,#658,#659));
#387=EDGE_LOOP('',(#660,#661,#662,#663));
#388=AXIS2_PLACEMENT_3D('',#664,#665,#666);
#389=EDGE_LOOP('',(#667,#668,#669,#670));
#390=AXIS2_PLACEMENT_3D('',#671,#672,#673);
#391=EDGE_LOOP('',(#674,#675,#676,#677));
#392=EDGE_LOOP('',(#678,#679,#680,#681));
#393=AXIS2_PLACEMENT_3D('',#682,#683,#684);
#394=EDGE_LOOP('',(#685,#686,#687,#688));
#395=AXIS2_PLACEMENT_3D('',#689,#690,#691);
#396=EDGE_LOOP('',(#692,#693,#694,#695));
#397=EDGE_LOOP('',(#696,#697,#698,#699));
#398=EDGE_LOOP('',(#700,#701,#702,#703));
#399=EDGE_LOOP('',(#704,#705,#706,#707));
#400=EDGE_LOOP('',(#708,#709,#710,#711));
#401=AXIS2_PLACEMENT_3D('',#712,#713,#714);
#402=EDGE_LOOP('',(#715,#716,#717,#718));
#403=AXIS2_PLACEMENT_3D('',#719,#720,#721);
#404=EDGE_LOOP('',(#722,#723,#724,#725));
#405=AXIS2_PLACEMENT_3D('',#726,#727,#728);
#406=EDGE_LOOP('',(#729,#730,#731,#732,#733,#734,#735,#736));
#407=AXIS2_PLACEMENT_3D('',#737,#738,#739);
#408=EDGE_LOOP('',(#740,#741,#742,#743,#744,#745,#746));
#409=AXIS2_PLACEMENT_3D('',#747,#748,#749);
#410=EDGE_LOOP('',(#750,#751,#752,#753));
#411=AXIS2_PLACEMENT_3D('',#754,#755,#756);
#412=EDGE_LOOP('',(#757,#758,#759,#760,#761,#762,#763));
#413=AXIS2_PLACEMENT_3D('',#764,#765,#766);
#414=EDGE_LOOP('',(#767,#768,#769,#770));
#415=AXIS2_PLACEMENT_3D('',#771,#772,#773);
#416=EDGE_LOOP('',(#774,#775,#776,#777));
#417=AXIS2_PLACEMENT_3D('',#778,#779,#780);
#418=EDGE_LOOP('',(#781,#782,#783,#784));
#419=AXIS2_PLACEMENT_3D('',#785,#786,#787);
#420=EDGE_LOOP('',(#788,#789,#790,#791,#792,#793,#794,#795,#796,#797,#798,#799));
#421=AXIS2_PLACEMENT_3D('',#800,#801,#802);
#422=EDGE_LOOP('',(#803,#804,#805,#806));
#423=AXIS2_PLACEMENT_3D('',#807,#808,#809);
#424=EDGE_LOOP('',(#810,#811,#812,#813));
#425=AXIS2_PLACEMENT_3D('',#814,#815,#816);
#426=EDGE_LOOP('',(#817,#818,#819,#820));
#427=AXIS2_PLACEMENT_3D('',#821,#822,#823);
#428=EDGE_LOOP('',(#824,#825,#826,#827));
#429=AXIS2_PLACEMENT_3D('',#828,#829,#830);
#430=EDGE_LOOP('',(#831,#832,#833,#834));
#431=AXIS2_PLACEMENT_3D('',#835,#836,#837);
#432=EDGE_LOOP('',(#838,#839,#840,#841));
#433=AXIS2_PLACEMENT_3D('',#842,#843,#844);
#434=EDGE_LOOP('',(#845,#846,#847,#848));
#435=AXIS2_PLACEMENT_3D('',#849,#850,#851);
#436=EDGE_LOOP('',(#852,#853,#854,#855));
#437=AXIS2_PLACEMENT_3D('',#856,#857,#858);
#438=EDGE_LOOP('',(#859,#860,#861,#862));
#439=AXIS2_PLACEMENT_3D('',#863,#864,#865);
#440=EDGE_LOOP('',(#866,#867,#868,#869));
#441=AXIS2_PLACEMENT_3D('',#870,#871,#872);
#442=EDGE_LOOP('',(#873,#874,#875,#876));
#443=AXIS2_PLACEMENT_3D('',#877,#878,#879);
#444=EDGE_LOOP('',(#880,#881,#882,#883));
#445=AXIS2_PLACEMENT_3D('',#884,#885,#886);
#446=EDGE_LOOP('',(#887,#888,#889,#890));
#447=AXIS2_PLACEMENT_3D('',#891,#892,#893);
#448=EDGE_LOOP('',(#894,#895,#896,#897));
#449=AXIS2_PLACEMENT_3D('',#898,#899,#900);
#450=EDGE_LOOP('',(#901,#902,#903,#904));
#451=AXIS2_PLACEMENT_3D('',#905,#906,#907);
#452=EDGE_LOOP('',(#908,#909,#910,#911));
#453=AXIS2_PLACEMENT_3D('',#912,#913,#914);
#454=EDGE_LOOP('',(#915,#916,#917,#918));
#455=AXIS2_PLACEMENT_3D('',#919,#920,#921);
#456=EDGE_LOOP('',(#922,#923,#924,#925));
#457=AXIS2_PLACEMENT_3D('',#926,#927,#928);
#458=EDGE_LOOP('',(#929,#930,#931,#932));
#459=AXIS2_PLACEMENT_3D('',#933,#934,#935);
#460=EDGE_LOOP('',(#936,#937,#938,#939));
#461=AXIS2_PLACEMENT_3D('',#940,#941,#942);
#462=EDGE_LOOP('',(#943,#944,#945,#946));
#463=AXIS2_PLACEMENT_3D('',#947,#948,#949);
#464=EDGE_LOOP('',(#950,#951,#952,#953));
#465=AXIS2_PLACEMENT_3D('',#954,#955,#956);
#466=EDGE_LOOP('',(#957,#958,#959,#960));
#467=AXIS2_PLACEMENT_3D('',#961,#962,#963);
#468=EDGE_LOOP('',(#964,#965,#966,#967));
#469=AXIS2_PLACEMENT_3D('',#968,#969,#970);
#470=EDGE_LOOP('',(#971,#972,#973,#974));
#471=AXIS2_PLACEMENT_3D('',#975,#976,#977);
#472=EDGE_LOOP('',(#978,#979,#980,#981));
#473=AXIS2_PLACEMENT_3D('',#982,#983,#984);
#474=EDGE_LOOP('',(#985,#986,#987,#988));
#475=AXIS2_PLACEMENT_3D('',#989,#990,#991);
#476=EDGE_LOOP('',(#992,#993,#994,#995));
#477=AXIS2_PLACEMENT_3D('',#996,#997,#998);
#478=EDGE_LOOP('',(#999,#1000,#1001,#1002));
#479=AXIS2_PLACEMENT_3D('',#1003,#1004,#1005);
#480=EDGE_LOOP('',(#1006,#1007,#1008,#1009));
#481=AXIS2_PLACEMENT_3D('',#1010,#1011,#1012);
#482=EDGE_LOOP('',(#1013,#1014,#1015,#1016));
#483=AXIS2_PLACEMENT_3D('',#1017,#1018,#1019);
#484=EDGE_LOOP('',(#1020,#1021,#1022,#1023));
#485=AXIS2_PLACEMENT_3D('',#1024,#1025,#1026);
#486=EDGE_LOOP('',(#1027,#1028,#1029,#1030));
#487=AXIS2_PLACEMENT_3D('',#1031,#1032,#1033);
#488=EDGE_LOOP('',(#1034,#1035,#1036,#1037));
#489=AXIS2_PLACEMENT_3D('',#1038,#1039,#1040);
#490=EDGE_LOOP('',(#1041,#1042,#1043,#1044));
#491=AXIS2_PLACEMENT_3D('',#1045,#1046,#1047);
#492=EDGE_LOOP('',(#1048,#1049,#1050,#1051));
#493=AXIS2_PLACEMENT_3D('',#1052,#1053,#1054);
#494=EDGE_LOOP('',(#1055,#1056,#1057,#1058));
#495=AXIS2_PLACEMENT_3D('',#1059,#1060,#1061);
#496=EDGE_LOOP('',(#1062,#1063,#1064,#1065));
#497=AXIS2_PLACEMENT_3D('',#1066,#1067,#1068);
#498=EDGE_LOOP('',(#1069,#1070,#1071,#1072));
#499=AXIS2_PLACEMENT_3D('',#1073,#1074,#1075);
#500=EDGE_LOOP('',(#1076,#1077,#1078,#1079));
#501=AXIS2_PLACEMENT_3D('',#1080,#1081,#1082);
#502=EDGE_LOOP('',(#1083,#1084,#1085,#1086));
#503=AXIS2_PLACEMENT_3D('',#1087,#1088,#1089);
#504=EDGE_LOOP('',(#1090,#1091,#1092,#1093));
#505=AXIS2_PLACEMENT_3D('',#1094,#1095,#1096);
#506=EDGE_LOOP('',(#1097,#1098,#1099,#1100));
#507=AXIS2_PLACEMENT_3D('',#1101,#1102,#1103);
#508=EDGE_LOOP('',(#1104,#1105,#1106,#1107));
#509=AXIS2_PLACEMENT_3D('',#1108,#1109,#1110);
#510=EDGE_LOOP('',(#1111,#1112,#1113,#1114));
#511=AXIS2_PLACEMENT_3D('',#1115,#1116,#1117);
#512=EDGE_LOOP('',(#1118,#1119,#1120,#1121));
#513=AXIS2_PLACEMENT_3D('',#1122,#1123,#1124);
#514=EDGE_LOOP('',(#1125,#1126,#1127,#1128));
#515=AXIS2_PLACEMENT_3D('',#1129,#1130,#1131);
#516=EDGE_LOOP('',(#1132,#1133,#1134,#1135));
#517=AXIS2_PLACEMENT_3D('',#1136,#1137,#1138);
#518=EDGE_LOOP('',(#1139,#1140,#1141,#1142));
#519=AXIS2_PLACEMENT_3D('',#1143,#1144,#1145);
#520=EDGE_LOOP('',(#1146,#1147,#1148,#1149));
#521=AXIS2_PLACEMENT_3D('',#1150,#1151,#1152);
#522=EDGE_LOOP('',(#1153,#1154,#1155,#1156));
#523=AXIS2_PLACEMENT_3D('',#1157,#1158,#1159);
#524=EDGE_LOOP('',(#1160,#1161,#1162,#1163));
#525=AXIS2_PLACEMENT_3D('',#1164,#1165,#1166);
#526=EDGE_LOOP('',(#1167,#1168,#1169,#1170));
#527=AXIS2_PLACEMENT_3D('',#1171,#1172,#1173);
#528=EDGE_LOOP('',(#1174,#1175,#1176,#1177));
#529=AXIS2_PLACEMENT_3D('',#1178,#1179,#1180);
#530=EDGE_LOOP('',(#1181,#1182,#1183,#1184));
#531=AXIS2_PLACEMENT_3D('',#1185,#1186,#1187);
#532=EDGE_LOOP('',(#1188,#1189,#1190,#1191));
#533=AXIS2_PLACEMENT_3D('',#1192,#1193,#1194);
#534=EDGE_LOOP('',(#1195,#1196,#1197,#1198));
#535=AXIS2_PLACEMENT_3D('',#1199,#1200,#1201);
#536=EDGE_LOOP('',(#1202,#1203,#1204,#1205));
#537=AXIS2_PLACEMENT_3D('',#1206,#1207,#1208);
#538=EDGE_LOOP('',(#1209,#1210,#1211,#1212));
#539=AXIS2_PLACEMENT_3D('',#1213,#1214,#1215);
#540=EDGE_LOOP('',(#1216,#1217,#1218,#1219));
#541=AXIS2_PLACEMENT_3D('',#1220,#1221,#1222);
#542=EDGE_LOOP('',(#1223,#1224,#1225,#1226));
#543=AXIS2_PLACEMENT_3D('',#1227,#1228,#1229);
#544=EDGE_LOOP('',(#1230,#1231,#1232,#1233));
#545=AXIS2_PLACEMENT_3D('',#1234,#1235,#1236);
#546=EDGE_LOOP('',(#1237,#1238,#1239,#1240));
#547=AXIS2_PLACEMENT_3D('',#1241,#1242,#1243);
#548=EDGE_LOOP('',(#1244,#1245,#1246,#1247));
#549=AXIS2_PLACEMENT_3D('',#1248,#1249,#1250);
#550=EDGE_LOOP('',(#1251,#1252,#1253,#1254));
#551=AXIS2_PLACEMENT_3D('',#1255,#1256,#1257);
#552=EDGE_LOOP('',(#1258,#1259,#1260,#1261));
#553=AXIS2_PLACEMENT_3D('',#1262,#1263,#1264);
#554=EDGE_LOOP('',(#1265,#1266,#1267,#1268));
#555=AXIS2_PLACEMENT_3D('',#1269,#1270,#1271);
#556=EDGE_LOOP('',(#1272,#1273,#1274,#1275));
#557=AXIS2_PLACEMENT_3D('',#1276,#1277,#1278);
#558=EDGE_LOOP('',(#1279,#1280,#1281,#1282));
#559=AXIS2_PLACEMENT_3D('',#1283,#1284,#1285);
#560=EDGE_LOOP('',(#1286,#1287,#1288,#1289));
#561=AXIS2_PLACEMENT_3D('',#1290,#1291,#1292);
#562=EDGE_LOOP('',(#1293,#1294,#1295,#1296));
#563=AXIS2_PLACEMENT_3D('',#1297,#1298,#1299);
#564=EDGE_LOOP('',(#1300,#1301,#1302,#1303));
#565=AXIS2_PLACEMENT_3D('',#1304,#1305,#1306);
#566=EDGE_LOOP('',(#1307,#1308,#1309,#1310,#1311));
#567=AXIS2_PLACEMENT_3D('',#1312,#1313,#1314);
#568=EDGE_LOOP('',(#1315,#1316,#1317,#1318));
#569=AXIS2_PLACEMENT_3D('',#1319,#1320,#1321);
#570=EDGE_LOOP('',(#1322,#1323,#1324,#1325,#1326));
#571=AXIS2_PLACEMENT_3D('',#1327,#1328,#1329);
#572=EDGE_LOOP('',(#1330,#1331,#1332,#1333));
#573=AXIS2_PLACEMENT_3D('',#1334,#1335,#1336);
#574=EDGE_LOOP('',(#1337,#1338,#1339,#1340,#1341,#1342));
#575=AXIS2_PLACEMENT_3D('',#1343,#1344,#1345);
#576=EDGE_LOOP('',(#1346,#1347,#1348,#1349));
#577=AXIS2_PLACEMENT_3D('',#1350,#1351,#1352);
#578=EDGE_LOOP('',(#1353,#1354,#1355,#1356));
#579=AXIS2_PLACEMENT_3D('',#1357,#1358,#1359);
#580=EDGE_LOOP('',(#1360,#1361,#1362,#1363));
#581=AXIS2_PLACEMENT_3D('',#1364,#1365,#1366);
#582=FILL_AREA_STYLE_COLOUR('',#1367);
#583=ORIENTED_EDGE('',*,*,#1368,.F.);
#584=ORIENTED_EDGE('',*,*,#1369,.F.);
#585=ORIENTED_EDGE('',*,*,#1370,.T.);
#586=ORIENTED_EDGE('',*,*,#1371,.T.);
#587=CARTESIAN_POINT('',(-1.27,-4.674990632495,2.16));
#588=DIRECTION('',(-0.0,1.0,0.0));
#589=DIRECTION('',(0.0,0.0,-1.0));
#590=ORIENTED_EDGE('',*,*,#1372,.F.);
#591=ORIENTED_EDGE('',*,*,#1373,.F.);
#592=ORIENTED_EDGE('',*,*,#1374,.F.);
#593=ORIENTED_EDGE('',*,*,#1375,.F.);
#594=ORIENTED_EDGE('',*,*,#1376,.F.);
#595=ORIENTED_EDGE('',*,*,#1377,.F.);
#596=ORIENTED_EDGE('',*,*,#1378,.F.);
#597=ORIENTED_EDGE('',*,*,#1379,.F.);
#598=ORIENTED_EDGE('',*,*,#1380,.F.);
#599=ORIENTED_EDGE('',*,*,#1381,.F.);
#600=ORIENTED_EDGE('',*,*,#1382,.F.);
#601=ORIENTED_EDGE('',*,*,#1383,.F.);
#602=CARTESIAN_POINT('',(-5.1,0.0,0.0));
#603=DIRECTION('',(1.0,0.0,0.0));
#604=DIRECTION('',(0.0,1.0,0.0));
#605=ORIENTED_EDGE('',*,*,#1372,.T.);
#606=ORIENTED_EDGE('',*,*,#1384,.T.);
#607=ORIENTED_EDGE('',*,*,#1385,.T.);
#608=ORIENTED_EDGE('',*,*,#1386,.F.);
#609=CARTESIAN_POINT('',(-5.1,0.0,-1.85));
#610=DIRECTION('',(-0.0,1.0,0.0));
#611=DIRECTION('',(1.0,0.0,0.0));
#612=ORIENTED_EDGE('',*,*,#1387,.F.);
#613=ORIENTED_EDGE('',*,*,#1388,.F.);
#614=ORIENTED_EDGE('',*,*,#1389,.T.);
#615=ORIENTED_EDGE('',*,*,#1390,.T.);
#616=CARTESIAN_POINT('',(-5.1,0.0,-1.85));
#617=DIRECTION('',(-0.0,1.0,0.0));
#618=DIRECTION('',(1.0,0.0,0.0));
#619=ORIENTED_EDGE('',*,*,#1386,.T.);
#620=ORIENTED_EDGE('',*,*,#1391,.F.);
#621=ORIENTED_EDGE('',*,*,#1392,.T.);
#622=ORIENTED_EDGE('',*,*,#1393,.T.);
#623=ORIENTED_EDGE('',*,*,#1388,.T.);
#624=ORIENTED_EDGE('',*,*,#1394,.F.);
#625=ORIENTED_EDGE('',*,*,#1395,.F.);
#626=ORIENTED_EDGE('',*,*,#1373,.T.);
#627=CARTESIAN_POINT('',(-5.1,-2.5,-3.3));
#628=DIRECTION('',(0.0,0.0,-1.0));
#629=DIRECTION('',(0.0,-1.0,0.0));
#630=ORIENTED_EDGE('',*,*,#1374,.T.);
#631=ORIENTED_EDGE('',*,*,#1395,.T.);
#632=ORIENTED_EDGE('',*,*,#1396,.F.);
#633=ORIENTED_EDGE('',*,*,#1397,.F.);
#634=CARTESIAN_POINT('',(-5.1,-2.5,-2.3));
#635=DIRECTION('',(0.0,-1.0,0.0));
#636=DIRECTION('',(0.0,0.0,-1.0));
#637=ORIENTED_EDGE('',*,*,#1375,.T.);
#638=ORIENTED_EDGE('',*,*,#1397,.T.);
#639=ORIENTED_EDGE('',*,*,#1398,.F.);
#640=ORIENTED_EDGE('',*,*,#1399,.F.);
#641=CARTESIAN_POINT('',(-5.1,-2.1,-2.3));
#642=DIRECTION('',(0.0,0.0,1.0));
#643=DIRECTION('',(1.0,0.0,0.0));
#644=ORIENTED_EDGE('',*,*,#1376,.T.);
#645=ORIENTED_EDGE('',*,*,#1399,.T.);
#646=ORIENTED_EDGE('',*,*,#1400,.F.);
#647=ORIENTED_EDGE('',*,*,#1401,.F.);
#648=ORIENTED_EDGE('',*,*,#1402,.F.);
#649=ORIENTED_EDGE('',*,*,#1403,.T.);
#650=ORIENTED_EDGE('',*,*,#1404,.T.);
#651=ORIENTED_EDGE('',*,*,#1405,.F.);
#652=ORIENTED_EDGE('',*,*,#1406,.F.);
#653=ORIENTED_EDGE('',*,*,#1407,.T.);
#654=ORIENTED_EDGE('',*,*,#1408,.T.);
#655=ORIENTED_EDGE('',*,*,#1409,.F.);
#656=ORIENTED_EDGE('',*,*,#1410,.F.);
#657=ORIENTED_EDGE('',*,*,#1411,.T.);
#658=ORIENTED_EDGE('',*,*,#1412,.T.);
#659=ORIENTED_EDGE('',*,*,#1413,.F.);
#660=ORIENTED_EDGE('',*,*,#1414,.F.);
#661=ORIENTED_EDGE('',*,*,#1415,.T.);
#662=ORIENTED_EDGE('',*,*,#1416,.T.);
#663=ORIENTED_EDGE('',*,*,#1417,.F.);
#664=CARTESIAN_POINT('',(-5.1,-2.1,1.54));
#665=DIRECTION('',(0.0,-1.0,0.0));
#666=DIRECTION('',(0.0,0.0,-1.0));
#667=ORIENTED_EDGE('',*,*,#1377,.T.);
#668=ORIENTED_EDGE('',*,*,#1401,.T.);
#669=ORIENTED_EDGE('',*,*,#1418,.F.);
#670=ORIENTED_EDGE('',*,*,#1419,.F.);
#671=CARTESIAN_POINT('',(-5.1,-2.5,1.54));
#672=DIRECTION('',(0.0,0.0,-1.0));
#673=DIRECTION('',(0.0,-1.0,0.0));
#674=ORIENTED_EDGE('',*,*,#1378,.T.);
#675=ORIENTED_EDGE('',*,*,#1419,.T.);
#676=ORIENTED_EDGE('',*,*,#1420,.F.);
#677=ORIENTED_EDGE('',*,*,#1421,.F.);
#678=ORIENTED_EDGE('',*,*,#1422,.F.);
#679=ORIENTED_EDGE('',*,*,#1423,.F.);
#680=ORIENTED_EDGE('',*,*,#1424,.F.);
#681=ORIENTED_EDGE('',*,*,#1425,.F.);
#682=CARTESIAN_POINT('',(-5.1,-2.5,2.54));
#683=DIRECTION('',(0.0,-1.0,0.0));
#684=DIRECTION('',(0.0,0.0,-1.0));
#685=ORIENTED_EDGE('',*,*,#1379,.T.);
#686=ORIENTED_EDGE('',*,*,#1421,.T.);
#687=ORIENTED_EDGE('',*,*,#1426,.F.);
#688=ORIENTED_EDGE('',*,*,#1427,.F.);
#689=CARTESIAN_POINT('',(-5.1,0.0,2.54));
#690=DIRECTION('',(0.0,0.0,1.0));
#691=DIRECTION('',(1.0,0.0,0.0));
#692=ORIENTED_EDGE('',*,*,#1380,.T.);
#693=ORIENTED_EDGE('',*,*,#1427,.T.);
#694=ORIENTED_EDGE('',*,*,#1428,.F.);
#695=ORIENTED_EDGE('',*,*,#1429,.F.);
#696=ORIENTED_EDGE('',*,*,#1430,.T.);
#697=ORIENTED_EDGE('',*,*,#1431,.T.);
#698=ORIENTED_EDGE('',*,*,#1432,.F.);
#699=ORIENTED_EDGE('',*,*,#1433,.F.);
#700=ORIENTED_EDGE('',*,*,#1434,.T.);
#701=ORIENTED_EDGE('',*,*,#1435,.T.);
#702=ORIENTED_EDGE('',*,*,#1436,.F.);
#703=ORIENTED_EDGE('',*,*,#1437,.F.);
#704=ORIENTED_EDGE('',*,*,#1438,.T.);
#705=ORIENTED_EDGE('',*,*,#1439,.T.);
#706=ORIENTED_EDGE('',*,*,#1440,.F.);
#707=ORIENTED_EDGE('',*,*,#1441,.F.);
#708=ORIENTED_EDGE('',*,*,#1442,.T.);
#709=ORIENTED_EDGE('',*,*,#1443,.T.);
#710=ORIENTED_EDGE('',*,*,#1444,.F.);
#711=ORIENTED_EDGE('',*,*,#1445,.F.);
#712=CARTESIAN_POINT('',(-5.1,0.0,-1.85));
#713=DIRECTION('',(-0.0,1.0,0.0));
#714=DIRECTION('',(1.0,0.0,0.0));
#715=ORIENTED_EDGE('',*,*,#1381,.T.);
#716=ORIENTED_EDGE('',*,*,#1429,.T.);
#717=ORIENTED_EDGE('',*,*,#1446,.F.);
#718=ORIENTED_EDGE('',*,*,#1447,.F.);
#719=CARTESIAN_POINT('',(-5.1,-0.2,-1.85));
#720=DIRECTION('',(0.0,0.0,-1.0));
#721=DIRECTION('',(0.0,-1.0,0.0));
#722=ORIENTED_EDGE('',*,*,#1382,.T.);
#723=ORIENTED_EDGE('',*,*,#1447,.T.);
#724=ORIENTED_EDGE('',*,*,#1448,.F.);
#725=ORIENTED_EDGE('',*,*,#1449,.F.);
#726=CARTESIAN_POINT('',(-5.1,-0.2,-2.15));
#727=DIRECTION('',(-1.0,0.0,-0.0));
#728=DIRECTION('',(0.0,0.0,-1.0));
#729=ORIENTED_EDGE('',*,*,#1384,.F.);
#730=ORIENTED_EDGE('',*,*,#1383,.T.);
#731=ORIENTED_EDGE('',*,*,#1449,.T.);
#732=ORIENTED_EDGE('',*,*,#1450,.F.);
#733=ORIENTED_EDGE('',*,*,#1390,.F.);
#734=ORIENTED_EDGE('',*,*,#1451,.F.);
#735=ORIENTED_EDGE('',*,*,#1452,.F.);
#736=ORIENTED_EDGE('',*,*,#1453,.T.);
#737=CARTESIAN_POINT('',(-5.1,1.85,-2.45));
#738=DIRECTION('',(0.0,0.0,1.0));
#739=DIRECTION('',(1.0,0.0,0.0));
#740=ORIENTED_EDGE('',*,*,#1391,.T.);
#741=ORIENTED_EDGE('',*,*,#1385,.F.);
#742=ORIENTED_EDGE('',*,*,#1453,.F.);
#743=ORIENTED_EDGE('',*,*,#1454,.F.);
#744=ORIENTED_EDGE('',*,*,#1455,.F.);
#745=ORIENTED_EDGE('',*,*,#1456,.F.);
#746=ORIENTED_EDGE('',*,*,#1457,.F.);
#747=CARTESIAN_POINT('',(-1.27,5.0,-1.4));
#748=DIRECTION('',(1.0,0.0,0.0));
#749=DIRECTION('',(0.0,1.0,0.0));
#750=ORIENTED_EDGE('',*,*,#1458,.F.);
#751=ORIENTED_EDGE('',*,*,#1392,.F.);
#752=ORIENTED_EDGE('',*,*,#1457,.T.);
#753=ORIENTED_EDGE('',*,*,#1459,.T.);
#754=CARTESIAN_POINT('',(-5.1,5.0,-3.3));
#755=DIRECTION('',(-0.0,1.0,0.0));
#756=DIRECTION('',(1.0,0.0,0.0));
#757=ORIENTED_EDGE('',*,*,#1393,.F.);
#758=ORIENTED_EDGE('',*,*,#1458,.T.);
#759=ORIENTED_EDGE('',*,*,#1460,.T.);
#760=ORIENTED_EDGE('',*,*,#1461,.T.);
#761=ORIENTED_EDGE('',*,*,#1462,.T.);
#762=ORIENTED_EDGE('',*,*,#1451,.T.);
#763=ORIENTED_EDGE('',*,*,#1389,.F.);
#764=CARTESIAN_POINT('',(3.81,5.0,-3.3));
#765=DIRECTION('',(-1.0,0.0,0.0));
#766=DIRECTION('',(0.0,0.0,1.0));
#767=ORIENTED_EDGE('',*,*,#1462,.F.);
#768=ORIENTED_EDGE('',*,*,#1463,.F.);
#769=ORIENTED_EDGE('',*,*,#1454,.T.);
#770=ORIENTED_EDGE('',*,*,#1452,.T.);
#771=CARTESIAN_POINT('',(-5.1,3.668653347947,-1.4));
#772=DIRECTION('',(0.0,-0.500000000000017,0.866025403784429));
#773=DIRECTION('',(-1.0,0.0,0.0));
#774=ORIENTED_EDGE('',*,*,#1461,.F.);
#775=ORIENTED_EDGE('',*,*,#1464,.F.);
#776=ORIENTED_EDGE('',*,*,#1455,.T.);
#777=ORIENTED_EDGE('',*,*,#1463,.T.);
#778=CARTESIAN_POINT('',(-5.1,4.3,-1.4));
#779=DIRECTION('',(0.0,0.0,1.0));
#780=DIRECTION('',(1.0,0.0,0.0));
#781=ORIENTED_EDGE('',*,*,#1460,.F.);
#782=ORIENTED_EDGE('',*,*,#1459,.F.);
#783=ORIENTED_EDGE('',*,*,#1456,.T.);
#784=ORIENTED_EDGE('',*,*,#1464,.T.);
#785=CARTESIAN_POINT('',(-5.1,5.0,-2.1));
#786=DIRECTION('',(0.0,0.707106781186548,0.707106781186548));
#787=DIRECTION('',(1.0,0.0,-0.0));
#788=ORIENTED_EDGE('',*,*,#1387,.T.);
#789=ORIENTED_EDGE('',*,*,#1450,.T.);
#790=ORIENTED_EDGE('',*,*,#1448,.T.);
#791=ORIENTED_EDGE('',*,*,#1446,.T.);
#792=ORIENTED_EDGE('',*,*,#1428,.T.);
#793=ORIENTED_EDGE('',*,*,#1426,.T.);
#794=ORIENTED_EDGE('',*,*,#1420,.T.);
#795=ORIENTED_EDGE('',*,*,#1418,.T.);
#796=ORIENTED_EDGE('',*,*,#1400,.T.);
#797=ORIENTED_EDGE('',*,*,#1398,.T.);
#798=ORIENTED_EDGE('',*,*,#1396,.T.);
#799=ORIENTED_EDGE('',*,*,#1394,.T.);
#800=CARTESIAN_POINT('',(5.1,0.0,0.0));
#801=DIRECTION('',(1.0,0.0,0.0));
#802=DIRECTION('',(0.0,1.0,0.0));
#803=ORIENTED_EDGE('',*,*,#1465,.T.);
#804=ORIENTED_EDGE('',*,*,#1466,.F.);
#805=ORIENTED_EDGE('',*,*,#1430,.F.);
#806=ORIENTED_EDGE('',*,*,#1467,.F.);
#807=CARTESIAN_POINT('',(0.0,0.0,-0.325));
#808=DIRECTION('',(0.0,0.0,1.0));
#809=DIRECTION('',(1.0,0.0,0.0));
#810=ORIENTED_EDGE('',*,*,#1468,.T.);
#811=ORIENTED_EDGE('',*,*,#1469,.F.);
#812=ORIENTED_EDGE('',*,*,#1402,.T.);
#813=ORIENTED_EDGE('',*,*,#1470,.F.);
#814=CARTESIAN_POINT('',(0.0,0.0,-0.325));
#815=DIRECTION('',(0.0,0.0,1.0));
#816=DIRECTION('',(1.0,0.0,0.0));
#817=ORIENTED_EDGE('',*,*,#1471,.T.);
#818=ORIENTED_EDGE('',*,*,#1472,.F.);
#819=ORIENTED_EDGE('',*,*,#1465,.F.);
#820=ORIENTED_EDGE('',*,*,#1473,.T.);
#821=CARTESIAN_POINT('',(3.81,7.125,-0.2245190528383));
#822=DIRECTION('',(0.0,0.258819045102493,-0.965925826289076));
#823=DIRECTION('',(-1.0,0.0,0.0));
#824=ORIENTED_EDGE('',*,*,#1471,.F.);
#825=ORIENTED_EDGE('',*,*,#1474,.F.);
#826=ORIENTED_EDGE('',*,*,#1475,.F.);
#827=ORIENTED_EDGE('',*,*,#1476,.T.);
#828=CARTESIAN_POINT('',(4.135,7.5,-0.325));
#829=DIRECTION('',(-0.0,1.0,0.0));
#830=DIRECTION('',(1.0,0.0,0.0));
#831=ORIENTED_EDGE('',*,*,#1477,.F.);
#832=ORIENTED_EDGE('',*,*,#1478,.T.);
#833=ORIENTED_EDGE('',*,*,#1472,.T.);
#834=ORIENTED_EDGE('',*,*,#1476,.F.);
#835=CARTESIAN_POINT('',(4.034519052838,7.125,0.0));
#836=DIRECTION('',(0.965925826289076,0.258819045102493,0.0));
#837=DIRECTION('',(0.0,0.0,-1.0));
#838=ORIENTED_EDGE('',*,*,#1479,.F.);
#839=ORIENTED_EDGE('',*,*,#1477,.T.);
#840=ORIENTED_EDGE('',*,*,#1475,.T.);
#841=ORIENTED_EDGE('',*,*,#1480,.F.);
#842=CARTESIAN_POINT('',(3.81,7.125,0.2245190528383));
#843=DIRECTION('',(0.0,0.258819045102493,0.965925826289076));
#844=DIRECTION('',(1.0,-0.0,0.0));
#845=ORIENTED_EDGE('',*,*,#1479,.T.);
#846=ORIENTED_EDGE('',*,*,#1481,.T.);
#847=ORIENTED_EDGE('',*,*,#1432,.T.);
#848=ORIENTED_EDGE('',*,*,#1482,.T.);
#849=CARTESIAN_POINT('',(0.0,0.0,0.325));
#850=DIRECTION('',(0.0,0.0,1.0));
#851=DIRECTION('',(1.0,0.0,0.0));
#852=ORIENTED_EDGE('',*,*,#1483,.T.);
#853=ORIENTED_EDGE('',*,*,#1484,.T.);
#854=ORIENTED_EDGE('',*,*,#1404,.F.);
#855=ORIENTED_EDGE('',*,*,#1485,.T.);
#856=CARTESIAN_POINT('',(0.0,0.0,0.325));
#857=DIRECTION('',(0.0,0.0,1.0));
#858=DIRECTION('',(1.0,0.0,0.0));
#859=ORIENTED_EDGE('',*,*,#1486,.T.);
#860=ORIENTED_EDGE('',*,*,#1470,.T.);
#861=ORIENTED_EDGE('',*,*,#1405,.T.);
#862=ORIENTED_EDGE('',*,*,#1484,.F.);
#863=CARTESIAN_POINT('',(4.135,-6.0,-0.325));
#864=DIRECTION('',(1.0,0.0,0.0));
#865=DIRECTION('',(0.0,1.0,0.0));
#866=ORIENTED_EDGE('',*,*,#1478,.F.);
#867=ORIENTED_EDGE('',*,*,#1482,.F.);
#868=ORIENTED_EDGE('',*,*,#1431,.F.);
#869=ORIENTED_EDGE('',*,*,#1466,.T.);
#870=CARTESIAN_POINT('',(4.135,-6.0,-0.325));
#871=DIRECTION('',(1.0,0.0,0.0));
#872=DIRECTION('',(0.0,1.0,0.0));
#873=ORIENTED_EDGE('',*,*,#1487,.T.);
#874=ORIENTED_EDGE('',*,*,#1488,.F.);
#875=ORIENTED_EDGE('',*,*,#1486,.F.);
#876=ORIENTED_EDGE('',*,*,#1489,.F.);
#877=CARTESIAN_POINT('',(4.034519052838,-5.625,0.0));
#878=DIRECTION('',(0.965925826289076,-0.258819045102493,0.0));
#879=DIRECTION('',(0.0,0.0,-1.0));
#880=ORIENTED_EDGE('',*,*,#1487,.F.);
#881=ORIENTED_EDGE('',*,*,#1490,.F.);
#882=ORIENTED_EDGE('',*,*,#1491,.T.);
#883=ORIENTED_EDGE('',*,*,#1492,.F.);
#884=CARTESIAN_POINT('',(3.485,-6.0,-0.325));
#885=DIRECTION('',(0.0,-1.0,0.0));
#886=DIRECTION('',(0.0,0.0,-1.0));
#887=ORIENTED_EDGE('',*,*,#1492,.T.);
#888=ORIENTED_EDGE('',*,*,#1493,.F.);
#889=ORIENTED_EDGE('',*,*,#1468,.F.);
#890=ORIENTED_EDGE('',*,*,#1488,.T.);
#891=CARTESIAN_POINT('',(3.81,-5.625,-0.2245190528383));
#892=DIRECTION('',(0.0,-0.258819045102493,-0.965925826289076));
#893=DIRECTION('',(0.0,-0.965925826289076,0.258819045102493));
#894=ORIENTED_EDGE('',*,*,#1494,.F.);
#895=ORIENTED_EDGE('',*,*,#1495,.T.);
#896=ORIENTED_EDGE('',*,*,#1493,.T.);
#897=ORIENTED_EDGE('',*,*,#1491,.F.);
#898=CARTESIAN_POINT('',(3.585480947162,-5.625,0.0));
#899=DIRECTION('',(-0.965925826289076,-0.258819045102493,0.0));
#900=DIRECTION('',(-0.258819045102493,0.965925826289076,0.0));
#901=ORIENTED_EDGE('',*,*,#1490,.T.);
#902=ORIENTED_EDGE('',*,*,#1489,.T.);
#903=ORIENTED_EDGE('',*,*,#1483,.F.);
#904=ORIENTED_EDGE('',*,*,#1494,.T.);
#905=CARTESIAN_POINT('',(3.81,-5.625,0.2245190528383));
#906=DIRECTION('',(0.0,-0.258819045102493,0.965925826289076));
#907=DIRECTION('',(-1.0,0.0,0.0));
#908=ORIENTED_EDGE('',*,*,#1496,.T.);
#909=ORIENTED_EDGE('',*,*,#1467,.T.);
#910=ORIENTED_EDGE('',*,*,#1433,.T.);
#911=ORIENTED_EDGE('',*,*,#1481,.F.);
#912=CARTESIAN_POINT('',(3.485,7.5,-0.325));
#913=DIRECTION('',(-1.0,0.0,0.0));
#914=DIRECTION('',(0.0,0.0,1.0));
#915=ORIENTED_EDGE('',*,*,#1495,.F.);
#916=ORIENTED_EDGE('',*,*,#1485,.F.);
#917=ORIENTED_EDGE('',*,*,#1403,.F.);
#918=ORIENTED_EDGE('',*,*,#1469,.T.);
#919=CARTESIAN_POINT('',(3.485,7.5,-0.325));
#920=DIRECTION('',(-1.0,0.0,0.0));
#921=DIRECTION('',(0.0,0.0,1.0));
#922=ORIENTED_EDGE('',*,*,#1474,.T.);
#923=ORIENTED_EDGE('',*,*,#1473,.F.);
#924=ORIENTED_EDGE('',*,*,#1496,.F.);
#925=ORIENTED_EDGE('',*,*,#1480,.T.);
#926=CARTESIAN_POINT('',(3.585480947162,7.125,0.0));
#927=DIRECTION('',(-0.965925826289076,0.258819045102493,0.0));
#928=DIRECTION('',(0.0,0.0,1.0));
#929=ORIENTED_EDGE('',*,*,#1497,.T.);
#930=ORIENTED_EDGE('',*,*,#1498,.F.);
#931=ORIENTED_EDGE('',*,*,#1434,.F.);
#932=ORIENTED_EDGE('',*,*,#1499,.F.);
#933=CARTESIAN_POINT('',(0.0,0.0,-0.325));
#934=DIRECTION('',(0.0,0.0,1.0));
#935=DIRECTION('',(1.0,0.0,0.0));
#936=ORIENTED_EDGE('',*,*,#1500,.T.);
#937=ORIENTED_EDGE('',*,*,#1501,.F.);
#938=ORIENTED_EDGE('',*,*,#1406,.T.);
#939=ORIENTED_EDGE('',*,*,#1502,.F.);
#940=CARTESIAN_POINT('',(0.0,0.0,-0.325));
#941=DIRECTION('',(0.0,0.0,1.0));
#942=DIRECTION('',(1.0,0.0,0.0));
#943=ORIENTED_EDGE('',*,*,#1503,.T.);
#944=ORIENTED_EDGE('',*,*,#1504,.F.);
#945=ORIENTED_EDGE('',*,*,#1497,.F.);
#946=ORIENTED_EDGE('',*,*,#1505,.T.);
#947=CARTESIAN_POINT('',(1.27,7.125,-0.2245190528383));
#948=DIRECTION('',(0.0,0.258819045102493,-0.965925826289076));
#949=DIRECTION('',(-1.0,0.0,0.0));
#950=ORIENTED_EDGE('',*,*,#1503,.F.);
#951=ORIENTED_EDGE('',*,*,#1506,.F.);
#952=ORIENTED_EDGE('',*,*,#1507,.F.);
#953=ORIENTED_EDGE('',*,*,#1508,.T.);
#954=CARTESIAN_POINT('',(1.595,7.5,-0.325));
#955=DIRECTION('',(-0.0,1.0,0.0));
#956=DIRECTION('',(1.0,0.0,0.0));
#957=ORIENTED_EDGE('',*,*,#1509,.F.);
#958=ORIENTED_EDGE('',*,*,#1510,.T.);
#959=ORIENTED_EDGE('',*,*,#1504,.T.);
#960=ORIENTED_EDGE('',*,*,#1508,.F.);
#961=CARTESIAN_POINT('',(1.494519052838,7.125,0.0));
#962=DIRECTION('',(0.965925826289076,0.258819045102493,0.0));
#963=DIRECTION('',(0.0,0.0,-1.0));
#964=ORIENTED_EDGE('',*,*,#1511,.F.);
#965=ORIENTED_EDGE('',*,*,#1509,.T.);
#966=ORIENTED_EDGE('',*,*,#1507,.T.);
#967=ORIENTED_EDGE('',*,*,#1512,.F.);
#968=CARTESIAN_POINT('',(1.27,7.125,0.2245190528383));
#969=DIRECTION('',(0.0,0.258819045102493,0.965925826289076));
#970=DIRECTION('',(1.0,-0.0,0.0));
#971=ORIENTED_EDGE('',*,*,#1511,.T.);
#972=ORIENTED_EDGE('',*,*,#1513,.T.);
#973=ORIENTED_EDGE('',*,*,#1436,.T.);
#974=ORIENTED_EDGE('',*,*,#1514,.T.);
#975=CARTESIAN_POINT('',(0.0,0.0,0.325));
#976=DIRECTION('',(0.0,0.0,1.0));
#977=DIRECTION('',(1.0,0.0,0.0));
#978=ORIENTED_EDGE('',*,*,#1515,.T.);
#979=ORIENTED_EDGE('',*,*,#1516,.T.);
#980=ORIENTED_EDGE('',*,*,#1408,.F.);
#981=ORIENTED_EDGE('',*,*,#1517,.T.);
#982=CARTESIAN_POINT('',(0.0,0.0,0.325));
#983=DIRECTION('',(0.0,0.0,1.0));
#984=DIRECTION('',(1.0,0.0,0.0));
#985=ORIENTED_EDGE('',*,*,#1518,.T.);
#986=ORIENTED_EDGE('',*,*,#1502,.T.);
#987=ORIENTED_EDGE('',*,*,#1409,.T.);
#988=ORIENTED_EDGE('',*,*,#1516,.F.);
#989=CARTESIAN_POINT('',(1.595,-6.0,-0.325));
#990=DIRECTION('',(1.0,0.0,0.0));
#991=DIRECTION('',(0.0,1.0,0.0));
#992=ORIENTED_EDGE('',*,*,#1510,.F.);
#993=ORIENTED_EDGE('',*,*,#1514,.F.);
#994=ORIENTED_EDGE('',*,*,#1435,.F.);
#995=ORIENTED_EDGE('',*,*,#1498,.T.);
#996=CARTESIAN_POINT('',(1.595,-6.0,-0.325));
#997=DIRECTION('',(1.0,0.0,0.0));
#998=DIRECTION('',(0.0,1.0,0.0));
#999=ORIENTED_EDGE('',*,*,#1519,.T.);
#1000=ORIENTED_EDGE('',*,*,#1520,.F.);
#1001=ORIENTED_EDGE('',*,*,#1518,.F.);
#1002=ORIENTED_EDGE('',*,*,#1521,.F.);
#1003=CARTESIAN_POINT('',(1.494519052838,-5.625,0.0));
#1004=DIRECTION('',(0.965925826289076,-0.258819045102493,0.0));
#1005=DIRECTION('',(0.0,0.0,-1.0));
#1006=ORIENTED_EDGE('',*,*,#1519,.F.);
#1007=ORIENTED_EDGE('',*,*,#1522,.F.);
#1008=ORIENTED_EDGE('',*,*,#1523,.T.);
#1009=ORIENTED_EDGE('',*,*,#1524,.F.);
#1010=CARTESIAN_POINT('',(0.945,-6.0,-0.325));
#1011=DIRECTION('',(0.0,-1.0,0.0));
#1012=DIRECTION('',(0.0,0.0,-1.0));
#1013=ORIENTED_EDGE('',*,*,#1524,.T.);
#1014=ORIENTED_EDGE('',*,*,#1525,.F.);
#1015=ORIENTED_EDGE('',*,*,#1500,.F.);
#1016=ORIENTED_EDGE('',*,*,#1520,.T.);
#1017=CARTESIAN_POINT('',(1.27,-5.625,-0.2245190528383));
#1018=DIRECTION('',(0.0,-0.258819045102493,-0.965925826289076));
#1019=DIRECTION('',(0.0,-0.965925826289076,0.258819045102493));
#1020=ORIENTED_EDGE('',*,*,#1526,.F.);
#1021=ORIENTED_EDGE('',*,*,#1527,.T.);
#1022=ORIENTED_EDGE('',*,*,#1525,.T.);
#1023=ORIENTED_EDGE('',*,*,#1523,.F.);
#1024=CARTESIAN_POINT('',(1.045480947162,-5.625,0.0));
#1025=DIRECTION('',(-0.965925826289076,-0.258819045102493,0.0));
#1026=DIRECTION('',(-0.258819045102493,0.965925826289076,0.0));
#1027=ORIENTED_EDGE('',*,*,#1522,.T.);
#1028=ORIENTED_EDGE('',*,*,#1521,.T.);
#1029=ORIENTED_EDGE('',*,*,#1515,.F.);
#1030=ORIENTED_EDGE('',*,*,#1526,.T.);
#1031=CARTESIAN_POINT('',(1.27,-5.625,0.2245190528383));
#1032=DIRECTION('',(0.0,-0.258819045102493,0.965925826289076));
#1033=DIRECTION('',(-1.0,0.0,0.0));
#1034=ORIENTED_EDGE('',*,*,#1528,.T.);
#1035=ORIENTED_EDGE('',*,*,#1499,.T.);
#1036=ORIENTED_EDGE('',*,*,#1437,.T.);
#1037=ORIENTED_EDGE('',*,*,#1513,.F.);
#1038=CARTESIAN_POINT('',(0.945,7.5,-0.325));
#1039=DIRECTION('',(-1.0,0.0,0.0));
#1040=DIRECTION('',(0.0,0.0,1.0));
#1041=ORIENTED_EDGE('',*,*,#1527,.F.);
#1042=ORIENTED_EDGE('',*,*,#1517,.F.);
#1043=ORIENTED_EDGE('',*,*,#1407,.F.);
#1044=ORIENTED_EDGE('',*,*,#1501,.T.);
#1045=CARTESIAN_POINT('',(0.945,7.5,-0.325));
#1046=DIRECTION('',(-1.0,0.0,0.0));
#1047=DIRECTION('',(0.0,0.0,1.0));
#1048=ORIENTED_EDGE('',*,*,#1506,.T.);
#1049=ORIENTED_EDGE('',*,*,#1505,.F.);
#1050=ORIENTED_EDGE('',*,*,#1528,.F.);
#1051=ORIENTED_EDGE('',*,*,#1512,.T.);
#1052=CARTESIAN_POINT('',(1.045480947162,7.125,0.0));
#1053=DIRECTION('',(-0.965925826289076,0.258819045102493,0.0));
#1054=DIRECTION('',(0.0,0.0,1.0));
#1055=ORIENTED_EDGE('',*,*,#1529,.T.);
#1056=ORIENTED_EDGE('',*,*,#1530,.F.);
#1057=ORIENTED_EDGE('',*,*,#1438,.F.);
#1058=ORIENTED_EDGE('',*,*,#1531,.F.);
#1059=CARTESIAN_POINT('',(0.0,0.0,-0.325));
#1060=DIRECTION('',(0.0,0.0,1.0));
#1061=DIRECTION('',(1.0,0.0,0.0));
#1062=ORIENTED_EDGE('',*,*,#1532,.T.);
#1063=ORIENTED_EDGE('',*,*,#1533,.F.);
#1064=ORIENTED_EDGE('',*,*,#1410,.T.);
#1065=ORIENTED_EDGE('',*,*,#1534,.F.);
#1066=CARTESIAN_POINT('',(0.0,0.0,-0.325));
#1067=DIRECTION('',(0.0,0.0,1.0));
#1068=DIRECTION('',(1.0,0.0,0.0));
#1069=ORIENTED_EDGE('',*,*,#1535,.T.);
#1070=ORIENTED_EDGE('',*,*,#1536,.F.);
#1071=ORIENTED_EDGE('',*,*,#1529,.F.);
#1072=ORIENTED_EDGE('',*,*,#1537,.T.);
#1073=CARTESIAN_POINT('',(-1.27,7.125,-0.2245190528383));
#1074=DIRECTION('',(0.0,0.258819045102493,-0.965925826289076));
#1075=DIRECTION('',(-1.0,0.0,0.0));
#1076=ORIENTED_EDGE('',*,*,#1535,.F.);
#1077=ORIENTED_EDGE('',*,*,#1538,.F.);
#1078=ORIENTED_EDGE('',*,*,#1539,.F.);
#1079=ORIENTED_EDGE('',*,*,#1540,.T.);
#1080=CARTESIAN_POINT('',(-0.945,7.5,-0.325));
#1081=DIRECTION('',(-0.0,1.0,0.0));
#1082=DIRECTION('',(1.0,0.0,0.0));
#1083=ORIENTED_EDGE('',*,*,#1541,.F.);
#1084=ORIENTED_EDGE('',*,*,#1542,.T.);
#1085=ORIENTED_EDGE('',*,*,#1536,.T.);
#1086=ORIENTED_EDGE('',*,*,#1540,.F.);
#1087=CARTESIAN_POINT('',(-1.045480947162,7.125,0.0));
#1088=DIRECTION('',(0.965925826289076,0.258819045102493,0.0));
#1089=DIRECTION('',(0.0,0.0,-1.0));
#1090=ORIENTED_EDGE('',*,*,#1543,.F.);
#1091=ORIENTED_EDGE('',*,*,#1541,.T.);
#1092=ORIENTED_EDGE('',*,*,#1539,.T.);
#1093=ORIENTED_EDGE('',*,*,#1544,.F.);
#1094=CARTESIAN_POINT('',(-1.27,7.125,0.2245190528383));
#1095=DIRECTION('',(0.0,0.258819045102493,0.965925826289076));
#1096=DIRECTION('',(1.0,-0.0,0.0));
#1097=ORIENTED_EDGE('',*,*,#1543,.T.);
#1098=ORIENTED_EDGE('',*,*,#1545,.T.);
#1099=ORIENTED_EDGE('',*,*,#1440,.T.);
#1100=ORIENTED_EDGE('',*,*,#1546,.T.);
#1101=CARTESIAN_POINT('',(0.0,0.0,0.325));
#1102=DIRECTION('',(0.0,0.0,1.0));
#1103=DIRECTION('',(1.0,0.0,0.0));
#1104=ORIENTED_EDGE('',*,*,#1547,.T.);
#1105=ORIENTED_EDGE('',*,*,#1548,.T.);
#1106=ORIENTED_EDGE('',*,*,#1412,.F.);
#1107=ORIENTED_EDGE('',*,*,#1549,.T.);
#1108=CARTESIAN_POINT('',(0.0,0.0,0.325));
#1109=DIRECTION('',(0.0,0.0,1.0));
#1110=DIRECTION('',(1.0,0.0,0.0));
#1111=ORIENTED_EDGE('',*,*,#1550,.T.);
#1112=ORIENTED_EDGE('',*,*,#1534,.T.);
#1113=ORIENTED_EDGE('',*,*,#1413,.T.);
#1114=ORIENTED_EDGE('',*,*,#1548,.F.);
#1115=CARTESIAN_POINT('',(-0.945,-6.0,-0.325));
#1116=DIRECTION('',(1.0,0.0,0.0));
#1117=DIRECTION('',(0.0,1.0,0.0));
#1118=ORIENTED_EDGE('',*,*,#1542,.F.);
#1119=ORIENTED_EDGE('',*,*,#1546,.F.);
#1120=ORIENTED_EDGE('',*,*,#1439,.F.);
#1121=ORIENTED_EDGE('',*,*,#1530,.T.);
#1122=CARTESIAN_POINT('',(-0.945,-6.0,-0.325));
#1123=DIRECTION('',(1.0,0.0,0.0));
#1124=DIRECTION('',(0.0,1.0,0.0));
#1125=ORIENTED_EDGE('',*,*,#1551,.T.);
#1126=ORIENTED_EDGE('',*,*,#1552,.F.);
#1127=ORIENTED_EDGE('',*,*,#1550,.F.);
#1128=ORIENTED_EDGE('',*,*,#1553,.F.);
#1129=CARTESIAN_POINT('',(-1.045480947162,-5.625,0.0));
#1130=DIRECTION('',(0.965925826289076,-0.258819045102493,0.0));
#1131=DIRECTION('',(0.0,0.0,-1.0));
#1132=ORIENTED_EDGE('',*,*,#1551,.F.);
#1133=ORIENTED_EDGE('',*,*,#1554,.F.);
#1134=ORIENTED_EDGE('',*,*,#1555,.T.);
#1135=ORIENTED_EDGE('',*,*,#1556,.F.);
#1136=CARTESIAN_POINT('',(-1.595,-6.0,-0.325));
#1137=DIRECTION('',(0.0,-1.0,0.0));
#1138=DIRECTION('',(0.0,0.0,-1.0));
#1139=ORIENTED_EDGE('',*,*,#1556,.T.);
#1140=ORIENTED_EDGE('',*,*,#1557,.F.);
#1141=ORIENTED_EDGE('',*,*,#1532,.F.);
#1142=ORIENTED_EDGE('',*,*,#1552,.T.);
#1143=CARTESIAN_POINT('',(-1.27,-5.625,-0.2245190528383));
#1144=DIRECTION('',(0.0,-0.258819045102493,-0.965925826289076));
#1145=DIRECTION('',(0.0,-0.965925826289076,0.258819045102493));
#1146=ORIENTED_EDGE('',*,*,#1558,.F.);
#1147=ORIENTED_EDGE('',*,*,#1559,.T.);
#1148=ORIENTED_EDGE('',*,*,#1557,.T.);
#1149=ORIENTED_EDGE('',*,*,#1555,.F.);
#1150=CARTESIAN_POINT('',(-1.494519052838,-5.625,0.0));
#1151=DIRECTION('',(-0.965925826289076,-0.258819045102493,0.0));
#1152=DIRECTION('',(-0.258819045102493,0.965925826289076,0.0));
#1153=ORIENTED_EDGE('',*,*,#1554,.T.);
#1154=ORIENTED_EDGE('',*,*,#1553,.T.);
#1155=ORIENTED_EDGE('',*,*,#1547,.F.);
#1156=ORIENTED_EDGE('',*,*,#1558,.T.);
#1157=CARTESIAN_POINT('',(-1.27,-5.625,0.2245190528383));
#1158=DIRECTION('',(0.0,-0.258819045102493,0.965925826289076));
#1159=DIRECTION('',(-1.0,0.0,0.0));
#1160=ORIENTED_EDGE('',*,*,#1560,.T.);
#1161=ORIENTED_EDGE('',*,*,#1531,.T.);
#1162=ORIENTED_EDGE('',*,*,#1441,.T.);
#1163=ORIENTED_EDGE('',*,*,#1545,.F.);
#1164=CARTESIAN_POINT('',(-1.595,7.5,-0.325));
#1165=DIRECTION('',(-1.0,0.0,0.0));
#1166=DIRECTION('',(0.0,0.0,1.0));
#1167=ORIENTED_EDGE('',*,*,#1559,.F.);
#1168=ORIENTED_EDGE('',*,*,#1549,.F.);
#1169=ORIENTED_EDGE('',*,*,#1411,.F.);
#1170=ORIENTED_EDGE('',*,*,#1533,.T.);
#1171=CARTESIAN_POINT('',(-1.595,7.5,-0.325));
#1172=DIRECTION('',(-1.0,0.0,0.0));
#1173=DIRECTION('',(0.0,0.0,1.0));
#1174=ORIENTED_EDGE('',*,*,#1538,.T.);
#1175=ORIENTED_EDGE('',*,*,#1537,.F.);
#1176=ORIENTED_EDGE('',*,*,#1560,.F.);
#1177=ORIENTED_EDGE('',*,*,#1544,.T.);
#1178=CARTESIAN_POINT('',(-1.494519052838,7.125,0.0));
#1179=DIRECTION('',(-0.965925826289076,0.258819045102493,0.0));
#1180=DIRECTION('',(0.0,0.0,1.0));
#1181=ORIENTED_EDGE('',*,*,#1561,.T.);
#1182=ORIENTED_EDGE('',*,*,#1562,.F.);
#1183=ORIENTED_EDGE('',*,*,#1442,.F.);
#1184=ORIENTED_EDGE('',*,*,#1563,.F.);
#1185=CARTESIAN_POINT('',(0.0,0.0,-0.325));
#1186=DIRECTION('',(0.0,0.0,1.0));
#1187=DIRECTION('',(1.0,0.0,0.0));
#1188=ORIENTED_EDGE('',*,*,#1564,.T.);
#1189=ORIENTED_EDGE('',*,*,#1565,.F.);
#1190=ORIENTED_EDGE('',*,*,#1414,.T.);
#1191=ORIENTED_EDGE('',*,*,#1566,.F.);
#1192=CARTESIAN_POINT('',(0.0,0.0,-0.325));
#1193=DIRECTION('',(0.0,0.0,1.0));
#1194=DIRECTION('',(1.0,0.0,0.0));
#1195=ORIENTED_EDGE('',*,*,#1567,.T.);
#1196=ORIENTED_EDGE('',*,*,#1568,.F.);
#1197=ORIENTED_EDGE('',*,*,#1561,.F.);
#1198=ORIENTED_EDGE('',*,*,#1569,.T.);
#1199=CARTESIAN_POINT('',(-3.81,7.125,-0.2245190528383));
#1200=DIRECTION('',(0.0,0.258819045102493,-0.965925826289076));
#1201=DIRECTION('',(-1.0,0.0,0.0));
#1202=ORIENTED_EDGE('',*,*,#1567,.F.);
#1203=ORIENTED_EDGE('',*,*,#1570,.F.);
#1204=ORIENTED_EDGE('',*,*,#1571,.F.);
#1205=ORIENTED_EDGE('',*,*,#1572,.T.);
#1206=CARTESIAN_POINT('',(-3.485,7.5,-0.325));
#1207=DIRECTION('',(-0.0,1.0,0.0));
#1208=DIRECTION('',(1.0,0.0,0.0));
#1209=ORIENTED_EDGE('',*,*,#1573,.F.);
#1210=ORIENTED_EDGE('',*,*,#1574,.T.);
#1211=ORIENTED_EDGE('',*,*,#1568,.T.);
#1212=ORIENTED_EDGE('',*,*,#1572,.F.);
#1213=CARTESIAN_POINT('',(-3.585480947162,7.125,0.0));
#1214=DIRECTION('',(0.965925826289076,0.258819045102493,0.0));
#1215=DIRECTION('',(0.0,0.0,-1.0));
#1216=ORIENTED_EDGE('',*,*,#1575,.F.);
#1217=ORIENTED_EDGE('',*,*,#1573,.T.);
#1218=ORIENTED_EDGE('',*,*,#1571,.T.);
#1219=ORIENTED_EDGE('',*,*,#1576,.F.);
#1220=CARTESIAN_POINT('',(-3.81,7.125,0.2245190528383));
#1221=DIRECTION('',(0.0,0.258819045102493,0.965925826289076));
#1222=DIRECTION('',(1.0,-0.0,0.0));
#1223=ORIENTED_EDGE('',*,*,#1575,.T.);
#1224=ORIENTED_EDGE('',*,*,#1577,.T.);
#1225=ORIENTED_EDGE('',*,*,#1444,.T.);
#1226=ORIENTED_EDGE('',*,*,#1578,.T.);
#1227=CARTESIAN_POINT('',(0.0,0.0,0.325));
#1228=DIRECTION('',(0.0,0.0,1.0));
#1229=DIRECTION('',(1.0,0.0,0.0));
#1230=ORIENTED_EDGE('',*,*,#1579,.T.);
#1231=ORIENTED_EDGE('',*,*,#1580,.T.);
#1232=ORIENTED_EDGE('',*,*,#1416,.F.);
#1233=ORIENTED_EDGE('',*,*,#1581,.T.);
#1234=CARTESIAN_POINT('',(0.0,0.0,0.325));
#1235=DIRECTION('',(0.0,0.0,1.0));
#1236=DIRECTION('',(1.0,0.0,0.0));
#1237=ORIENTED_EDGE('',*,*,#1582,.T.);
#1238=ORIENTED_EDGE('',*,*,#1566,.T.);
#1239=ORIENTED_EDGE('',*,*,#1417,.T.);
#1240=ORIENTED_EDGE('',*,*,#1580,.F.);
#1241=CARTESIAN_POINT('',(-3.485,-6.0,-0.325));
#1242=DIRECTION('',(1.0,0.0,0.0));
#1243=DIRECTION('',(0.0,1.0,0.0));
#1244=ORIENTED_EDGE('',*,*,#1574,.F.);
#1245=ORIENTED_EDGE('',*,*,#1578,.F.);
#1246=ORIENTED_EDGE('',*,*,#1443,.F.);
#1247=ORIENTED_EDGE('',*,*,#1562,.T.);
#1248=CARTESIAN_POINT('',(-3.485,-6.0,-0.325));
#1249=DIRECTION('',(1.0,0.0,0.0));
#1250=DIRECTION('',(0.0,1.0,0.0));
#1251=ORIENTED_EDGE('',*,*,#1583,.T.);
#1252=ORIENTED_EDGE('',*,*,#1584,.F.);
#1253=ORIENTED_EDGE('',*,*,#1582,.F.);
#1254=ORIENTED_EDGE('',*,*,#1585,.F.);
#1255=CARTESIAN_POINT('',(-3.585480947162,-5.625,0.0));
#1256=DIRECTION('',(0.965925826289076,-0.258819045102493,0.0));
#1257=DIRECTION('',(0.0,0.0,-1.0));
#1258=ORIENTED_EDGE('',*,*,#1583,.F.);
#1259=ORIENTED_EDGE('',*,*,#1586,.F.);
#1260=ORIENTED_EDGE('',*,*,#1587,.T.);
#1261=ORIENTED_EDGE('',*,*,#1588,.F.);
#1262=CARTESIAN_POINT('',(-4.135,-6.0,-0.325));
#1263=DIRECTION('',(0.0,-1.0,0.0));
#1264=DIRECTION('',(0.0,0.0,-1.0));
#1265=ORIENTED_EDGE('',*,*,#1588,.T.);
#1266=ORIENTED_EDGE('',*,*,#1589,.F.);
#1267=ORIENTED_EDGE('',*,*,#1564,.F.);
#1268=ORIENTED_EDGE('',*,*,#1584,.T.);
#1269=CARTESIAN_POINT('',(-3.81,-5.625,-0.2245190528383));
#1270=DIRECTION('',(0.0,-0.258819045102493,-0.965925826289076));
#1271=DIRECTION('',(0.0,-0.965925826289076,0.258819045102493));
#1272=ORIENTED_EDGE('',*,*,#1590,.F.);
#1273=ORIENTED_EDGE('',*,*,#1591,.T.);
#1274=ORIENTED_EDGE('',*,*,#1589,.T.);
#1275=ORIENTED_EDGE('',*,*,#1587,.F.);
#1276=CARTESIAN_POINT('',(-4.034519052838,-5.625,0.0));
#1277=DIRECTION('',(-0.965925826289076,-0.258819045102493,0.0));
#1278=DIRECTION('',(-0.258819045102493,0.965925826289076,0.0));
#1279=ORIENTED_EDGE('',*,*,#1586,.T.);
#1280=ORIENTED_EDGE('',*,*,#1585,.T.);
#1281=ORIENTED_EDGE('',*,*,#1579,.F.);
#1282=ORIENTED_EDGE('',*,*,#1590,.T.);
#1283=CARTESIAN_POINT('',(-3.81,-5.625,0.2245190528383));
#1284=DIRECTION('',(0.0,-0.258819045102493,0.965925826289076));
#1285=DIRECTION('',(-1.0,0.0,0.0));
#1286=ORIENTED_EDGE('',*,*,#1592,.T.);
#1287=ORIENTED_EDGE('',*,*,#1563,.T.);
#1288=ORIENTED_EDGE('',*,*,#1445,.T.);
#1289=ORIENTED_EDGE('',*,*,#1577,.F.);
#1290=CARTESIAN_POINT('',(-4.135,7.5,-0.325));
#1291=DIRECTION('',(-1.0,0.0,0.0));
#1292=DIRECTION('',(0.0,0.0,1.0));
#1293=ORIENTED_EDGE('',*,*,#1591,.F.);
#1294=ORIENTED_EDGE('',*,*,#1581,.F.);
#1295=ORIENTED_EDGE('',*,*,#1415,.F.);
#1296=ORIENTED_EDGE('',*,*,#1565,.T.);
#1297=CARTESIAN_POINT('',(-4.135,7.5,-0.325));
#1298=DIRECTION('',(-1.0,0.0,0.0));
#1299=DIRECTION('',(0.0,0.0,1.0));
#1300=ORIENTED_EDGE('',*,*,#1570,.T.);
#1301=ORIENTED_EDGE('',*,*,#1569,.F.);
#1302=ORIENTED_EDGE('',*,*,#1592,.F.);
#1303=ORIENTED_EDGE('',*,*,#1576,.T.);
#1304=CARTESIAN_POINT('',(-4.034519052838,7.125,0.0));
#1305=DIRECTION('',(-0.965925826289076,0.258819045102493,0.0));
#1306=DIRECTION('',(0.0,0.0,1.0));
#1307=ORIENTED_EDGE('',*,*,#1371,.F.);
#1308=ORIENTED_EDGE('',*,*,#1593,.F.);
#1309=ORIENTED_EDGE('',*,*,#1422,.T.);
#1310=ORIENTED_EDGE('',*,*,#1594,.T.);
#1311=ORIENTED_EDGE('',*,*,#1595,.F.);
#1312=CARTESIAN_POINT('',(-1.27,-2.5,2.16));
#1313=DIRECTION('',(0.0,1.0,-0.0));
#1314=DIRECTION('',(1.0,0.0,0.0));
#1315=ORIENTED_EDGE('',*,*,#1368,.T.);
#1316=ORIENTED_EDGE('',*,*,#1595,.T.);
#1317=ORIENTED_EDGE('',*,*,#1596,.F.);
#1318=ORIENTED_EDGE('',*,*,#1597,.F.);
#1319=CARTESIAN_POINT('',(-1.27,-4.674990632495,2.16));
#1320=DIRECTION('',(-0.0,1.0,0.0));
#1321=DIRECTION('',(0.0,0.0,-1.0));
#1322=ORIENTED_EDGE('',*,*,#1598,.T.);
#1323=ORIENTED_EDGE('',*,*,#1599,.T.);
#1324=ORIENTED_EDGE('',*,*,#1600,.T.);
#1325=ORIENTED_EDGE('',*,*,#1369,.T.);
#1326=ORIENTED_EDGE('',*,*,#1597,.T.);
#1327=CARTESIAN_POINT('',(-5.1,-4.8,0.0));
#1328=DIRECTION('',(0.0,-1.0,0.0));
#1329=DIRECTION('',(0.0,0.0,-1.0));
#1330=ORIENTED_EDGE('',*,*,#1601,.F.);
#1331=ORIENTED_EDGE('',*,*,#1598,.F.);
#1332=ORIENTED_EDGE('',*,*,#1596,.T.);
#1333=ORIENTED_EDGE('',*,*,#1602,.T.);
#1334=CARTESIAN_POINT('',(-0.92,-4.675,2.2725));
#1335=DIRECTION('',(0.707106781186548,-0.707106781186548,0.0));
#1336=DIRECTION('',(0.0,0.0,-1.0));
#1337=ORIENTED_EDGE('',*,*,#1601,.T.);
#1338=ORIENTED_EDGE('',*,*,#1603,.F.);
#1339=ORIENTED_EDGE('',*,*,#1424,.T.);
#1340=ORIENTED_EDGE('',*,*,#1604,.T.);
#1341=ORIENTED_EDGE('',*,*,#1605,.T.);
#1342=ORIENTED_EDGE('',*,*,#1599,.F.);
#1343=CARTESIAN_POINT('',(-0.795,-2.5,2.385));
#1344=DIRECTION('',(0.0,0.0,1.0));
#1345=DIRECTION('',(1.0,0.0,0.0));
#1346=ORIENTED_EDGE('',*,*,#1605,.F.);
#1347=ORIENTED_EDGE('',*,*,#1606,.T.);
#1348=ORIENTED_EDGE('',*,*,#1370,.F.);
#1349=ORIENTED_EDGE('',*,*,#1600,.F.);
#1350=CARTESIAN_POINT('',(-1.62,-4.675,2.2725));
#1351=DIRECTION('',(-0.707106781186548,-0.707106781186548,0.0));
#1352=DIRECTION('',(-0.707106781186548,0.707106781186548,0.0));
#1353=ORIENTED_EDGE('',*,*,#1606,.F.);
#1354=ORIENTED_EDGE('',*,*,#1604,.F.);
#1355=ORIENTED_EDGE('',*,*,#1423,.T.);
#1356=ORIENTED_EDGE('',*,*,#1593,.T.);
#1357=CARTESIAN_POINT('',(-1.745,-2.5,2.385));
#1358=DIRECTION('',(-1.0,0.0,0.0));
#1359=DIRECTION('',(0.0,0.0,1.0));
#1360=ORIENTED_EDGE('',*,*,#1602,.F.);
#1361=ORIENTED_EDGE('',*,*,#1594,.F.);
#1362=ORIENTED_EDGE('',*,*,#1425,.T.);
#1363=ORIENTED_EDGE('',*,*,#1603,.T.);
#1364=CARTESIAN_POINT('',(-0.795,-2.5,2.16));
#1365=DIRECTION('',(1.0,0.0,0.0));
#1366=DIRECTION('',(0.0,1.0,0.0));
#1367=COLOUR_RGB('',0.749019622802734,0.749019622802734,0.749019622802734);
#1368=EDGE_CURVE('',#1607,#1608,#1609,.T.);
#1369=EDGE_CURVE('',#1610,#1607,#1611,.T.);
#1370=EDGE_CURVE('',#1610,#1612,#1613,.T.);
#1371=EDGE_CURVE('',#1612,#1608,#1614,.T.);
#1372=EDGE_CURVE('',#1615,#1616,#1617,.T.);
#1373=EDGE_CURVE('',#1618,#1615,#1619,.T.);
#1374=EDGE_CURVE('',#1620,#1618,#1621,.T.);
#1375=EDGE_CURVE('',#1622,#1620,#1623,.T.);
#1376=EDGE_CURVE('',#1624,#1622,#1625,.T.);
#1377=EDGE_CURVE('',#1626,#1624,#1627,.T.);
#1378=EDGE_CURVE('',#1628,#1626,#1629,.T.);
#1379=EDGE_CURVE('',#1630,#1628,#1631,.T.);
#1380=EDGE_CURVE('',#1632,#1630,#1633,.T.);
#1381=EDGE_CURVE('',#1634,#1632,#1635,.T.);
#1382=EDGE_CURVE('',#1636,#1634,#1637,.T.);
#1383=EDGE_CURVE('',#1616,#1636,#1638,.T.);
#1384=EDGE_CURVE('',#1616,#1639,#1640,.T.);
#1385=EDGE_CURVE('',#1639,#1641,#1642,.T.);
#1386=EDGE_CURVE('',#1615,#1641,#1643,.T.);
#1387=EDGE_CURVE('',#1644,#1645,#1646,.T.);
#1388=EDGE_CURVE('',#1647,#1644,#1648,.T.);
#1389=EDGE_CURVE('',#1647,#1649,#1650,.T.);
#1390=EDGE_CURVE('',#1649,#1645,#1651,.T.);
#1391=EDGE_CURVE('',#1652,#1641,#1653,.T.);
#1392=EDGE_CURVE('',#1652,#1654,#1655,.T.);
#1393=EDGE_CURVE('',#1654,#1647,#1656,.T.);
#1394=EDGE_CURVE('',#1657,#1644,#1658,.T.);
#1395=EDGE_CURVE('',#1618,#1657,#1659,.T.);
#1396=EDGE_CURVE('',#1660,#1657,#1661,.T.);
#1397=EDGE_CURVE('',#1620,#1660,#1662,.T.);
#1398=EDGE_CURVE('',#1663,#1660,#1664,.T.);
#1399=EDGE_CURVE('',#1622,#1663,#1665,.T.);
#1400=EDGE_CURVE('',#1666,#1663,#1667,.T.);
#1401=EDGE_CURVE('',#1624,#1666,#1668,.T.);
#1402=EDGE_CURVE('',#1669,#1670,#1671,.T.);
#1403=EDGE_CURVE('',#1669,#1672,#1673,.T.);
#1404=EDGE_CURVE('',#1672,#1674,#1675,.T.);
#1405=EDGE_CURVE('',#1670,#1674,#1676,.T.);
#1406=EDGE_CURVE('',#1677,#1678,#1679,.T.);
#1407=EDGE_CURVE('',#1677,#1680,#1681,.T.);
#1408=EDGE_CURVE('',#1680,#1682,#1683,.T.);
#1409=EDGE_CURVE('',#1678,#1682,#1684,.T.);
#1410=EDGE_CURVE('',#1685,#1686,#1687,.T.);
#1411=EDGE_CURVE('',#1685,#1688,#1689,.T.);
#1412=EDGE_CURVE('',#1688,#1690,#1691,.T.);
#1413=EDGE_CURVE('',#1686,#1690,#1692,.T.);
#1414=EDGE_CURVE('',#1693,#1694,#1695,.T.);
#1415=EDGE_CURVE('',#1693,#1696,#1697,.T.);
#1416=EDGE_CURVE('',#1696,#1698,#1699,.T.);
#1417=EDGE_CURVE('',#1694,#1698,#1700,.T.);
#1418=EDGE_CURVE('',#1701,#1666,#1702,.T.);
#1419=EDGE_CURVE('',#1626,#1701,#1703,.T.);
#1420=EDGE_CURVE('',#1704,#1701,#1705,.T.);
#1421=EDGE_CURVE('',#1628,#1704,#1706,.T.);
#1422=EDGE_CURVE('',#1707,#1708,#1709,.T.);
#1423=EDGE_CURVE('',#1710,#1707,#1711,.T.);
#1424=EDGE_CURVE('',#1712,#1710,#1713,.T.);
#1425=EDGE_CURVE('',#1708,#1712,#1714,.T.);
#1426=EDGE_CURVE('',#1715,#1704,#1716,.T.);
#1427=EDGE_CURVE('',#1630,#1715,#1717,.T.);
#1428=EDGE_CURVE('',#1718,#1715,#1719,.T.);
#1429=EDGE_CURVE('',#1632,#1718,#1720,.T.);
#1430=EDGE_CURVE('',#1721,#1722,#1723,.T.);
#1431=EDGE_CURVE('',#1722,#1724,#1725,.T.);
#1432=EDGE_CURVE('',#1726,#1724,#1727,.T.);
#1433=EDGE_CURVE('',#1721,#1726,#1728,.T.);
#1434=EDGE_CURVE('',#1729,#1730,#1731,.T.);
#1435=EDGE_CURVE('',#1730,#1732,#1733,.T.);
#1436=EDGE_CURVE('',#1734,#1732,#1735,.T.);
#1437=EDGE_CURVE('',#1729,#1734,#1736,.T.);
#1438=EDGE_CURVE('',#1737,#1738,#1739,.T.);
#1439=EDGE_CURVE('',#1738,#1740,#1741,.T.);
#1440=EDGE_CURVE('',#1742,#1740,#1743,.T.);
#1441=EDGE_CURVE('',#1737,#1742,#1744,.T.);
#1442=EDGE_CURVE('',#1745,#1746,#1747,.T.);
#1443=EDGE_CURVE('',#1746,#1748,#1749,.T.);
#1444=EDGE_CURVE('',#1750,#1748,#1751,.T.);
#1445=EDGE_CURVE('',#1745,#1750,#1752,.T.);
#1446=EDGE_CURVE('',#1753,#1718,#1754,.T.);
#1447=EDGE_CURVE('',#1634,#1753,#1755,.T.);
#1448=EDGE_CURVE('',#1756,#1753,#1757,.T.);
#1449=EDGE_CURVE('',#1636,#1756,#1758,.T.);
#1450=EDGE_CURVE('',#1645,#1756,#1759,.T.);
#1451=EDGE_CURVE('',#1760,#1649,#1761,.T.);
#1452=EDGE_CURVE('',#1762,#1760,#1763,.T.);
#1453=EDGE_CURVE('',#1762,#1639,#1764,.T.);
#1454=EDGE_CURVE('',#1765,#1762,#1766,.T.);
#1455=EDGE_CURVE('',#1767,#1765,#1768,.T.);
#1456=EDGE_CURVE('',#1769,#1767,#1770,.T.);
#1457=EDGE_CURVE('',#1652,#1769,#1771,.T.);
#1458=EDGE_CURVE('',#1654,#1772,#1773,.T.);
#1459=EDGE_CURVE('',#1769,#1772,#1774,.T.);
#1460=EDGE_CURVE('',#1772,#1775,#1776,.T.);
#1461=EDGE_CURVE('',#1775,#1777,#1778,.T.);
#1462=EDGE_CURVE('',#1777,#1760,#1779,.T.);
#1463=EDGE_CURVE('',#1765,#1777,#1780,.T.);
#1464=EDGE_CURVE('',#1767,#1775,#1781,.T.);
#1465=EDGE_CURVE('',#1782,#1783,#1784,.T.);
#1466=EDGE_CURVE('',#1722,#1783,#1785,.T.);
#1467=EDGE_CURVE('',#1782,#1721,#1786,.T.);
#1468=EDGE_CURVE('',#1787,#1788,#1789,.T.);
#1469=EDGE_CURVE('',#1669,#1788,#1790,.T.);
#1470=EDGE_CURVE('',#1787,#1670,#1791,.T.);
#1471=EDGE_CURVE('',#1792,#1793,#1794,.T.);
#1472=EDGE_CURVE('',#1783,#1793,#1795,.T.);
#1473=EDGE_CURVE('',#1782,#1792,#1796,.T.);
#1474=EDGE_CURVE('',#1797,#1792,#1798,.T.);
#1475=EDGE_CURVE('',#1799,#1797,#1800,.T.);
#1476=EDGE_CURVE('',#1799,#1793,#1801,.T.);
#1477=EDGE_CURVE('',#1802,#1799,#1803,.T.);
#1478=EDGE_CURVE('',#1802,#1783,#1804,.T.);
#1479=EDGE_CURVE('',#1802,#1805,#1806,.T.);
#1480=EDGE_CURVE('',#1805,#1797,#1807,.T.);
#1481=EDGE_CURVE('',#1805,#1726,#1808,.T.);
#1482=EDGE_CURVE('',#1724,#1802,#1809,.T.);
#1483=EDGE_CURVE('',#1810,#1811,#1812,.T.);
#1484=EDGE_CURVE('',#1811,#1674,#1813,.T.);
#1485=EDGE_CURVE('',#1672,#1810,#1814,.T.);
#1486=EDGE_CURVE('',#1811,#1787,#1815,.T.);
#1487=EDGE_CURVE('',#1816,#1817,#1818,.T.);
#1488=EDGE_CURVE('',#1787,#1817,#1819,.T.);
#1489=EDGE_CURVE('',#1816,#1811,#1820,.T.);
#1490=EDGE_CURVE('',#1821,#1816,#1822,.T.);
#1491=EDGE_CURVE('',#1821,#1823,#1824,.T.);
#1492=EDGE_CURVE('',#1817,#1823,#1825,.T.);
#1493=EDGE_CURVE('',#1788,#1823,#1826,.T.);
#1494=EDGE_CURVE('',#1810,#1821,#1827,.T.);
#1495=EDGE_CURVE('',#1810,#1788,#1828,.T.);
#1496=EDGE_CURVE('',#1805,#1782,#1829,.T.);
#1497=EDGE_CURVE('',#1830,#1831,#1832,.T.);
#1498=EDGE_CURVE('',#1730,#1831,#1833,.T.);
#1499=EDGE_CURVE('',#1830,#1729,#1834,.T.);
#1500=EDGE_CURVE('',#1835,#1836,#1837,.T.);
#1501=EDGE_CURVE('',#1677,#1836,#1838,.T.);
#1502=EDGE_CURVE('',#1835,#1678,#1839,.T.);
#1503=EDGE_CURVE('',#1840,#1841,#1842,.T.);
#1504=EDGE_CURVE('',#1831,#1841,#1843,.T.);
#1505=EDGE_CURVE('',#1830,#1840,#1844,.T.);
#1506=EDGE_CURVE('',#1845,#1840,#1846,.T.);
#1507=EDGE_CURVE('',#1847,#1845,#1848,.T.);
#1508=EDGE_CURVE('',#1847,#1841,#1849,.T.);
#1509=EDGE_CURVE('',#1850,#1847,#1851,.T.);
#1510=EDGE_CURVE('',#1850,#1831,#1852,.T.);
#1511=EDGE_CURVE('',#1850,#1853,#1854,.T.);
#1512=EDGE_CURVE('',#1853,#1845,#1855,.T.);
#1513=EDGE_CURVE('',#1853,#1734,#1856,.T.);
#1514=EDGE_CURVE('',#1732,#1850,#1857,.T.);
#1515=EDGE_CURVE('',#1858,#1859,#1860,.T.);
#1516=EDGE_CURVE('',#1859,#1682,#1861,.T.);
#1517=EDGE_CURVE('',#1680,#1858,#1862,.T.);
#1518=EDGE_CURVE('',#1859,#1835,#1863,.T.);
#1519=EDGE_CURVE('',#1864,#1865,#1866,.T.);
#1520=EDGE_CURVE('',#1835,#1865,#1867,.T.);
#1521=EDGE_CURVE('',#1864,#1859,#1868,.T.);
#1522=EDGE_CURVE('',#1869,#1864,#1870,.T.);
#1523=EDGE_CURVE('',#1869,#1871,#1872,.T.);
#1524=EDGE_CURVE('',#1865,#1871,#1873,.T.);
#1525=EDGE_CURVE('',#1836,#1871,#1874,.T.);
#1526=EDGE_CURVE('',#1858,#1869,#1875,.T.);
#1527=EDGE_CURVE('',#1858,#1836,#1876,.T.);
#1528=EDGE_CURVE('',#1853,#1830,#1877,.T.);
#1529=EDGE_CURVE('',#1878,#1879,#1880,.T.);
#1530=EDGE_CURVE('',#1738,#1879,#1881,.T.);
#1531=EDGE_CURVE('',#1878,#1737,#1882,.T.);
#1532=EDGE_CURVE('',#1883,#1884,#1885,.T.);
#1533=EDGE_CURVE('',#1685,#1884,#1886,.T.);
#1534=EDGE_CURVE('',#1883,#1686,#1887,.T.);
#1535=EDGE_CURVE('',#1888,#1889,#1890,.T.);
#1536=EDGE_CURVE('',#1879,#1889,#1891,.T.);
#1537=EDGE_CURVE('',#1878,#1888,#1892,.T.);
#1538=EDGE_CURVE('',#1893,#1888,#1894,.T.);
#1539=EDGE_CURVE('',#1895,#1893,#1896,.T.);
#1540=EDGE_CURVE('',#1895,#1889,#1897,.T.);
#1541=EDGE_CURVE('',#1898,#1895,#1899,.T.);
#1542=EDGE_CURVE('',#1898,#1879,#1900,.T.);
#1543=EDGE_CURVE('',#1898,#1901,#1902,.T.);
#1544=EDGE_CURVE('',#1901,#1893,#1903,.T.);
#1545=EDGE_CURVE('',#1901,#1742,#1904,.T.);
#1546=EDGE_CURVE('',#1740,#1898,#1905,.T.);
#1547=EDGE_CURVE('',#1906,#1907,#1908,.T.);
#1548=EDGE_CURVE('',#1907,#1690,#1909,.T.);
#1549=EDGE_CURVE('',#1688,#1906,#1910,.T.);
#1550=EDGE_CURVE('',#1907,#1883,#1911,.T.);
#1551=EDGE_CURVE('',#1912,#1913,#1914,.T.);
#1552=EDGE_CURVE('',#1883,#1913,#1915,.T.);
#1553=EDGE_CURVE('',#1912,#1907,#1916,.T.);
#1554=EDGE_CURVE('',#1917,#1912,#1918,.T.);
#1555=EDGE_CURVE('',#1917,#1919,#1920,.T.);
#1556=EDGE_CURVE('',#1913,#1919,#1921,.T.);
#1557=EDGE_CURVE('',#1884,#1919,#1922,.T.);
#1558=EDGE_CURVE('',#1906,#1917,#1923,.T.);
#1559=EDGE_CURVE('',#1906,#1884,#1924,.T.);
#1560=EDGE_CURVE('',#1901,#1878,#1925,.T.);
#1561=EDGE_CURVE('',#1926,#1927,#1928,.T.);
#1562=EDGE_CURVE('',#1746,#1927,#1929,.T.);
#1563=EDGE_CURVE('',#1926,#1745,#1930,.T.);
#1564=EDGE_CURVE('',#1931,#1932,#1933,.T.);
#1565=EDGE_CURVE('',#1693,#1932,#1934,.T.);
#1566=EDGE_CURVE('',#1931,#1694,#1935,.T.);
#1567=EDGE_CURVE('',#1936,#1937,#1938,.T.);
#1568=EDGE_CURVE('',#1927,#1937,#1939,.T.);
#1569=EDGE_CURVE('',#1926,#1936,#1940,.T.);
#1570=EDGE_CURVE('',#1941,#1936,#1942,.T.);
#1571=EDGE_CURVE('',#1943,#1941,#1944,.T.);
#1572=EDGE_CURVE('',#1943,#1937,#1945,.T.);
#1573=EDGE_CURVE('',#1946,#1943,#1947,.T.);
#1574=EDGE_CURVE('',#1946,#1927,#1948,.T.);
#1575=EDGE_CURVE('',#1946,#1949,#1950,.T.);
#1576=EDGE_CURVE('',#1949,#1941,#1951,.T.);
#1577=EDGE_CURVE('',#1949,#1750,#1952,.T.);
#1578=EDGE_CURVE('',#1748,#1946,#1953,.T.);
#1579=EDGE_CURVE('',#1954,#1955,#1956,.T.);
#1580=EDGE_CURVE('',#1955,#1698,#1957,.T.);
#1581=EDGE_CURVE('',#1696,#1954,#1958,.T.);
#1582=EDGE_CURVE('',#1955,#1931,#1959,.T.);
#1583=EDGE_CURVE('',#1960,#1961,#1962,.T.);
#1584=EDGE_CURVE('',#1931,#1961,#1963,.T.);
#1585=EDGE_CURVE('',#1960,#1955,#1964,.T.);
#1586=EDGE_CURVE('',#1965,#1960,#1966,.T.);
#1587=EDGE_CURVE('',#1965,#1967,#1968,.T.);
#1588=EDGE_CURVE('',#1961,#1967,#1969,.T.);
#1589=EDGE_CURVE('',#1932,#1967,#1970,.T.);
#1590=EDGE_CURVE('',#1954,#1965,#1971,.T.);
#1591=EDGE_CURVE('',#1954,#1932,#1972,.T.);
#1592=EDGE_CURVE('',#1949,#1926,#1973,.T.);
#1593=EDGE_CURVE('',#1707,#1612,#1974,.T.);
#1594=EDGE_CURVE('',#1708,#1975,#1976,.T.);
#1595=EDGE_CURVE('',#1608,#1975,#1977,.T.);
#1596=EDGE_CURVE('',#1978,#1975,#1979,.T.);
#1597=EDGE_CURVE('',#1607,#1978,#1980,.T.);
#1598=EDGE_CURVE('',#1978,#1981,#1982,.T.);
#1599=EDGE_CURVE('',#1981,#1983,#1984,.T.);
#1600=EDGE_CURVE('',#1983,#1610,#1985,.T.);
#1601=EDGE_CURVE('',#1981,#1986,#1987,.T.);
#1602=EDGE_CURVE('',#1975,#1986,#1988,.T.);
#1603=EDGE_CURVE('',#1712,#1986,#1989,.T.);
#1604=EDGE_CURVE('',#1710,#1990,#1991,.T.);
#1605=EDGE_CURVE('',#1990,#1983,#1992,.T.);
#1606=EDGE_CURVE('',#1990,#1612,#1993,.T.);
#1607=VERTEX_POINT('',#1994);
#1608=VERTEX_POINT('',#1995);
#1609=LINE('',#1996,#1997);
#1610=VERTEX_POINT('',#1998);
#1611=CIRCLE('',#1999,0.224991893737525);
#1612=VERTEX_POINT('',#2000);
#1613=LINE('',#2001,#2002);
#1614=CIRCLE('',#2003,0.475);
#1615=VERTEX_POINT('',#2004);
#1616=VERTEX_POINT('',#2005);
#1617=LINE('',#2006,#2007);
#1618=VERTEX_POINT('',#2008);
#1619=LINE('',#2009,#2010);
#1620=VERTEX_POINT('',#2011);
#1621=LINE('',#2012,#2013);
#1622=VERTEX_POINT('',#2014);
#1623=LINE('',#2015,#2016);
#1624=VERTEX_POINT('',#2017);
#1625=LINE('',#2018,#2019);
#1626=VERTEX_POINT('',#2020);
#1627=LINE('',#2021,#2022);
#1628=VERTEX_POINT('',#2023);
#1629=LINE('',#2024,#2025);
#1630=VERTEX_POINT('',#2026);
#1631=LINE('',#2027,#2028);
#1632=VERTEX_POINT('',#2029);
#1633=LINE('',#2030,#2031);
#1634=VERTEX_POINT('',#2032);
#1635=LINE('',#2033,#2034);
#1636=VERTEX_POINT('',#2035);
#1637=CIRCLE('',#2036,0.3);
#1638=LINE('',#2037,#2038);
#1639=VERTEX_POINT('',#2039);
#1640=LINE('',#2040,#2041);
#1641=VERTEX_POINT('',#2042);
#1642=LINE('',#2043,#2044);
#1643=LINE('',#2045,#2046);
#1644=VERTEX_POINT('',#2047);
#1645=VERTEX_POINT('',#2048);
#1646=LINE('',#2049,#2050);
#1647=VERTEX_POINT('',#2051);
#1648=LINE('',#2052,#2053);
#1649=VERTEX_POINT('',#2054);
#1650=LINE('',#2055,#2056);
#1651=LINE('',#2057,#2058);
#1652=VERTEX_POINT('',#2059);
#1653=LINE('',#2060,#2061);
#1654=VERTEX_POINT('',#2062);
#1655=LINE('',#2063,#2064);
#1656=LINE('',#2065,#2066);
#1657=VERTEX_POINT('',#2067);
#1658=LINE('',#2068,#2069);
#1659=LINE('',#2070,#2071);
#1660=VERTEX_POINT('',#2072);
#1661=LINE('',#2073,#2074);
#1662=LINE('',#2075,#2076);
#1663=VERTEX_POINT('',#2077);
#1664=LINE('',#2078,#2079);
#1665=LINE('',#2080,#2081);
#1666=VERTEX_POINT('',#2082);
#1667=LINE('',#2083,#2084);
#1668=LINE('',#2085,#2086);
#1669=VERTEX_POINT('',#2087);
#1670=VERTEX_POINT('',#2088);
#1671=LINE('',#2089,#2090);
#1672=VERTEX_POINT('',#2091);
#1673=LINE('',#2092,#2093);
#1674=VERTEX_POINT('',#2094);
#1675=LINE('',#2095,#2096);
#1676=LINE('',#2097,#2098);
#1677=VERTEX_POINT('',#2099);
#1678=VERTEX_POINT('',#2100);
#1679=LINE('',#2101,#2102);
#1680=VERTEX_POINT('',#2103);
#1681=LINE('',#2104,#2105);
#1682=VERTEX_POINT('',#2106);
#1683=LINE('',#2107,#2108);
#1684=LINE('',#2109,#2110);
#1685=VERTEX_POINT('',#2111);
#1686=VERTEX_POINT('',#2112);
#1687=LINE('',#2113,#2114);
#1688=VERTEX_POINT('',#2115);
#1689=LINE('',#2116,#2117);
#1690=VERTEX_POINT('',#2118);
#1691=LINE('',#2119,#2120);
#1692=LINE('',#2121,#2122);
#1693=VERTEX_POINT('',#2123);
#1694=VERTEX_POINT('',#2124);
#1695=LINE('',#2125,#2126);
#1696=VERTEX_POINT('',#2127);
#1697=LINE('',#2128,#2129);
#1698=VERTEX_POINT('',#2130);
#1699=LINE('',#2131,#2132);
#1700=LINE('',#2133,#2134);
#1701=VERTEX_POINT('',#2135);
#1702=LINE('',#2136,#2137);
#1703=LINE('',#2138,#2139);
#1704=VERTEX_POINT('',#2140);
#1705=LINE('',#2141,#2142);
#1706=LINE('',#2143,#2144);
#1707=VERTEX_POINT('',#2145);
#1708=VERTEX_POINT('',#2146);
#1709=CIRCLE('',#2147,0.475);
#1710=VERTEX_POINT('',#2148);
#1711=LINE('',#2149,#2150);
#1712=VERTEX_POINT('',#2151);
#1713=LINE('',#2152,#2153);
#1714=LINE('',#2154,#2155);
#1715=VERTEX_POINT('',#2156);
#1716=LINE('',#2157,#2158);
#1717=LINE('',#2159,#2160);
#1718=VERTEX_POINT('',#2161);
#1719=LINE('',#2162,#2163);
#1720=LINE('',#2164,#2165);
#1721=VERTEX_POINT('',#2166);
#1722=VERTEX_POINT('',#2167);
#1723=LINE('',#2168,#2169);
#1724=VERTEX_POINT('',#2170);
#1725=LINE('',#2171,#2172);
#1726=VERTEX_POINT('',#2173);
#1727=LINE('',#2174,#2175);
#1728=LINE('',#2176,#2177);
#1729=VERTEX_POINT('',#2178);
#1730=VERTEX_POINT('',#2179);
#1731=LINE('',#2180,#2181);
#1732=VERTEX_POINT('',#2182);
#1733=LINE('',#2183,#2184);
#1734=VERTEX_POINT('',#2185);
#1735=LINE('',#2186,#2187);
#1736=LINE('',#2188,#2189);
#1737=VERTEX_POINT('',#2190);
#1738=VERTEX_POINT('',#2191);
#1739=LINE('',#2192,#2193);
#1740=VERTEX_POINT('',#2194);
#1741=LINE('',#2195,#2196);
#1742=VERTEX_POINT('',#2197);
#1743=LINE('',#2198,#2199);
#1744=LINE('',#2200,#2201);
#1745=VERTEX_POINT('',#2202);
#1746=VERTEX_POINT('',#2203);
#1747=LINE('',#2204,#2205);
#1748=VERTEX_POINT('',#2206);
#1749=LINE('',#2207,#2208);
#1750=VERTEX_POINT('',#2209);
#1751=LINE('',#2210,#2211);
#1752=LINE('',#2212,#2213);
#1753=VERTEX_POINT('',#2214);
#1754=LINE('',#2215,#2216);
#1755=LINE('',#2217,#2218);
#1756=VERTEX_POINT('',#2219);
#1757=CIRCLE('',#2220,0.3);
#1758=LINE('',#2221,#2222);
#1759=LINE('',#2223,#2224);
#1760=VERTEX_POINT('',#2225);
#1761=LINE('',#2226,#2227);
#1762=VERTEX_POINT('',#2228);
#1763=LINE('',#2229,#2230);
#1764=LINE('',#2231,#2232);
#1765=VERTEX_POINT('',#2233);
#1766=LINE('',#2234,#2235);
#1767=VERTEX_POINT('',#2236);
#1768=LINE('',#2237,#2238);
#1769=VERTEX_POINT('',#2239);
#1770=LINE('',#2240,#2241);
#1771=LINE('',#2242,#2243);
#1772=VERTEX_POINT('',#2244);
#1773=LINE('',#2245,#2246);
#1774=LINE('',#2247,#2248);
#1775=VERTEX_POINT('',#2249);
#1776=LINE('',#2250,#2251);
#1777=VERTEX_POINT('',#2252);
#1778=LINE('',#2253,#2254);
#1779=LINE('',#2255,#2256);
#1780=LINE('',#2257,#2258);
#1781=LINE('',#2259,#2260);
#1782=VERTEX_POINT('',#2261);
#1783=VERTEX_POINT('',#2262);
#1784=LINE('',#2263,#2264);
#1785=LINE('',#2265,#2266);
#1786=LINE('',#2267,#2268);
#1787=VERTEX_POINT('',#2269);
#1788=VERTEX_POINT('',#2270);
#1789=LINE('',#2271,#2272);
#1790=LINE('',#2273,#2274);
#1791=LINE('',#2275,#2276);
#1792=VERTEX_POINT('',#2277);
#1793=VERTEX_POINT('',#2278);
#1794=LINE('',#2279,#2280);
#1795=LINE('',#2281,#2282);
#1796=LINE('',#2283,#2284);
#1797=VERTEX_POINT('',#2285);
#1798=LINE('',#2286,#2287);
#1799=VERTEX_POINT('',#2288);
#1800=LINE('',#2289,#2290);
#1801=LINE('',#2291,#2292);
#1802=VERTEX_POINT('',#2293);
#1803=LINE('',#2294,#2295);
#1804=LINE('',#2296,#2297);
#1805=VERTEX_POINT('',#2298);
#1806=LINE('',#2299,#2300);
#1807=LINE('',#2301,#2302);
#1808=LINE('',#2303,#2304);
#1809=LINE('',#2305,#2306);
#1810=VERTEX_POINT('',#2307);
#1811=VERTEX_POINT('',#2308);
#1812=LINE('',#2309,#2310);
#1813=LINE('',#2311,#2312);
#1814=LINE('',#2313,#2314);
#1815=LINE('',#2315,#2316);
#1816=VERTEX_POINT('',#2317);
#1817=VERTEX_POINT('',#2318);
#1818=LINE('',#2319,#2320);
#1819=LINE('',#2321,#2322);
#1820=LINE('',#2323,#2324);
#1821=VERTEX_POINT('',#2325);
#1822=LINE('',#2326,#2327);
#1823=VERTEX_POINT('',#2328);
#1824=LINE('',#2329,#2330);
#1825=LINE('',#2331,#2332);
#1826=LINE('',#2333,#2334);
#1827=LINE('',#2335,#2336);
#1828=LINE('',#2337,#2338);
#1829=LINE('',#2339,#2340);
#1830=VERTEX_POINT('',#2341);
#1831=VERTEX_POINT('',#2342);
#1832=LINE('',#2343,#2344);
#1833=LINE('',#2345,#2346);
#1834=LINE('',#2347,#2348);
#1835=VERTEX_POINT('',#2349);
#1836=VERTEX_POINT('',#2350);
#1837=LINE('',#2351,#2352);
#1838=LINE('',#2353,#2354);
#1839=LINE('',#2355,#2356);
#1840=VERTEX_POINT('',#2357);
#1841=VERTEX_POINT('',#2358);
#1842=LINE('',#2359,#2360);
#1843=LINE('',#2361,#2362);
#1844=LINE('',#2363,#2364);
#1845=VERTEX_POINT('',#2365);
#1846=LINE('',#2366,#2367);
#1847=VERTEX_POINT('',#2368);
#1848=LINE('',#2369,#2370);
#1849=LINE('',#2371,#2372);
#1850=VERTEX_POINT('',#2373);
#1851=LINE('',#2374,#2375);
#1852=LINE('',#2376,#2377);
#1853=VERTEX_POINT('',#2378);
#1854=LINE('',#2379,#2380);
#1855=LINE('',#2381,#2382);
#1856=LINE('',#2383,#2384);
#1857=LINE('',#2385,#2386);
#1858=VERTEX_POINT('',#2387);
#1859=VERTEX_POINT('',#2388);
#1860=LINE('',#2389,#2390);
#1861=LINE('',#2391,#2392);
#1862=LINE('',#2393,#2394);
#1863=LINE('',#2395,#2396);
#1864=VERTEX_POINT('',#2397);
#1865=VERTEX_POINT('',#2398);
#1866=LINE('',#2399,#2400);
#1867=LINE('',#2401,#2402);
#1868=LINE('',#2403,#2404);
#1869=VERTEX_POINT('',#2405);
#1870=LINE('',#2406,#2407);
#1871=VERTEX_POINT('',#2408);
#1872=LINE('',#2409,#2410);
#1873=LINE('',#2411,#2412);
#1874=LINE('',#2413,#2414);
#1875=LINE('',#2415,#2416);
#1876=LINE('',#2417,#2418);
#1877=LINE('',#2419,#2420);
#1878=VERTEX_POINT('',#2421);
#1879=VERTEX_POINT('',#2422);
#1880=LINE('',#2423,#2424);
#1881=LINE('',#2425,#2426);
#1882=LINE('',#2427,#2428);
#1883=VERTEX_POINT('',#2429);
#1884=VERTEX_POINT('',#2430);
#1885=LINE('',#2431,#2432);
#1886=LINE('',#2433,#2434);
#1887=LINE('',#2435,#2436);
#1888=VERTEX_POINT('',#2437);
#1889=VERTEX_POINT('',#2438);
#1890=LINE('',#2439,#2440);
#1891=LINE('',#2441,#2442);
#1892=LINE('',#2443,#2444);
#1893=VERTEX_POINT('',#2445);
#1894=LINE('',#2446,#2447);
#1895=VERTEX_POINT('',#2448);
#1896=LINE('',#2449,#2450);
#1897=LINE('',#2451,#2452);
#1898=VERTEX_POINT('',#2453);
#1899=LINE('',#2454,#2455);
#1900=LINE('',#2456,#2457);
#1901=VERTEX_POINT('',#2458);
#1902=LINE('',#2459,#2460);
#1903=LINE('',#2461,#2462);
#1904=LINE('',#2463,#2464);
#1905=LINE('',#2465,#2466);
#1906=VERTEX_POINT('',#2467);
#1907=VERTEX_POINT('',#2468);
#1908=LINE('',#2469,#2470);
#1909=LINE('',#2471,#2472);
#1910=LINE('',#2473,#2474);
#1911=LINE('',#2475,#2476);
#1912=VERTEX_POINT('',#2477);
#1913=VERTEX_POINT('',#2478);
#1914=LINE('',#2479,#2480);
#1915=LINE('',#2481,#2482);
#1916=LINE('',#2483,#2484);
#1917=VERTEX_POINT('',#2485);
#1918=LINE('',#2486,#2487);
#1919=VERTEX_POINT('',#2488);
#1920=LINE('',#2489,#2490);
#1921=LINE('',#2491,#2492);
#1922=LINE('',#2493,#2494);
#1923=LINE('',#2495,#2496);
#1924=LINE('',#2497,#2498);
#1925=LINE('',#2499,#2500);
#1926=VERTEX_POINT('',#2501);
#1927=VERTEX_POINT('',#2502);
#1928=LINE('',#2503,#2504);
#1929=LINE('',#2505,#2506);
#1930=LINE('',#2507,#2508);
#1931=VERTEX_POINT('',#2509);
#1932=VERTEX_POINT('',#2510);
#1933=LINE('',#2511,#2512);
#1934=LINE('',#2513,#2514);
#1935=LINE('',#2515,#2516);
#1936=VERTEX_POINT('',#2517);
#1937=VERTEX_POINT('',#2518);
#1938=LINE('',#2519,#2520);
#1939=LINE('',#2521,#2522);
#1940=LINE('',#2523,#2524);
#1941=VERTEX_POINT('',#2525);
#1942=LINE('',#2526,#2527);
#1943=VERTEX_POINT('',#2528);
#1944=LINE('',#2529,#2530);
#1945=LINE('',#2531,#2532);
#1946=VERTEX_POINT('',#2533);
#1947=LINE('',#2534,#2535);
#1948=LINE('',#2536,#2537);
#1949=VERTEX_POINT('',#2538);
#1950=LINE('',#2539,#2540);
#1951=LINE('',#2541,#2542);
#1952=LINE('',#2543,#2544);
#1953=LINE('',#2545,#2546);
#1954=VERTEX_POINT('',#2547);
#1955=VERTEX_POINT('',#2548);
#1956=LINE('',#2549,#2550);
#1957=LINE('',#2551,#2552);
#1958=LINE('',#2553,#2554);
#1959=LINE('',#2555,#2556);
#1960=VERTEX_POINT('',#2557);
#1961=VERTEX_POINT('',#2558);
#1962=LINE('',#2559,#2560);
#1963=LINE('',#2561,#2562);
#1964=LINE('',#2563,#2564);
#1965=VERTEX_POINT('',#2565);
#1966=LINE('',#2566,#2567);
#1967=VERTEX_POINT('',#2568);
#1968=LINE('',#2569,#2570);
#1969=LINE('',#2571,#2572);
#1970=LINE('',#2573,#2574);
#1971=LINE('',#2575,#2576);
#1972=LINE('',#2577,#2578);
#1973=LINE('',#2579,#2580);
#1974=LINE('',#2581,#2582);
#1975=VERTEX_POINT('',#2583);
#1976=LINE('',#2584,#2585);
#1977=CIRCLE('',#2586,0.475);
#1978=VERTEX_POINT('',#2587);
#1979=LINE('',#2588,#2589);
#1980=CIRCLE('',#2590,0.224991893737525);
#1981=VERTEX_POINT('',#2591);
#1982=LINE('',#2592,#2593);
#1983=VERTEX_POINT('',#2594);
#1984=LINE('',#2595,#2596);
#1985=LINE('',#2597,#2598);
#1986=VERTEX_POINT('',#2599);
#1987=LINE('',#2600,#2601);
#1988=LINE('',#2602,#2603);
#1989=LINE('',#2604,#2605);
#1990=VERTEX_POINT('',#2606);
#1991=LINE('',#2607,#2608);
#1992=LINE('',#2609,#2610);
#1993=LINE('',#2611,#2612);
#1994=CARTESIAN_POINT('',(-1.27,-4.8,1.93500810626248));
#1995=CARTESIAN_POINT('',(-1.27,-4.54998288616288,1.685));
#1996=CARTESIAN_POINT('',(-1.27,-4.674990632495,1.810003242574));
#1997=VECTOR('',#2613,1.0);
#1998=CARTESIAN_POINT('',(-1.49499620295499,-4.7999992935347,2.16000000095491));
#1999=AXIS2_PLACEMENT_3D('',#2614,#2615,#2616);
#2000=CARTESIAN_POINT('',(-1.7449999092826,-4.54999166214056,2.16));
#2001=CARTESIAN_POINT('',(-1.494998648723,-4.799998649141,2.160000002874));
#2002=VECTOR('',#2617,0.353553390422308);
#2003=AXIS2_PLACEMENT_3D('',#2618,#2619,#2620);
#2004=CARTESIAN_POINT('',(-5.1,0.0,-3.3));
#2005=CARTESIAN_POINT('',(-5.1,0.0,-2.45));
#2006=CARTESIAN_POINT('',(-5.1,0.0,-3.3));
#2007=VECTOR('',#2621,0.85);
#2008=CARTESIAN_POINT('',(-5.1,-2.5,-3.3));
#2009=CARTESIAN_POINT('',(-5.1,-2.5,-3.3));
#2010=VECTOR('',#2622,2.5);
#2011=CARTESIAN_POINT('',(-5.1,-2.5,-2.3));
#2012=CARTESIAN_POINT('',(-5.1,-2.5,-2.3));
#2013=VECTOR('',#2623,1.0);
#2014=CARTESIAN_POINT('',(-5.1,-2.1,-2.3));
#2015=CARTESIAN_POINT('',(-5.1,-2.1,-2.3));
#2016=VECTOR('',#2624,0.4);
#2017=CARTESIAN_POINT('',(-5.1,-2.1,1.54));
#2018=CARTESIAN_POINT('',(-5.1,-2.1,1.54));
#2019=VECTOR('',#2625,3.84);
#2020=CARTESIAN_POINT('',(-5.1,-2.5,1.54));
#2021=CARTESIAN_POINT('',(-5.1,-2.5,1.54));
#2022=VECTOR('',#2626,0.4);
#2023=CARTESIAN_POINT('',(-5.1,-2.5,2.54));
#2024=CARTESIAN_POINT('',(-5.1,-2.5,2.54));
#2025=VECTOR('',#2627,1.0);
#2026=CARTESIAN_POINT('',(-5.1,0.0,2.54));
#2027=CARTESIAN_POINT('',(-5.1,0.0,2.54));
#2028=VECTOR('',#2628,2.5);
#2029=CARTESIAN_POINT('',(-5.1,0.0,-1.85));
#2030=CARTESIAN_POINT('',(-5.1,0.0,-1.85));
#2031=VECTOR('',#2629,4.39);
#2032=CARTESIAN_POINT('',(-5.1,-0.2,-1.85));
#2033=CARTESIAN_POINT('',(-5.1,-0.2,-1.85));
#2034=VECTOR('',#2630,0.2);
#2035=CARTESIAN_POINT('',(-5.1,-0.2,-2.45));
#2036=AXIS2_PLACEMENT_3D('',#2631,#2632,#2633);
#2037=CARTESIAN_POINT('',(-5.1,0.0,-2.45));
#2038=VECTOR('',#2634,0.2);
#2039=CARTESIAN_POINT('',(-1.27,0.0,-2.45));
#2040=CARTESIAN_POINT('',(-5.1,0.0,-2.45));
#2041=VECTOR('',#2635,3.83);
#2042=CARTESIAN_POINT('',(-1.27,0.0,-3.3));
#2043=CARTESIAN_POINT('',(-1.27,0.0,-2.45));
#2044=VECTOR('',#2636,0.85);
#2045=CARTESIAN_POINT('',(-5.1,0.0,-3.3));
#2046=VECTOR('',#2637,3.83);
#2047=CARTESIAN_POINT('',(5.1,0.0,-3.3));
#2048=CARTESIAN_POINT('',(5.1,0.0,-2.45));
#2049=CARTESIAN_POINT('',(5.1,0.0,-3.3));
#2050=VECTOR('',#2638,0.85);
#2051=CARTESIAN_POINT('',(3.81,0.0,-3.3));
#2052=CARTESIAN_POINT('',(3.81,0.0,-3.3));
#2053=VECTOR('',#2639,1.29);
#2054=CARTESIAN_POINT('',(3.81,0.0,-2.45));
#2055=CARTESIAN_POINT('',(3.81,0.0,-3.3));
#2056=VECTOR('',#2640,0.85);
#2057=CARTESIAN_POINT('',(3.81,0.0,-2.45));
#2058=VECTOR('',#2641,1.29);
#2059=CARTESIAN_POINT('',(-1.27,5.0,-3.3));
#2060=CARTESIAN_POINT('',(-1.27,5.0,-3.3));
#2061=VECTOR('',#2642,5.0);
#2062=CARTESIAN_POINT('',(3.81,5.0,-3.3));
#2063=CARTESIAN_POINT('',(-1.27,5.0,-3.3));
#2064=VECTOR('',#2643,5.08);
#2065=CARTESIAN_POINT('',(3.81,5.0,-3.3));
#2066=VECTOR('',#2644,5.0);
#2067=CARTESIAN_POINT('',(5.1,-2.5,-3.3));
#2068=CARTESIAN_POINT('',(5.1,-2.5,-3.3));
#2069=VECTOR('',#2645,2.5);
#2070=CARTESIAN_POINT('',(-5.1,-2.5,-3.3));
#2071=VECTOR('',#2646,10.2);
#2072=CARTESIAN_POINT('',(5.1,-2.5,-2.3));
#2073=CARTESIAN_POINT('',(5.1,-2.5,-2.3));
#2074=VECTOR('',#2647,1.0);
#2075=CARTESIAN_POINT('',(-5.1,-2.5,-2.3));
#2076=VECTOR('',#2648,10.2);
#2077=CARTESIAN_POINT('',(5.1,-2.1,-2.3));
#2078=CARTESIAN_POINT('',(5.1,-2.1,-2.3));
#2079=VECTOR('',#2649,0.4);
#2080=CARTESIAN_POINT('',(-5.1,-2.1,-2.3));
#2081=VECTOR('',#2650,10.2);
#2082=CARTESIAN_POINT('',(5.1,-2.1,1.54));
#2083=CARTESIAN_POINT('',(5.1,-2.1,1.54));
#2084=VECTOR('',#2651,3.84);
#2085=CARTESIAN_POINT('',(-5.1,-2.1,1.54));
#2086=VECTOR('',#2652,10.2);
#2087=CARTESIAN_POINT('',(3.485,-2.1,-0.325));
#2088=CARTESIAN_POINT('',(4.135,-2.1,-0.325));
#2089=CARTESIAN_POINT('',(3.485,-2.1,-0.325));
#2090=VECTOR('',#2653,0.65);
#2091=CARTESIAN_POINT('',(3.485,-2.1,0.325));
#2092=CARTESIAN_POINT('',(3.485,-2.1,-0.325));
#2093=VECTOR('',#2654,0.65);
#2094=CARTESIAN_POINT('',(4.135,-2.1,0.325));
#2095=CARTESIAN_POINT('',(3.485,-2.1,0.325));
#2096=VECTOR('',#2655,0.65);
#2097=CARTESIAN_POINT('',(4.135,-2.1,-0.325));
#2098=VECTOR('',#2656,0.65);
#2099=CARTESIAN_POINT('',(0.945,-2.1,-0.325));
#2100=CARTESIAN_POINT('',(1.595,-2.1,-0.325));
#2101=CARTESIAN_POINT('',(0.945,-2.1,-0.325));
#2102=VECTOR('',#2657,0.65);
#2103=CARTESIAN_POINT('',(0.945,-2.1,0.325));
#2104=CARTESIAN_POINT('',(0.945,-2.1,-0.325));
#2105=VECTOR('',#2658,0.65);
#2106=CARTESIAN_POINT('',(1.595,-2.1,0.325));
#2107=CARTESIAN_POINT('',(0.945,-2.1,0.325));
#2108=VECTOR('',#2659,0.65);
#2109=CARTESIAN_POINT('',(1.595,-2.1,-0.325));
#2110=VECTOR('',#2660,0.65);
#2111=CARTESIAN_POINT('',(-1.595,-2.1,-0.325));
#2112=CARTESIAN_POINT('',(-0.945,-2.1,-0.325));
#2113=CARTESIAN_POINT('',(-1.595,-2.1,-0.325));
#2114=VECTOR('',#2661,0.65);
#2115=CARTESIAN_POINT('',(-1.595,-2.1,0.325));
#2116=CARTESIAN_POINT('',(-1.595,-2.1,-0.325));
#2117=VECTOR('',#2662,0.65);
#2118=CARTESIAN_POINT('',(-0.945,-2.1,0.325));
#2119=CARTESIAN_POINT('',(-1.595,-2.1,0.325));
#2120=VECTOR('',#2663,0.65);
#2121=CARTESIAN_POINT('',(-0.945,-2.1,-0.325));
#2122=VECTOR('',#2664,0.65);
#2123=CARTESIAN_POINT('',(-4.135,-2.1,-0.325));
#2124=CARTESIAN_POINT('',(-3.485,-2.1,-0.325));
#2125=CARTESIAN_POINT('',(-4.135,-2.1,-0.325));
#2126=VECTOR('',#2665,0.65);
#2127=CARTESIAN_POINT('',(-4.135,-2.1,0.325));
#2128=CARTESIAN_POINT('',(-4.135,-2.1,-0.325));
#2129=VECTOR('',#2666,0.65);
#2130=CARTESIAN_POINT('',(-3.485,-2.1,0.325));
#2131=CARTESIAN_POINT('',(-4.135,-2.1,0.325));
#2132=VECTOR('',#2667,0.65);
#2133=CARTESIAN_POINT('',(-3.485,-2.1,-0.325));
#2134=VECTOR('',#2668,0.65);
#2135=CARTESIAN_POINT('',(5.1,-2.5,1.54));
#2136=CARTESIAN_POINT('',(5.1,-2.5,1.54));
#2137=VECTOR('',#2669,0.4);
#2138=CARTESIAN_POINT('',(-5.1,-2.5,1.54));
#2139=VECTOR('',#2670,10.2);
#2140=CARTESIAN_POINT('',(5.1,-2.5,2.54));
#2141=CARTESIAN_POINT('',(5.1,-2.5,2.54));
#2142=VECTOR('',#2671,1.0);
#2143=CARTESIAN_POINT('',(-5.1,-2.5,2.54));
#2144=VECTOR('',#2672,10.2);
#2145=CARTESIAN_POINT('',(-1.745,-2.5,2.16));
#2146=CARTESIAN_POINT('',(-0.795,-2.5,2.16));
#2147=AXIS2_PLACEMENT_3D('',#2673,#2674,#2675);
#2148=CARTESIAN_POINT('',(-1.745,-2.5,2.385));
#2149=CARTESIAN_POINT('',(-1.745,-2.5,2.385));
#2150=VECTOR('',#2676,0.225);
#2151=CARTESIAN_POINT('',(-0.795,-2.5,2.385));
#2152=CARTESIAN_POINT('',(-0.795,-2.5,2.385));
#2153=VECTOR('',#2677,0.95);
#2154=CARTESIAN_POINT('',(-0.795,-2.5,2.16));
#2155=VECTOR('',#2678,0.225);
#2156=CARTESIAN_POINT('',(5.1,0.0,2.54));
#2157=CARTESIAN_POINT('',(5.1,0.0,2.54));
#2158=VECTOR('',#2679,2.5);
#2159=CARTESIAN_POINT('',(-5.1,0.0,2.54));
#2160=VECTOR('',#2680,10.2);
#2161=CARTESIAN_POINT('',(5.1,0.0,-1.85));
#2162=CARTESIAN_POINT('',(5.1,0.0,-1.85));
#2163=VECTOR('',#2681,4.39);
#2164=CARTESIAN_POINT('',(-5.1,0.0,-1.85));
#2165=VECTOR('',#2682,10.2);
#2166=CARTESIAN_POINT('',(3.485,0.0,-0.325));
#2167=CARTESIAN_POINT('',(4.135,0.0,-0.325));
#2168=CARTESIAN_POINT('',(3.485,0.0,-0.325));
#2169=VECTOR('',#2683,0.65);
#2170=CARTESIAN_POINT('',(4.135,0.0,0.325));
#2171=CARTESIAN_POINT('',(4.135,0.0,-0.325));
#2172=VECTOR('',#2684,0.65);
#2173=CARTESIAN_POINT('',(3.485,0.0,0.325));
#2174=CARTESIAN_POINT('',(3.485,0.0,0.325));
#2175=VECTOR('',#2685,0.65);
#2176=CARTESIAN_POINT('',(3.485,0.0,-0.325));
#2177=VECTOR('',#2686,0.65);
#2178=CARTESIAN_POINT('',(0.945,0.0,-0.325));
#2179=CARTESIAN_POINT('',(1.595,0.0,-0.325));
#2180=CARTESIAN_POINT('',(0.945,0.0,-0.325));
#2181=VECTOR('',#2687,0.65);
#2182=CARTESIAN_POINT('',(1.595,0.0,0.325));
#2183=CARTESIAN_POINT('',(1.595,0.0,-0.325));
#2184=VECTOR('',#2688,0.65);
#2185=CARTESIAN_POINT('',(0.945,0.0,0.325));
#2186=CARTESIAN_POINT('',(0.945,0.0,0.325));
#2187=VECTOR('',#2689,0.65);
#2188=CARTESIAN_POINT('',(0.945,0.0,-0.325));
#2189=VECTOR('',#2690,0.65);
#2190=CARTESIAN_POINT('',(-1.595,0.0,-0.325));
#2191=CARTESIAN_POINT('',(-0.945,0.0,-0.325));
#2192=CARTESIAN_POINT('',(-1.595,0.0,-0.325));
#2193=VECTOR('',#2691,0.65);
#2194=CARTESIAN_POINT('',(-0.945,0.0,0.325));
#2195=CARTESIAN_POINT('',(-0.945,0.0,-0.325));
#2196=VECTOR('',#2692,0.65);
#2197=CARTESIAN_POINT('',(-1.595,0.0,0.325));
#2198=CARTESIAN_POINT('',(-1.595,0.0,0.325));
#2199=VECTOR('',#2693,0.65);
#2200=CARTESIAN_POINT('',(-1.595,0.0,-0.325));
#2201=VECTOR('',#2694,0.65);
#2202=CARTESIAN_POINT('',(-4.135,0.0,-0.325));
#2203=CARTESIAN_POINT('',(-3.485,0.0,-0.325));
#2204=CARTESIAN_POINT('',(-4.135,0.0,-0.325));
#2205=VECTOR('',#2695,0.65);
#2206=CARTESIAN_POINT('',(-3.485,0.0,0.325));
#2207=CARTESIAN_POINT('',(-3.485,0.0,-0.325));
#2208=VECTOR('',#2696,0.65);
#2209=CARTESIAN_POINT('',(-4.135,0.0,0.325));
#2210=CARTESIAN_POINT('',(-4.135,0.0,0.325));
#2211=VECTOR('',#2697,0.65);
#2212=CARTESIAN_POINT('',(-4.135,0.0,-0.325));
#2213=VECTOR('',#2698,0.65);
#2214=CARTESIAN_POINT('',(5.1,-0.2,-1.85));
#2215=CARTESIAN_POINT('',(5.1,-0.2,-1.85));
#2216=VECTOR('',#2699,0.2);
#2217=CARTESIAN_POINT('',(-5.1,-0.2,-1.85));
#2218=VECTOR('',#2700,10.2);
#2219=CARTESIAN_POINT('',(5.1,-0.2,-2.45));
#2220=AXIS2_PLACEMENT_3D('',#2701,#2702,#2703);
#2221=CARTESIAN_POINT('',(-5.1,-0.2,-2.45));
#2222=VECTOR('',#2704,10.2);
#2223=CARTESIAN_POINT('',(5.1,0.0,-2.45));
#2224=VECTOR('',#2705,0.2);
#2225=CARTESIAN_POINT('',(3.81,1.85,-2.45));
#2226=CARTESIAN_POINT('',(3.81,1.85,-2.45));
#2227=VECTOR('',#2706,1.85);
#2228=CARTESIAN_POINT('',(-1.27,1.85,-2.45));
#2229=CARTESIAN_POINT('',(-1.27,1.85,-2.45));
#2230=VECTOR('',#2707,5.08);
#2231=CARTESIAN_POINT('',(-1.27,1.85,-2.45));
#2232=VECTOR('',#2708,1.85);
#2233=CARTESIAN_POINT('',(-1.27,3.668653347947,-1.4));
#2234=CARTESIAN_POINT('',(-1.27,3.668653347947,-1.4));
#2235=VECTOR('',#2709,2.09999999999993);
#2236=CARTESIAN_POINT('',(-1.27,4.3,-1.4));
#2237=CARTESIAN_POINT('',(-1.27,4.3,-1.4));
#2238=VECTOR('',#2710,0.6313466520527);
#2239=CARTESIAN_POINT('',(-1.27,5.0,-2.1));
#2240=CARTESIAN_POINT('',(-1.27,5.0,-2.1));
#2241=VECTOR('',#2711,0.989949493661133);
#2242=CARTESIAN_POINT('',(-1.27,5.0,-3.3));
#2243=VECTOR('',#2712,1.2);
#2244=CARTESIAN_POINT('',(3.81,5.0,-2.1));
#2245=CARTESIAN_POINT('',(3.81,5.0,-3.3));
#2246=VECTOR('',#2713,1.2);
#2247=CARTESIAN_POINT('',(-1.27,5.0,-2.1));
#2248=VECTOR('',#2714,5.08);
#2249=CARTESIAN_POINT('',(3.81,4.3,-1.4));
#2250=CARTESIAN_POINT('',(3.81,5.0,-2.1));
#2251=VECTOR('',#2715,0.989949493661133);
#2252=CARTESIAN_POINT('',(3.81,3.668653347947,-1.4));
#2253=CARTESIAN_POINT('',(3.81,4.3,-1.4));
#2254=VECTOR('',#2716,0.6313466520527);
#2255=CARTESIAN_POINT('',(3.81,3.668653347947,-1.4));
#2256=VECTOR('',#2717,2.09999999999993);
#2257=CARTESIAN_POINT('',(-1.27,3.668653347947,-1.4));
#2258=VECTOR('',#2718,5.08);
#2259=CARTESIAN_POINT('',(-1.27,4.3,-1.4));
#2260=VECTOR('',#2719,5.08);
#2261=CARTESIAN_POINT('',(3.485,6.75,-0.325));
#2262=CARTESIAN_POINT('',(4.135,6.75,-0.325));
#2263=CARTESIAN_POINT('',(3.485,6.75,-0.325));
#2264=VECTOR('',#2720,0.65);
#2265=CARTESIAN_POINT('',(4.135,0.0,-0.325));
#2266=VECTOR('',#2721,6.75);
#2267=CARTESIAN_POINT('',(3.485,6.75,-0.325));
#2268=VECTOR('',#2722,6.75);
#2269=CARTESIAN_POINT('',(4.135,-5.25,-0.325));
#2270=CARTESIAN_POINT('',(3.485,-5.25,-0.325));
#2271=CARTESIAN_POINT('',(4.135,-5.25,-0.325));
#2272=VECTOR('',#2723,0.65);
#2273=CARTESIAN_POINT('',(3.485,-2.1,-0.325));
#2274=VECTOR('',#2724,3.15);
#2275=CARTESIAN_POINT('',(4.135,-5.25,-0.325));
#2276=VECTOR('',#2725,3.15);
#2277=CARTESIAN_POINT('',(3.685961894323,7.5,-0.1240381056767));
#2278=CARTESIAN_POINT('',(3.934038105677,7.5,-0.1240381056767));
#2279=CARTESIAN_POINT('',(3.685961894323,7.5,-0.1240381056767));
#2280=VECTOR('',#2726,0.2480762113533);
#2281=CARTESIAN_POINT('',(4.135,6.75,-0.325));
#2282=VECTOR('',#2727,0.802041997616065);
#2283=CARTESIAN_POINT('',(3.485,6.75,-0.325));
#2284=VECTOR('',#2728,0.802041997616065);
#2285=CARTESIAN_POINT('',(3.685961894323,7.5,0.1240381056767));
#2286=CARTESIAN_POINT('',(3.685961894323,7.5,0.1240381056767));
#2287=VECTOR('',#2729,0.2480762113533);
#2288=CARTESIAN_POINT('',(3.934038105677,7.5,0.1240381056767));
#2289=CARTESIAN_POINT('',(3.934038105677,7.5,0.1240381056767));
#2290=VECTOR('',#2730,0.2480762113533);
#2291=CARTESIAN_POINT('',(3.934038105677,7.5,0.1240381056767));
#2292=VECTOR('',#2731,0.2480762113533);
#2293=CARTESIAN_POINT('',(4.135,6.75,0.325));
#2294=CARTESIAN_POINT('',(4.135,6.75,0.325));
#2295=VECTOR('',#2732,0.802041997616065);
#2296=CARTESIAN_POINT('',(4.135,6.75,0.325));
#2297=VECTOR('',#2733,0.65);
#2298=CARTESIAN_POINT('',(3.485,6.75,0.325));
#2299=CARTESIAN_POINT('',(4.135,6.75,0.325));
#2300=VECTOR('',#2734,0.65);
#2301=CARTESIAN_POINT('',(3.485,6.75,0.325));
#2302=VECTOR('',#2735,0.802041997616065);
#2303=CARTESIAN_POINT('',(3.485,6.75,0.325));
#2304=VECTOR('',#2736,6.75);
#2305=CARTESIAN_POINT('',(4.135,0.0,0.325));
#2306=VECTOR('',#2737,6.75);
#2307=CARTESIAN_POINT('',(3.485,-5.25,0.325));
#2308=CARTESIAN_POINT('',(4.135,-5.25,0.325));
#2309=CARTESIAN_POINT('',(3.485,-5.25,0.325));
#2310=VECTOR('',#2738,0.65);
#2311=CARTESIAN_POINT('',(4.135,-5.25,0.325));
#2312=VECTOR('',#2739,3.15);
#2313=CARTESIAN_POINT('',(3.485,-2.1,0.325));
#2314=VECTOR('',#2740,3.15);
#2315=CARTESIAN_POINT('',(4.135,-5.25,0.325));
#2316=VECTOR('',#2741,0.65);
#2317=CARTESIAN_POINT('',(3.934038105677,-6.0,0.1240381056767));
#2318=CARTESIAN_POINT('',(3.934038105677,-6.0,-0.1240381056767));
#2319=CARTESIAN_POINT('',(3.934038105677,-6.0,0.1240381056767));
#2320=VECTOR('',#2742,0.2480762113533);
#2321=CARTESIAN_POINT('',(4.135,-5.25,-0.325));
#2322=VECTOR('',#2743,0.802041997616065);
#2323=CARTESIAN_POINT('',(3.934038105677,-6.0,0.1240381056767));
#2324=VECTOR('',#2744,0.802041997616065);
#2325=CARTESIAN_POINT('',(3.685961894323,-6.0,0.1240381056767));
#2326=CARTESIAN_POINT('',(3.685961894323,-6.0,0.1240381056767));
#2327=VECTOR('',#2745,0.2480762113533);
#2328=CARTESIAN_POINT('',(3.685961894323,-6.0,-0.1240381056767));
#2329=CARTESIAN_POINT('',(3.685961894323,-6.0,0.1240381056767));
#2330=VECTOR('',#2746,0.2480762113533);
#2331=CARTESIAN_POINT('',(3.934038105677,-6.0,-0.1240381056767));
#2332=VECTOR('',#2747,0.2480762113533);
#2333=CARTESIAN_POINT('',(3.485,-5.25,-0.325));
#2334=VECTOR('',#2748,0.802041997616065);
#2335=CARTESIAN_POINT('',(3.485,-5.25,0.325));
#2336=VECTOR('',#2749,0.802041997616065);
#2337=CARTESIAN_POINT('',(3.485,-5.25,0.325));
#2338=VECTOR('',#2750,0.65);
#2339=CARTESIAN_POINT('',(3.485,6.75,0.325));
#2340=VECTOR('',#2751,0.65);
#2341=CARTESIAN_POINT('',(0.945,6.75,-0.325));
#2342=CARTESIAN_POINT('',(1.595,6.75,-0.325));
#2343=CARTESIAN_POINT('',(0.945,6.75,-0.325));
#2344=VECTOR('',#2752,0.65);
#2345=CARTESIAN_POINT('',(1.595,0.0,-0.325));
#2346=VECTOR('',#2753,6.75);
#2347=CARTESIAN_POINT('',(0.945,6.75,-0.325));
#2348=VECTOR('',#2754,6.75);
#2349=CARTESIAN_POINT('',(1.595,-5.25,-0.325));
#2350=CARTESIAN_POINT('',(0.945,-5.25,-0.325));
#2351=CARTESIAN_POINT('',(1.595,-5.25,-0.325));
#2352=VECTOR('',#2755,0.65);
#2353=CARTESIAN_POINT('',(0.945,-2.1,-0.325));
#2354=VECTOR('',#2756,3.15);
#2355=CARTESIAN_POINT('',(1.595,-5.25,-0.325));
#2356=VECTOR('',#2757,3.15);
#2357=CARTESIAN_POINT('',(1.145961894323,7.5,-0.1240381056767));
#2358=CARTESIAN_POINT('',(1.394038105677,7.5,-0.1240381056767));
#2359=CARTESIAN_POINT('',(1.145961894323,7.5,-0.1240381056767));
#2360=VECTOR('',#2758,0.2480762113533);
#2361=CARTESIAN_POINT('',(1.595,6.75,-0.325));
#2362=VECTOR('',#2759,0.802041997616065);
#2363=CARTESIAN_POINT('',(0.945,6.75,-0.325));
#2364=VECTOR('',#2760,0.802041997616065);
#2365=CARTESIAN_POINT('',(1.145961894323,7.5,0.1240381056767));
#2366=CARTESIAN_POINT('',(1.145961894323,7.5,0.1240381056767));
#2367=VECTOR('',#2761,0.2480762113533);
#2368=CARTESIAN_POINT('',(1.394038105677,7.5,0.1240381056767));
#2369=CARTESIAN_POINT('',(1.394038105677,7.5,0.1240381056767));
#2370=VECTOR('',#2762,0.2480762113533);
#2371=CARTESIAN_POINT('',(1.394038105677,7.5,0.1240381056767));
#2372=VECTOR('',#2763,0.2480762113533);
#2373=CARTESIAN_POINT('',(1.595,6.75,0.325));
#2374=CARTESIAN_POINT('',(1.595,6.75,0.325));
#2375=VECTOR('',#2764,0.802041997616065);
#2376=CARTESIAN_POINT('',(1.595,6.75,0.325));
#2377=VECTOR('',#2765,0.65);
#2378=CARTESIAN_POINT('',(0.945,6.75,0.325));
#2379=CARTESIAN_POINT('',(1.595,6.75,0.325));
#2380=VECTOR('',#2766,0.65);
#2381=CARTESIAN_POINT('',(0.945,6.75,0.325));
#2382=VECTOR('',#2767,0.802041997616065);
#2383=CARTESIAN_POINT('',(0.945,6.75,0.325));
#2384=VECTOR('',#2768,6.75);
#2385=CARTESIAN_POINT('',(1.595,0.0,0.325));
#2386=VECTOR('',#2769,6.75);
#2387=CARTESIAN_POINT('',(0.945,-5.25,0.325));
#2388=CARTESIAN_POINT('',(1.595,-5.25,0.325));
#2389=CARTESIAN_POINT('',(0.945,-5.25,0.325));
#2390=VECTOR('',#2770,0.65);
#2391=CARTESIAN_POINT('',(1.595,-5.25,0.325));
#2392=VECTOR('',#2771,3.15);
#2393=CARTESIAN_POINT('',(0.945,-2.1,0.325));
#2394=VECTOR('',#2772,3.15);
#2395=CARTESIAN_POINT('',(1.595,-5.25,0.325));
#2396=VECTOR('',#2773,0.65);
#2397=CARTESIAN_POINT('',(1.394038105677,-6.0,0.1240381056767));
#2398=CARTESIAN_POINT('',(1.394038105677,-6.0,-0.1240381056767));
#2399=CARTESIAN_POINT('',(1.394038105677,-6.0,0.1240381056767));
#2400=VECTOR('',#2774,0.2480762113533);
#2401=CARTESIAN_POINT('',(1.595,-5.25,-0.325));
#2402=VECTOR('',#2775,0.802041997616065);
#2403=CARTESIAN_POINT('',(1.394038105677,-6.0,0.1240381056767));
#2404=VECTOR('',#2776,0.802041997616065);
#2405=CARTESIAN_POINT('',(1.145961894323,-6.0,0.1240381056767));
#2406=CARTESIAN_POINT('',(1.145961894323,-6.0,0.1240381056767));
#2407=VECTOR('',#2777,0.2480762113533);
#2408=CARTESIAN_POINT('',(1.145961894323,-6.0,-0.1240381056767));
#2409=CARTESIAN_POINT('',(1.145961894323,-6.0,0.1240381056767));
#2410=VECTOR('',#2778,0.2480762113533);
#2411=CARTESIAN_POINT('',(1.394038105677,-6.0,-0.1240381056767));
#2412=VECTOR('',#2779,0.2480762113533);
#2413=CARTESIAN_POINT('',(0.945,-5.25,-0.325));
#2414=VECTOR('',#2780,0.802041997616065);
#2415=CARTESIAN_POINT('',(0.945,-5.25,0.325));
#2416=VECTOR('',#2781,0.802041997616065);
#2417=CARTESIAN_POINT('',(0.945,-5.25,0.325));
#2418=VECTOR('',#2782,0.65);
#2419=CARTESIAN_POINT('',(0.945,6.75,0.325));
#2420=VECTOR('',#2783,0.65);
#2421=CARTESIAN_POINT('',(-1.595,6.75,-0.325));
#2422=CARTESIAN_POINT('',(-0.945,6.75,-0.325));
#2423=CARTESIAN_POINT('',(-1.595,6.75,-0.325));
#2424=VECTOR('',#2784,0.65);
#2425=CARTESIAN_POINT('',(-0.945,0.0,-0.325));
#2426=VECTOR('',#2785,6.75);
#2427=CARTESIAN_POINT('',(-1.595,6.75,-0.325));
#2428=VECTOR('',#2786,6.75);
#2429=CARTESIAN_POINT('',(-0.945,-5.25,-0.325));
#2430=CARTESIAN_POINT('',(-1.595,-5.25,-0.325));
#2431=CARTESIAN_POINT('',(-0.945,-5.25,-0.325));
#2432=VECTOR('',#2787,0.65);
#2433=CARTESIAN_POINT('',(-1.595,-2.1,-0.325));
#2434=VECTOR('',#2788,3.15);
#2435=CARTESIAN_POINT('',(-0.945,-5.25,-0.325));
#2436=VECTOR('',#2789,3.15);
#2437=CARTESIAN_POINT('',(-1.394038105677,7.5,-0.1240381056767));
#2438=CARTESIAN_POINT('',(-1.145961894323,7.5,-0.1240381056767));
#2439=CARTESIAN_POINT('',(-1.394038105677,7.5,-0.1240381056767));
#2440=VECTOR('',#2790,0.2480762113533);
#2441=CARTESIAN_POINT('',(-0.945,6.75,-0.325));
#2442=VECTOR('',#2791,0.802041997616065);
#2443=CARTESIAN_POINT('',(-1.595,6.75,-0.325));
#2444=VECTOR('',#2792,0.802041997616065);
#2445=CARTESIAN_POINT('',(-1.394038105677,7.5,0.1240381056767));
#2446=CARTESIAN_POINT('',(-1.394038105677,7.5,0.1240381056767));
#2447=VECTOR('',#2793,0.2480762113533);
#2448=CARTESIAN_POINT('',(-1.145961894323,7.5,0.1240381056767));
#2449=CARTESIAN_POINT('',(-1.145961894323,7.5,0.1240381056767));
#2450=VECTOR('',#2794,0.2480762113533);
#2451=CARTESIAN_POINT('',(-1.145961894323,7.5,0.1240381056767));
#2452=VECTOR('',#2795,0.2480762113533);
#2453=CARTESIAN_POINT('',(-0.945,6.75,0.325));
#2454=CARTESIAN_POINT('',(-0.945,6.75,0.325));
#2455=VECTOR('',#2796,0.802041997616065);
#2456=CARTESIAN_POINT('',(-0.945,6.75,0.325));
#2457=VECTOR('',#2797,0.65);
#2458=CARTESIAN_POINT('',(-1.595,6.75,0.325));
#2459=CARTESIAN_POINT('',(-0.945,6.75,0.325));
#2460=VECTOR('',#2798,0.65);
#2461=CARTESIAN_POINT('',(-1.595,6.75,0.325));
#2462=VECTOR('',#2799,0.802041997616065);
#2463=CARTESIAN_POINT('',(-1.595,6.75,0.325));
#2464=VECTOR('',#2800,6.75);
#2465=CARTESIAN_POINT('',(-0.945,0.0,0.325));
#2466=VECTOR('',#2801,6.75);
#2467=CARTESIAN_POINT('',(-1.595,-5.25,0.325));
#2468=CARTESIAN_POINT('',(-0.945,-5.25,0.325));
#2469=CARTESIAN_POINT('',(-1.595,-5.25,0.325));
#2470=VECTOR('',#2802,0.65);
#2471=CARTESIAN_POINT('',(-0.945,-5.25,0.325));
#2472=VECTOR('',#2803,3.15);
#2473=CARTESIAN_POINT('',(-1.595,-2.1,0.325));
#2474=VECTOR('',#2804,3.15);
#2475=CARTESIAN_POINT('',(-0.945,-5.25,0.325));
#2476=VECTOR('',#2805,0.65);
#2477=CARTESIAN_POINT('',(-1.145961894323,-6.0,0.1240381056767));
#2478=CARTESIAN_POINT('',(-1.145961894323,-6.0,-0.1240381056767));
#2479=CARTESIAN_POINT('',(-1.145961894323,-6.0,0.1240381056767));
#2480=VECTOR('',#2806,0.2480762113533);
#2481=CARTESIAN_POINT('',(-0.945,-5.25,-0.325));
#2482=VECTOR('',#2807,0.802041997616065);
#2483=CARTESIAN_POINT('',(-1.145961894323,-6.0,0.1240381056767));
#2484=VECTOR('',#2808,0.802041997616065);
#2485=CARTESIAN_POINT('',(-1.394038105677,-6.0,0.1240381056767));
#2486=CARTESIAN_POINT('',(-1.394038105677,-6.0,0.1240381056767));
#2487=VECTOR('',#2809,0.2480762113533);
#2488=CARTESIAN_POINT('',(-1.394038105677,-6.0,-0.1240381056767));
#2489=CARTESIAN_POINT('',(-1.394038105677,-6.0,0.1240381056767));
#2490=VECTOR('',#2810,0.2480762113533);
#2491=CARTESIAN_POINT('',(-1.145961894323,-6.0,-0.1240381056767));
#2492=VECTOR('',#2811,0.2480762113533);
#2493=CARTESIAN_POINT('',(-1.595,-5.25,-0.325));
#2494=VECTOR('',#2812,0.802041997616065);
#2495=CARTESIAN_POINT('',(-1.595,-5.25,0.325));
#2496=VECTOR('',#2813,0.802041997616065);
#2497=CARTESIAN_POINT('',(-1.595,-5.25,0.325));
#2498=VECTOR('',#2814,0.65);
#2499=CARTESIAN_POINT('',(-1.595,6.75,0.325));
#2500=VECTOR('',#2815,0.65);
#2501=CARTESIAN_POINT('',(-4.135,6.75,-0.325));
#2502=CARTESIAN_POINT('',(-3.485,6.75,-0.325));
#2503=CARTESIAN_POINT('',(-4.135,6.75,-0.325));
#2504=VECTOR('',#2816,0.65);
#2505=CARTESIAN_POINT('',(-3.485,0.0,-0.325));
#2506=VECTOR('',#2817,6.75);
#2507=CARTESIAN_POINT('',(-4.135,6.75,-0.325));
#2508=VECTOR('',#2818,6.75);
#2509=CARTESIAN_POINT('',(-3.485,-5.25,-0.325));
#2510=CARTESIAN_POINT('',(-4.135,-5.25,-0.325));
#2511=CARTESIAN_POINT('',(-3.485,-5.25,-0.325));
#2512=VECTOR('',#2819,0.65);
#2513=CARTESIAN_POINT('',(-4.135,-2.1,-0.325));
#2514=VECTOR('',#2820,3.15);
#2515=CARTESIAN_POINT('',(-3.485,-5.25,-0.325));
#2516=VECTOR('',#2821,3.15);
#2517=CARTESIAN_POINT('',(-3.934038105677,7.5,-0.1240381056767));
#2518=CARTESIAN_POINT('',(-3.685961894323,7.5,-0.1240381056767));
#2519=CARTESIAN_POINT('',(-3.934038105677,7.5,-0.1240381056767));
#2520=VECTOR('',#2822,0.2480762113533);
#2521=CARTESIAN_POINT('',(-3.485,6.75,-0.325));
#2522=VECTOR('',#2823,0.802041997616065);
#2523=CARTESIAN_POINT('',(-4.135,6.75,-0.325));
#2524=VECTOR('',#2824,0.802041997616065);
#2525=CARTESIAN_POINT('',(-3.934038105677,7.5,0.1240381056767));
#2526=CARTESIAN_POINT('',(-3.934038105677,7.5,0.1240381056767));
#2527=VECTOR('',#2825,0.2480762113533);
#2528=CARTESIAN_POINT('',(-3.685961894323,7.5,0.1240381056767));
#2529=CARTESIAN_POINT('',(-3.685961894323,7.5,0.1240381056767));
#2530=VECTOR('',#2826,0.2480762113533);
#2531=CARTESIAN_POINT('',(-3.685961894323,7.5,0.1240381056767));
#2532=VECTOR('',#2827,0.2480762113533);
#2533=CARTESIAN_POINT('',(-3.485,6.75,0.325));
#2534=CARTESIAN_POINT('',(-3.485,6.75,0.325));
#2535=VECTOR('',#2828,0.802041997616065);
#2536=CARTESIAN_POINT('',(-3.485,6.75,0.325));
#2537=VECTOR('',#2829,0.65);
#2538=CARTESIAN_POINT('',(-4.135,6.75,0.325));
#2539=CARTESIAN_POINT('',(-3.485,6.75,0.325));
#2540=VECTOR('',#2830,0.65);
#2541=CARTESIAN_POINT('',(-4.135,6.75,0.325));
#2542=VECTOR('',#2831,0.802041997616065);
#2543=CARTESIAN_POINT('',(-4.135,6.75,0.325));
#2544=VECTOR('',#2832,6.75);
#2545=CARTESIAN_POINT('',(-3.485,0.0,0.325));
#2546=VECTOR('',#2833,6.75);
#2547=CARTESIAN_POINT('',(-4.135,-5.25,0.325));
#2548=CARTESIAN_POINT('',(-3.485,-5.25,0.325));
#2549=CARTESIAN_POINT('',(-4.135,-5.25,0.325));
#2550=VECTOR('',#2834,0.65);
#2551=CARTESIAN_POINT('',(-3.485,-5.25,0.325));
#2552=VECTOR('',#2835,3.15);
#2553=CARTESIAN_POINT('',(-4.135,-2.1,0.325));
#2554=VECTOR('',#2836,3.15);
#2555=CARTESIAN_POINT('',(-3.485,-5.25,0.325));
#2556=VECTOR('',#2837,0.65);
#2557=CARTESIAN_POINT('',(-3.685961894323,-6.0,0.1240381056767));
#2558=CARTESIAN_POINT('',(-3.685961894323,-6.0,-0.1240381056767));
#2559=CARTESIAN_POINT('',(-3.685961894323,-6.0,0.1240381056767));
#2560=VECTOR('',#2838,0.2480762113533);
#2561=CARTESIAN_POINT('',(-3.485,-5.25,-0.325));
#2562=VECTOR('',#2839,0.802041997616065);
#2563=CARTESIAN_POINT('',(-3.685961894323,-6.0,0.1240381056767));
#2564=VECTOR('',#2840,0.802041997616065);
#2565=CARTESIAN_POINT('',(-3.934038105677,-6.0,0.1240381056767));
#2566=CARTESIAN_POINT('',(-3.934038105677,-6.0,0.1240381056767));
#2567=VECTOR('',#2841,0.2480762113533);
#2568=CARTESIAN_POINT('',(-3.934038105677,-6.0,-0.1240381056767));
#2569=CARTESIAN_POINT('',(-3.934038105677,-6.0,0.1240381056767));
#2570=VECTOR('',#2842,0.2480762113533);
#2571=CARTESIAN_POINT('',(-3.685961894323,-6.0,-0.1240381056767));
#2572=VECTOR('',#2843,0.2480762113533);
#2573=CARTESIAN_POINT('',(-4.135,-5.25,-0.325));
#2574=VECTOR('',#2844,0.802041997616065);
#2575=CARTESIAN_POINT('',(-4.135,-5.25,0.325));
#2576=VECTOR('',#2845,0.802041997616065);
#2577=CARTESIAN_POINT('',(-4.135,-5.25,0.325));
#2578=VECTOR('',#2846,0.65);
#2579=CARTESIAN_POINT('',(-4.135,6.75,0.325));
#2580=VECTOR('',#2847,0.65);
#2581=CARTESIAN_POINT('',(-1.745,-2.5,2.16));
#2582=VECTOR('',#2848,2.04999786114209);
#2583=CARTESIAN_POINT('',(-0.795000108886315,-4.54999170600476,2.16000000243489));
#2584=CARTESIAN_POINT('',(-0.795,-2.5,2.16));
#2585=VECTOR('',#2849,2.04999786123009);
#2586=AXIS2_PLACEMENT_3D('',#2850,#2851,#2852);
#2587=CARTESIAN_POINT('',(-1.04500388533173,-4.79999989627529,2.1600000015379));
#2588=CARTESIAN_POINT('',(-1.045001351334,-4.799998649197,2.160000001538));
#2589=VECTOR('',#2853,0.353553390376008);
#2590=AXIS2_PLACEMENT_3D('',#2854,#2855,#2856);
#2591=CARTESIAN_POINT('',(-1.045,-4.8,2.385));
#2592=CARTESIAN_POINT('',(-1.045001351334,-4.799998649197,2.160000001538));
#2593=VECTOR('',#2857,0.22499999847019);
#2594=CARTESIAN_POINT('',(-1.495,-4.8,2.385));
#2595=CARTESIAN_POINT('',(-1.045,-4.8,2.385));
#2596=VECTOR('',#2858,0.45);
#2597=CARTESIAN_POINT('',(-1.495,-4.8,2.385));
#2598=VECTOR('',#2859,0.22499999713389);
#2599=CARTESIAN_POINT('',(-0.795,-4.55,2.385));
#2600=CARTESIAN_POINT('',(-1.045,-4.8,2.385));
#2601=VECTOR('',#2860,0.353553390593276);
#2602=CARTESIAN_POINT('',(-0.795,-4.55,2.21625));
#2603=VECTOR('',#2861,10.0);
#2604=CARTESIAN_POINT('',(-0.795,-2.5,2.385));
#2605=VECTOR('',#2862,2.05);
#2606=CARTESIAN_POINT('',(-1.745,-4.55,2.385));
#2607=CARTESIAN_POINT('',(-1.745,-2.5,2.385));
#2608=VECTOR('',#2863,2.05);
#2609=CARTESIAN_POINT('',(-1.745,-4.55,2.385));
#2610=VECTOR('',#2864,0.353553390593276);
#2611=CARTESIAN_POINT('',(-1.745,-4.55,2.32875));
#2612=VECTOR('',#2865,10.0);
#2613=DIRECTION('',(0.0,0.707119519063531,-0.707094043080099));
#2614=CARTESIAN_POINT('',(-1.27,-4.8,2.16));
#2615=DIRECTION('',(0.0,-1.0,0.0));
#2616=DIRECTION('',(0.0,0.0,-1.0));
#2617=DIRECTION('',(-0.707104552034484,0.707109010331584,4.74214648703389E-09));
#2618=CARTESIAN_POINT('',(-1.27,-4.54998288616288,2.16));
#2619=DIRECTION('',(0.0,-1.0,0.0));
#2620=DIRECTION('',(1.0,0.0,0.0));
#2621=DIRECTION('',(0.0,0.0,1.0));
#2622=DIRECTION('',(0.0,1.0,0.0));
#2623=DIRECTION('',(0.0,0.0,-1.0));
#2624=DIRECTION('',(0.0,-1.0,0.0));
#2625=DIRECTION('',(0.0,0.0,-1.0));
#2626=DIRECTION('',(0.0,1.0,0.0));
#2627=DIRECTION('',(0.0,0.0,-1.0));
#2628=DIRECTION('',(0.0,-1.0,0.0));
#2629=DIRECTION('',(0.0,0.0,1.0));
#2630=DIRECTION('',(0.0,1.0,0.0));
#2631=CARTESIAN_POINT('',(-5.1,-0.2,-2.15));
#2632=DIRECTION('',(-1.0,0.0,0.0));
#2633=DIRECTION('',(0.0,1.091719307548E-14,-1.0));
#2634=DIRECTION('',(0.0,-1.0,0.0));
#2635=DIRECTION('',(1.0,0.0,0.0));
#2636=DIRECTION('',(0.0,0.0,-1.0));
#2637=DIRECTION('',(1.0,0.0,0.0));
#2638=DIRECTION('',(0.0,0.0,1.0));
#2639=DIRECTION('',(1.0,0.0,0.0));
#2640=DIRECTION('',(0.0,0.0,1.0));
#2641=DIRECTION('',(1.0,0.0,0.0));
#2642=DIRECTION('',(0.0,-1.0,0.0));
#2643=DIRECTION('',(1.0,0.0,0.0));
#2644=DIRECTION('',(0.0,-1.0,0.0));
#2645=DIRECTION('',(0.0,1.0,0.0));
#2646=DIRECTION('',(1.0,0.0,0.0));
#2647=DIRECTION('',(0.0,0.0,-1.0));
#2648=DIRECTION('',(1.0,0.0,0.0));
#2649=DIRECTION('',(0.0,-1.0,0.0));
#2650=DIRECTION('',(1.0,0.0,0.0));
#2651=DIRECTION('',(0.0,0.0,-1.0));
#2652=DIRECTION('',(1.0,0.0,0.0));
#2653=DIRECTION('',(1.0,0.0,0.0));
#2654=DIRECTION('',(0.0,0.0,1.0));
#2655=DIRECTION('',(1.0,0.0,0.0));
#2656=DIRECTION('',(0.0,0.0,1.0));
#2657=DIRECTION('',(1.0,0.0,0.0));
#2658=DIRECTION('',(0.0,0.0,1.0));
#2659=DIRECTION('',(1.0,0.0,0.0));
#2660=DIRECTION('',(0.0,0.0,1.0));
#2661=DIRECTION('',(1.0,0.0,0.0));
#2662=DIRECTION('',(0.0,0.0,1.0));
#2663=DIRECTION('',(1.0,0.0,0.0));
#2664=DIRECTION('',(0.0,0.0,1.0));
#2665=DIRECTION('',(1.0,0.0,0.0));
#2666=DIRECTION('',(0.0,0.0,1.0));
#2667=DIRECTION('',(1.0,0.0,0.0));
#2668=DIRECTION('',(0.0,0.0,1.0));
#2669=DIRECTION('',(0.0,1.0,0.0));
#2670=DIRECTION('',(1.0,0.0,0.0));
#2671=DIRECTION('',(0.0,0.0,-1.0));
#2672=DIRECTION('',(1.0,0.0,0.0));
#2673=CARTESIAN_POINT('',(-1.27,-2.5,2.16));
#2674=DIRECTION('',(0.0,-1.0,0.0));
#2675=DIRECTION('',(-1.0,0.0,0.0));
#2676=DIRECTION('',(0.0,0.0,-1.0));
#2677=DIRECTION('',(-1.0,0.0,0.0));
#2678=DIRECTION('',(0.0,0.0,1.0));
#2679=DIRECTION('',(0.0,-1.0,0.0));
#2680=DIRECTION('',(1.0,0.0,0.0));
#2681=DIRECTION('',(0.0,0.0,1.0));
#2682=DIRECTION('',(1.0,0.0,0.0));
#2683=DIRECTION('',(1.0,0.0,0.0));
#2684=DIRECTION('',(0.0,0.0,1.0));
#2685=DIRECTION('',(1.0,0.0,0.0));
#2686=DIRECTION('',(0.0,0.0,1.0));
#2687=DIRECTION('',(1.0,0.0,0.0));
#2688=DIRECTION('',(0.0,0.0,1.0));
#2689=DIRECTION('',(1.0,0.0,0.0));
#2690=DIRECTION('',(0.0,0.0,1.0));
#2691=DIRECTION('',(1.0,0.0,0.0));
#2692=DIRECTION('',(0.0,0.0,1.0));
#2693=DIRECTION('',(1.0,0.0,0.0));
#2694=DIRECTION('',(0.0,0.0,1.0));
#2695=DIRECTION('',(1.0,0.0,0.0));
#2696=DIRECTION('',(0.0,0.0,1.0));
#2697=DIRECTION('',(1.0,0.0,0.0));
#2698=DIRECTION('',(0.0,0.0,1.0));
#2699=DIRECTION('',(0.0,1.0,0.0));
#2700=DIRECTION('',(1.0,0.0,0.0));
#2701=CARTESIAN_POINT('',(5.1,-0.2,-2.15));
#2702=DIRECTION('',(-1.0,0.0,0.0));
#2703=DIRECTION('',(0.0,1.091719307548E-14,-1.0));
#2704=DIRECTION('',(1.0,0.0,0.0));
#2705=DIRECTION('',(0.0,-1.0,0.0));
#2706=DIRECTION('',(0.0,-1.0,0.0));
#2707=DIRECTION('',(1.0,0.0,0.0));
#2708=DIRECTION('',(0.0,-1.0,0.0));
#2709=DIRECTION('',(0.0,-0.866025403784429,-0.500000000000017));
#2710=DIRECTION('',(0.0,-1.0,0.0));
#2711=DIRECTION('',(0.0,-0.707106781186548,0.707106781186548));
#2712=DIRECTION('',(0.0,0.0,1.0));
#2713=DIRECTION('',(0.0,0.0,1.0));
#2714=DIRECTION('',(1.0,0.0,0.0));
#2715=DIRECTION('',(0.0,-0.707106781186548,0.707106781186548));
#2716=DIRECTION('',(0.0,-1.0,0.0));
#2717=DIRECTION('',(0.0,-0.866025403784429,-0.500000000000017));
#2718=DIRECTION('',(1.0,0.0,0.0));
#2719=DIRECTION('',(1.0,0.0,0.0));
#2720=DIRECTION('',(1.0,0.0,0.0));
#2721=DIRECTION('',(0.0,1.0,0.0));
#2722=DIRECTION('',(0.0,-1.0,0.0));
#2723=DIRECTION('',(-1.0,0.0,0.0));
#2724=DIRECTION('',(0.0,-1.0,0.0));
#2725=DIRECTION('',(0.0,1.0,0.0));
#2726=DIRECTION('',(1.0,0.0,0.0));
#2727=DIRECTION('',(-0.250562807085711,0.93511312653104,0.250562807085711));
#2728=DIRECTION('',(0.250562807085711,0.93511312653104,0.250562807085711));
#2729=DIRECTION('',(0.0,0.0,-1.0));
#2730=DIRECTION('',(-1.0,0.0,0.0));
#2731=DIRECTION('',(0.0,0.0,-1.0));
#2732=DIRECTION('',(-0.250562807085711,0.93511312653104,-0.250562807085711));
#2733=DIRECTION('',(0.0,0.0,-1.0));
#2734=DIRECTION('',(-1.0,0.0,0.0));
#2735=DIRECTION('',(0.250562807085711,0.93511312653104,-0.250562807085711));
#2736=DIRECTION('',(0.0,-1.0,0.0));
#2737=DIRECTION('',(0.0,1.0,0.0));
#2738=DIRECTION('',(1.0,0.0,0.0));
#2739=DIRECTION('',(0.0,1.0,0.0));
#2740=DIRECTION('',(0.0,-1.0,0.0));
#2741=DIRECTION('',(0.0,0.0,-1.0));
#2742=DIRECTION('',(0.0,0.0,-1.0));
#2743=DIRECTION('',(-0.250562807085711,-0.93511312653104,0.250562807085711));
#2744=DIRECTION('',(0.250562807085711,0.93511312653104,0.250562807085711));
#2745=DIRECTION('',(1.0,0.0,0.0));
#2746=DIRECTION('',(0.0,0.0,-1.0));
#2747=DIRECTION('',(-1.0,0.0,0.0));
#2748=DIRECTION('',(0.250562807085711,-0.93511312653104,0.250562807085711));
#2749=DIRECTION('',(0.250562807085711,-0.93511312653104,-0.250562807085711));
#2750=DIRECTION('',(0.0,0.0,-1.0));
#2751=DIRECTION('',(0.0,0.0,-1.0));
#2752=DIRECTION('',(1.0,0.0,0.0));
#2753=DIRECTION('',(0.0,1.0,0.0));
#2754=DIRECTION('',(0.0,-1.0,0.0));
#2755=DIRECTION('',(-1.0,0.0,0.0));
#2756=DIRECTION('',(0.0,-1.0,0.0));
#2757=DIRECTION('',(0.0,1.0,0.0));
#2758=DIRECTION('',(1.0,0.0,0.0));
#2759=DIRECTION('',(-0.250562807085711,0.93511312653104,0.250562807085711));
#2760=DIRECTION('',(0.250562807085711,0.93511312653104,0.250562807085711));
#2761=DIRECTION('',(0.0,0.0,-1.0));
#2762=DIRECTION('',(-1.0,0.0,0.0));
#2763=DIRECTION('',(0.0,0.0,-1.0));
#2764=DIRECTION('',(-0.250562807085711,0.93511312653104,-0.250562807085711));
#2765=DIRECTION('',(0.0,0.0,-1.0));
#2766=DIRECTION('',(-1.0,0.0,0.0));
#2767=DIRECTION('',(0.250562807085711,0.93511312653104,-0.250562807085711));
#2768=DIRECTION('',(0.0,-1.0,0.0));
#2769=DIRECTION('',(0.0,1.0,0.0));
#2770=DIRECTION('',(1.0,0.0,0.0));
#2771=DIRECTION('',(0.0,1.0,0.0));
#2772=DIRECTION('',(0.0,-1.0,0.0));
#2773=DIRECTION('',(0.0,0.0,-1.0));
#2774=DIRECTION('',(0.0,0.0,-1.0));
#2775=DIRECTION('',(-0.250562807085711,-0.93511312653104,0.250562807085711));
#2776=DIRECTION('',(0.250562807085711,0.93511312653104,0.250562807085711));
#2777=DIRECTION('',(1.0,0.0,0.0));
#2778=DIRECTION('',(0.0,0.0,-1.0));
#2779=DIRECTION('',(-1.0,0.0,0.0));
#2780=DIRECTION('',(0.250562807085711,-0.93511312653104,0.250562807085711));
#2781=DIRECTION('',(0.250562807085711,-0.93511312653104,-0.250562807085711));
#2782=DIRECTION('',(0.0,0.0,-1.0));
#2783=DIRECTION('',(0.0,0.0,-1.0));
#2784=DIRECTION('',(1.0,0.0,0.0));
#2785=DIRECTION('',(0.0,1.0,0.0));
#2786=DIRECTION('',(0.0,-1.0,0.0));
#2787=DIRECTION('',(-1.0,0.0,0.0));
#2788=DIRECTION('',(0.0,-1.0,0.0));
#2789=DIRECTION('',(0.0,1.0,0.0));
#2790=DIRECTION('',(1.0,0.0,0.0));
#2791=DIRECTION('',(-0.250562807085711,0.93511312653104,0.250562807085711));
#2792=DIRECTION('',(0.250562807085711,0.93511312653104,0.250562807085711));
#2793=DIRECTION('',(0.0,0.0,-1.0));
#2794=DIRECTION('',(-1.0,0.0,0.0));
#2795=DIRECTION('',(0.0,0.0,-1.0));
#2796=DIRECTION('',(-0.250562807085711,0.93511312653104,-0.250562807085711));
#2797=DIRECTION('',(0.0,0.0,-1.0));
#2798=DIRECTION('',(-1.0,0.0,0.0));
#2799=DIRECTION('',(0.250562807085711,0.93511312653104,-0.250562807085711));
#2800=DIRECTION('',(0.0,-1.0,0.0));
#2801=DIRECTION('',(0.0,1.0,0.0));
#2802=DIRECTION('',(1.0,0.0,0.0));
#2803=DIRECTION('',(0.0,1.0,0.0));
#2804=DIRECTION('',(0.0,-1.0,0.0));
#2805=DIRECTION('',(0.0,0.0,-1.0));
#2806=DIRECTION('',(0.0,0.0,-1.0));
#2807=DIRECTION('',(-0.250562807085711,-0.93511312653104,0.250562807085711));
#2808=DIRECTION('',(0.250562807085711,0.93511312653104,0.250562807085711));
#2809=DIRECTION('',(1.0,0.0,0.0));
#2810=DIRECTION('',(0.0,0.0,-1.0));
#2811=DIRECTION('',(-1.0,0.0,0.0));
#2812=DIRECTION('',(0.250562807085711,-0.93511312653104,0.250562807085711));
#2813=DIRECTION('',(0.250562807085711,-0.93511312653104,-0.250562807085711));
#2814=DIRECTION('',(0.0,0.0,-1.0));
#2815=DIRECTION('',(0.0,0.0,-1.0));
#2816=DIRECTION('',(1.0,0.0,0.0));
#2817=DIRECTION('',(0.0,1.0,0.0));
#2818=DIRECTION('',(0.0,-1.0,0.0));
#2819=DIRECTION('',(-1.0,0.0,0.0));
#2820=DIRECTION('',(0.0,-1.0,0.0));
#2821=DIRECTION('',(0.0,1.0,0.0));
#2822=DIRECTION('',(1.0,0.0,0.0));
#2823=DIRECTION('',(-0.250562807085711,0.93511312653104,0.250562807085711));
#2824=DIRECTION('',(0.250562807085711,0.93511312653104,0.250562807085711));
#2825=DIRECTION('',(0.0,0.0,-1.0));
#2826=DIRECTION('',(-1.0,0.0,0.0));
#2827=DIRECTION('',(0.0,0.0,-1.0));
#2828=DIRECTION('',(-0.250562807085711,0.93511312653104,-0.250562807085711));
#2829=DIRECTION('',(0.0,0.0,-1.0));
#2830=DIRECTION('',(-1.0,0.0,0.0));
#2831=DIRECTION('',(0.250562807085711,0.93511312653104,-0.250562807085711));
#2832=DIRECTION('',(0.0,-1.0,0.0));
#2833=DIRECTION('',(0.0,1.0,0.0));
#2834=DIRECTION('',(1.0,0.0,0.0));
#2835=DIRECTION('',(0.0,1.0,0.0));
#2836=DIRECTION('',(0.0,-1.0,0.0));
#2837=DIRECTION('',(0.0,0.0,-1.0));
#2838=DIRECTION('',(0.0,0.0,-1.0));
#2839=DIRECTION('',(-0.250562807085711,-0.93511312653104,0.250562807085711));
#2840=DIRECTION('',(0.250562807085711,0.93511312653104,0.250562807085711));
#2841=DIRECTION('',(1.0,0.0,0.0));
#2842=DIRECTION('',(0.0,0.0,-1.0));
#2843=DIRECTION('',(-1.0,0.0,0.0));
#2844=DIRECTION('',(0.250562807085711,-0.93511312653104,0.250562807085711));
#2845=DIRECTION('',(0.250562807085711,-0.93511312653104,-0.250562807085711));
#2846=DIRECTION('',(0.0,0.0,-1.0));
#2847=DIRECTION('',(0.0,0.0,-1.0));
#2848=DIRECTION('',(1.04367061607895E-06,-0.999999999999455,2.2198924956519E-09));
#2849=DIRECTION('',(-1.04371396080995E-06,-0.999999999999455,1.18782917825495E-09));
#2850=CARTESIAN_POINT('',(-1.27,-4.54998288616288,2.16));
#2851=DIRECTION('',(0.0,-1.0,0.0));
#2852=DIRECTION('',(1.0,0.0,0.0));
#2853=DIRECTION('',(0.707104552034484,0.707109010331584,2.53744903336894E-09));
#2854=CARTESIAN_POINT('',(-1.27,-4.8,2.16));
#2855=DIRECTION('',(0.0,-1.0,0.0));
#2856=DIRECTION('',(0.0,0.0,-1.0));
#2857=DIRECTION('',(6.00592674199026E-06,-6.00356703941726E-06,0.999999999963943));
#2858=DIRECTION('',(-1.0,0.0,0.0));
#2859=DIRECTION('',(6.00567735445726E-06,6.00381650715426E-06,-0.999999999963943));
#2860=DIRECTION('',(0.707106781186548,0.707106781186548,0.0));
#2861=DIRECTION('',(0.0,0.0,1.0));
#2862=DIRECTION('',(0.0,-1.0,0.0));
#2863=DIRECTION('',(0.0,-1.0,0.0));
#2864=DIRECTION('',(0.707106781186548,-0.707106781186548,0.0));
#2865=DIRECTION('',(0.0,0.0,-1.0));
#2866=PRESENTATION_LAYER_ASSIGNMENT('','',(#25,#51,#52,#53,#54,#55,#56,#57,#58,#59,#60,#61,#62,#63,#64,#65,#66,#67,#68,#69,#70,#71,#72,#73,#74,#75,#76,#77,#78,#79,#80,#81,#82,#83,#84,#85,#86,#87,#88,#89,#90,#91,#92,#93,#94,#95,#96,#97,#98,#99,#100,#101,#102,#103,#104,#105,#106,#107,#108,#109,#110,#111,#112,#113,#114,#115,#116,#117,#118,#119,#120,#121,#122,#123,#124,#125,#126,#127,#128,#129,#130,#131,#132,#133,#134,#135,#136,#137,#138,#139,#140,#141,#142,#143,#144,#145,#146,#147,#148,#149,#150,#151,#152,#1369,#1370,#1371,#1372,#1373,#1374,#1375,#1376,#1377,#1378,#1379,#1380,#1381,#1382,#1383,#1384,#1385,#1386,#1387,#1388,#1389,#1390,#1391,#1392,#1393,#1394,#1395,#1396,#1397,#1398,#1399,#1400,#1401,#1402,#1403,#1404,#1405,#1406,#1407,#1408,#1409,#1410,#1411,#1412,#1413,#1414,#1415,#1416,#1417,#1418,#1419,#1420,#1421,#1422,#1423,#1424,#1425,#1426,#1427,#1428,#1429,#1430,#1431,#1432,#1433,#1434,#1435,#1436,#1437,#1438,#1439,#1440,#1441,#1442,#1443,#1444,#1445,#1446,#1447,#1448,#1449,#1450,#1451,#1452,#1453,#1454,#1455,#1456,#1457,#1458,#1459,#1460,#1461,#1462,#1463,#1464,#1465,#1466,#1467,#1468,#1469,#1470,#1471,#1472,#1473,#1474,#1475,#1476,#1477,#1478,#1479,#1480,#1481,#1482,#1483,#1484,#1485,#1486,#1487,#1488,#1489,#1490,#1491,#1492,#1493,#1494,#1495,#1496,#1497,#1498,#1499,#1500,#1501,#1502,#1503,#1504,#1505,#1506,#1507,#1508,#1509,#1510,#1511,#1512,#1513,#1514,#1515,#1516,#1517,#1518,#1519,#1520,#1521,#1522,#1523,#1524,#1525,#1526,#1527,#1528,#1529,#1530,#1531,#1532,#1533,#1534,#1535,#1536,#1537,#1538,#1539,#1540,#1541,#1542,#1543,#1544,#1545,#1546,#1547,#1548,#1549,#1550,#1551,#1552,#1553,#1554,#1555,#1556,#1557,#1558,#1559,#1560,#1561,#1562,#1563,#1564,#1565,#1566,#1567,#1568,#1569,#1570,#1571,#1572,#1573,#1574,#1575,#1576,#1577,#1578,#1579,#1580,#1581,#1582,#1583,#1584,#1585,#1586,#1587,#1588,#1589,#1590,#1591,#1592,#1593,#1594,#1595,#1596,#1597,#1598,#1599,#1600,#1601,#1602,#1603,#1604,#1605,#1606,#1610,#1612,#1615,#1616,#1618,#1620,#1622,#1624,#1626,#1628,#1630,#1632,#1634,#1636,#1639,#1641,#1644,#1645,#1647,#1649,#1652,#1654,#1657,#1660,#1663,#1666,#1669,#1670,#1672,#1674,#1677,#1678,#1680,#1682,#1685,#1686,#1688,#1690,#1693,#1694,#1696,#1698,#1701,#1704,#1707,#1708,#1710,#1712,#1715,#1718,#1721,#1722,#1724,#1726,#1729,#1730,#1732,#1734,#1737,#1738,#1740,#1742,#1745,#1746,#1748,#1750,#1753,#1756,#1760,#1762,#1765,#1767,#1769,#1772,#1775,#1777,#1782,#1783,#1787,#1788,#1792,#1793,#1797,#1799,#1802,#1805,#1810,#1811,#1816,#1817,#1821,#1823,#1830,#1831,#1835,#1836,#1840,#1841,#1845,#1847,#1850,#1853,#1858,#1859,#1864,#1865,#1869,#1871,#1878,#1879,#1883,#1884,#1888,#1889,#1893,#1895,#1898,#1901,#1906,#1907,#1912,#1913,#1917,#1919,#1926,#1927,#1931,#1932,#1936,#1937,#1941,#1943,#1946,#1949,#1954,#1955,#1960,#1961,#1965,#1967,#1975,#1978,#1981,#1983,#1986,#1990));
ENDSEC;
END-ISO-10303-21;
