ISO-10303-21;
HEADER;
FILE_DESCRIPTION(('STEP AP242'),'1');
FILE_NAME('0559320810.stp','2026-05-20T08:53:44',('TraceParts'),('TraceParts S.A.S.'),'Spatial InterOp 3D',' ',' ');
FILE_SCHEMA(('AP242_MANAGED_MODEL_BASED_3D_ENGINEERING_MIM_LF  {1 0 10303 442 1 1 4}'));
ENDSEC;
DATA;
#1=PRODUCT_DEFINITION_CONTEXT('',#10,'design');
#2=APPLICATION_PROTOCOL_DEFINITION('INTERNATIONAL STANDARD','ap242_managed_model_based_3d_engineering',2014,#10);
#3=PRODUCT_CATEGORY_RELATIONSHIP('NONE','NONE',#11,#12);
#4=SHAPE_DEFINITION_REPRESENTATION(#13,#14);
#5=SHAPE_DEFINITION_REPRESENTATION(#13,#15);
#6= (GEOMETRIC_REPRESENTATION_CONTEXT(3)GLOBAL_UNCERTAINTY_ASSIGNED_CONTEXT((#18))GLOBAL_UNIT_ASSIGNED_CONTEXT((#20,#21,#22))REPRESENTATION_CONTEXT('NONE','WORKSPACE'));
#10=APPLICATION_CONTEXT('managed model based 3d engineering');
#11=PRODUCT_CATEGORY('part','NONE');
#12=PRODUCT_RELATED_PRODUCT_CATEGORY('detail',' ',(#24));
#13=PRODUCT_DEFINITION_SHAPE('NONE','NONE',#25);
#14=ADVANCED_BREP_SHAPE_REPRESENTATION('1',(#26,#27),#6);
#15=GEOMETRICALLY_BOUNDED_SURFACE_SHAPE_REPRESENTATION('2',(#28,#29),#6);
#18=UNCERTAINTY_MEASURE_WITH_UNIT(LENGTH_MEASURE(1.0E-06),#20,'','');
#20= (CONVERSION_BASED_UNIT('MILLIMETRE',#32)LENGTH_UNIT()NAMED_UNIT(#35));
#21= (NAMED_UNIT(#37)PLANE_ANGLE_UNIT()SI_UNIT($,.RADIAN.));
#22= (NAMED_UNIT(#37)SOLID_ANGLE_UNIT()SI_UNIT($,.STERADIAN.));
#24=PRODUCT('1','','PART--DESC',(#43));
#25=PRODUCT_DEFINITION('','NONE',#44,#1);
#26=MANIFOLD_SOLID_BREP('1',#45);
#27=AXIS2_PLACEMENT_3D('',#46,#47,#48);
#28=GEOMETRIC_SET('2',(#49,#50,#51,#52,#53,#54,#55,#56,#57,#58));
#29=AXIS2_PLACEMENT_3D('',#59,#60,#61);
#32=LENGTH_MEASURE_WITH_UNIT(LENGTH_MEASURE(1.0),#62);
#35=DIMENSIONAL_EXPONENTS(1.0,0.0,0.0,0.0,0.0,0.0,0.0);
#37=DIMENSIONAL_EXPONENTS(0.0,0.0,0.0,0.0,0.0,0.0,0.0);
#43=PRODUCT_CONTEXT('',#10,'mechanical');
#44=PRODUCT_DEFINITION_FORMATION_WITH_SPECIFIED_SOURCE(' ','NONE',#24,.NOT_KNOWN.);
#45=CLOSED_SHELL('',(#63,#64,#65,#66,#67,#68,#69,#70,#71,#72,#73,#74,#75,#76,#77,#78,#79,#80,#81,#82,#83,#84,#85,#86,#87,#88,#89,#90,#91,#92,#93,#94,#95,#96,#97,#98,#99,#100,#101,#102,#103,#104,#105,#106,#107,#108,#109,#110,#111,#112,#113,#114,#115,#116,#117,#118,#119,#120,#121,#122,#123,#124,#125,#126,#127,#128,#129,#130,#131,#132,#133,#134,#135,#136,#137,#138,#139,#140,#141,#142,#143,#144,#145,#146,#147,#148,#149,#150,#151,#152,#153,#154,#155,#156,#157,#158,#159,#160,#161,#162,#163,#164,#165,#166,#167,#168,#169,#170,#171,#172,#173,#174,#175,#176,#177,#178,#179,#180,#181,#182,#183,#184,#185,#186,#187,#188,#189,#190,#191,#192,#193,#194,#195,#196,#197,#198,#199,#200,#201,#202,#203,#204,#205,#206,#207,#208,#209,#210,#211,#212,#213,#214,#215,#216,#217,#218,#219,#220,#221,#222,#223,#224,#225,#226,#227,#228,#229,#230,#231,#232,#233,#234,#235,#236,#237,#238,#239,#240,#241,#242,#243,#244,#245,#246,#247,#248,#249,#250,#251,#252,#253,#254,#255,#256,#257,#258,#259,#260,#261,#262,#263,#264,#265,#266,#267,#268,#269,#270,#271,#272,#273,#274,#275,#276,#277,#278,#279,#280,#281,#282,#283,#284,#285,#286,#287,#288,#289,#290,#291,#292,#293,#294,#295,#296,#297,#298,#299,#300,#301,#302,#303,#304,#305,#306,#307,#308,#309,#310,#311,#312,#313,#314,#315,#316,#317,#318,#319,#320,#321,#322,#323,#324,#325,#326,#327,#328,#329,#330,#331,#332,#333,#334,#335,#336,#337,#338,#339,#340,#341,#342,#343,#344,#345,#346,#347,#348,#349,#350,#351,#352,#353,#354,#355,#356,#357,#358,#359,#360,#361,#362,#363));
#46=CARTESIAN_POINT('',(0.0,0.0,0.0));
#47=DIRECTION('',(0.0,0.0,1.0));
#48=DIRECTION('',(1.0,0.0,0.0));
#49=COMPOSITE_CURVE('',(#364,#365),.U.);
#50=COMPOSITE_CURVE('',(#366,#367),.U.);
#51=COMPOSITE_CURVE('',(#368,#369),.U.);
#52=COMPOSITE_CURVE('',(#370,#371),.U.);
#53=COMPOSITE_CURVE('',(#372,#373),.U.);
#54=COMPOSITE_CURVE('',(#374,#375),.U.);
#55=COMPOSITE_CURVE('',(#376,#377),.U.);
#56=COMPOSITE_CURVE('',(#378,#379),.U.);
#57=COMPOSITE_CURVE('',(#380,#381),.U.);
#58=COMPOSITE_CURVE('',(#382),.U.);
#59=CARTESIAN_POINT('',(0.0,0.0,0.0));
#60=DIRECTION('',(0.0,0.0,1.0));
#61=DIRECTION('',(1.0,0.0,0.0));
#62= (NAMED_UNIT(#35)LENGTH_UNIT()SI_UNIT(.MILLI.,.METRE.));
#63=ADVANCED_FACE('',(#384),#385,.T.);
#64=ADVANCED_FACE('',(#386),#387,.T.);
#65=ADVANCED_FACE('',(#388),#389,.F.);
#66=ADVANCED_FACE('',(#390),#391,.F.);
#67=ADVANCED_FACE('',(#392),#393,.F.);
#68=ADVANCED_FACE('',(#394,#395,#396,#397,#398,#399,#400,#401,#402,#403,#404,#405,#406,#407,#408,#409,#410,#411),#412,.F.);
#69=ADVANCED_FACE('',(#413),#414,.F.);
#70=ADVANCED_FACE('',(#415),#416,.F.);
#71=ADVANCED_FACE('',(#417),#418,.F.);
#72=ADVANCED_FACE('',(#419),#420,.T.);
#73=ADVANCED_FACE('',(#421),#422,.T.);
#74=ADVANCED_FACE('',(#423),#424,.F.);
#75=ADVANCED_FACE('',(#425),#426,.T.);
#76=ADVANCED_FACE('',(#427),#428,.F.);
#77=ADVANCED_FACE('',(#429),#430,.T.);
#78=ADVANCED_FACE('',(#431),#432,.T.);
#79=ADVANCED_FACE('',(#433),#434,.T.);
#80=ADVANCED_FACE('',(#435),#436,.T.);
#81=ADVANCED_FACE('',(#437),#438,.F.);
#82=ADVANCED_FACE('',(#439,#440,#441,#442,#443,#444,#445,#446,#447),#448,.T.);
#83=ADVANCED_FACE('',(#449),#450,.T.);
#84=ADVANCED_FACE('',(#451),#452,.T.);
#85=ADVANCED_FACE('',(#453),#454,.T.);
#86=ADVANCED_FACE('',(#455),#456,.T.);
#87=ADVANCED_FACE('',(#457),#458,.F.);
#88=ADVANCED_FACE('',(#459),#460,.T.);
#89=ADVANCED_FACE('',(#461),#462,.T.);
#90=ADVANCED_FACE('',(#463),#464,.T.);
#91=ADVANCED_FACE('',(#465),#466,.T.);
#92=ADVANCED_FACE('',(#467),#468,.T.);
#93=ADVANCED_FACE('',(#469),#470,.T.);
#94=ADVANCED_FACE('',(#471),#472,.T.);
#95=ADVANCED_FACE('',(#473),#474,.T.);
#96=ADVANCED_FACE('',(#475),#476,.T.);
#97=ADVANCED_FACE('',(#477),#478,.T.);
#98=ADVANCED_FACE('',(#479),#480,.F.);
#99=ADVANCED_FACE('',(#481),#482,.T.);
#100=ADVANCED_FACE('',(#483),#484,.T.);
#101=ADVANCED_FACE('',(#485),#486,.T.);
#102=ADVANCED_FACE('',(#487),#488,.T.);
#103=ADVANCED_FACE('',(#489),#490,.T.);
#104=ADVANCED_FACE('',(#491),#492,.T.);
#105=ADVANCED_FACE('',(#493),#494,.T.);
#106=ADVANCED_FACE('',(#495),#496,.F.);
#107=ADVANCED_FACE('',(#497),#498,.F.);
#108=ADVANCED_FACE('',(#499),#500,.T.);
#109=ADVANCED_FACE('',(#501),#502,.T.);
#110=ADVANCED_FACE('',(#503),#504,.T.);
#111=ADVANCED_FACE('',(#505),#506,.F.);
#112=ADVANCED_FACE('',(#507),#508,.T.);
#113=ADVANCED_FACE('',(#509),#510,.T.);
#114=ADVANCED_FACE('',(#511),#512,.F.);
#115=ADVANCED_FACE('',(#513),#514,.F.);
#116=ADVANCED_FACE('',(#515),#516,.F.);
#117=ADVANCED_FACE('',(#517),#518,.F.);
#118=ADVANCED_FACE('',(#519),#520,.T.);
#119=ADVANCED_FACE('',(#521),#522,.F.);
#120=ADVANCED_FACE('',(#523),#524,.F.);
#121=ADVANCED_FACE('',(#525),#526,.T.);
#122=ADVANCED_FACE('',(#527),#528,.F.);
#123=ADVANCED_FACE('',(#529),#530,.F.);
#124=ADVANCED_FACE('',(#531),#532,.T.);
#125=ADVANCED_FACE('',(#533),#534,.T.);
#126=ADVANCED_FACE('',(#535),#536,.T.);
#127=ADVANCED_FACE('',(#537),#538,.T.);
#128=ADVANCED_FACE('',(#539),#540,.T.);
#129=ADVANCED_FACE('',(#541),#542,.T.);
#130=ADVANCED_FACE('',(#543),#544,.T.);
#131=ADVANCED_FACE('',(#545,#546),#547,.T.);
#132=ADVANCED_FACE('',(#548),#549,.T.);
#133=ADVANCED_FACE('',(#550),#551,.T.);
#134=ADVANCED_FACE('',(#552),#553,.F.);
#135=ADVANCED_FACE('',(#554),#555,.F.);
#136=ADVANCED_FACE('',(#556),#557,.F.);
#137=ADVANCED_FACE('',(#558),#559,.F.);
#138=ADVANCED_FACE('',(#560),#561,.T.);
#139=ADVANCED_FACE('',(#562),#563,.F.);
#140=ADVANCED_FACE('',(#564),#565,.T.);
#141=ADVANCED_FACE('',(#566),#567,.T.);
#142=ADVANCED_FACE('',(#568),#569,.T.);
#143=ADVANCED_FACE('',(#570),#571,.T.);
#144=ADVANCED_FACE('',(#572),#573,.F.);
#145=ADVANCED_FACE('',(#574),#575,.F.);
#146=ADVANCED_FACE('',(#576),#577,.F.);
#147=ADVANCED_FACE('',(#578),#579,.F.);
#148=ADVANCED_FACE('',(#580),#581,.T.);
#149=ADVANCED_FACE('',(#582),#583,.T.);
#150=ADVANCED_FACE('',(#584),#585,.F.);
#151=ADVANCED_FACE('',(#586),#587,.T.);
#152=ADVANCED_FACE('',(#588),#589,.T.);
#153=ADVANCED_FACE('',(#590),#591,.F.);
#154=ADVANCED_FACE('',(#592),#593,.F.);
#155=ADVANCED_FACE('',(#594),#595,.F.);
#156=ADVANCED_FACE('',(#596),#597,.F.);
#157=ADVANCED_FACE('',(#598),#599,.T.);
#158=ADVANCED_FACE('',(#600),#601,.T.);
#159=ADVANCED_FACE('',(#602),#603,.T.);
#160=ADVANCED_FACE('',(#604),#605,.T.);
#161=ADVANCED_FACE('',(#606),#607,.T.);
#162=ADVANCED_FACE('',(#608),#609,.T.);
#163=ADVANCED_FACE('',(#610),#611,.T.);
#164=ADVANCED_FACE('',(#612),#613,.T.);
#165=ADVANCED_FACE('',(#614),#615,.F.);
#166=ADVANCED_FACE('',(#616),#617,.T.);
#167=ADVANCED_FACE('',(#618),#619,.T.);
#168=ADVANCED_FACE('',(#620),#621,.T.);
#169=ADVANCED_FACE('',(#622),#623,.T.);
#170=ADVANCED_FACE('',(#624),#625,.T.);
#171=ADVANCED_FACE('',(#626),#627,.T.);
#172=ADVANCED_FACE('',(#628),#629,.T.);
#173=ADVANCED_FACE('',(#630),#631,.T.);
#174=ADVANCED_FACE('',(#632),#633,.T.);
#175=ADVANCED_FACE('',(#634),#635,.T.);
#176=ADVANCED_FACE('',(#636),#637,.T.);
#177=ADVANCED_FACE('',(#638),#639,.T.);
#178=ADVANCED_FACE('',(#640),#641,.T.);
#179=ADVANCED_FACE('',(#642),#643,.T.);
#180=ADVANCED_FACE('',(#644),#645,.T.);
#181=ADVANCED_FACE('',(#646),#647,.T.);
#182=ADVANCED_FACE('',(#648),#649,.T.);
#183=ADVANCED_FACE('',(#650),#651,.T.);
#184=ADVANCED_FACE('',(#652),#653,.T.);
#185=ADVANCED_FACE('',(#654),#655,.T.);
#186=ADVANCED_FACE('',(#656),#657,.T.);
#187=ADVANCED_FACE('',(#658),#659,.T.);
#188=ADVANCED_FACE('',(#660),#661,.T.);
#189=ADVANCED_FACE('',(#662),#663,.T.);
#190=ADVANCED_FACE('',(#664),#665,.T.);
#191=ADVANCED_FACE('',(#666),#667,.T.);
#192=ADVANCED_FACE('',(#668),#669,.T.);
#193=ADVANCED_FACE('',(#670),#671,.T.);
#194=ADVANCED_FACE('',(#672),#673,.T.);
#195=ADVANCED_FACE('',(#674),#675,.T.);
#196=ADVANCED_FACE('',(#676),#677,.T.);
#197=ADVANCED_FACE('',(#678),#679,.T.);
#198=ADVANCED_FACE('',(#680),#681,.F.);
#199=ADVANCED_FACE('',(#682),#683,.F.);
#200=ADVANCED_FACE('',(#684),#685,.T.);
#201=ADVANCED_FACE('',(#686),#687,.T.);
#202=ADVANCED_FACE('',(#688),#689,.T.);
#203=ADVANCED_FACE('',(#690),#691,.T.);
#204=ADVANCED_FACE('',(#692),#693,.T.);
#205=ADVANCED_FACE('',(#694),#695,.T.);
#206=ADVANCED_FACE('',(#696),#697,.T.);
#207=ADVANCED_FACE('',(#698),#699,.T.);
#208=ADVANCED_FACE('',(#700),#701,.T.);
#209=ADVANCED_FACE('',(#702),#703,.T.);
#210=ADVANCED_FACE('',(#704),#705,.F.);
#211=ADVANCED_FACE('',(#706),#707,.F.);
#212=ADVANCED_FACE('',(#708),#709,.T.);
#213=ADVANCED_FACE('',(#710),#711,.T.);
#214=ADVANCED_FACE('',(#712),#713,.T.);
#215=ADVANCED_FACE('',(#714),#715,.T.);
#216=ADVANCED_FACE('',(#716),#717,.T.);
#217=ADVANCED_FACE('',(#718),#719,.T.);
#218=ADVANCED_FACE('',(#720),#721,.T.);
#219=ADVANCED_FACE('',(#722),#723,.T.);
#220=ADVANCED_FACE('',(#724),#725,.T.);
#221=ADVANCED_FACE('',(#726),#727,.T.);
#222=ADVANCED_FACE('',(#728),#729,.T.);
#223=ADVANCED_FACE('',(#730),#731,.T.);
#224=ADVANCED_FACE('',(#732),#733,.T.);
#225=ADVANCED_FACE('',(#734),#735,.T.);
#226=ADVANCED_FACE('',(#736),#737,.T.);
#227=ADVANCED_FACE('',(#738),#739,.T.);
#228=ADVANCED_FACE('',(#740),#741,.T.);
#229=ADVANCED_FACE('',(#742),#743,.T.);
#230=ADVANCED_FACE('',(#744),#745,.T.);
#231=ADVANCED_FACE('',(#746),#747,.T.);
#232=ADVANCED_FACE('',(#748),#749,.T.);
#233=ADVANCED_FACE('',(#750),#751,.T.);
#234=ADVANCED_FACE('',(#752),#753,.F.);
#235=ADVANCED_FACE('',(#754),#755,.F.);
#236=ADVANCED_FACE('',(#756),#757,.T.);
#237=ADVANCED_FACE('',(#758),#759,.T.);
#238=ADVANCED_FACE('',(#760),#761,.T.);
#239=ADVANCED_FACE('',(#762),#763,.T.);
#240=ADVANCED_FACE('',(#764),#765,.T.);
#241=ADVANCED_FACE('',(#766),#767,.T.);
#242=ADVANCED_FACE('',(#768),#769,.T.);
#243=ADVANCED_FACE('',(#770),#771,.T.);
#244=ADVANCED_FACE('',(#772),#773,.T.);
#245=ADVANCED_FACE('',(#774),#775,.T.);
#246=ADVANCED_FACE('',(#776),#777,.T.);
#247=ADVANCED_FACE('',(#778),#779,.T.);
#248=ADVANCED_FACE('',(#780),#781,.F.);
#249=ADVANCED_FACE('',(#782),#783,.F.);
#250=ADVANCED_FACE('',(#784),#785,.T.);
#251=ADVANCED_FACE('',(#786),#787,.T.);
#252=ADVANCED_FACE('',(#788),#789,.T.);
#253=ADVANCED_FACE('',(#790),#791,.T.);
#254=ADVANCED_FACE('',(#792),#793,.T.);
#255=ADVANCED_FACE('',(#794),#795,.T.);
#256=ADVANCED_FACE('',(#796),#797,.T.);
#257=ADVANCED_FACE('',(#798),#799,.T.);
#258=ADVANCED_FACE('',(#800),#801,.T.);
#259=ADVANCED_FACE('',(#802),#803,.T.);
#260=ADVANCED_FACE('',(#804),#805,.T.);
#261=ADVANCED_FACE('',(#806),#807,.T.);
#262=ADVANCED_FACE('',(#808),#809,.F.);
#263=ADVANCED_FACE('',(#810),#811,.F.);
#264=ADVANCED_FACE('',(#812),#813,.T.);
#265=ADVANCED_FACE('',(#814),#815,.T.);
#266=ADVANCED_FACE('',(#816),#817,.T.);
#267=ADVANCED_FACE('',(#818),#819,.T.);
#268=ADVANCED_FACE('',(#820),#821,.T.);
#269=ADVANCED_FACE('',(#822),#823,.T.);
#270=ADVANCED_FACE('',(#824),#825,.T.);
#271=ADVANCED_FACE('',(#826),#827,.T.);
#272=ADVANCED_FACE('',(#828),#829,.T.);
#273=ADVANCED_FACE('',(#830),#831,.T.);
#274=ADVANCED_FACE('',(#832),#833,.T.);
#275=ADVANCED_FACE('',(#834),#835,.T.);
#276=ADVANCED_FACE('',(#836),#837,.F.);
#277=ADVANCED_FACE('',(#838),#839,.F.);
#278=ADVANCED_FACE('',(#840),#841,.T.);
#279=ADVANCED_FACE('',(#842),#843,.T.);
#280=ADVANCED_FACE('',(#844),#845,.T.);
#281=ADVANCED_FACE('',(#846),#847,.T.);
#282=ADVANCED_FACE('',(#848),#849,.T.);
#283=ADVANCED_FACE('',(#850),#851,.T.);
#284=ADVANCED_FACE('',(#852),#853,.T.);
#285=ADVANCED_FACE('',(#854),#855,.T.);
#286=ADVANCED_FACE('',(#856),#857,.T.);
#287=ADVANCED_FACE('',(#858),#859,.T.);
#288=ADVANCED_FACE('',(#860),#861,.T.);
#289=ADVANCED_FACE('',(#862),#863,.T.);
#290=ADVANCED_FACE('',(#864),#865,.F.);
#291=ADVANCED_FACE('',(#866),#867,.F.);
#292=ADVANCED_FACE('',(#868),#869,.T.);
#293=ADVANCED_FACE('',(#870),#871,.T.);
#294=ADVANCED_FACE('',(#872),#873,.T.);
#295=ADVANCED_FACE('',(#874),#875,.T.);
#296=ADVANCED_FACE('',(#876),#877,.T.);
#297=ADVANCED_FACE('',(#878),#879,.T.);
#298=ADVANCED_FACE('',(#880),#881,.T.);
#299=ADVANCED_FACE('',(#882),#883,.T.);
#300=ADVANCED_FACE('',(#884),#885,.T.);
#301=ADVANCED_FACE('',(#886),#887,.T.);
#302=ADVANCED_FACE('',(#888),#889,.T.);
#303=ADVANCED_FACE('',(#890),#891,.T.);
#304=ADVANCED_FACE('',(#892),#893,.F.);
#305=ADVANCED_FACE('',(#894),#895,.F.);
#306=ADVANCED_FACE('',(#896),#897,.T.);
#307=ADVANCED_FACE('',(#898),#899,.T.);
#308=ADVANCED_FACE('',(#900),#901,.T.);
#309=ADVANCED_FACE('',(#902),#903,.T.);
#310=ADVANCED_FACE('',(#904),#905,.T.);
#311=ADVANCED_FACE('',(#906),#907,.T.);
#312=ADVANCED_FACE('',(#908),#909,.T.);
#313=ADVANCED_FACE('',(#910),#911,.T.);
#314=ADVANCED_FACE('',(#912),#913,.T.);
#315=ADVANCED_FACE('',(#914),#915,.T.);
#316=ADVANCED_FACE('',(#916),#917,.T.);
#317=ADVANCED_FACE('',(#918),#919,.T.);
#318=ADVANCED_FACE('',(#920),#921,.F.);
#319=ADVANCED_FACE('',(#922),#923,.T.);
#320=ADVANCED_FACE('',(#924),#925,.T.);
#321=ADVANCED_FACE('',(#926),#927,.T.);
#322=ADVANCED_FACE('',(#928),#929,.T.);
#323=ADVANCED_FACE('',(#930),#931,.T.);
#324=ADVANCED_FACE('',(#932),#933,.T.);
#325=ADVANCED_FACE('',(#934),#935,.T.);
#326=ADVANCED_FACE('',(#936),#937,.T.);
#327=ADVANCED_FACE('',(#938),#939,.T.);
#328=ADVANCED_FACE('',(#940),#941,.T.);
#329=ADVANCED_FACE('',(#942),#943,.T.);
#330=ADVANCED_FACE('',(#944),#945,.T.);
#331=ADVANCED_FACE('',(#946),#947,.T.);
#332=ADVANCED_FACE('',(#948),#949,.T.);
#333=ADVANCED_FACE('',(#950),#951,.T.);
#334=ADVANCED_FACE('',(#952),#953,.T.);
#335=ADVANCED_FACE('',(#954),#955,.T.);
#336=ADVANCED_FACE('',(#956),#957,.T.);
#337=ADVANCED_FACE('',(#958),#959,.T.);
#338=ADVANCED_FACE('',(#960),#961,.T.);
#339=ADVANCED_FACE('',(#962),#963,.T.);
#340=ADVANCED_FACE('',(#964),#965,.T.);
#341=ADVANCED_FACE('',(#966),#967,.T.);
#342=ADVANCED_FACE('',(#968),#969,.T.);
#343=ADVANCED_FACE('',(#970),#971,.T.);
#344=ADVANCED_FACE('',(#972),#973,.T.);
#345=ADVANCED_FACE('',(#974),#975,.T.);
#346=ADVANCED_FACE('',(#976),#977,.T.);
#347=ADVANCED_FACE('',(#978),#979,.T.);
#348=ADVANCED_FACE('',(#980),#981,.T.);
#349=ADVANCED_FACE('',(#982),#983,.T.);
#350=ADVANCED_FACE('',(#984),#985,.T.);
#351=ADVANCED_FACE('',(#986),#987,.T.);
#352=ADVANCED_FACE('',(#988),#989,.T.);
#353=ADVANCED_FACE('',(#990),#991,.T.);
#354=ADVANCED_FACE('',(#992),#993,.T.);
#355=ADVANCED_FACE('',(#994),#995,.T.);
#356=ADVANCED_FACE('',(#996),#997,.T.);
#357=ADVANCED_FACE('',(#998),#999,.T.);
#358=ADVANCED_FACE('',(#1000),#1001,.T.);
#359=ADVANCED_FACE('',(#1002),#1003,.T.);
#360=ADVANCED_FACE('',(#1004),#1005,.T.);
#361=ADVANCED_FACE('',(#1006),#1007,.T.);
#362=ADVANCED_FACE('',(#1008),#1009,.T.);
#363=ADVANCED_FACE('',(#1010),#1011,.T.);
#364=COMPOSITE_CURVE_SEGMENT(.CONTINUOUS.,.T.,#1012);
#365=COMPOSITE_CURVE_SEGMENT(.CONTINUOUS.,.T.,#1013);
#366=COMPOSITE_CURVE_SEGMENT(.CONTINUOUS.,.T.,#1014);
#367=COMPOSITE_CURVE_SEGMENT(.CONTINUOUS.,.T.,#1015);
#368=COMPOSITE_CURVE_SEGMENT(.CONTINUOUS.,.T.,#1016);
#369=COMPOSITE_CURVE_SEGMENT(.CONTINUOUS.,.T.,#1017);
#370=COMPOSITE_CURVE_SEGMENT(.CONTINUOUS.,.T.,#1018);
#371=COMPOSITE_CURVE_SEGMENT(.CONTINUOUS.,.T.,#1019);
#372=COMPOSITE_CURVE_SEGMENT(.CONTINUOUS.,.T.,#1020);
#373=COMPOSITE_CURVE_SEGMENT(.CONTINUOUS.,.T.,#1021);
#374=COMPOSITE_CURVE_SEGMENT(.CONTINUOUS.,.T.,#1022);
#375=COMPOSITE_CURVE_SEGMENT(.CONTINUOUS.,.T.,#1023);
#376=COMPOSITE_CURVE_SEGMENT(.CONTINUOUS.,.T.,#1024);
#377=COMPOSITE_CURVE_SEGMENT(.CONTINUOUS.,.T.,#1025);
#378=COMPOSITE_CURVE_SEGMENT(.CONTINUOUS.,.T.,#1026);
#379=COMPOSITE_CURVE_SEGMENT(.CONTINUOUS.,.T.,#1027);
#380=COMPOSITE_CURVE_SEGMENT(.CONTINUOUS.,.T.,#1028);
#381=COMPOSITE_CURVE_SEGMENT(.CONTINUOUS.,.T.,#1029);
#382=COMPOSITE_CURVE_SEGMENT(.CONTINUOUS.,.T.,#1030);
#384=FACE_OUTER_BOUND('',#1031,.T.);
#385=CONICAL_SURFACE('',#1032,0.399999999665,0.463647609000754);
#386=FACE_OUTER_BOUND('',#1033,.T.);
#387=CONICAL_SURFACE('',#1034,0.399999999665,0.463647609000754);
#388=FACE_OUTER_BOUND('',#1035,.T.);
#389=PLANE('',#1036);
#390=FACE_OUTER_BOUND('',#1037,.T.);
#391=PLANE('',#1038);
#392=FACE_OUTER_BOUND('',#1039,.T.);
#393=PLANE('',#1040);
#394=FACE_OUTER_BOUND('',#1041,.T.);
#395=FACE_BOUND('',#1042,.T.);
#396=FACE_BOUND('',#1043,.T.);
#397=FACE_BOUND('',#1044,.T.);
#398=FACE_BOUND('',#1045,.T.);
#399=FACE_BOUND('',#1046,.T.);
#400=FACE_BOUND('',#1047,.T.);
#401=FACE_BOUND('',#1048,.T.);
#402=FACE_BOUND('',#1049,.T.);
#403=FACE_BOUND('',#1050,.T.);
#404=FACE_BOUND('',#1051,.T.);
#405=FACE_BOUND('',#1052,.T.);
#406=FACE_BOUND('',#1053,.T.);
#407=FACE_BOUND('',#1054,.T.);
#408=FACE_BOUND('',#1055,.T.);
#409=FACE_BOUND('',#1056,.T.);
#410=FACE_BOUND('',#1057,.T.);
#411=FACE_BOUND('',#1058,.T.);
#412=PLANE('',#1059);
#413=FACE_OUTER_BOUND('',#1060,.T.);
#414=PLANE('',#1061);
#415=FACE_OUTER_BOUND('',#1062,.T.);
#416=PLANE('',#1063);
#417=FACE_OUTER_BOUND('',#1064,.T.);
#418=PLANE('',#1065);
#419=FACE_OUTER_BOUND('',#1066,.T.);
#420=PLANE('',#1067);
#421=FACE_OUTER_BOUND('',#1068,.T.);
#422=PLANE('',#1069);
#423=FACE_OUTER_BOUND('',#1070,.T.);
#424=PLANE('',#1071);
#425=FACE_OUTER_BOUND('',#1072,.T.);
#426=PLANE('',#1073);
#427=FACE_OUTER_BOUND('',#1074,.T.);
#428=PLANE('',#1075);
#429=FACE_OUTER_BOUND('',#1076,.T.);
#430=PLANE('',#1077);
#431=FACE_OUTER_BOUND('',#1078,.T.);
#432=PLANE('',#1079);
#433=FACE_OUTER_BOUND('',#1080,.T.);
#434=PLANE('',#1081);
#435=FACE_OUTER_BOUND('',#1082,.T.);
#436=PLANE('',#1083);
#437=FACE_OUTER_BOUND('',#1084,.T.);
#438=PLANE('',#1085);
#439=FACE_OUTER_BOUND('',#1086,.T.);
#440=FACE_BOUND('',#1087,.T.);
#441=FACE_BOUND('',#1088,.T.);
#442=FACE_BOUND('',#1089,.T.);
#443=FACE_BOUND('',#1090,.T.);
#444=FACE_BOUND('',#1091,.T.);
#445=FACE_BOUND('',#1092,.T.);
#446=FACE_BOUND('',#1093,.T.);
#447=FACE_BOUND('',#1094,.T.);
#448=PLANE('',#1095);
#449=FACE_OUTER_BOUND('',#1096,.T.);
#450=PLANE('',#1097);
#451=FACE_OUTER_BOUND('',#1098,.T.);
#452=PLANE('',#1099);
#453=FACE_OUTER_BOUND('',#1100,.T.);
#454=PLANE('',#1101);
#455=FACE_OUTER_BOUND('',#1102,.T.);
#456=PLANE('',#1103);
#457=FACE_OUTER_BOUND('',#1104,.T.);
#458=PLANE('',#1105);
#459=FACE_OUTER_BOUND('',#1106,.T.);
#460=PLANE('',#1107);
#461=FACE_OUTER_BOUND('',#1108,.T.);
#462=PLANE('',#1109);
#463=FACE_OUTER_BOUND('',#1110,.T.);
#464=PLANE('',#1111);
#465=FACE_OUTER_BOUND('',#1112,.T.);
#466=PLANE('',#1113);
#467=FACE_OUTER_BOUND('',#1114,.T.);
#468=PLANE('',#1115);
#469=FACE_OUTER_BOUND('',#1116,.T.);
#470=PLANE('',#1117);
#471=FACE_OUTER_BOUND('',#1118,.T.);
#472=PLANE('',#1119);
#473=FACE_OUTER_BOUND('',#1120,.T.);
#474=PLANE('',#1121);
#475=FACE_OUTER_BOUND('',#1122,.T.);
#476=PLANE('',#1123);
#477=FACE_OUTER_BOUND('',#1124,.T.);
#478=PLANE('',#1125);
#479=FACE_OUTER_BOUND('',#1126,.T.);
#480=PLANE('',#1127);
#481=FACE_OUTER_BOUND('',#1128,.T.);
#482=PLANE('',#1129);
#483=FACE_OUTER_BOUND('',#1130,.T.);
#484=PLANE('',#1131);
#485=FACE_OUTER_BOUND('',#1132,.T.);
#486=PLANE('',#1133);
#487=FACE_OUTER_BOUND('',#1134,.T.);
#488=PLANE('',#1135);
#489=FACE_OUTER_BOUND('',#1136,.T.);
#490=PLANE('',#1137);
#491=FACE_OUTER_BOUND('',#1138,.T.);
#492=PLANE('',#1139);
#493=FACE_OUTER_BOUND('',#1140,.T.);
#494=PLANE('',#1141);
#495=FACE_OUTER_BOUND('',#1142,.T.);
#496=PLANE('',#1143);
#497=FACE_OUTER_BOUND('',#1144,.T.);
#498=PLANE('',#1145);
#499=FACE_OUTER_BOUND('',#1146,.T.);
#500=PLANE('',#1147);
#501=FACE_OUTER_BOUND('',#1148,.T.);
#502=PLANE('',#1149);
#503=FACE_OUTER_BOUND('',#1150,.T.);
#504=PLANE('',#1151);
#505=FACE_OUTER_BOUND('',#1152,.T.);
#506=PLANE('',#1153);
#507=FACE_OUTER_BOUND('',#1154,.T.);
#508=PLANE('',#1155);
#509=FACE_OUTER_BOUND('',#1156,.T.);
#510=PLANE('',#1157);
#511=FACE_OUTER_BOUND('',#1158,.T.);
#512=PLANE('',#1159);
#513=FACE_OUTER_BOUND('',#1160,.T.);
#514=PLANE('',#1161);
#515=FACE_OUTER_BOUND('',#1162,.T.);
#516=PLANE('',#1163);
#517=FACE_OUTER_BOUND('',#1164,.T.);
#518=PLANE('',#1165);
#519=FACE_OUTER_BOUND('',#1166,.T.);
#520=PLANE('',#1167);
#521=FACE_OUTER_BOUND('',#1168,.T.);
#522=PLANE('',#1169);
#523=FACE_OUTER_BOUND('',#1170,.T.);
#524=PLANE('',#1171);
#525=FACE_OUTER_BOUND('',#1172,.T.);
#526=PLANE('',#1173);
#527=FACE_OUTER_BOUND('',#1174,.T.);
#528=PLANE('',#1175);
#529=FACE_OUTER_BOUND('',#1176,.T.);
#530=PLANE('',#1177);
#531=FACE_OUTER_BOUND('',#1178,.T.);
#532=PLANE('',#1179);
#533=FACE_OUTER_BOUND('',#1180,.T.);
#534=PLANE('',#1181);
#535=FACE_OUTER_BOUND('',#1182,.T.);
#536=PLANE('',#1183);
#537=FACE_OUTER_BOUND('',#1184,.T.);
#538=PLANE('',#1185);
#539=FACE_OUTER_BOUND('',#1186,.T.);
#540=PLANE('',#1187);
#541=FACE_OUTER_BOUND('',#1188,.T.);
#542=PLANE('',#1189);
#543=FACE_OUTER_BOUND('',#1190,.T.);
#544=PLANE('',#1191);
#545=FACE_OUTER_BOUND('',#1192,.T.);
#546=FACE_BOUND('',#1193,.T.);
#547=PLANE('',#1194);
#548=FACE_OUTER_BOUND('',#1195,.T.);
#549=PLANE('',#1196);
#550=FACE_OUTER_BOUND('',#1197,.T.);
#551=PLANE('',#1198);
#552=FACE_OUTER_BOUND('',#1199,.T.);
#553=PLANE('',#1200);
#554=FACE_OUTER_BOUND('',#1201,.T.);
#555=PLANE('',#1202);
#556=FACE_OUTER_BOUND('',#1203,.T.);
#557=PLANE('',#1204);
#558=FACE_OUTER_BOUND('',#1205,.T.);
#559=PLANE('',#1206);
#560=FACE_OUTER_BOUND('',#1207,.T.);
#561=PLANE('',#1208);
#562=FACE_OUTER_BOUND('',#1209,.T.);
#563=PLANE('',#1210);
#564=FACE_OUTER_BOUND('',#1211,.T.);
#565=PLANE('',#1212);
#566=FACE_OUTER_BOUND('',#1213,.T.);
#567=PLANE('',#1214);
#568=FACE_OUTER_BOUND('',#1215,.T.);
#569=PLANE('',#1216);
#570=FACE_OUTER_BOUND('',#1217,.T.);
#571=PLANE('',#1218);
#572=FACE_OUTER_BOUND('',#1219,.T.);
#573=PLANE('',#1220);
#574=FACE_OUTER_BOUND('',#1221,.T.);
#575=PLANE('',#1222);
#576=FACE_OUTER_BOUND('',#1223,.T.);
#577=PLANE('',#1224);
#578=FACE_OUTER_BOUND('',#1225,.T.);
#579=PLANE('',#1226);
#580=FACE_OUTER_BOUND('',#1227,.T.);
#581=PLANE('',#1228);
#582=FACE_OUTER_BOUND('',#1229,.T.);
#583=PLANE('',#1230);
#584=FACE_OUTER_BOUND('',#1231,.T.);
#585=PLANE('',#1232);
#586=FACE_OUTER_BOUND('',#1233,.T.);
#587=PLANE('',#1234);
#588=FACE_OUTER_BOUND('',#1235,.T.);
#589=CYLINDRICAL_SURFACE('',#1236,0.6);
#590=FACE_OUTER_BOUND('',#1237,.T.);
#591=PLANE('',#1238);
#592=FACE_OUTER_BOUND('',#1239,.T.);
#593=PLANE('',#1240);
#594=FACE_OUTER_BOUND('',#1241,.T.);
#595=PLANE('',#1242);
#596=FACE_OUTER_BOUND('',#1243,.T.);
#597=PLANE('',#1244);
#598=FACE_OUTER_BOUND('',#1245,.T.);
#599=CYLINDRICAL_SURFACE('',#1246,0.6);
#600=FACE_OUTER_BOUND('',#1247,.T.);
#601=PLANE('',#1248);
#602=FACE_OUTER_BOUND('',#1249,.T.);
#603=PLANE('',#1250);
#604=FACE_OUTER_BOUND('',#1251,.T.);
#605=CYLINDRICAL_SURFACE('',#1252,0.5);
#606=FACE_OUTER_BOUND('',#1253,.T.);
#607=CONICAL_SURFACE('',#1254,0.399999999665,0.463647609000754);
#608=FACE_OUTER_BOUND('',#1255,.T.);
#609=PLANE('',#1256);
#610=FACE_OUTER_BOUND('',#1257,.T.);
#611=CONICAL_SURFACE('',#1258,0.399999999665,0.463647609000754);
#612=FACE_OUTER_BOUND('',#1259,.T.);
#613=CYLINDRICAL_SURFACE('',#1260,0.5);
#614=FACE_OUTER_BOUND('',#1261,.T.);
#615=PLANE('',#1262);
#616=FACE_OUTER_BOUND('',#1263,.T.);
#617=PLANE('',#1264);
#618=FACE_OUTER_BOUND('',#1265,.T.);
#619=PLANE('',#1266);
#620=FACE_OUTER_BOUND('',#1267,.T.);
#621=PLANE('',#1268);
#622=FACE_OUTER_BOUND('',#1269,.T.);
#623=PLANE('',#1270);
#624=FACE_OUTER_BOUND('',#1271,.T.);
#625=PLANE('',#1272);
#626=FACE_OUTER_BOUND('',#1273,.T.);
#627=PLANE('',#1274);
#628=FACE_OUTER_BOUND('',#1275,.T.);
#629=PLANE('',#1276);
#630=FACE_OUTER_BOUND('',#1277,.T.);
#631=PLANE('',#1278);
#632=FACE_OUTER_BOUND('',#1279,.T.);
#633=PLANE('',#1280);
#634=FACE_OUTER_BOUND('',#1281,.T.);
#635=PLANE('',#1282);
#636=FACE_OUTER_BOUND('',#1283,.T.);
#637=PLANE('',#1284);
#638=FACE_OUTER_BOUND('',#1285,.T.);
#639=PLANE('',#1286);
#640=FACE_OUTER_BOUND('',#1287,.T.);
#641=PLANE('',#1288);
#642=FACE_OUTER_BOUND('',#1289,.T.);
#643=PLANE('',#1290);
#644=FACE_OUTER_BOUND('',#1291,.T.);
#645=PLANE('',#1292);
#646=FACE_OUTER_BOUND('',#1293,.T.);
#647=PLANE('',#1294);
#648=FACE_OUTER_BOUND('',#1295,.T.);
#649=PLANE('',#1296);
#650=FACE_OUTER_BOUND('',#1297,.T.);
#651=PLANE('',#1298);
#652=FACE_OUTER_BOUND('',#1299,.T.);
#653=PLANE('',#1300);
#654=FACE_OUTER_BOUND('',#1301,.T.);
#655=PLANE('',#1302);
#656=FACE_OUTER_BOUND('',#1303,.T.);
#657=PLANE('',#1304);
#658=FACE_OUTER_BOUND('',#1305,.T.);
#659=PLANE('',#1306);
#660=FACE_OUTER_BOUND('',#1307,.T.);
#661=PLANE('',#1308);
#662=FACE_OUTER_BOUND('',#1309,.T.);
#663=PLANE('',#1310);
#664=FACE_OUTER_BOUND('',#1311,.T.);
#665=PLANE('',#1312);
#666=FACE_OUTER_BOUND('',#1313,.T.);
#667=PLANE('',#1314);
#668=FACE_OUTER_BOUND('',#1315,.T.);
#669=PLANE('',#1316);
#670=FACE_OUTER_BOUND('',#1317,.T.);
#671=PLANE('',#1318);
#672=FACE_OUTER_BOUND('',#1319,.T.);
#673=PLANE('',#1320);
#674=FACE_OUTER_BOUND('',#1321,.T.);
#675=PLANE('',#1322);
#676=FACE_OUTER_BOUND('',#1323,.T.);
#677=PLANE('',#1324);
#678=FACE_OUTER_BOUND('',#1325,.T.);
#679=PLANE('',#1326);
#680=FACE_OUTER_BOUND('',#1327,.T.);
#681=PLANE('',#1328);
#682=FACE_OUTER_BOUND('',#1329,.T.);
#683=PLANE('',#1330);
#684=FACE_OUTER_BOUND('',#1331,.T.);
#685=PLANE('',#1332);
#686=FACE_OUTER_BOUND('',#1333,.T.);
#687=PLANE('',#1334);
#688=FACE_OUTER_BOUND('',#1335,.T.);
#689=PLANE('',#1336);
#690=FACE_OUTER_BOUND('',#1337,.T.);
#691=PLANE('',#1338);
#692=FACE_OUTER_BOUND('',#1339,.T.);
#693=PLANE('',#1340);
#694=FACE_OUTER_BOUND('',#1341,.T.);
#695=PLANE('',#1342);
#696=FACE_OUTER_BOUND('',#1343,.T.);
#697=PLANE('',#1344);
#698=FACE_OUTER_BOUND('',#1345,.T.);
#699=PLANE('',#1346);
#700=FACE_OUTER_BOUND('',#1347,.T.);
#701=PLANE('',#1348);
#702=FACE_OUTER_BOUND('',#1349,.T.);
#703=PLANE('',#1350);
#704=FACE_OUTER_BOUND('',#1351,.T.);
#705=PLANE('',#1352);
#706=FACE_OUTER_BOUND('',#1353,.T.);
#707=PLANE('',#1354);
#708=FACE_OUTER_BOUND('',#1355,.T.);
#709=PLANE('',#1356);
#710=FACE_OUTER_BOUND('',#1357,.T.);
#711=PLANE('',#1358);
#712=FACE_OUTER_BOUND('',#1359,.T.);
#713=PLANE('',#1360);
#714=FACE_OUTER_BOUND('',#1361,.T.);
#715=PLANE('',#1362);
#716=FACE_OUTER_BOUND('',#1363,.T.);
#717=PLANE('',#1364);
#718=FACE_OUTER_BOUND('',#1365,.T.);
#719=PLANE('',#1366);
#720=FACE_OUTER_BOUND('',#1367,.T.);
#721=PLANE('',#1368);
#722=FACE_OUTER_BOUND('',#1369,.T.);
#723=PLANE('',#1370);
#724=FACE_OUTER_BOUND('',#1371,.T.);
#725=PLANE('',#1372);
#726=FACE_OUTER_BOUND('',#1373,.T.);
#727=PLANE('',#1374);
#728=FACE_OUTER_BOUND('',#1375,.T.);
#729=PLANE('',#1376);
#730=FACE_OUTER_BOUND('',#1377,.T.);
#731=PLANE('',#1378);
#732=FACE_OUTER_BOUND('',#1379,.T.);
#733=PLANE('',#1380);
#734=FACE_OUTER_BOUND('',#1381,.T.);
#735=PLANE('',#1382);
#736=FACE_OUTER_BOUND('',#1383,.T.);
#737=PLANE('',#1384);
#738=FACE_OUTER_BOUND('',#1385,.T.);
#739=PLANE('',#1386);
#740=FACE_OUTER_BOUND('',#1387,.T.);
#741=PLANE('',#1388);
#742=FACE_OUTER_BOUND('',#1389,.T.);
#743=PLANE('',#1390);
#744=FACE_OUTER_BOUND('',#1391,.T.);
#745=PLANE('',#1392);
#746=FACE_OUTER_BOUND('',#1393,.T.);
#747=PLANE('',#1394);
#748=FACE_OUTER_BOUND('',#1395,.T.);
#749=PLANE('',#1396);
#750=FACE_OUTER_BOUND('',#1397,.T.);
#751=PLANE('',#1398);
#752=FACE_OUTER_BOUND('',#1399,.T.);
#753=PLANE('',#1400);
#754=FACE_OUTER_BOUND('',#1401,.T.);
#755=PLANE('',#1402);
#756=FACE_OUTER_BOUND('',#1403,.T.);
#757=PLANE('',#1404);
#758=FACE_OUTER_BOUND('',#1405,.T.);
#759=PLANE('',#1406);
#760=FACE_OUTER_BOUND('',#1407,.T.);
#761=PLANE('',#1408);
#762=FACE_OUTER_BOUND('',#1409,.T.);
#763=PLANE('',#1410);
#764=FACE_OUTER_BOUND('',#1411,.T.);
#765=PLANE('',#1412);
#766=FACE_OUTER_BOUND('',#1413,.T.);
#767=PLANE('',#1414);
#768=FACE_OUTER_BOUND('',#1415,.T.);
#769=PLANE('',#1416);
#770=FACE_OUTER_BOUND('',#1417,.T.);
#771=PLANE('',#1418);
#772=FACE_OUTER_BOUND('',#1419,.T.);
#773=PLANE('',#1420);
#774=FACE_OUTER_BOUND('',#1421,.T.);
#775=PLANE('',#1422);
#776=FACE_OUTER_BOUND('',#1423,.T.);
#777=PLANE('',#1424);
#778=FACE_OUTER_BOUND('',#1425,.T.);
#779=PLANE('',#1426);
#780=FACE_OUTER_BOUND('',#1427,.T.);
#781=PLANE('',#1428);
#782=FACE_OUTER_BOUND('',#1429,.T.);
#783=PLANE('',#1430);
#784=FACE_OUTER_BOUND('',#1431,.T.);
#785=PLANE('',#1432);
#786=FACE_OUTER_BOUND('',#1433,.T.);
#787=PLANE('',#1434);
#788=FACE_OUTER_BOUND('',#1435,.T.);
#789=PLANE('',#1436);
#790=FACE_OUTER_BOUND('',#1437,.T.);
#791=PLANE('',#1438);
#792=FACE_OUTER_BOUND('',#1439,.T.);
#793=PLANE('',#1440);
#794=FACE_OUTER_BOUND('',#1441,.T.);
#795=PLANE('',#1442);
#796=FACE_OUTER_BOUND('',#1443,.T.);
#797=PLANE('',#1444);
#798=FACE_OUTER_BOUND('',#1445,.T.);
#799=PLANE('',#1446);
#800=FACE_OUTER_BOUND('',#1447,.T.);
#801=PLANE('',#1448);
#802=FACE_OUTER_BOUND('',#1449,.T.);
#803=PLANE('',#1450);
#804=FACE_OUTER_BOUND('',#1451,.T.);
#805=PLANE('',#1452);
#806=FACE_OUTER_BOUND('',#1453,.T.);
#807=PLANE('',#1454);
#808=FACE_OUTER_BOUND('',#1455,.T.);
#809=PLANE('',#1456);
#810=FACE_OUTER_BOUND('',#1457,.T.);
#811=PLANE('',#1458);
#812=FACE_OUTER_BOUND('',#1459,.T.);
#813=PLANE('',#1460);
#814=FACE_OUTER_BOUND('',#1461,.T.);
#815=PLANE('',#1462);
#816=FACE_OUTER_BOUND('',#1463,.T.);
#817=PLANE('',#1464);
#818=FACE_OUTER_BOUND('',#1465,.T.);
#819=PLANE('',#1466);
#820=FACE_OUTER_BOUND('',#1467,.T.);
#821=PLANE('',#1468);
#822=FACE_OUTER_BOUND('',#1469,.T.);
#823=PLANE('',#1470);
#824=FACE_OUTER_BOUND('',#1471,.T.);
#825=PLANE('',#1472);
#826=FACE_OUTER_BOUND('',#1473,.T.);
#827=PLANE('',#1474);
#828=FACE_OUTER_BOUND('',#1475,.T.);
#829=PLANE('',#1476);
#830=FACE_OUTER_BOUND('',#1477,.T.);
#831=PLANE('',#1478);
#832=FACE_OUTER_BOUND('',#1479,.T.);
#833=PLANE('',#1480);
#834=FACE_OUTER_BOUND('',#1481,.T.);
#835=PLANE('',#1482);
#836=FACE_OUTER_BOUND('',#1483,.T.);
#837=PLANE('',#1484);
#838=FACE_OUTER_BOUND('',#1485,.T.);
#839=PLANE('',#1486);
#840=FACE_OUTER_BOUND('',#1487,.T.);
#841=PLANE('',#1488);
#842=FACE_OUTER_BOUND('',#1489,.T.);
#843=PLANE('',#1490);
#844=FACE_OUTER_BOUND('',#1491,.T.);
#845=PLANE('',#1492);
#846=FACE_OUTER_BOUND('',#1493,.T.);
#847=PLANE('',#1494);
#848=FACE_OUTER_BOUND('',#1495,.T.);
#849=PLANE('',#1496);
#850=FACE_OUTER_BOUND('',#1497,.T.);
#851=PLANE('',#1498);
#852=FACE_OUTER_BOUND('',#1499,.T.);
#853=PLANE('',#1500);
#854=FACE_OUTER_BOUND('',#1501,.T.);
#855=PLANE('',#1502);
#856=FACE_OUTER_BOUND('',#1503,.T.);
#857=PLANE('',#1504);
#858=FACE_OUTER_BOUND('',#1505,.T.);
#859=PLANE('',#1506);
#860=FACE_OUTER_BOUND('',#1507,.T.);
#861=PLANE('',#1508);
#862=FACE_OUTER_BOUND('',#1509,.T.);
#863=PLANE('',#1510);
#864=FACE_OUTER_BOUND('',#1511,.T.);
#865=PLANE('',#1512);
#866=FACE_OUTER_BOUND('',#1513,.T.);
#867=PLANE('',#1514);
#868=FACE_OUTER_BOUND('',#1515,.T.);
#869=PLANE('',#1516);
#870=FACE_OUTER_BOUND('',#1517,.T.);
#871=PLANE('',#1518);
#872=FACE_OUTER_BOUND('',#1519,.T.);
#873=PLANE('',#1520);
#874=FACE_OUTER_BOUND('',#1521,.T.);
#875=PLANE('',#1522);
#876=FACE_OUTER_BOUND('',#1523,.T.);
#877=PLANE('',#1524);
#878=FACE_OUTER_BOUND('',#1525,.T.);
#879=PLANE('',#1526);
#880=FACE_OUTER_BOUND('',#1527,.T.);
#881=PLANE('',#1528);
#882=FACE_OUTER_BOUND('',#1529,.T.);
#883=PLANE('',#1530);
#884=FACE_OUTER_BOUND('',#1531,.T.);
#885=PLANE('',#1532);
#886=FACE_OUTER_BOUND('',#1533,.T.);
#887=PLANE('',#1534);
#888=FACE_OUTER_BOUND('',#1535,.T.);
#889=PLANE('',#1536);
#890=FACE_OUTER_BOUND('',#1537,.T.);
#891=PLANE('',#1538);
#892=FACE_OUTER_BOUND('',#1539,.T.);
#893=PLANE('',#1540);
#894=FACE_OUTER_BOUND('',#1541,.T.);
#895=PLANE('',#1542);
#896=FACE_OUTER_BOUND('',#1543,.T.);
#897=PLANE('',#1544);
#898=FACE_OUTER_BOUND('',#1545,.T.);
#899=PLANE('',#1546);
#900=FACE_OUTER_BOUND('',#1547,.T.);
#901=PLANE('',#1548);
#902=FACE_OUTER_BOUND('',#1549,.T.);
#903=PLANE('',#1550);
#904=FACE_OUTER_BOUND('',#1551,.T.);
#905=PLANE('',#1552);
#906=FACE_OUTER_BOUND('',#1553,.T.);
#907=PLANE('',#1554);
#908=FACE_OUTER_BOUND('',#1555,.T.);
#909=PLANE('',#1556);
#910=FACE_OUTER_BOUND('',#1557,.T.);
#911=PLANE('',#1558);
#912=FACE_OUTER_BOUND('',#1559,.T.);
#913=PLANE('',#1560);
#914=FACE_OUTER_BOUND('',#1561,.T.);
#915=PLANE('',#1562);
#916=FACE_OUTER_BOUND('',#1563,.T.);
#917=PLANE('',#1564);
#918=FACE_OUTER_BOUND('',#1565,.T.);
#919=PLANE('',#1566);
#920=FACE_OUTER_BOUND('',#1567,.T.);
#921=PLANE('',#1568);
#922=FACE_OUTER_BOUND('',#1569,.T.);
#923=PLANE('',#1570);
#924=FACE_OUTER_BOUND('',#1571,.T.);
#925=PLANE('',#1572);
#926=FACE_OUTER_BOUND('',#1573,.T.);
#927=PLANE('',#1574);
#928=FACE_OUTER_BOUND('',#1575,.T.);
#929=PLANE('',#1576);
#930=FACE_OUTER_BOUND('',#1577,.T.);
#931=PLANE('',#1578);
#932=FACE_OUTER_BOUND('',#1579,.T.);
#933=PLANE('',#1580);
#934=FACE_OUTER_BOUND('',#1581,.T.);
#935=PLANE('',#1582);
#936=FACE_OUTER_BOUND('',#1583,.T.);
#937=PLANE('',#1584);
#938=FACE_OUTER_BOUND('',#1585,.T.);
#939=PLANE('',#1586);
#940=FACE_OUTER_BOUND('',#1587,.T.);
#941=PLANE('',#1588);
#942=FACE_OUTER_BOUND('',#1589,.T.);
#943=PLANE('',#1590);
#944=FACE_OUTER_BOUND('',#1591,.T.);
#945=PLANE('',#1592);
#946=FACE_OUTER_BOUND('',#1593,.T.);
#947=PLANE('',#1594);
#948=FACE_OUTER_BOUND('',#1595,.T.);
#949=PLANE('',#1596);
#950=FACE_OUTER_BOUND('',#1597,.T.);
#951=PLANE('',#1598);
#952=FACE_OUTER_BOUND('',#1599,.T.);
#953=PLANE('',#1600);
#954=FACE_OUTER_BOUND('',#1601,.T.);
#955=PLANE('',#1602);
#956=FACE_OUTER_BOUND('',#1603,.T.);
#957=PLANE('',#1604);
#958=FACE_OUTER_BOUND('',#1605,.T.);
#959=PLANE('',#1606);
#960=FACE_OUTER_BOUND('',#1607,.T.);
#961=PLANE('',#1608);
#962=FACE_OUTER_BOUND('',#1609,.T.);
#963=PLANE('',#1610);
#964=FACE_OUTER_BOUND('',#1611,.T.);
#965=PLANE('',#1612);
#966=FACE_OUTER_BOUND('',#1613,.T.);
#967=PLANE('',#1614);
#968=FACE_OUTER_BOUND('',#1615,.T.);
#969=PLANE('',#1616);
#970=FACE_OUTER_BOUND('',#1617,.T.);
#971=PLANE('',#1618);
#972=FACE_OUTER_BOUND('',#1619,.T.);
#973=PLANE('',#1620);
#974=FACE_OUTER_BOUND('',#1621,.T.);
#975=PLANE('',#1622);
#976=FACE_OUTER_BOUND('',#1623,.T.);
#977=PLANE('',#1624);
#978=FACE_OUTER_BOUND('',#1625,.T.);
#979=PLANE('',#1626);
#980=FACE_OUTER_BOUND('',#1627,.T.);
#981=PLANE('',#1628);
#982=FACE_OUTER_BOUND('',#1629,.T.);
#983=PLANE('',#1630);
#984=FACE_OUTER_BOUND('',#1631,.T.);
#985=PLANE('',#1632);
#986=FACE_OUTER_BOUND('',#1633,.T.);
#987=PLANE('',#1634);
#988=FACE_OUTER_BOUND('',#1635,.T.);
#989=PLANE('',#1636);
#990=FACE_OUTER_BOUND('',#1637,.T.);
#991=PLANE('',#1638);
#992=FACE_OUTER_BOUND('',#1639,.T.);
#993=PLANE('',#1640);
#994=FACE_OUTER_BOUND('',#1641,.T.);
#995=PLANE('',#1642);
#996=FACE_OUTER_BOUND('',#1643,.T.);
#997=PLANE('',#1644);
#998=FACE_OUTER_BOUND('',#1645,.T.);
#999=PLANE('',#1646);
#1000=FACE_OUTER_BOUND('',#1647,.T.);
#1001=PLANE('',#1648);
#1002=FACE_OUTER_BOUND('',#1649,.T.);
#1003=PLANE('',#1650);
#1004=FACE_OUTER_BOUND('',#1651,.T.);
#1005=PLANE('',#1652);
#1006=FACE_OUTER_BOUND('',#1653,.T.);
#1007=PLANE('',#1654);
#1008=FACE_OUTER_BOUND('',#1655,.T.);
#1009=PLANE('',#1656);
#1010=FACE_OUTER_BOUND('',#1657,.T.);
#1011=PLANE('',#1658);
#1012=TRIMMED_CURVE('',#1659,(PARAMETER_VALUE(0.0)),(PARAMETER_VALUE(3.1415926535892)),.T.,.UNSPECIFIED.);
#1013=TRIMMED_CURVE('',#1660,(PARAMETER_VALUE(0.0)),(PARAMETER_VALUE(3.1415926535892)),.T.,.UNSPECIFIED.);
#1014=TRIMMED_CURVE('',#1661,(PARAMETER_VALUE(0.0)),(PARAMETER_VALUE(3.1415926535892)),.T.,.UNSPECIFIED.);
#1015=TRIMMED_CURVE('',#1662,(PARAMETER_VALUE(0.0)),(PARAMETER_VALUE(3.1415926535892)),.T.,.UNSPECIFIED.);
#1016=TRIMMED_CURVE('',#1663,(PARAMETER_VALUE(0.0)),(PARAMETER_VALUE(3.1415926535892)),.T.,.UNSPECIFIED.);
#1017=TRIMMED_CURVE('',#1664,(PARAMETER_VALUE(0.0)),(PARAMETER_VALUE(3.1415926535892)),.T.,.UNSPECIFIED.);
#1018=TRIMMED_CURVE('',#1665,(PARAMETER_VALUE(0.0)),(PARAMETER_VALUE(3.1415926535892)),.T.,.UNSPECIFIED.);
#1019=TRIMMED_CURVE('',#1666,(PARAMETER_VALUE(0.0)),(PARAMETER_VALUE(3.1415926535892)),.T.,.UNSPECIFIED.);
#1020=TRIMMED_CURVE('',#1667,(PARAMETER_VALUE(0.0)),(PARAMETER_VALUE(3.1415926535892)),.T.,.UNSPECIFIED.);
#1021=TRIMMED_CURVE('',#1668,(PARAMETER_VALUE(0.0)),(PARAMETER_VALUE(3.1415926535892)),.T.,.UNSPECIFIED.);
#1022=TRIMMED_CURVE('',#1669,(PARAMETER_VALUE(0.0)),(PARAMETER_VALUE(3.1415926535892)),.T.,.UNSPECIFIED.);
#1023=TRIMMED_CURVE('',#1670,(PARAMETER_VALUE(0.0)),(PARAMETER_VALUE(3.1415926535892)),.T.,.UNSPECIFIED.);
#1024=TRIMMED_CURVE('',#1671,(PARAMETER_VALUE(0.0)),(PARAMETER_VALUE(3.1415926535892)),.T.,.UNSPECIFIED.);
#1025=TRIMMED_CURVE('',#1672,(PARAMETER_VALUE(0.0)),(PARAMETER_VALUE(3.1415926535892)),.T.,.UNSPECIFIED.);
#1026=TRIMMED_CURVE('',#1673,(PARAMETER_VALUE(0.0)),(PARAMETER_VALUE(3.1415926535892)),.T.,.UNSPECIFIED.);
#1027=TRIMMED_CURVE('',#1674,(PARAMETER_VALUE(0.0)),(PARAMETER_VALUE(3.1415926535892)),.T.,.UNSPECIFIED.);
#1028=TRIMMED_CURVE('',#1675,(PARAMETER_VALUE(0.0)),(PARAMETER_VALUE(3.1415926535892)),.T.,.UNSPECIFIED.);
#1029=TRIMMED_CURVE('',#1676,(PARAMETER_VALUE(0.0)),(PARAMETER_VALUE(3.1415926535892)),.T.,.UNSPECIFIED.);
#1030=TRIMMED_CURVE('A_1',#1677,(PARAMETER_VALUE(0.0)),(PARAMETER_VALUE(1.0)),.T.,.UNSPECIFIED.);
#1031=EDGE_LOOP('',(#1678,#1679,#1680,#1681));
#1032=AXIS2_PLACEMENT_3D('',#1682,#1683,#1684);
#1033=EDGE_LOOP('',(#1685,#1686,#1687,#1688));
#1034=AXIS2_PLACEMENT_3D('',#1689,#1690,#1691);
#1035=EDGE_LOOP('',(#1692,#1693,#1694,#1695,#1696,#1697,#1698,#1699,#1700,#1701,#1702,#1703));
#1036=AXIS2_PLACEMENT_3D('',#1704,#1705,#1706);
#1037=EDGE_LOOP('',(#1707,#1708,#1709,#1710));
#1038=AXIS2_PLACEMENT_3D('',#1711,#1712,#1713);
#1039=EDGE_LOOP('',(#1714,#1715,#1716,#1717));
#1040=AXIS2_PLACEMENT_3D('',#1718,#1719,#1720);
#1041=EDGE_LOOP('',(#1721,#1722,#1723,#1724,#1725,#1726,#1727,#1728,#1729,#1730,#1731,#1732,#1733,#1734,#1735,#1736));
#1042=EDGE_LOOP('',(#1737,#1738,#1739,#1740));
#1043=EDGE_LOOP('',(#1741,#1742,#1743,#1744));
#1044=EDGE_LOOP('',(#1745,#1746,#1747,#1748));
#1045=EDGE_LOOP('',(#1749,#1750,#1751,#1752));
#1046=EDGE_LOOP('',(#1753,#1754,#1755,#1756));
#1047=EDGE_LOOP('',(#1757,#1758,#1759,#1760));
#1048=EDGE_LOOP('',(#1761,#1762,#1763,#1764));
#1049=EDGE_LOOP('',(#1765,#1766,#1767,#1768));
#1050=EDGE_LOOP('',(#1769,#1770,#1771,#1772));
#1051=EDGE_LOOP('',(#1773,#1774,#1775,#1776));
#1052=EDGE_LOOP('',(#1777,#1778,#1779,#1780));
#1053=EDGE_LOOP('',(#1781,#1782,#1783,#1784));
#1054=EDGE_LOOP('',(#1785,#1786,#1787,#1788));
#1055=EDGE_LOOP('',(#1789,#1790,#1791,#1792));
#1056=EDGE_LOOP('',(#1793,#1794,#1795,#1796));
#1057=EDGE_LOOP('',(#1797,#1798,#1799,#1800));
#1058=EDGE_LOOP('',(#1801,#1802,#1803,#1804));
#1059=AXIS2_PLACEMENT_3D('',#1805,#1806,#1807);
#1060=EDGE_LOOP('',(#1808,#1809,#1810,#1811));
#1061=AXIS2_PLACEMENT_3D('',#1812,#1813,#1814);
#1062=EDGE_LOOP('',(#1815,#1816,#1817,#1818,#1819,#1820));
#1063=AXIS2_PLACEMENT_3D('',#1821,#1822,#1823);
#1064=EDGE_LOOP('',(#1824,#1825,#1826,#1827,#1828,#1829));
#1065=AXIS2_PLACEMENT_3D('',#1830,#1831,#1832);
#1066=EDGE_LOOP('',(#1833,#1834,#1835,#1836,#1837,#1838,#1839,#1840,#1841,#1842,#1843,#1844));
#1067=AXIS2_PLACEMENT_3D('',#1845,#1846,#1847);
#1068=EDGE_LOOP('',(#1848,#1849,#1850,#1851));
#1069=AXIS2_PLACEMENT_3D('',#1852,#1853,#1854);
#1070=EDGE_LOOP('',(#1855,#1856,#1857,#1858,#1859));
#1071=AXIS2_PLACEMENT_3D('',#1860,#1861,#1862);
#1072=EDGE_LOOP('',(#1863,#1864,#1865,#1866));
#1073=AXIS2_PLACEMENT_3D('',#1867,#1868,#1869);
#1074=EDGE_LOOP('',(#1870,#1871,#1872,#1873,#1874,#1875,#1876,#1877,#1878,#1879,#1880,#1881,#1882,#1883,#1884,#1885,#1886,#1887,#1888,#1889,#1890,#1891,#1892,#1893,#1894,#1895,#1896,#1897,#1898,#1899,#1900,#1901,#1902,#1903,#1904,#1905,#1906,#1907,#1908,#1909,#1910,#1911,#1912,#1913));
#1075=AXIS2_PLACEMENT_3D('',#1914,#1915,#1916);
#1076=EDGE_LOOP('',(#1917,#1918,#1919,#1920));
#1077=AXIS2_PLACEMENT_3D('',#1921,#1922,#1923);
#1078=EDGE_LOOP('',(#1924,#1925,#1926,#1927,#1928,#1929));
#1079=AXIS2_PLACEMENT_3D('',#1930,#1931,#1932);
#1080=EDGE_LOOP('',(#1933,#1934,#1935,#1936,#1937,#1938));
#1081=AXIS2_PLACEMENT_3D('',#1939,#1940,#1941);
#1082=EDGE_LOOP('',(#1942,#1943,#1944,#1945));
#1083=AXIS2_PLACEMENT_3D('',#1946,#1947,#1948);
#1084=EDGE_LOOP('',(#1949,#1950,#1951,#1952,#1953,#1954));
#1085=AXIS2_PLACEMENT_3D('',#1955,#1956,#1957);
#1086=EDGE_LOOP('',(#1958,#1959,#1960,#1961,#1962,#1963,#1964,#1965,#1966,#1967,#1968,#1969,#1970,#1971,#1972,#1973,#1974,#1975,#1976,#1977,#1978,#1979,#1980,#1981,#1982,#1983,#1984,#1985,#1986,#1987,#1988,#1989,#1990,#1991,#1992,#1993,#1994,#1995,#1996,#1997,#1998,#1999,#2000,#2001,#2002,#2003,#2004,#2005,#2006,#2007,#2008,#2009,#2010,#2011,#2012,#2013));
#1087=EDGE_LOOP('',(#2014,#2015,#2016,#2017));
#1088=EDGE_LOOP('',(#2018,#2019,#2020,#2021));
#1089=EDGE_LOOP('',(#2022,#2023,#2024,#2025));
#1090=EDGE_LOOP('',(#2026,#2027,#2028,#2029));
#1091=EDGE_LOOP('',(#2030,#2031,#2032,#2033));
#1092=EDGE_LOOP('',(#2034,#2035,#2036,#2037));
#1093=EDGE_LOOP('',(#2038,#2039,#2040,#2041));
#1094=EDGE_LOOP('',(#2042,#2043,#2044,#2045));
#1095=AXIS2_PLACEMENT_3D('',#2046,#2047,#2048);
#1096=EDGE_LOOP('',(#2049,#2050,#2051,#2052));
#1097=AXIS2_PLACEMENT_3D('',#2053,#2054,#2055);
#1098=EDGE_LOOP('',(#2056,#2057,#2058,#2059));
#1099=AXIS2_PLACEMENT_3D('',#2060,#2061,#2062);
#1100=EDGE_LOOP('',(#2063,#2064,#2065,#2066));
#1101=AXIS2_PLACEMENT_3D('',#2067,#2068,#2069);
#1102=EDGE_LOOP('',(#2070,#2071,#2072,#2073));
#1103=AXIS2_PLACEMENT_3D('',#2074,#2075,#2076);
#1104=EDGE_LOOP('',(#2077,#2078,#2079,#2080,#2081,#2082));
#1105=AXIS2_PLACEMENT_3D('',#2083,#2084,#2085);
#1106=EDGE_LOOP('',(#2086,#2087,#2088,#2089));
#1107=AXIS2_PLACEMENT_3D('',#2090,#2091,#2092);
#1108=EDGE_LOOP('',(#2093,#2094,#2095,#2096));
#1109=AXIS2_PLACEMENT_3D('',#2097,#2098,#2099);
#1110=EDGE_LOOP('',(#2100,#2101,#2102,#2103));
#1111=AXIS2_PLACEMENT_3D('',#2104,#2105,#2106);
#1112=EDGE_LOOP('',(#2107,#2108,#2109,#2110));
#1113=AXIS2_PLACEMENT_3D('',#2111,#2112,#2113);
#1114=EDGE_LOOP('',(#2114,#2115,#2116,#2117,#2118,#2119));
#1115=AXIS2_PLACEMENT_3D('',#2120,#2121,#2122);
#1116=EDGE_LOOP('',(#2123,#2124,#2125,#2126,#2127,#2128));
#1117=AXIS2_PLACEMENT_3D('',#2129,#2130,#2131);
#1118=EDGE_LOOP('',(#2132,#2133,#2134,#2135));
#1119=AXIS2_PLACEMENT_3D('',#2136,#2137,#2138);
#1120=EDGE_LOOP('',(#2139,#2140,#2141,#2142));
#1121=AXIS2_PLACEMENT_3D('',#2143,#2144,#2145);
#1122=EDGE_LOOP('',(#2146,#2147,#2148,#2149));
#1123=AXIS2_PLACEMENT_3D('',#2150,#2151,#2152);
#1124=EDGE_LOOP('',(#2153,#2154,#2155,#2156));
#1125=AXIS2_PLACEMENT_3D('',#2157,#2158,#2159);
#1126=EDGE_LOOP('',(#2160,#2161,#2162,#2163,#2164,#2165));
#1127=AXIS2_PLACEMENT_3D('',#2166,#2167,#2168);
#1128=EDGE_LOOP('',(#2169,#2170,#2171,#2172));
#1129=AXIS2_PLACEMENT_3D('',#2173,#2174,#2175);
#1130=EDGE_LOOP('',(#2176,#2177,#2178,#2179,#2180,#2181,#2182,#2183));
#1131=AXIS2_PLACEMENT_3D('',#2184,#2185,#2186);
#1132=EDGE_LOOP('',(#2187,#2188,#2189,#2190,#2191,#2192,#2193,#2194));
#1133=AXIS2_PLACEMENT_3D('',#2195,#2196,#2197);
#1134=EDGE_LOOP('',(#2198,#2199,#2200,#2201));
#1135=AXIS2_PLACEMENT_3D('',#2202,#2203,#2204);
#1136=EDGE_LOOP('',(#2205,#2206,#2207,#2208));
#1137=AXIS2_PLACEMENT_3D('',#2209,#2210,#2211);
#1138=EDGE_LOOP('',(#2212,#2213,#2214,#2215));
#1139=AXIS2_PLACEMENT_3D('',#2216,#2217,#2218);
#1140=EDGE_LOOP('',(#2219,#2220,#2221,#2222));
#1141=AXIS2_PLACEMENT_3D('',#2223,#2224,#2225);
#1142=EDGE_LOOP('',(#2226,#2227,#2228,#2229,#2230,#2231));
#1143=AXIS2_PLACEMENT_3D('',#2232,#2233,#2234);
#1144=EDGE_LOOP('',(#2235,#2236,#2237,#2238));
#1145=AXIS2_PLACEMENT_3D('',#2239,#2240,#2241);
#1146=EDGE_LOOP('',(#2242,#2243,#2244,#2245));
#1147=AXIS2_PLACEMENT_3D('',#2246,#2247,#2248);
#1148=EDGE_LOOP('',(#2249,#2250,#2251,#2252));
#1149=AXIS2_PLACEMENT_3D('',#2253,#2254,#2255);
#1150=EDGE_LOOP('',(#2256,#2257,#2258,#2259));
#1151=AXIS2_PLACEMENT_3D('',#2260,#2261,#2262);
#1152=EDGE_LOOP('',(#2263,#2264,#2265,#2266));
#1153=AXIS2_PLACEMENT_3D('',#2267,#2268,#2269);
#1154=EDGE_LOOP('',(#2270,#2271,#2272,#2273));
#1155=AXIS2_PLACEMENT_3D('',#2274,#2275,#2276);
#1156=EDGE_LOOP('',(#2277,#2278,#2279,#2280));
#1157=AXIS2_PLACEMENT_3D('',#2281,#2282,#2283);
#1158=EDGE_LOOP('',(#2284,#2285,#2286,#2287,#2288,#2289,#2290));
#1159=AXIS2_PLACEMENT_3D('',#2291,#2292,#2293);
#1160=EDGE_LOOP('',(#2294,#2295,#2296,#2297));
#1161=AXIS2_PLACEMENT_3D('',#2298,#2299,#2300);
#1162=EDGE_LOOP('',(#2301,#2302,#2303,#2304));
#1163=AXIS2_PLACEMENT_3D('',#2305,#2306,#2307);
#1164=EDGE_LOOP('',(#2308,#2309,#2310,#2311));
#1165=AXIS2_PLACEMENT_3D('',#2312,#2313,#2314);
#1166=EDGE_LOOP('',(#2315,#2316,#2317,#2318,#2319,#2320));
#1167=AXIS2_PLACEMENT_3D('',#2321,#2322,#2323);
#1168=EDGE_LOOP('',(#2324,#2325,#2326,#2327,#2328,#2329,#2330));
#1169=AXIS2_PLACEMENT_3D('',#2331,#2332,#2333);
#1170=EDGE_LOOP('',(#2334,#2335,#2336,#2337));
#1171=AXIS2_PLACEMENT_3D('',#2338,#2339,#2340);
#1172=EDGE_LOOP('',(#2341,#2342,#2343,#2344));
#1173=AXIS2_PLACEMENT_3D('',#2345,#2346,#2347);
#1174=EDGE_LOOP('',(#2348,#2349,#2350,#2351));
#1175=AXIS2_PLACEMENT_3D('',#2352,#2353,#2354);
#1176=EDGE_LOOP('',(#2355,#2356,#2357,#2358,#2359,#2360,#2361));
#1177=AXIS2_PLACEMENT_3D('',#2362,#2363,#2364);
#1178=EDGE_LOOP('',(#2365,#2366,#2367,#2368,#2369,#2370,#2371,#2372));
#1179=AXIS2_PLACEMENT_3D('',#2373,#2374,#2375);
#1180=EDGE_LOOP('',(#2376,#2377,#2378,#2379,#2380,#2381,#2382,#2383,#2384,#2385,#2386));
#1181=AXIS2_PLACEMENT_3D('',#2387,#2388,#2389);
#1182=EDGE_LOOP('',(#2390,#2391,#2392,#2393,#2394,#2395));
#1183=AXIS2_PLACEMENT_3D('',#2396,#2397,#2398);
#1184=EDGE_LOOP('',(#2399,#2400,#2401,#2402,#2403,#2404));
#1185=AXIS2_PLACEMENT_3D('',#2405,#2406,#2407);
#1186=EDGE_LOOP('',(#2408,#2409,#2410,#2411));
#1187=AXIS2_PLACEMENT_3D('',#2412,#2413,#2414);
#1188=EDGE_LOOP('',(#2415,#2416,#2417,#2418));
#1189=AXIS2_PLACEMENT_3D('',#2419,#2420,#2421);
#1190=EDGE_LOOP('',(#2422,#2423,#2424,#2425));
#1191=AXIS2_PLACEMENT_3D('',#2426,#2427,#2428);
#1192=EDGE_LOOP('',(#2429,#2430,#2431,#2432));
#1193=EDGE_LOOP('',(#2433,#2434));
#1194=AXIS2_PLACEMENT_3D('',#2435,#2436,#2437);
#1195=EDGE_LOOP('',(#2438,#2439,#2440,#2441,#2442,#2443));
#1196=AXIS2_PLACEMENT_3D('',#2444,#2445,#2446);
#1197=EDGE_LOOP('',(#2447,#2448,#2449,#2450,#2451,#2452));
#1198=AXIS2_PLACEMENT_3D('',#2453,#2454,#2455);
#1199=EDGE_LOOP('',(#2456,#2457,#2458,#2459));
#1200=AXIS2_PLACEMENT_3D('',#2460,#2461,#2462);
#1201=EDGE_LOOP('',(#2463,#2464,#2465,#2466));
#1202=AXIS2_PLACEMENT_3D('',#2467,#2468,#2469);
#1203=EDGE_LOOP('',(#2470,#2471,#2472,#2473));
#1204=AXIS2_PLACEMENT_3D('',#2474,#2475,#2476);
#1205=EDGE_LOOP('',(#2477,#2478,#2479,#2480));
#1206=AXIS2_PLACEMENT_3D('',#2481,#2482,#2483);
#1207=EDGE_LOOP('',(#2484,#2485,#2486,#2487,#2488,#2489,#2490,#2491,#2492,#2493,#2494,#2495));
#1208=AXIS2_PLACEMENT_3D('',#2496,#2497,#2498);
#1209=EDGE_LOOP('',(#2499,#2500,#2501,#2502));
#1210=AXIS2_PLACEMENT_3D('',#2503,#2504,#2505);
#1211=EDGE_LOOP('',(#2506,#2507,#2508,#2509));
#1212=AXIS2_PLACEMENT_3D('',#2510,#2511,#2512);
#1213=EDGE_LOOP('',(#2513,#2514,#2515,#2516));
#1214=AXIS2_PLACEMENT_3D('',#2517,#2518,#2519);
#1215=EDGE_LOOP('',(#2520,#2521,#2522,#2523,#2524,#2525,#2526,#2527,#2528,#2529,#2530));
#1216=AXIS2_PLACEMENT_3D('',#2531,#2532,#2533);
#1217=EDGE_LOOP('',(#2534,#2535,#2536,#2537,#2538,#2539));
#1218=AXIS2_PLACEMENT_3D('',#2540,#2541,#2542);
#1219=EDGE_LOOP('',(#2543,#2544,#2545,#2546,#2547,#2548,#2549));
#1220=AXIS2_PLACEMENT_3D('',#2550,#2551,#2552);
#1221=EDGE_LOOP('',(#2553,#2554,#2555,#2556,#2557));
#1222=AXIS2_PLACEMENT_3D('',#2558,#2559,#2560);
#1223=EDGE_LOOP('',(#2561,#2562,#2563,#2564,#2565));
#1224=AXIS2_PLACEMENT_3D('',#2566,#2567,#2568);
#1225=EDGE_LOOP('',(#2569,#2570,#2571,#2572));
#1226=AXIS2_PLACEMENT_3D('',#2573,#2574,#2575);
#1227=EDGE_LOOP('',(#2576,#2577,#2578,#2579,#2580,#2581,#2582,#2583));
#1228=AXIS2_PLACEMENT_3D('',#2584,#2585,#2586);
#1229=EDGE_LOOP('',(#2587,#2588,#2589,#2590));
#1230=AXIS2_PLACEMENT_3D('',#2591,#2592,#2593);
#1231=EDGE_LOOP('',(#2594,#2595,#2596,#2597,#2598,#2599));
#1232=AXIS2_PLACEMENT_3D('',#2600,#2601,#2602);
#1233=EDGE_LOOP('',(#2603,#2604,#2605,#2606,#2607,#2608,#2609,#2610));
#1234=AXIS2_PLACEMENT_3D('',#2611,#2612,#2613);
#1235=EDGE_LOOP('',(#2614,#2615,#2616,#2617));
#1236=AXIS2_PLACEMENT_3D('',#2618,#2619,#2620);
#1237=EDGE_LOOP('',(#2621,#2622,#2623,#2624,#2625,#2626,#2627));
#1238=AXIS2_PLACEMENT_3D('',#2628,#2629,#2630);
#1239=EDGE_LOOP('',(#2631,#2632,#2633,#2634,#2635,#2636,#2637,#2638));
#1240=AXIS2_PLACEMENT_3D('',#2639,#2640,#2641);
#1241=EDGE_LOOP('',(#2642,#2643,#2644,#2645));
#1242=AXIS2_PLACEMENT_3D('',#2646,#2647,#2648);
#1243=EDGE_LOOP('',(#2649,#2650,#2651,#2652));
#1244=AXIS2_PLACEMENT_3D('',#2653,#2654,#2655);
#1245=EDGE_LOOP('',(#2656,#2657,#2658,#2659));
#1246=AXIS2_PLACEMENT_3D('',#2660,#2661,#2662);
#1247=EDGE_LOOP('',(#2663,#2664,#2665,#2666,#2667,#2668,#2669));
#1248=AXIS2_PLACEMENT_3D('',#2670,#2671,#2672);
#1249=EDGE_LOOP('',(#2673,#2674,#2675,#2676));
#1250=AXIS2_PLACEMENT_3D('',#2677,#2678,#2679);
#1251=EDGE_LOOP('',(#2680,#2681,#2682,#2683,#2684));
#1252=AXIS2_PLACEMENT_3D('',#2685,#2686,#2687);
#1253=EDGE_LOOP('',(#2688,#2689,#2690,#2691));
#1254=AXIS2_PLACEMENT_3D('',#2692,#2693,#2694);
#1255=EDGE_LOOP('',(#2695,#2696,#2697,#2698));
#1256=AXIS2_PLACEMENT_3D('',#2699,#2700,#2701);
#1257=EDGE_LOOP('',(#2702,#2703,#2704,#2705));
#1258=AXIS2_PLACEMENT_3D('',#2706,#2707,#2708);
#1259=EDGE_LOOP('',(#2709,#2710,#2711,#2712,#2713));
#1260=AXIS2_PLACEMENT_3D('',#2714,#2715,#2716);
#1261=EDGE_LOOP('',(#2717,#2718,#2719,#2720));
#1262=AXIS2_PLACEMENT_3D('',#2721,#2722,#2723);
#1263=EDGE_LOOP('',(#2724,#2725,#2726,#2727));
#1264=AXIS2_PLACEMENT_3D('',#2728,#2729,#2730);
#1265=EDGE_LOOP('',(#2731,#2732,#2733,#2734));
#1266=AXIS2_PLACEMENT_3D('',#2735,#2736,#2737);
#1267=EDGE_LOOP('',(#2738,#2739,#2740,#2741));
#1268=AXIS2_PLACEMENT_3D('',#2742,#2743,#2744);
#1269=EDGE_LOOP('',(#2745,#2746,#2747,#2748));
#1270=AXIS2_PLACEMENT_3D('',#2749,#2750,#2751);
#1271=EDGE_LOOP('',(#2752,#2753,#2754,#2755));
#1272=AXIS2_PLACEMENT_3D('',#2756,#2757,#2758);
#1273=EDGE_LOOP('',(#2759,#2760,#2761,#2762));
#1274=AXIS2_PLACEMENT_3D('',#2763,#2764,#2765);
#1275=EDGE_LOOP('',(#2766,#2767,#2768,#2769));
#1276=AXIS2_PLACEMENT_3D('',#2770,#2771,#2772);
#1277=EDGE_LOOP('',(#2773,#2774,#2775,#2776));
#1278=AXIS2_PLACEMENT_3D('',#2777,#2778,#2779);
#1279=EDGE_LOOP('',(#2780,#2781,#2782,#2783));
#1280=AXIS2_PLACEMENT_3D('',#2784,#2785,#2786);
#1281=EDGE_LOOP('',(#2787,#2788,#2789,#2790));
#1282=AXIS2_PLACEMENT_3D('',#2791,#2792,#2793);
#1283=EDGE_LOOP('',(#2794,#2795,#2796,#2797));
#1284=AXIS2_PLACEMENT_3D('',#2798,#2799,#2800);
#1285=EDGE_LOOP('',(#2801,#2802,#2803,#2804));
#1286=AXIS2_PLACEMENT_3D('',#2805,#2806,#2807);
#1287=EDGE_LOOP('',(#2808,#2809,#2810,#2811));
#1288=AXIS2_PLACEMENT_3D('',#2812,#2813,#2814);
#1289=EDGE_LOOP('',(#2815,#2816,#2817,#2818));
#1290=AXIS2_PLACEMENT_3D('',#2819,#2820,#2821);
#1291=EDGE_LOOP('',(#2822,#2823,#2824,#2825));
#1292=AXIS2_PLACEMENT_3D('',#2826,#2827,#2828);
#1293=EDGE_LOOP('',(#2829,#2830,#2831,#2832));
#1294=AXIS2_PLACEMENT_3D('',#2833,#2834,#2835);
#1295=EDGE_LOOP('',(#2836,#2837,#2838,#2839));
#1296=AXIS2_PLACEMENT_3D('',#2840,#2841,#2842);
#1297=EDGE_LOOP('',(#2843,#2844,#2845,#2846));
#1298=AXIS2_PLACEMENT_3D('',#2847,#2848,#2849);
#1299=EDGE_LOOP('',(#2850,#2851,#2852,#2853));
#1300=AXIS2_PLACEMENT_3D('',#2854,#2855,#2856);
#1301=EDGE_LOOP('',(#2857,#2858,#2859,#2860));
#1302=AXIS2_PLACEMENT_3D('',#2861,#2862,#2863);
#1303=EDGE_LOOP('',(#2864,#2865,#2866,#2867));
#1304=AXIS2_PLACEMENT_3D('',#2868,#2869,#2870);
#1305=EDGE_LOOP('',(#2871,#2872,#2873,#2874));
#1306=AXIS2_PLACEMENT_3D('',#2875,#2876,#2877);
#1307=EDGE_LOOP('',(#2878,#2879,#2880,#2881));
#1308=AXIS2_PLACEMENT_3D('',#2882,#2883,#2884);
#1309=EDGE_LOOP('',(#2885,#2886,#2887,#2888));
#1310=AXIS2_PLACEMENT_3D('',#2889,#2890,#2891);
#1311=EDGE_LOOP('',(#2892,#2893,#2894,#2895));
#1312=AXIS2_PLACEMENT_3D('',#2896,#2897,#2898);
#1313=EDGE_LOOP('',(#2899,#2900,#2901,#2902));
#1314=AXIS2_PLACEMENT_3D('',#2903,#2904,#2905);
#1315=EDGE_LOOP('',(#2906,#2907,#2908,#2909));
#1316=AXIS2_PLACEMENT_3D('',#2910,#2911,#2912);
#1317=EDGE_LOOP('',(#2913,#2914,#2915,#2916));
#1318=AXIS2_PLACEMENT_3D('',#2917,#2918,#2919);
#1319=EDGE_LOOP('',(#2920,#2921,#2922,#2923));
#1320=AXIS2_PLACEMENT_3D('',#2924,#2925,#2926);
#1321=EDGE_LOOP('',(#2927,#2928,#2929,#2930));
#1322=AXIS2_PLACEMENT_3D('',#2931,#2932,#2933);
#1323=EDGE_LOOP('',(#2934,#2935,#2936,#2937));
#1324=AXIS2_PLACEMENT_3D('',#2938,#2939,#2940);
#1325=EDGE_LOOP('',(#2941,#2942,#2943,#2944));
#1326=AXIS2_PLACEMENT_3D('',#2945,#2946,#2947);
#1327=EDGE_LOOP('',(#2948,#2949,#2950,#2951));
#1328=AXIS2_PLACEMENT_3D('',#2952,#2953,#2954);
#1329=EDGE_LOOP('',(#2955,#2956,#2957,#2958));
#1330=AXIS2_PLACEMENT_3D('',#2959,#2960,#2961);
#1331=EDGE_LOOP('',(#2962,#2963,#2964,#2965));
#1332=AXIS2_PLACEMENT_3D('',#2966,#2967,#2968);
#1333=EDGE_LOOP('',(#2969,#2970,#2971,#2972));
#1334=AXIS2_PLACEMENT_3D('',#2973,#2974,#2975);
#1335=EDGE_LOOP('',(#2976,#2977,#2978,#2979,#2980,#2981,#2982,#2983));
#1336=AXIS2_PLACEMENT_3D('',#2984,#2985,#2986);
#1337=EDGE_LOOP('',(#2987,#2988,#2989,#2990,#2991,#2992,#2993,#2994));
#1338=AXIS2_PLACEMENT_3D('',#2995,#2996,#2997);
#1339=EDGE_LOOP('',(#2998,#2999,#3000,#3001));
#1340=AXIS2_PLACEMENT_3D('',#3002,#3003,#3004);
#1341=EDGE_LOOP('',(#3005,#3006,#3007,#3008));
#1342=AXIS2_PLACEMENT_3D('',#3009,#3010,#3011);
#1343=EDGE_LOOP('',(#3012,#3013,#3014,#3015));
#1344=AXIS2_PLACEMENT_3D('',#3016,#3017,#3018);
#1345=EDGE_LOOP('',(#3019,#3020,#3021,#3022));
#1346=AXIS2_PLACEMENT_3D('',#3023,#3024,#3025);
#1347=EDGE_LOOP('',(#3026,#3027,#3028,#3029,#3030,#3031,#3032,#3033));
#1348=AXIS2_PLACEMENT_3D('',#3034,#3035,#3036);
#1349=EDGE_LOOP('',(#3037,#3038,#3039,#3040,#3041,#3042,#3043,#3044));
#1350=AXIS2_PLACEMENT_3D('',#3045,#3046,#3047);
#1351=EDGE_LOOP('',(#3048,#3049,#3050,#3051));
#1352=AXIS2_PLACEMENT_3D('',#3052,#3053,#3054);
#1353=EDGE_LOOP('',(#3055,#3056,#3057,#3058));
#1354=AXIS2_PLACEMENT_3D('',#3059,#3060,#3061);
#1355=EDGE_LOOP('',(#3062,#3063,#3064,#3065));
#1356=AXIS2_PLACEMENT_3D('',#3066,#3067,#3068);
#1357=EDGE_LOOP('',(#3069,#3070,#3071,#3072));
#1358=AXIS2_PLACEMENT_3D('',#3073,#3074,#3075);
#1359=EDGE_LOOP('',(#3076,#3077,#3078,#3079));
#1360=AXIS2_PLACEMENT_3D('',#3080,#3081,#3082);
#1361=EDGE_LOOP('',(#3083,#3084,#3085,#3086));
#1362=AXIS2_PLACEMENT_3D('',#3087,#3088,#3089);
#1363=EDGE_LOOP('',(#3090,#3091,#3092,#3093));
#1364=AXIS2_PLACEMENT_3D('',#3094,#3095,#3096);
#1365=EDGE_LOOP('',(#3097,#3098,#3099,#3100));
#1366=AXIS2_PLACEMENT_3D('',#3101,#3102,#3103);
#1367=EDGE_LOOP('',(#3104,#3105,#3106,#3107));
#1368=AXIS2_PLACEMENT_3D('',#3108,#3109,#3110);
#1369=EDGE_LOOP('',(#3111,#3112,#3113,#3114));
#1370=AXIS2_PLACEMENT_3D('',#3115,#3116,#3117);
#1371=EDGE_LOOP('',(#3118,#3119,#3120,#3121));
#1372=AXIS2_PLACEMENT_3D('',#3122,#3123,#3124);
#1373=EDGE_LOOP('',(#3125,#3126,#3127,#3128));
#1374=AXIS2_PLACEMENT_3D('',#3129,#3130,#3131);
#1375=EDGE_LOOP('',(#3132,#3133,#3134,#3135));
#1376=AXIS2_PLACEMENT_3D('',#3136,#3137,#3138);
#1377=EDGE_LOOP('',(#3139,#3140,#3141,#3142));
#1378=AXIS2_PLACEMENT_3D('',#3143,#3144,#3145);
#1379=EDGE_LOOP('',(#3146,#3147,#3148,#3149));
#1380=AXIS2_PLACEMENT_3D('',#3150,#3151,#3152);
#1381=EDGE_LOOP('',(#3153,#3154,#3155,#3156));
#1382=AXIS2_PLACEMENT_3D('',#3157,#3158,#3159);
#1383=EDGE_LOOP('',(#3160,#3161,#3162,#3163));
#1384=AXIS2_PLACEMENT_3D('',#3164,#3165,#3166);
#1385=EDGE_LOOP('',(#3167,#3168,#3169,#3170));
#1386=AXIS2_PLACEMENT_3D('',#3171,#3172,#3173);
#1387=EDGE_LOOP('',(#3174,#3175,#3176,#3177));
#1388=AXIS2_PLACEMENT_3D('',#3178,#3179,#3180);
#1389=EDGE_LOOP('',(#3181,#3182,#3183,#3184));
#1390=AXIS2_PLACEMENT_3D('',#3185,#3186,#3187);
#1391=EDGE_LOOP('',(#3188,#3189,#3190,#3191));
#1392=AXIS2_PLACEMENT_3D('',#3192,#3193,#3194);
#1393=EDGE_LOOP('',(#3195,#3196,#3197,#3198));
#1394=AXIS2_PLACEMENT_3D('',#3199,#3200,#3201);
#1395=EDGE_LOOP('',(#3202,#3203,#3204,#3205));
#1396=AXIS2_PLACEMENT_3D('',#3206,#3207,#3208);
#1397=EDGE_LOOP('',(#3209,#3210,#3211,#3212));
#1398=AXIS2_PLACEMENT_3D('',#3213,#3214,#3215);
#1399=EDGE_LOOP('',(#3216,#3217,#3218,#3219));
#1400=AXIS2_PLACEMENT_3D('',#3220,#3221,#3222);
#1401=EDGE_LOOP('',(#3223,#3224,#3225,#3226));
#1402=AXIS2_PLACEMENT_3D('',#3227,#3228,#3229);
#1403=EDGE_LOOP('',(#3230,#3231,#3232,#3233));
#1404=AXIS2_PLACEMENT_3D('',#3234,#3235,#3236);
#1405=EDGE_LOOP('',(#3237,#3238,#3239,#3240));
#1406=AXIS2_PLACEMENT_3D('',#3241,#3242,#3243);
#1407=EDGE_LOOP('',(#3244,#3245,#3246,#3247));
#1408=AXIS2_PLACEMENT_3D('',#3248,#3249,#3250);
#1409=EDGE_LOOP('',(#3251,#3252,#3253,#3254));
#1410=AXIS2_PLACEMENT_3D('',#3255,#3256,#3257);
#1411=EDGE_LOOP('',(#3258,#3259,#3260,#3261));
#1412=AXIS2_PLACEMENT_3D('',#3262,#3263,#3264);
#1413=EDGE_LOOP('',(#3265,#3266,#3267,#3268));
#1414=AXIS2_PLACEMENT_3D('',#3269,#3270,#3271);
#1415=EDGE_LOOP('',(#3272,#3273,#3274,#3275));
#1416=AXIS2_PLACEMENT_3D('',#3276,#3277,#3278);
#1417=EDGE_LOOP('',(#3279,#3280,#3281,#3282));
#1418=AXIS2_PLACEMENT_3D('',#3283,#3284,#3285);
#1419=EDGE_LOOP('',(#3286,#3287,#3288,#3289));
#1420=AXIS2_PLACEMENT_3D('',#3290,#3291,#3292);
#1421=EDGE_LOOP('',(#3293,#3294,#3295,#3296));
#1422=AXIS2_PLACEMENT_3D('',#3297,#3298,#3299);
#1423=EDGE_LOOP('',(#3300,#3301,#3302,#3303));
#1424=AXIS2_PLACEMENT_3D('',#3304,#3305,#3306);
#1425=EDGE_LOOP('',(#3307,#3308,#3309,#3310));
#1426=AXIS2_PLACEMENT_3D('',#3311,#3312,#3313);
#1427=EDGE_LOOP('',(#3314,#3315,#3316,#3317));
#1428=AXIS2_PLACEMENT_3D('',#3318,#3319,#3320);
#1429=EDGE_LOOP('',(#3321,#3322,#3323,#3324));
#1430=AXIS2_PLACEMENT_3D('',#3325,#3326,#3327);
#1431=EDGE_LOOP('',(#3328,#3329,#3330,#3331));
#1432=AXIS2_PLACEMENT_3D('',#3332,#3333,#3334);
#1433=EDGE_LOOP('',(#3335,#3336,#3337,#3338));
#1434=AXIS2_PLACEMENT_3D('',#3339,#3340,#3341);
#1435=EDGE_LOOP('',(#3342,#3343,#3344,#3345));
#1436=AXIS2_PLACEMENT_3D('',#3346,#3347,#3348);
#1437=EDGE_LOOP('',(#3349,#3350,#3351,#3352));
#1438=AXIS2_PLACEMENT_3D('',#3353,#3354,#3355);
#1439=EDGE_LOOP('',(#3356,#3357,#3358,#3359));
#1440=AXIS2_PLACEMENT_3D('',#3360,#3361,#3362);
#1441=EDGE_LOOP('',(#3363,#3364,#3365,#3366));
#1442=AXIS2_PLACEMENT_3D('',#3367,#3368,#3369);
#1443=EDGE_LOOP('',(#3370,#3371,#3372,#3373));
#1444=AXIS2_PLACEMENT_3D('',#3374,#3375,#3376);
#1445=EDGE_LOOP('',(#3377,#3378,#3379,#3380));
#1446=AXIS2_PLACEMENT_3D('',#3381,#3382,#3383);
#1447=EDGE_LOOP('',(#3384,#3385,#3386,#3387));
#1448=AXIS2_PLACEMENT_3D('',#3388,#3389,#3390);
#1449=EDGE_LOOP('',(#3391,#3392,#3393,#3394));
#1450=AXIS2_PLACEMENT_3D('',#3395,#3396,#3397);
#1451=EDGE_LOOP('',(#3398,#3399,#3400,#3401));
#1452=AXIS2_PLACEMENT_3D('',#3402,#3403,#3404);
#1453=EDGE_LOOP('',(#3405,#3406,#3407,#3408));
#1454=AXIS2_PLACEMENT_3D('',#3409,#3410,#3411);
#1455=EDGE_LOOP('',(#3412,#3413,#3414,#3415));
#1456=AXIS2_PLACEMENT_3D('',#3416,#3417,#3418);
#1457=EDGE_LOOP('',(#3419,#3420,#3421,#3422));
#1458=AXIS2_PLACEMENT_3D('',#3423,#3424,#3425);
#1459=EDGE_LOOP('',(#3426,#3427,#3428,#3429));
#1460=AXIS2_PLACEMENT_3D('',#3430,#3431,#3432);
#1461=EDGE_LOOP('',(#3433,#3434,#3435,#3436));
#1462=AXIS2_PLACEMENT_3D('',#3437,#3438,#3439);
#1463=EDGE_LOOP('',(#3440,#3441,#3442,#3443));
#1464=AXIS2_PLACEMENT_3D('',#3444,#3445,#3446);
#1465=EDGE_LOOP('',(#3447,#3448,#3449,#3450));
#1466=AXIS2_PLACEMENT_3D('',#3451,#3452,#3453);
#1467=EDGE_LOOP('',(#3454,#3455,#3456,#3457));
#1468=AXIS2_PLACEMENT_3D('',#3458,#3459,#3460);
#1469=EDGE_LOOP('',(#3461,#3462,#3463,#3464));
#1470=AXIS2_PLACEMENT_3D('',#3465,#3466,#3467);
#1471=EDGE_LOOP('',(#3468,#3469,#3470,#3471));
#1472=AXIS2_PLACEMENT_3D('',#3472,#3473,#3474);
#1473=EDGE_LOOP('',(#3475,#3476,#3477,#3478));
#1474=AXIS2_PLACEMENT_3D('',#3479,#3480,#3481);
#1475=EDGE_LOOP('',(#3482,#3483,#3484,#3485));
#1476=AXIS2_PLACEMENT_3D('',#3486,#3487,#3488);
#1477=EDGE_LOOP('',(#3489,#3490,#3491,#3492));
#1478=AXIS2_PLACEMENT_3D('',#3493,#3494,#3495);
#1479=EDGE_LOOP('',(#3496,#3497,#3498,#3499));
#1480=AXIS2_PLACEMENT_3D('',#3500,#3501,#3502);
#1481=EDGE_LOOP('',(#3503,#3504,#3505,#3506));
#1482=AXIS2_PLACEMENT_3D('',#3507,#3508,#3509);
#1483=EDGE_LOOP('',(#3510,#3511,#3512,#3513));
#1484=AXIS2_PLACEMENT_3D('',#3514,#3515,#3516);
#1485=EDGE_LOOP('',(#3517,#3518,#3519,#3520));
#1486=AXIS2_PLACEMENT_3D('',#3521,#3522,#3523);
#1487=EDGE_LOOP('',(#3524,#3525,#3526,#3527));
#1488=AXIS2_PLACEMENT_3D('',#3528,#3529,#3530);
#1489=EDGE_LOOP('',(#3531,#3532,#3533,#3534));
#1490=AXIS2_PLACEMENT_3D('',#3535,#3536,#3537);
#1491=EDGE_LOOP('',(#3538,#3539,#3540,#3541));
#1492=AXIS2_PLACEMENT_3D('',#3542,#3543,#3544);
#1493=EDGE_LOOP('',(#3545,#3546,#3547,#3548));
#1494=AXIS2_PLACEMENT_3D('',#3549,#3550,#3551);
#1495=EDGE_LOOP('',(#3552,#3553,#3554,#3555));
#1496=AXIS2_PLACEMENT_3D('',#3556,#3557,#3558);
#1497=EDGE_LOOP('',(#3559,#3560,#3561,#3562));
#1498=AXIS2_PLACEMENT_3D('',#3563,#3564,#3565);
#1499=EDGE_LOOP('',(#3566,#3567,#3568,#3569));
#1500=AXIS2_PLACEMENT_3D('',#3570,#3571,#3572);
#1501=EDGE_LOOP('',(#3573,#3574,#3575,#3576));
#1502=AXIS2_PLACEMENT_3D('',#3577,#3578,#3579);
#1503=EDGE_LOOP('',(#3580,#3581,#3582,#3583));
#1504=AXIS2_PLACEMENT_3D('',#3584,#3585,#3586);
#1505=EDGE_LOOP('',(#3587,#3588,#3589,#3590));
#1506=AXIS2_PLACEMENT_3D('',#3591,#3592,#3593);
#1507=EDGE_LOOP('',(#3594,#3595,#3596,#3597));
#1508=AXIS2_PLACEMENT_3D('',#3598,#3599,#3600);
#1509=EDGE_LOOP('',(#3601,#3602,#3603,#3604));
#1510=AXIS2_PLACEMENT_3D('',#3605,#3606,#3607);
#1511=EDGE_LOOP('',(#3608,#3609,#3610,#3611));
#1512=AXIS2_PLACEMENT_3D('',#3612,#3613,#3614);
#1513=EDGE_LOOP('',(#3615,#3616,#3617,#3618));
#1514=AXIS2_PLACEMENT_3D('',#3619,#3620,#3621);
#1515=EDGE_LOOP('',(#3622,#3623,#3624,#3625));
#1516=AXIS2_PLACEMENT_3D('',#3626,#3627,#3628);
#1517=EDGE_LOOP('',(#3629,#3630,#3631,#3632));
#1518=AXIS2_PLACEMENT_3D('',#3633,#3634,#3635);
#1519=EDGE_LOOP('',(#3636,#3637,#3638,#3639));
#1520=AXIS2_PLACEMENT_3D('',#3640,#3641,#3642);
#1521=EDGE_LOOP('',(#3643,#3644,#3645,#3646));
#1522=AXIS2_PLACEMENT_3D('',#3647,#3648,#3649);
#1523=EDGE_LOOP('',(#3650,#3651,#3652,#3653));
#1524=AXIS2_PLACEMENT_3D('',#3654,#3655,#3656);
#1525=EDGE_LOOP('',(#3657,#3658,#3659,#3660));
#1526=AXIS2_PLACEMENT_3D('',#3661,#3662,#3663);
#1527=EDGE_LOOP('',(#3664,#3665,#3666,#3667));
#1528=AXIS2_PLACEMENT_3D('',#3668,#3669,#3670);
#1529=EDGE_LOOP('',(#3671,#3672,#3673,#3674));
#1530=AXIS2_PLACEMENT_3D('',#3675,#3676,#3677);
#1531=EDGE_LOOP('',(#3678,#3679,#3680,#3681));
#1532=AXIS2_PLACEMENT_3D('',#3682,#3683,#3684);
#1533=EDGE_LOOP('',(#3685,#3686,#3687,#3688));
#1534=AXIS2_PLACEMENT_3D('',#3689,#3690,#3691);
#1535=EDGE_LOOP('',(#3692,#3693,#3694,#3695));
#1536=AXIS2_PLACEMENT_3D('',#3696,#3697,#3698);
#1537=EDGE_LOOP('',(#3699,#3700,#3701,#3702));
#1538=AXIS2_PLACEMENT_3D('',#3703,#3704,#3705);
#1539=EDGE_LOOP('',(#3706,#3707,#3708,#3709));
#1540=AXIS2_PLACEMENT_3D('',#3710,#3711,#3712);
#1541=EDGE_LOOP('',(#3713,#3714,#3715,#3716));
#1542=AXIS2_PLACEMENT_3D('',#3717,#3718,#3719);
#1543=EDGE_LOOP('',(#3720,#3721,#3722,#3723));
#1544=AXIS2_PLACEMENT_3D('',#3724,#3725,#3726);
#1545=EDGE_LOOP('',(#3727,#3728,#3729,#3730));
#1546=AXIS2_PLACEMENT_3D('',#3731,#3732,#3733);
#1547=EDGE_LOOP('',(#3734,#3735,#3736,#3737));
#1548=AXIS2_PLACEMENT_3D('',#3738,#3739,#3740);
#1549=EDGE_LOOP('',(#3741,#3742,#3743,#3744));
#1550=AXIS2_PLACEMENT_3D('',#3745,#3746,#3747);
#1551=EDGE_LOOP('',(#3748,#3749,#3750,#3751));
#1552=AXIS2_PLACEMENT_3D('',#3752,#3753,#3754);
#1553=EDGE_LOOP('',(#3755,#3756,#3757,#3758));
#1554=AXIS2_PLACEMENT_3D('',#3759,#3760,#3761);
#1555=EDGE_LOOP('',(#3762,#3763,#3764,#3765));
#1556=AXIS2_PLACEMENT_3D('',#3766,#3767,#3768);
#1557=EDGE_LOOP('',(#3769,#3770,#3771,#3772));
#1558=AXIS2_PLACEMENT_3D('',#3773,#3774,#3775);
#1559=EDGE_LOOP('',(#3776,#3777,#3778,#3779));
#1560=AXIS2_PLACEMENT_3D('',#3780,#3781,#3782);
#1561=EDGE_LOOP('',(#3783,#3784,#3785,#3786));
#1562=AXIS2_PLACEMENT_3D('',#3787,#3788,#3789);
#1563=EDGE_LOOP('',(#3790,#3791,#3792,#3793));
#1564=AXIS2_PLACEMENT_3D('',#3794,#3795,#3796);
#1565=EDGE_LOOP('',(#3797,#3798,#3799,#3800));
#1566=AXIS2_PLACEMENT_3D('',#3801,#3802,#3803);
#1567=EDGE_LOOP('',(#3804,#3805,#3806,#3807,#3808));
#1568=AXIS2_PLACEMENT_3D('',#3809,#3810,#3811);
#1569=EDGE_LOOP('',(#3812,#3813,#3814,#3815));
#1570=AXIS2_PLACEMENT_3D('',#3816,#3817,#3818);
#1571=EDGE_LOOP('',(#3819,#3820,#3821,#3822));
#1572=AXIS2_PLACEMENT_3D('',#3823,#3824,#3825);
#1573=EDGE_LOOP('',(#3826,#3827,#3828,#3829));
#1574=AXIS2_PLACEMENT_3D('',#3830,#3831,#3832);
#1575=EDGE_LOOP('',(#3833,#3834,#3835,#3836));
#1576=AXIS2_PLACEMENT_3D('',#3837,#3838,#3839);
#1577=EDGE_LOOP('',(#3840,#3841,#3842,#3843));
#1578=AXIS2_PLACEMENT_3D('',#3844,#3845,#3846);
#1579=EDGE_LOOP('',(#3847,#3848,#3849,#3850));
#1580=AXIS2_PLACEMENT_3D('',#3851,#3852,#3853);
#1581=EDGE_LOOP('',(#3854,#3855,#3856,#3857));
#1582=AXIS2_PLACEMENT_3D('',#3858,#3859,#3860);
#1583=EDGE_LOOP('',(#3861,#3862,#3863,#3864));
#1584=AXIS2_PLACEMENT_3D('',#3865,#3866,#3867);
#1585=EDGE_LOOP('',(#3868,#3869,#3870,#3871));
#1586=AXIS2_PLACEMENT_3D('',#3872,#3873,#3874);
#1587=EDGE_LOOP('',(#3875,#3876,#3877,#3878));
#1588=AXIS2_PLACEMENT_3D('',#3879,#3880,#3881);
#1589=EDGE_LOOP('',(#3882,#3883,#3884,#3885));
#1590=AXIS2_PLACEMENT_3D('',#3886,#3887,#3888);
#1591=EDGE_LOOP('',(#3889,#3890,#3891,#3892));
#1592=AXIS2_PLACEMENT_3D('',#3893,#3894,#3895);
#1593=EDGE_LOOP('',(#3896,#3897,#3898,#3899));
#1594=AXIS2_PLACEMENT_3D('',#3900,#3901,#3902);
#1595=EDGE_LOOP('',(#3903,#3904,#3905,#3906));
#1596=AXIS2_PLACEMENT_3D('',#3907,#3908,#3909);
#1597=EDGE_LOOP('',(#3910,#3911,#3912,#3913));
#1598=AXIS2_PLACEMENT_3D('',#3914,#3915,#3916);
#1599=EDGE_LOOP('',(#3917,#3918,#3919,#3920));
#1600=AXIS2_PLACEMENT_3D('',#3921,#3922,#3923);
#1601=EDGE_LOOP('',(#3924,#3925,#3926,#3927));
#1602=AXIS2_PLACEMENT_3D('',#3928,#3929,#3930);
#1603=EDGE_LOOP('',(#3931,#3932,#3933,#3934));
#1604=AXIS2_PLACEMENT_3D('',#3935,#3936,#3937);
#1605=EDGE_LOOP('',(#3938,#3939,#3940,#3941));
#1606=AXIS2_PLACEMENT_3D('',#3942,#3943,#3944);
#1607=EDGE_LOOP('',(#3945,#3946,#3947,#3948));
#1608=AXIS2_PLACEMENT_3D('',#3949,#3950,#3951);
#1609=EDGE_LOOP('',(#3952,#3953,#3954,#3955));
#1610=AXIS2_PLACEMENT_3D('',#3956,#3957,#3958);
#1611=EDGE_LOOP('',(#3959,#3960,#3961,#3962));
#1612=AXIS2_PLACEMENT_3D('',#3963,#3964,#3965);
#1613=EDGE_LOOP('',(#3966,#3967,#3968,#3969));
#1614=AXIS2_PLACEMENT_3D('',#3970,#3971,#3972);
#1615=EDGE_LOOP('',(#3973,#3974,#3975,#3976));
#1616=AXIS2_PLACEMENT_3D('',#3977,#3978,#3979);
#1617=EDGE_LOOP('',(#3980,#3981,#3982,#3983));
#1618=AXIS2_PLACEMENT_3D('',#3984,#3985,#3986);
#1619=EDGE_LOOP('',(#3987,#3988,#3989,#3990));
#1620=AXIS2_PLACEMENT_3D('',#3991,#3992,#3993);
#1621=EDGE_LOOP('',(#3994,#3995,#3996,#3997));
#1622=AXIS2_PLACEMENT_3D('',#3998,#3999,#4000);
#1623=EDGE_LOOP('',(#4001,#4002,#4003,#4004));
#1624=AXIS2_PLACEMENT_3D('',#4005,#4006,#4007);
#1625=EDGE_LOOP('',(#4008,#4009,#4010,#4011));
#1626=AXIS2_PLACEMENT_3D('',#4012,#4013,#4014);
#1627=EDGE_LOOP('',(#4015,#4016,#4017,#4018));
#1628=AXIS2_PLACEMENT_3D('',#4019,#4020,#4021);
#1629=EDGE_LOOP('',(#4022,#4023,#4024,#4025));
#1630=AXIS2_PLACEMENT_3D('',#4026,#4027,#4028);
#1631=EDGE_LOOP('',(#4029,#4030,#4031,#4032));
#1632=AXIS2_PLACEMENT_3D('',#4033,#4034,#4035);
#1633=EDGE_LOOP('',(#4036,#4037,#4038,#4039));
#1634=AXIS2_PLACEMENT_3D('',#4040,#4041,#4042);
#1635=EDGE_LOOP('',(#4043,#4044,#4045,#4046));
#1636=AXIS2_PLACEMENT_3D('',#4047,#4048,#4049);
#1637=EDGE_LOOP('',(#4050,#4051,#4052,#4053));
#1638=AXIS2_PLACEMENT_3D('',#4054,#4055,#4056);
#1639=EDGE_LOOP('',(#4057,#4058,#4059,#4060));
#1640=AXIS2_PLACEMENT_3D('',#4061,#4062,#4063);
#1641=EDGE_LOOP('',(#4064,#4065,#4066,#4067));
#1642=AXIS2_PLACEMENT_3D('',#4068,#4069,#4070);
#1643=EDGE_LOOP('',(#4071,#4072,#4073,#4074));
#1644=AXIS2_PLACEMENT_3D('',#4075,#4076,#4077);
#1645=EDGE_LOOP('',(#4078,#4079,#4080,#4081));
#1646=AXIS2_PLACEMENT_3D('',#4082,#4083,#4084);
#1647=EDGE_LOOP('',(#4085,#4086,#4087,#4088));
#1648=AXIS2_PLACEMENT_3D('',#4089,#4090,#4091);
#1649=EDGE_LOOP('',(#4092,#4093,#4094,#4095));
#1650=AXIS2_PLACEMENT_3D('',#4096,#4097,#4098);
#1651=EDGE_LOOP('',(#4099,#4100,#4101,#4102));
#1652=AXIS2_PLACEMENT_3D('',#4103,#4104,#4105);
#1653=EDGE_LOOP('',(#4106,#4107,#4108,#4109));
#1654=AXIS2_PLACEMENT_3D('',#4110,#4111,#4112);
#1655=EDGE_LOOP('',(#4113,#4114,#4115,#4116));
#1656=AXIS2_PLACEMENT_3D('',#4117,#4118,#4119);
#1657=EDGE_LOOP('',(#4120,#4121,#4122,#4123));
#1658=AXIS2_PLACEMENT_3D('',#4124,#4125,#4126);
#1659=CIRCLE('',#4127,0.65);
#1660=CIRCLE('',#4128,0.65);
#1661=CIRCLE('',#4129,0.4);
#1662=CIRCLE('',#4130,0.4);
#1663=CIRCLE('',#4131,0.4);
#1664=CIRCLE('',#4132,0.4);
#1665=CIRCLE('',#4133,0.4);
#1666=CIRCLE('',#4134,0.4);
#1667=CIRCLE('',#4135,0.4);
#1668=CIRCLE('',#4136,0.4);
#1669=CIRCLE('',#4137,0.4);
#1670=CIRCLE('',#4138,0.4);
#1671=CIRCLE('',#4139,0.4);
#1672=CIRCLE('',#4140,0.4);
#1673=CIRCLE('',#4141,0.4);
#1674=CIRCLE('',#4142,0.4);
#1675=CIRCLE('',#4143,0.4);
#1676=CIRCLE('',#4144,0.4);
#1677=LINE('',#4145,#4146);
#1678=ORIENTED_EDGE('',*,*,#4147,.F.);
#1679=ORIENTED_EDGE('',*,*,#4148,.F.);
#1680=ORIENTED_EDGE('',*,*,#4149,.T.);
#1681=ORIENTED_EDGE('',*,*,#4150,.T.);
#1682=CARTESIAN_POINT('',(9.0,2.0,-1.10000000067));
#1683=DIRECTION('',(-0.0,0.0,1.0));
#1684=DIRECTION('',(0.0,-1.0,0.0));
#1685=ORIENTED_EDGE('',*,*,#4151,.F.);
#1686=ORIENTED_EDGE('',*,*,#4152,.T.);
#1687=ORIENTED_EDGE('',*,*,#4149,.F.);
#1688=ORIENTED_EDGE('',*,*,#4153,.F.);
#1689=CARTESIAN_POINT('',(9.0,2.0,-1.10000000067));
#1690=DIRECTION('',(-0.0,0.0,1.0));
#1691=DIRECTION('',(0.0,-1.0,0.0));
#1692=ORIENTED_EDGE('',*,*,#4154,.T.);
#1693=ORIENTED_EDGE('',*,*,#4155,.F.);
#1694=ORIENTED_EDGE('',*,*,#4156,.F.);
#1695=ORIENTED_EDGE('',*,*,#4157,.F.);
#1696=ORIENTED_EDGE('',*,*,#4158,.F.);
#1697=ORIENTED_EDGE('',*,*,#4159,.F.);
#1698=ORIENTED_EDGE('',*,*,#4160,.F.);
#1699=ORIENTED_EDGE('',*,*,#4161,.F.);
#1700=ORIENTED_EDGE('',*,*,#4162,.F.);
#1701=ORIENTED_EDGE('',*,*,#4163,.F.);
#1702=ORIENTED_EDGE('',*,*,#4164,.F.);
#1703=ORIENTED_EDGE('',*,*,#4165,.T.);
#1704=CARTESIAN_POINT('',(-10.0,0.0,0.0));
#1705=DIRECTION('',(1.0,0.0,0.0));
#1706=DIRECTION('',(0.0,1.0,0.0));
#1707=ORIENTED_EDGE('',*,*,#4166,.F.);
#1708=ORIENTED_EDGE('',*,*,#4167,.T.);
#1709=ORIENTED_EDGE('',*,*,#4168,.T.);
#1710=ORIENTED_EDGE('',*,*,#4169,.T.);
#1711=CARTESIAN_POINT('',(10.0,1.3,0.0));
#1712=DIRECTION('',(-0.0,1.0,0.0));
#1713=DIRECTION('',(1.0,0.0,0.0));
#1714=ORIENTED_EDGE('',*,*,#4165,.F.);
#1715=ORIENTED_EDGE('',*,*,#4170,.T.);
#1716=ORIENTED_EDGE('',*,*,#4171,.T.);
#1717=ORIENTED_EDGE('',*,*,#4172,.T.);
#1718=CARTESIAN_POINT('',(10.0,1.3,0.0));
#1719=DIRECTION('',(-0.0,1.0,0.0));
#1720=DIRECTION('',(1.0,0.0,0.0));
#1721=ORIENTED_EDGE('',*,*,#4173,.T.);
#1722=ORIENTED_EDGE('',*,*,#4169,.F.);
#1723=ORIENTED_EDGE('',*,*,#4174,.T.);
#1724=ORIENTED_EDGE('',*,*,#4175,.T.);
#1725=ORIENTED_EDGE('',*,*,#4176,.F.);
#1726=ORIENTED_EDGE('',*,*,#4177,.F.);
#1727=ORIENTED_EDGE('',*,*,#4178,.T.);
#1728=ORIENTED_EDGE('',*,*,#4179,.T.);
#1729=ORIENTED_EDGE('',*,*,#4154,.F.);
#1730=ORIENTED_EDGE('',*,*,#4172,.F.);
#1731=ORIENTED_EDGE('',*,*,#4180,.F.);
#1732=ORIENTED_EDGE('',*,*,#4181,.F.);
#1733=ORIENTED_EDGE('',*,*,#4182,.F.);
#1734=ORIENTED_EDGE('',*,*,#4183,.T.);
#1735=ORIENTED_EDGE('',*,*,#4184,.T.);
#1736=ORIENTED_EDGE('',*,*,#4185,.T.);
#1737=ORIENTED_EDGE('',*,*,#4186,.F.);
#1738=ORIENTED_EDGE('',*,*,#4187,.F.);
#1739=ORIENTED_EDGE('',*,*,#4188,.F.);
#1740=ORIENTED_EDGE('',*,*,#4189,.F.);
#1741=ORIENTED_EDGE('',*,*,#4190,.F.);
#1742=ORIENTED_EDGE('',*,*,#4191,.F.);
#1743=ORIENTED_EDGE('',*,*,#4192,.F.);
#1744=ORIENTED_EDGE('',*,*,#4193,.F.);
#1745=ORIENTED_EDGE('',*,*,#4194,.F.);
#1746=ORIENTED_EDGE('',*,*,#4195,.F.);
#1747=ORIENTED_EDGE('',*,*,#4196,.F.);
#1748=ORIENTED_EDGE('',*,*,#4197,.F.);
#1749=ORIENTED_EDGE('',*,*,#4198,.F.);
#1750=ORIENTED_EDGE('',*,*,#4199,.F.);
#1751=ORIENTED_EDGE('',*,*,#4200,.F.);
#1752=ORIENTED_EDGE('',*,*,#4201,.F.);
#1753=ORIENTED_EDGE('',*,*,#4202,.F.);
#1754=ORIENTED_EDGE('',*,*,#4203,.F.);
#1755=ORIENTED_EDGE('',*,*,#4204,.F.);
#1756=ORIENTED_EDGE('',*,*,#4205,.F.);
#1757=ORIENTED_EDGE('',*,*,#4206,.F.);
#1758=ORIENTED_EDGE('',*,*,#4207,.F.);
#1759=ORIENTED_EDGE('',*,*,#4208,.F.);
#1760=ORIENTED_EDGE('',*,*,#4209,.F.);
#1761=ORIENTED_EDGE('',*,*,#4210,.F.);
#1762=ORIENTED_EDGE('',*,*,#4211,.F.);
#1763=ORIENTED_EDGE('',*,*,#4212,.F.);
#1764=ORIENTED_EDGE('',*,*,#4213,.F.);
#1765=ORIENTED_EDGE('',*,*,#4214,.F.);
#1766=ORIENTED_EDGE('',*,*,#4215,.F.);
#1767=ORIENTED_EDGE('',*,*,#4216,.F.);
#1768=ORIENTED_EDGE('',*,*,#4217,.F.);
#1769=ORIENTED_EDGE('',*,*,#4218,.F.);
#1770=ORIENTED_EDGE('',*,*,#4219,.F.);
#1771=ORIENTED_EDGE('',*,*,#4220,.F.);
#1772=ORIENTED_EDGE('',*,*,#4221,.F.);
#1773=ORIENTED_EDGE('',*,*,#4222,.T.);
#1774=ORIENTED_EDGE('',*,*,#4223,.T.);
#1775=ORIENTED_EDGE('',*,*,#4224,.F.);
#1776=ORIENTED_EDGE('',*,*,#4225,.F.);
#1777=ORIENTED_EDGE('',*,*,#4226,.T.);
#1778=ORIENTED_EDGE('',*,*,#4227,.T.);
#1779=ORIENTED_EDGE('',*,*,#4228,.F.);
#1780=ORIENTED_EDGE('',*,*,#4229,.F.);
#1781=ORIENTED_EDGE('',*,*,#4230,.T.);
#1782=ORIENTED_EDGE('',*,*,#4231,.T.);
#1783=ORIENTED_EDGE('',*,*,#4232,.F.);
#1784=ORIENTED_EDGE('',*,*,#4233,.F.);
#1785=ORIENTED_EDGE('',*,*,#4234,.T.);
#1786=ORIENTED_EDGE('',*,*,#4235,.T.);
#1787=ORIENTED_EDGE('',*,*,#4236,.F.);
#1788=ORIENTED_EDGE('',*,*,#4237,.F.);
#1789=ORIENTED_EDGE('',*,*,#4238,.T.);
#1790=ORIENTED_EDGE('',*,*,#4239,.T.);
#1791=ORIENTED_EDGE('',*,*,#4240,.F.);
#1792=ORIENTED_EDGE('',*,*,#4241,.F.);
#1793=ORIENTED_EDGE('',*,*,#4242,.T.);
#1794=ORIENTED_EDGE('',*,*,#4243,.T.);
#1795=ORIENTED_EDGE('',*,*,#4244,.F.);
#1796=ORIENTED_EDGE('',*,*,#4245,.F.);
#1797=ORIENTED_EDGE('',*,*,#4246,.T.);
#1798=ORIENTED_EDGE('',*,*,#4247,.T.);
#1799=ORIENTED_EDGE('',*,*,#4248,.F.);
#1800=ORIENTED_EDGE('',*,*,#4249,.F.);
#1801=ORIENTED_EDGE('',*,*,#4250,.T.);
#1802=ORIENTED_EDGE('',*,*,#4251,.T.);
#1803=ORIENTED_EDGE('',*,*,#4252,.F.);
#1804=ORIENTED_EDGE('',*,*,#4253,.F.);
#1805=CARTESIAN_POINT('',(-8.25,2.65,0.3));
#1806=DIRECTION('',(0.0,0.0,1.0));
#1807=DIRECTION('',(1.0,0.0,0.0));
#1808=ORIENTED_EDGE('',*,*,#4254,.T.);
#1809=ORIENTED_EDGE('',*,*,#4255,.F.);
#1810=ORIENTED_EDGE('',*,*,#4256,.F.);
#1811=ORIENTED_EDGE('',*,*,#4185,.F.);
#1812=CARTESIAN_POINT('',(8.25,2.1,0.0));
#1813=DIRECTION('',(0.0,-1.0,0.0));
#1814=DIRECTION('',(0.0,0.0,-1.0));
#1815=ORIENTED_EDGE('',*,*,#4257,.F.);
#1816=ORIENTED_EDGE('',*,*,#4258,.F.);
#1817=ORIENTED_EDGE('',*,*,#4176,.T.);
#1818=ORIENTED_EDGE('',*,*,#4259,.T.);
#1819=ORIENTED_EDGE('',*,*,#4260,.F.);
#1820=ORIENTED_EDGE('',*,*,#4261,.F.);
#1821=CARTESIAN_POINT('',(8.25,0.0,0.0));
#1822=DIRECTION('',(1.0,0.0,0.0));
#1823=DIRECTION('',(0.0,1.0,0.0));
#1824=ORIENTED_EDGE('',*,*,#4262,.F.);
#1825=ORIENTED_EDGE('',*,*,#4166,.T.);
#1826=ORIENTED_EDGE('',*,*,#4173,.F.);
#1827=ORIENTED_EDGE('',*,*,#4256,.T.);
#1828=ORIENTED_EDGE('',*,*,#4263,.F.);
#1829=ORIENTED_EDGE('',*,*,#4264,.F.);
#1830=CARTESIAN_POINT('',(8.25,0.0,0.0));
#1831=DIRECTION('',(1.0,0.0,0.0));
#1832=DIRECTION('',(0.0,1.0,0.0));
#1833=ORIENTED_EDGE('',*,*,#4265,.F.);
#1834=ORIENTED_EDGE('',*,*,#4266,.F.);
#1835=ORIENTED_EDGE('',*,*,#4157,.T.);
#1836=ORIENTED_EDGE('',*,*,#4267,.T.);
#1837=ORIENTED_EDGE('',*,*,#4268,.F.);
#1838=ORIENTED_EDGE('',*,*,#4269,.T.);
#1839=ORIENTED_EDGE('',*,*,#4261,.T.);
#1840=ORIENTED_EDGE('',*,*,#4270,.T.);
#1841=ORIENTED_EDGE('',*,*,#4271,.F.);
#1842=ORIENTED_EDGE('',*,*,#4272,.F.);
#1843=ORIENTED_EDGE('',*,*,#4273,.T.);
#1844=ORIENTED_EDGE('',*,*,#4274,.F.);
#1845=CARTESIAN_POINT('',(-10.0,-2.9,9.25));
#1846=DIRECTION('',(0.0,-1.0,0.0));
#1847=DIRECTION('',(0.0,0.0,-1.0));
#1848=ORIENTED_EDGE('',*,*,#4275,.T.);
#1849=ORIENTED_EDGE('',*,*,#4276,.F.);
#1850=ORIENTED_EDGE('',*,*,#4277,.T.);
#1851=ORIENTED_EDGE('',*,*,#4274,.T.);
#1852=CARTESIAN_POINT('',(-10.0,0.0,8.95));
#1853=DIRECTION('',(0.0,0.0,1.0));
#1854=DIRECTION('',(1.0,0.0,0.0));
#1855=ORIENTED_EDGE('',*,*,#4278,.F.);
#1856=ORIENTED_EDGE('',*,*,#4265,.T.);
#1857=ORIENTED_EDGE('',*,*,#4277,.F.);
#1858=ORIENTED_EDGE('',*,*,#4279,.F.);
#1859=ORIENTED_EDGE('',*,*,#4280,.T.);
#1860=CARTESIAN_POINT('',(-7.0,-2.15,9.25));
#1861=DIRECTION('',(-1.0,0.0,0.0));
#1862=DIRECTION('',(0.0,0.0,1.0));
#1863=ORIENTED_EDGE('',*,*,#4281,.T.);
#1864=ORIENTED_EDGE('',*,*,#4282,.F.);
#1865=ORIENTED_EDGE('',*,*,#4280,.F.);
#1866=ORIENTED_EDGE('',*,*,#4283,.T.);
#1867=CARTESIAN_POINT('',(-8.1,-2.25,9.15));
#1868=DIRECTION('',(0.0,0.707106781186548,0.707106781186548));
#1869=DIRECTION('',(1.0,0.0,-0.0));
#1870=ORIENTED_EDGE('',*,*,#4284,.T.);
#1871=ORIENTED_EDGE('',*,*,#4285,.F.);
#1872=ORIENTED_EDGE('',*,*,#4286,.T.);
#1873=ORIENTED_EDGE('',*,*,#4287,.F.);
#1874=ORIENTED_EDGE('',*,*,#4288,.F.);
#1875=ORIENTED_EDGE('',*,*,#4289,.F.);
#1876=ORIENTED_EDGE('',*,*,#4290,.T.);
#1877=ORIENTED_EDGE('',*,*,#4291,.F.);
#1878=ORIENTED_EDGE('',*,*,#4292,.F.);
#1879=ORIENTED_EDGE('',*,*,#4293,.F.);
#1880=ORIENTED_EDGE('',*,*,#4294,.T.);
#1881=ORIENTED_EDGE('',*,*,#4295,.F.);
#1882=ORIENTED_EDGE('',*,*,#4296,.F.);
#1883=ORIENTED_EDGE('',*,*,#4297,.F.);
#1884=ORIENTED_EDGE('',*,*,#4298,.T.);
#1885=ORIENTED_EDGE('',*,*,#4299,.F.);
#1886=ORIENTED_EDGE('',*,*,#4300,.F.);
#1887=ORIENTED_EDGE('',*,*,#4301,.F.);
#1888=ORIENTED_EDGE('',*,*,#4302,.T.);
#1889=ORIENTED_EDGE('',*,*,#4303,.F.);
#1890=ORIENTED_EDGE('',*,*,#4304,.F.);
#1891=ORIENTED_EDGE('',*,*,#4305,.F.);
#1892=ORIENTED_EDGE('',*,*,#4306,.T.);
#1893=ORIENTED_EDGE('',*,*,#4307,.F.);
#1894=ORIENTED_EDGE('',*,*,#4308,.F.);
#1895=ORIENTED_EDGE('',*,*,#4309,.F.);
#1896=ORIENTED_EDGE('',*,*,#4310,.T.);
#1897=ORIENTED_EDGE('',*,*,#4311,.F.);
#1898=ORIENTED_EDGE('',*,*,#4312,.F.);
#1899=ORIENTED_EDGE('',*,*,#4313,.F.);
#1900=ORIENTED_EDGE('',*,*,#4314,.T.);
#1901=ORIENTED_EDGE('',*,*,#4315,.F.);
#1902=ORIENTED_EDGE('',*,*,#4316,.F.);
#1903=ORIENTED_EDGE('',*,*,#4317,.F.);
#1904=ORIENTED_EDGE('',*,*,#4318,.T.);
#1905=ORIENTED_EDGE('',*,*,#4319,.F.);
#1906=ORIENTED_EDGE('',*,*,#4320,.F.);
#1907=ORIENTED_EDGE('',*,*,#4321,.F.);
#1908=ORIENTED_EDGE('',*,*,#4322,.F.);
#1909=ORIENTED_EDGE('',*,*,#4283,.F.);
#1910=ORIENTED_EDGE('',*,*,#4279,.T.);
#1911=ORIENTED_EDGE('',*,*,#4276,.T.);
#1912=ORIENTED_EDGE('',*,*,#4323,.F.);
#1913=ORIENTED_EDGE('',*,*,#4324,.F.);
#1914=CARTESIAN_POINT('',(-9.2,-2.15,9.75));
#1915=DIRECTION('',(0.0,-1.0,0.0));
#1916=DIRECTION('',(0.0,0.0,-1.0));
#1917=ORIENTED_EDGE('',*,*,#4325,.F.);
#1918=ORIENTED_EDGE('',*,*,#4324,.T.);
#1919=ORIENTED_EDGE('',*,*,#4326,.F.);
#1920=ORIENTED_EDGE('',*,*,#4327,.F.);
#1921=CARTESIAN_POINT('',(8.1,-2.25,9.15));
#1922=DIRECTION('',(0.0,0.707106781186548,0.707106781186548));
#1923=DIRECTION('',(1.0,0.0,-0.0));
#1924=ORIENTED_EDGE('',*,*,#4328,.F.);
#1925=ORIENTED_EDGE('',*,*,#4272,.T.);
#1926=ORIENTED_EDGE('',*,*,#4329,.F.);
#1927=ORIENTED_EDGE('',*,*,#4330,.F.);
#1928=ORIENTED_EDGE('',*,*,#4331,.T.);
#1929=ORIENTED_EDGE('',*,*,#4327,.T.);
#1930=CARTESIAN_POINT('',(-10.0,-1.7,9.25));
#1931=DIRECTION('',(0.0,0.0,1.0));
#1932=DIRECTION('',(1.0,0.0,0.0));
#1933=ORIENTED_EDGE('',*,*,#4332,.F.);
#1934=ORIENTED_EDGE('',*,*,#4158,.T.);
#1935=ORIENTED_EDGE('',*,*,#4266,.T.);
#1936=ORIENTED_EDGE('',*,*,#4278,.T.);
#1937=ORIENTED_EDGE('',*,*,#4282,.T.);
#1938=ORIENTED_EDGE('',*,*,#4333,.T.);
#1939=CARTESIAN_POINT('',(-10.0,-1.7,9.25));
#1940=DIRECTION('',(0.0,0.0,1.0));
#1941=DIRECTION('',(1.0,0.0,0.0));
#1942=ORIENTED_EDGE('',*,*,#4334,.F.);
#1943=ORIENTED_EDGE('',*,*,#4335,.T.);
#1944=ORIENTED_EDGE('',*,*,#4325,.T.);
#1945=ORIENTED_EDGE('',*,*,#4331,.F.);
#1946=CARTESIAN_POINT('',(9.3,-1.925,9.15));
#1947=DIRECTION('',(-0.707106781186548,0.0,0.707106781186548));
#1948=DIRECTION('',(0.0,1.0,0.0));
#1949=ORIENTED_EDGE('',*,*,#4336,.F.);
#1950=ORIENTED_EDGE('',*,*,#4337,.F.);
#1951=ORIENTED_EDGE('',*,*,#4338,.T.);
#1952=ORIENTED_EDGE('',*,*,#4339,.F.);
#1953=ORIENTED_EDGE('',*,*,#4284,.F.);
#1954=ORIENTED_EDGE('',*,*,#4335,.F.);
#1955=CARTESIAN_POINT('',(9.2,-2.15,9.75));
#1956=DIRECTION('',(1.0,0.0,0.0));
#1957=DIRECTION('',(0.0,1.0,0.0));
#1958=ORIENTED_EDGE('',*,*,#4340,.F.);
#1959=ORIENTED_EDGE('',*,*,#4341,.F.);
#1960=ORIENTED_EDGE('',*,*,#4317,.T.);
#1961=ORIENTED_EDGE('',*,*,#4342,.T.);
#1962=ORIENTED_EDGE('',*,*,#4343,.F.);
#1963=ORIENTED_EDGE('',*,*,#4344,.F.);
#1964=ORIENTED_EDGE('',*,*,#4313,.T.);
#1965=ORIENTED_EDGE('',*,*,#4345,.T.);
#1966=ORIENTED_EDGE('',*,*,#4346,.F.);
#1967=ORIENTED_EDGE('',*,*,#4347,.F.);
#1968=ORIENTED_EDGE('',*,*,#4309,.T.);
#1969=ORIENTED_EDGE('',*,*,#4348,.T.);
#1970=ORIENTED_EDGE('',*,*,#4349,.F.);
#1971=ORIENTED_EDGE('',*,*,#4350,.F.);
#1972=ORIENTED_EDGE('',*,*,#4305,.T.);
#1973=ORIENTED_EDGE('',*,*,#4351,.T.);
#1974=ORIENTED_EDGE('',*,*,#4352,.F.);
#1975=ORIENTED_EDGE('',*,*,#4353,.F.);
#1976=ORIENTED_EDGE('',*,*,#4301,.T.);
#1977=ORIENTED_EDGE('',*,*,#4354,.T.);
#1978=ORIENTED_EDGE('',*,*,#4355,.F.);
#1979=ORIENTED_EDGE('',*,*,#4356,.F.);
#1980=ORIENTED_EDGE('',*,*,#4297,.T.);
#1981=ORIENTED_EDGE('',*,*,#4357,.T.);
#1982=ORIENTED_EDGE('',*,*,#4358,.F.);
#1983=ORIENTED_EDGE('',*,*,#4359,.F.);
#1984=ORIENTED_EDGE('',*,*,#4293,.T.);
#1985=ORIENTED_EDGE('',*,*,#4360,.T.);
#1986=ORIENTED_EDGE('',*,*,#4361,.F.);
#1987=ORIENTED_EDGE('',*,*,#4362,.F.);
#1988=ORIENTED_EDGE('',*,*,#4289,.T.);
#1989=ORIENTED_EDGE('',*,*,#4363,.T.);
#1990=ORIENTED_EDGE('',*,*,#4364,.F.);
#1991=ORIENTED_EDGE('',*,*,#4365,.F.);
#1992=ORIENTED_EDGE('',*,*,#4285,.T.);
#1993=ORIENTED_EDGE('',*,*,#4339,.T.);
#1994=ORIENTED_EDGE('',*,*,#4366,.T.);
#1995=ORIENTED_EDGE('',*,*,#4367,.F.);
#1996=ORIENTED_EDGE('',*,*,#4368,.T.);
#1997=ORIENTED_EDGE('',*,*,#4369,.T.);
#1998=ORIENTED_EDGE('',*,*,#4370,.T.);
#1999=ORIENTED_EDGE('',*,*,#4371,.T.);
#2000=ORIENTED_EDGE('',*,*,#4372,.T.);
#2001=ORIENTED_EDGE('',*,*,#4373,.T.);
#2002=ORIENTED_EDGE('',*,*,#4374,.F.);
#2003=ORIENTED_EDGE('',*,*,#4375,.F.);
#2004=ORIENTED_EDGE('',*,*,#4376,.T.);
#2005=ORIENTED_EDGE('',*,*,#4377,.T.);
#2006=ORIENTED_EDGE('',*,*,#4378,.T.);
#2007=ORIENTED_EDGE('',*,*,#4379,.T.);
#2008=ORIENTED_EDGE('',*,*,#4380,.T.);
#2009=ORIENTED_EDGE('',*,*,#4381,.F.);
#2010=ORIENTED_EDGE('',*,*,#4382,.T.);
#2011=ORIENTED_EDGE('',*,*,#4383,.T.);
#2012=ORIENTED_EDGE('',*,*,#4321,.T.);
#2013=ORIENTED_EDGE('',*,*,#4384,.T.);
#2014=ORIENTED_EDGE('',*,*,#4385,.T.);
#2015=ORIENTED_EDGE('',*,*,#4386,.F.);
#2016=ORIENTED_EDGE('',*,*,#4387,.F.);
#2017=ORIENTED_EDGE('',*,*,#4388,.T.);
#2018=ORIENTED_EDGE('',*,*,#4389,.T.);
#2019=ORIENTED_EDGE('',*,*,#4390,.F.);
#2020=ORIENTED_EDGE('',*,*,#4391,.F.);
#2021=ORIENTED_EDGE('',*,*,#4392,.T.);
#2022=ORIENTED_EDGE('',*,*,#4393,.T.);
#2023=ORIENTED_EDGE('',*,*,#4394,.F.);
#2024=ORIENTED_EDGE('',*,*,#4395,.F.);
#2025=ORIENTED_EDGE('',*,*,#4396,.T.);
#2026=ORIENTED_EDGE('',*,*,#4397,.T.);
#2027=ORIENTED_EDGE('',*,*,#4398,.F.);
#2028=ORIENTED_EDGE('',*,*,#4399,.F.);
#2029=ORIENTED_EDGE('',*,*,#4400,.T.);
#2030=ORIENTED_EDGE('',*,*,#4401,.T.);
#2031=ORIENTED_EDGE('',*,*,#4402,.F.);
#2032=ORIENTED_EDGE('',*,*,#4403,.F.);
#2033=ORIENTED_EDGE('',*,*,#4404,.T.);
#2034=ORIENTED_EDGE('',*,*,#4405,.T.);
#2035=ORIENTED_EDGE('',*,*,#4406,.F.);
#2036=ORIENTED_EDGE('',*,*,#4407,.F.);
#2037=ORIENTED_EDGE('',*,*,#4408,.T.);
#2038=ORIENTED_EDGE('',*,*,#4409,.T.);
#2039=ORIENTED_EDGE('',*,*,#4410,.F.);
#2040=ORIENTED_EDGE('',*,*,#4411,.F.);
#2041=ORIENTED_EDGE('',*,*,#4412,.T.);
#2042=ORIENTED_EDGE('',*,*,#4413,.T.);
#2043=ORIENTED_EDGE('',*,*,#4414,.F.);
#2044=ORIENTED_EDGE('',*,*,#4415,.F.);
#2045=ORIENTED_EDGE('',*,*,#4416,.T.);
#2046=CARTESIAN_POINT('',(-10.0,0.0,2.15));
#2047=DIRECTION('',(0.0,0.0,1.0));
#2048=DIRECTION('',(1.0,0.0,0.0));
#2049=ORIENTED_EDGE('',*,*,#4320,.T.);
#2050=ORIENTED_EDGE('',*,*,#4417,.F.);
#2051=ORIENTED_EDGE('',*,*,#4418,.F.);
#2052=ORIENTED_EDGE('',*,*,#4384,.F.);
#2053=CARTESIAN_POINT('',(-8.25,1.15,2.15));
#2054=DIRECTION('',(-1.0,0.0,0.0));
#2055=DIRECTION('',(0.0,0.0,1.0));
#2056=ORIENTED_EDGE('',*,*,#4418,.T.);
#2057=ORIENTED_EDGE('',*,*,#4419,.F.);
#2058=ORIENTED_EDGE('',*,*,#4420,.F.);
#2059=ORIENTED_EDGE('',*,*,#4340,.T.);
#2060=CARTESIAN_POINT('',(-7.75,1.15,2.15));
#2061=DIRECTION('',(-0.0,1.0,0.0));
#2062=DIRECTION('',(1.0,0.0,0.0));
#2063=ORIENTED_EDGE('',*,*,#4420,.T.);
#2064=ORIENTED_EDGE('',*,*,#4421,.F.);
#2065=ORIENTED_EDGE('',*,*,#4318,.F.);
#2066=ORIENTED_EDGE('',*,*,#4341,.T.);
#2067=CARTESIAN_POINT('',(-7.75,-2.15,2.15));
#2068=DIRECTION('',(1.0,0.0,0.0));
#2069=DIRECTION('',(0.0,1.0,0.0));
#2070=ORIENTED_EDGE('',*,*,#4421,.T.);
#2071=ORIENTED_EDGE('',*,*,#4419,.T.);
#2072=ORIENTED_EDGE('',*,*,#4417,.T.);
#2073=ORIENTED_EDGE('',*,*,#4319,.T.);
#2074=CARTESIAN_POINT('',(-10.0,0.0,2.3));
#2075=DIRECTION('',(0.0,0.0,1.0));
#2076=DIRECTION('',(1.0,0.0,0.0));
#2077=ORIENTED_EDGE('',*,*,#4322,.T.);
#2078=ORIENTED_EDGE('',*,*,#4383,.F.);
#2079=ORIENTED_EDGE('',*,*,#4422,.F.);
#2080=ORIENTED_EDGE('',*,*,#4423,.F.);
#2081=ORIENTED_EDGE('',*,*,#4424,.F.);
#2082=ORIENTED_EDGE('',*,*,#4425,.F.);
#2083=CARTESIAN_POINT('',(-9.2,-0.95,9.75));
#2084=DIRECTION('',(-1.0,0.0,0.0));
#2085=DIRECTION('',(0.0,0.0,1.0));
#2086=ORIENTED_EDGE('',*,*,#4281,.F.);
#2087=ORIENTED_EDGE('',*,*,#4425,.T.);
#2088=ORIENTED_EDGE('',*,*,#4426,.T.);
#2089=ORIENTED_EDGE('',*,*,#4333,.F.);
#2090=CARTESIAN_POINT('',(-9.3,-1.925,9.15));
#2091=DIRECTION('',(0.707106781186498,0.0,0.707106781186598));
#2092=DIRECTION('',(0.0,-1.0,0.0));
#2093=ORIENTED_EDGE('',*,*,#4426,.F.);
#2094=ORIENTED_EDGE('',*,*,#4424,.T.);
#2095=ORIENTED_EDGE('',*,*,#4427,.T.);
#2096=ORIENTED_EDGE('',*,*,#4428,.F.);
#2097=CARTESIAN_POINT('',(-9.3,-1.8,8.18));
#2098=DIRECTION('',(0.707106781186548,0.707106781186548,0.0));
#2099=DIRECTION('',(0.0,0.0,-1.0));
#2100=ORIENTED_EDGE('',*,*,#4429,.F.);
#2101=ORIENTED_EDGE('',*,*,#4159,.T.);
#2102=ORIENTED_EDGE('',*,*,#4332,.T.);
#2103=ORIENTED_EDGE('',*,*,#4428,.T.);
#2104=CARTESIAN_POINT('',(-10.0,-1.7,7.11));
#2105=DIRECTION('',(-0.0,1.0,0.0));
#2106=DIRECTION('',(1.0,0.0,0.0));
#2107=ORIENTED_EDGE('',*,*,#4330,.T.);
#2108=ORIENTED_EDGE('',*,*,#4430,.F.);
#2109=ORIENTED_EDGE('',*,*,#4431,.F.);
#2110=ORIENTED_EDGE('',*,*,#4432,.T.);
#2111=CARTESIAN_POINT('',(-10.0,-1.7,7.11));
#2112=DIRECTION('',(-0.0,1.0,0.0));
#2113=DIRECTION('',(1.0,0.0,0.0));
#2114=ORIENTED_EDGE('',*,*,#4433,.T.);
#2115=ORIENTED_EDGE('',*,*,#4434,.T.);
#2116=ORIENTED_EDGE('',*,*,#4435,.F.);
#2117=ORIENTED_EDGE('',*,*,#4160,.T.);
#2118=ORIENTED_EDGE('',*,*,#4429,.T.);
#2119=ORIENTED_EDGE('',*,*,#4436,.T.);
#2120=CARTESIAN_POINT('',(-10.0,1.2,7.11));
#2121=DIRECTION('',(0.0,0.0,1.0));
#2122=DIRECTION('',(1.0,0.0,0.0));
#2123=ORIENTED_EDGE('',*,*,#4431,.T.);
#2124=ORIENTED_EDGE('',*,*,#4437,.F.);
#2125=ORIENTED_EDGE('',*,*,#4438,.F.);
#2126=ORIENTED_EDGE('',*,*,#4439,.T.);
#2127=ORIENTED_EDGE('',*,*,#4440,.T.);
#2128=ORIENTED_EDGE('',*,*,#4441,.T.);
#2129=CARTESIAN_POINT('',(-10.0,1.2,7.11));
#2130=DIRECTION('',(0.0,0.0,1.0));
#2131=DIRECTION('',(1.0,0.0,0.0));
#2132=ORIENTED_EDGE('',*,*,#4442,.T.);
#2133=ORIENTED_EDGE('',*,*,#4436,.F.);
#2134=ORIENTED_EDGE('',*,*,#4427,.F.);
#2135=ORIENTED_EDGE('',*,*,#4423,.T.);
#2136=CARTESIAN_POINT('',(-9.3,-1.325,7.01));
#2137=DIRECTION('',(0.707106781186548,0.0,0.707106781186548));
#2138=DIRECTION('',(0.0,-1.0,0.0));
#2139=ORIENTED_EDGE('',*,*,#4442,.F.);
#2140=ORIENTED_EDGE('',*,*,#4443,.T.);
#2141=ORIENTED_EDGE('',*,*,#4444,.T.);
#2142=ORIENTED_EDGE('',*,*,#4433,.F.);
#2143=CARTESIAN_POINT('',(-8.85,-0.85,7.01));
#2144=DIRECTION('',(0.0,-0.707106781186548,0.707106781186548));
#2145=DIRECTION('',(-1.0,0.0,0.0));
#2146=ORIENTED_EDGE('',*,*,#4444,.F.);
#2147=ORIENTED_EDGE('',*,*,#4445,.T.);
#2148=ORIENTED_EDGE('',*,*,#4446,.T.);
#2149=ORIENTED_EDGE('',*,*,#4434,.F.);
#2150=CARTESIAN_POINT('',(-8.6,0.125,7.01));
#2151=DIRECTION('',(0.707106781186548,0.0,0.707106781186548));
#2152=DIRECTION('',(0.0,-1.0,0.0));
#2153=ORIENTED_EDGE('',*,*,#4447,.T.);
#2154=ORIENTED_EDGE('',*,*,#4448,.F.);
#2155=ORIENTED_EDGE('',*,*,#4446,.F.);
#2156=ORIENTED_EDGE('',*,*,#4449,.T.);
#2157=CARTESIAN_POINT('',(-8.6,1.3,8.18));
#2158=DIRECTION('',(0.707106781186548,-0.707106781186548,0.0));
#2159=DIRECTION('',(0.0,0.0,-1.0));
#2160=ORIENTED_EDGE('',*,*,#4450,.T.);
#2161=ORIENTED_EDGE('',*,*,#4381,.T.);
#2162=ORIENTED_EDGE('',*,*,#4451,.F.);
#2163=ORIENTED_EDGE('',*,*,#4452,.T.);
#2164=ORIENTED_EDGE('',*,*,#4449,.F.);
#2165=ORIENTED_EDGE('',*,*,#4445,.F.);
#2166=CARTESIAN_POINT('',(-8.5,1.65,9.75));
#2167=DIRECTION('',(-1.0,0.0,0.0));
#2168=DIRECTION('',(0.0,0.0,1.0));
#2169=ORIENTED_EDGE('',*,*,#4447,.F.);
#2170=ORIENTED_EDGE('',*,*,#4452,.F.);
#2171=ORIENTED_EDGE('',*,*,#4453,.T.);
#2172=ORIENTED_EDGE('',*,*,#4454,.T.);
#2173=CARTESIAN_POINT('',(-8.6,1.7,9.15));
#2174=DIRECTION('',(0.707106781186498,0.0,0.707106781186598));
#2175=DIRECTION('',(0.0,-1.0,0.0));
#2176=ORIENTED_EDGE('',*,*,#4455,.T.);
#2177=ORIENTED_EDGE('',*,*,#4456,.T.);
#2178=ORIENTED_EDGE('',*,*,#4457,.T.);
#2179=ORIENTED_EDGE('',*,*,#4458,.F.);
#2180=ORIENTED_EDGE('',*,*,#4459,.F.);
#2181=ORIENTED_EDGE('',*,*,#4162,.T.);
#2182=ORIENTED_EDGE('',*,*,#4460,.T.);
#2183=ORIENTED_EDGE('',*,*,#4454,.F.);
#2184=CARTESIAN_POINT('',(-10.0,2.9,9.25));
#2185=DIRECTION('',(0.0,0.0,1.0));
#2186=DIRECTION('',(1.0,0.0,0.0));
#2187=ORIENTED_EDGE('',*,*,#4461,.T.);
#2188=ORIENTED_EDGE('',*,*,#4462,.F.);
#2189=ORIENTED_EDGE('',*,*,#4463,.F.);
#2190=ORIENTED_EDGE('',*,*,#4464,.T.);
#2191=ORIENTED_EDGE('',*,*,#4465,.T.);
#2192=ORIENTED_EDGE('',*,*,#4466,.T.);
#2193=ORIENTED_EDGE('',*,*,#4467,.T.);
#2194=ORIENTED_EDGE('',*,*,#4468,.F.);
#2195=CARTESIAN_POINT('',(-10.0,2.9,9.25));
#2196=DIRECTION('',(0.0,0.0,1.0));
#2197=DIRECTION('',(1.0,0.0,0.0));
#2198=ORIENTED_EDGE('',*,*,#4460,.F.);
#2199=ORIENTED_EDGE('',*,*,#4161,.T.);
#2200=ORIENTED_EDGE('',*,*,#4435,.T.);
#2201=ORIENTED_EDGE('',*,*,#4448,.T.);
#2202=CARTESIAN_POINT('',(-10.0,1.2,9.25));
#2203=DIRECTION('',(0.0,-1.0,0.0));
#2204=DIRECTION('',(0.0,0.0,-1.0));
#2205=ORIENTED_EDGE('',*,*,#4438,.T.);
#2206=ORIENTED_EDGE('',*,*,#4469,.F.);
#2207=ORIENTED_EDGE('',*,*,#4461,.F.);
#2208=ORIENTED_EDGE('',*,*,#4470,.T.);
#2209=CARTESIAN_POINT('',(-10.0,1.2,9.25));
#2210=DIRECTION('',(0.0,-1.0,0.0));
#2211=DIRECTION('',(0.0,0.0,-1.0));
#2212=ORIENTED_EDGE('',*,*,#4471,.F.);
#2213=ORIENTED_EDGE('',*,*,#4472,.T.);
#2214=ORIENTED_EDGE('',*,*,#4473,.T.);
#2215=ORIENTED_EDGE('',*,*,#4470,.F.);
#2216=CARTESIAN_POINT('',(8.6,1.3,8.18));
#2217=DIRECTION('',(-0.707106781186548,-0.707106781186548,0.0));
#2218=DIRECTION('',(-0.707106781186548,0.707106781186548,0.0));
#2219=ORIENTED_EDGE('',*,*,#4474,.T.);
#2220=ORIENTED_EDGE('',*,*,#4439,.F.);
#2221=ORIENTED_EDGE('',*,*,#4473,.F.);
#2222=ORIENTED_EDGE('',*,*,#4475,.T.);
#2223=CARTESIAN_POINT('',(8.6,0.125,7.01));
#2224=DIRECTION('',(-0.707106781186548,0.0,0.707106781186548));
#2225=DIRECTION('',(0.0,1.0,0.0));
#2226=ORIENTED_EDGE('',*,*,#4472,.F.);
#2227=ORIENTED_EDGE('',*,*,#4476,.T.);
#2228=ORIENTED_EDGE('',*,*,#4477,.T.);
#2229=ORIENTED_EDGE('',*,*,#4367,.T.);
#2230=ORIENTED_EDGE('',*,*,#4478,.F.);
#2231=ORIENTED_EDGE('',*,*,#4475,.F.);
#2232=CARTESIAN_POINT('',(8.5,-0.95,9.75));
#2233=DIRECTION('',(1.0,0.0,0.0));
#2234=DIRECTION('',(0.0,1.0,0.0));
#2235=ORIENTED_EDGE('',*,*,#4478,.T.);
#2236=ORIENTED_EDGE('',*,*,#4366,.F.);
#2237=ORIENTED_EDGE('',*,*,#4338,.F.);
#2238=ORIENTED_EDGE('',*,*,#4479,.F.);
#2239=CARTESIAN_POINT('',(9.2,-0.95,9.75));
#2240=DIRECTION('',(-0.0,1.0,0.0));
#2241=DIRECTION('',(1.0,0.0,0.0));
#2242=ORIENTED_EDGE('',*,*,#4474,.F.);
#2243=ORIENTED_EDGE('',*,*,#4479,.T.);
#2244=ORIENTED_EDGE('',*,*,#4480,.T.);
#2245=ORIENTED_EDGE('',*,*,#4440,.F.);
#2246=CARTESIAN_POINT('',(8.85,-0.85,7.01));
#2247=DIRECTION('',(0.0,-0.707106781186548,0.707106781186548));
#2248=DIRECTION('',(-1.0,0.0,0.0));
#2249=ORIENTED_EDGE('',*,*,#4480,.F.);
#2250=ORIENTED_EDGE('',*,*,#4337,.T.);
#2251=ORIENTED_EDGE('',*,*,#4481,.T.);
#2252=ORIENTED_EDGE('',*,*,#4441,.F.);
#2253=CARTESIAN_POINT('',(9.3,-1.325,7.01));
#2254=DIRECTION('',(-0.707106781186548,0.0,0.707106781186548));
#2255=DIRECTION('',(0.0,1.0,0.0));
#2256=ORIENTED_EDGE('',*,*,#4334,.T.);
#2257=ORIENTED_EDGE('',*,*,#4432,.F.);
#2258=ORIENTED_EDGE('',*,*,#4481,.F.);
#2259=ORIENTED_EDGE('',*,*,#4336,.T.);
#2260=CARTESIAN_POINT('',(9.3,-1.8,8.18));
#2261=DIRECTION('',(-0.707106781186548,0.707106781186548,0.0));
#2262=DIRECTION('',(0.0,0.0,1.0));
#2263=ORIENTED_EDGE('',*,*,#4482,.T.);
#2264=ORIENTED_EDGE('',*,*,#4368,.F.);
#2265=ORIENTED_EDGE('',*,*,#4477,.F.);
#2266=ORIENTED_EDGE('',*,*,#4483,.F.);
#2267=CARTESIAN_POINT('',(8.5,2.2,9.25));
#2268=DIRECTION('',(-0.0,1.0,0.0));
#2269=DIRECTION('',(1.0,0.0,0.0));
#2270=ORIENTED_EDGE('',*,*,#4484,.F.);
#2271=ORIENTED_EDGE('',*,*,#4483,.T.);
#2272=ORIENTED_EDGE('',*,*,#4485,.T.);
#2273=ORIENTED_EDGE('',*,*,#4467,.F.);
#2274=CARTESIAN_POINT('',(8.025,2.3,9.15));
#2275=DIRECTION('',(0.0,-0.707106781186548,0.707106781186548));
#2276=DIRECTION('',(-1.0,0.0,0.0));
#2277=ORIENTED_EDGE('',*,*,#4485,.F.);
#2278=ORIENTED_EDGE('',*,*,#4476,.F.);
#2279=ORIENTED_EDGE('',*,*,#4471,.T.);
#2280=ORIENTED_EDGE('',*,*,#4468,.T.);
#2281=CARTESIAN_POINT('',(8.6,1.7,9.15));
#2282=DIRECTION('',(-0.707106781186548,0.0,0.707106781186548));
#2283=DIRECTION('',(0.0,1.0,0.0));
#2284=ORIENTED_EDGE('',*,*,#4486,.T.);
#2285=ORIENTED_EDGE('',*,*,#4487,.T.);
#2286=ORIENTED_EDGE('',*,*,#4488,.F.);
#2287=ORIENTED_EDGE('',*,*,#4369,.F.);
#2288=ORIENTED_EDGE('',*,*,#4482,.F.);
#2289=ORIENTED_EDGE('',*,*,#4484,.T.);
#2290=ORIENTED_EDGE('',*,*,#4466,.F.);
#2291=CARTESIAN_POINT('',(7.55,2.2,9.25));
#2292=DIRECTION('',(-1.0,0.0,0.0));
#2293=DIRECTION('',(0.0,0.0,1.0));
#2294=ORIENTED_EDGE('',*,*,#4489,.T.);
#2295=ORIENTED_EDGE('',*,*,#4370,.F.);
#2296=ORIENTED_EDGE('',*,*,#4488,.T.);
#2297=ORIENTED_EDGE('',*,*,#4490,.T.);
#2298=CARTESIAN_POINT('',(8.5,1.65,9.75));
#2299=DIRECTION('',(-0.0,1.0,0.0));
#2300=DIRECTION('',(1.0,0.0,0.0));
#2301=ORIENTED_EDGE('',*,*,#4491,.T.);
#2302=ORIENTED_EDGE('',*,*,#4492,.F.);
#2303=ORIENTED_EDGE('',*,*,#4493,.T.);
#2304=ORIENTED_EDGE('',*,*,#4494,.T.);
#2305=CARTESIAN_POINT('',(-7.55,1.65,3.3));
#2306=DIRECTION('',(0.0,0.999249688515138,-0.0387306080819815));
#2307=DIRECTION('',(-1.0,0.0,0.0));
#2308=ORIENTED_EDGE('',*,*,#4495,.F.);
#2309=ORIENTED_EDGE('',*,*,#4490,.F.);
#2310=ORIENTED_EDGE('',*,*,#4487,.F.);
#2311=ORIENTED_EDGE('',*,*,#4496,.T.);
#2312=CARTESIAN_POINT('',(-7.55,1.65,3.3));
#2313=DIRECTION('',(0.0,0.999249688515138,-0.0387306080819815));
#2314=DIRECTION('',(-1.0,0.0,0.0));
#2315=ORIENTED_EDGE('',*,*,#4497,.F.);
#2316=ORIENTED_EDGE('',*,*,#4498,.F.);
#2317=ORIENTED_EDGE('',*,*,#4499,.F.);
#2318=ORIENTED_EDGE('',*,*,#4457,.F.);
#2319=ORIENTED_EDGE('',*,*,#4500,.F.);
#2320=ORIENTED_EDGE('',*,*,#4494,.F.);
#2321=CARTESIAN_POINT('',(-3.045,2.130634695959,9.250375155742));
#2322=DIRECTION('',(0.0,-0.8802234813341,0.4745593987143));
#2323=DIRECTION('',(-1.0,0.0,0.0));
#2324=ORIENTED_EDGE('',*,*,#4379,.F.);
#2325=ORIENTED_EDGE('',*,*,#4501,.T.);
#2326=ORIENTED_EDGE('',*,*,#4491,.F.);
#2327=ORIENTED_EDGE('',*,*,#4500,.T.);
#2328=ORIENTED_EDGE('',*,*,#4456,.F.);
#2329=ORIENTED_EDGE('',*,*,#4502,.T.);
#2330=ORIENTED_EDGE('',*,*,#4503,.T.);
#2331=CARTESIAN_POINT('',(-7.55,1.65,9.25));
#2332=DIRECTION('',(1.0,0.0,0.0));
#2333=DIRECTION('',(0.0,1.0,0.0));
#2334=ORIENTED_EDGE('',*,*,#4451,.T.);
#2335=ORIENTED_EDGE('',*,*,#4380,.F.);
#2336=ORIENTED_EDGE('',*,*,#4503,.F.);
#2337=ORIENTED_EDGE('',*,*,#4504,.F.);
#2338=CARTESIAN_POINT('',(-7.55,2.2,9.25));
#2339=DIRECTION('',(-0.0,1.0,0.0));
#2340=DIRECTION('',(1.0,0.0,0.0));
#2341=ORIENTED_EDGE('',*,*,#4502,.F.);
#2342=ORIENTED_EDGE('',*,*,#4455,.F.);
#2343=ORIENTED_EDGE('',*,*,#4453,.F.);
#2344=ORIENTED_EDGE('',*,*,#4504,.T.);
#2345=CARTESIAN_POINT('',(-8.025,2.3,9.15));
#2346=DIRECTION('',(0.0,-0.707106781186548,0.707106781186548));
#2347=DIRECTION('',(-1.0,0.0,0.0));
#2348=ORIENTED_EDGE('',*,*,#4501,.F.);
#2349=ORIENTED_EDGE('',*,*,#4378,.F.);
#2350=ORIENTED_EDGE('',*,*,#4505,.F.);
#2351=ORIENTED_EDGE('',*,*,#4492,.T.);
#2352=CARTESIAN_POINT('',(-2.7,1.65,9.75));
#2353=DIRECTION('',(-0.0,1.0,0.0));
#2354=DIRECTION('',(1.0,0.0,0.0));
#2355=ORIENTED_EDGE('',*,*,#4493,.F.);
#2356=ORIENTED_EDGE('',*,*,#4505,.T.);
#2357=ORIENTED_EDGE('',*,*,#4377,.F.);
#2358=ORIENTED_EDGE('',*,*,#4506,.F.);
#2359=ORIENTED_EDGE('',*,*,#4507,.T.);
#2360=ORIENTED_EDGE('',*,*,#4508,.F.);
#2361=ORIENTED_EDGE('',*,*,#4497,.T.);
#2362=CARTESIAN_POINT('',(-2.7,3.15,9.75));
#2363=DIRECTION('',(-1.0,0.0,0.0));
#2364=DIRECTION('',(0.0,0.0,1.0));
#2365=ORIENTED_EDGE('',*,*,#4508,.T.);
#2366=ORIENTED_EDGE('',*,*,#4509,.F.);
#2367=ORIENTED_EDGE('',*,*,#4510,.T.);
#2368=ORIENTED_EDGE('',*,*,#4511,.T.);
#2369=ORIENTED_EDGE('',*,*,#4512,.T.);
#2370=ORIENTED_EDGE('',*,*,#4513,.T.);
#2371=ORIENTED_EDGE('',*,*,#4514,.T.);
#2372=ORIENTED_EDGE('',*,*,#4498,.T.);
#2373=CARTESIAN_POINT('',(-10.0,0.0,9.75));
#2374=DIRECTION('',(0.0,0.0,1.0));
#2375=DIRECTION('',(1.0,0.0,0.0));
#2376=ORIENTED_EDGE('',*,*,#4514,.F.);
#2377=ORIENTED_EDGE('',*,*,#4515,.T.);
#2378=ORIENTED_EDGE('',*,*,#4516,.T.);
#2379=ORIENTED_EDGE('',*,*,#4517,.F.);
#2380=ORIENTED_EDGE('',*,*,#4518,.F.);
#2381=ORIENTED_EDGE('',*,*,#4182,.T.);
#2382=ORIENTED_EDGE('',*,*,#4519,.T.);
#2383=ORIENTED_EDGE('',*,*,#4520,.F.);
#2384=ORIENTED_EDGE('',*,*,#4521,.F.);
#2385=ORIENTED_EDGE('',*,*,#4458,.T.);
#2386=ORIENTED_EDGE('',*,*,#4499,.T.);
#2387=CARTESIAN_POINT('',(-3.39,3.8,9.75));
#2388=DIRECTION('',(-1.0,0.0,0.0));
#2389=DIRECTION('',(0.0,0.0,1.0));
#2390=ORIENTED_EDGE('',*,*,#4522,.T.);
#2391=ORIENTED_EDGE('',*,*,#4523,.F.);
#2392=ORIENTED_EDGE('',*,*,#4463,.T.);
#2393=ORIENTED_EDGE('',*,*,#4524,.F.);
#2394=ORIENTED_EDGE('',*,*,#4525,.F.);
#2395=ORIENTED_EDGE('',*,*,#4264,.T.);
#2396=CARTESIAN_POINT('',(-10.0,2.9,0.0));
#2397=DIRECTION('',(-0.0,1.0,0.0));
#2398=DIRECTION('',(1.0,0.0,0.0));
#2399=ORIENTED_EDGE('',*,*,#4526,.T.);
#2400=ORIENTED_EDGE('',*,*,#4527,.F.);
#2401=ORIENTED_EDGE('',*,*,#4163,.T.);
#2402=ORIENTED_EDGE('',*,*,#4459,.T.);
#2403=ORIENTED_EDGE('',*,*,#4521,.T.);
#2404=ORIENTED_EDGE('',*,*,#4528,.T.);
#2405=CARTESIAN_POINT('',(-10.0,2.9,0.0));
#2406=DIRECTION('',(-0.0,1.0,0.0));
#2407=DIRECTION('',(1.0,0.0,0.0));
#2408=ORIENTED_EDGE('',*,*,#4267,.F.);
#2409=ORIENTED_EDGE('',*,*,#4156,.T.);
#2410=ORIENTED_EDGE('',*,*,#4529,.T.);
#2411=ORIENTED_EDGE('',*,*,#4530,.F.);
#2412=CARTESIAN_POINT('',(-10.0,-2.9,0.0));
#2413=DIRECTION('',(0.0,0.0,-1.0));
#2414=DIRECTION('',(0.0,-1.0,0.0));
#2415=ORIENTED_EDGE('',*,*,#4531,.T.);
#2416=ORIENTED_EDGE('',*,*,#4532,.F.);
#2417=ORIENTED_EDGE('',*,*,#4270,.F.);
#2418=ORIENTED_EDGE('',*,*,#4260,.T.);
#2419=CARTESIAN_POINT('',(-10.0,-2.9,0.0));
#2420=DIRECTION('',(0.0,0.0,-1.0));
#2421=DIRECTION('',(0.0,-1.0,0.0));
#2422=ORIENTED_EDGE('',*,*,#4533,.F.);
#2423=ORIENTED_EDGE('',*,*,#4170,.F.);
#2424=ORIENTED_EDGE('',*,*,#4164,.T.);
#2425=ORIENTED_EDGE('',*,*,#4527,.T.);
#2426=CARTESIAN_POINT('',(-10.0,-2.9,0.0));
#2427=DIRECTION('',(0.0,0.0,-1.0));
#2428=DIRECTION('',(0.0,-1.0,0.0));
#2429=ORIENTED_EDGE('',*,*,#4534,.F.);
#2430=ORIENTED_EDGE('',*,*,#4167,.F.);
#2431=ORIENTED_EDGE('',*,*,#4262,.T.);
#2432=ORIENTED_EDGE('',*,*,#4525,.T.);
#2433=ORIENTED_EDGE('',*,*,#4535,.F.);
#2434=ORIENTED_EDGE('',*,*,#4536,.F.);
#2435=CARTESIAN_POINT('',(-10.0,-2.9,0.0));
#2436=DIRECTION('',(0.0,0.0,-1.0));
#2437=DIRECTION('',(0.0,-1.0,0.0));
#2438=ORIENTED_EDGE('',*,*,#4530,.T.);
#2439=ORIENTED_EDGE('',*,*,#4537,.F.);
#2440=ORIENTED_EDGE('',*,*,#4178,.F.);
#2441=ORIENTED_EDGE('',*,*,#4538,.T.);
#2442=ORIENTED_EDGE('',*,*,#4539,.T.);
#2443=ORIENTED_EDGE('',*,*,#4268,.T.);
#2444=CARTESIAN_POINT('',(-8.25,0.0,0.0));
#2445=DIRECTION('',(1.0,0.0,0.0));
#2446=DIRECTION('',(0.0,1.0,0.0));
#2447=ORIENTED_EDGE('',*,*,#4171,.F.);
#2448=ORIENTED_EDGE('',*,*,#4533,.T.);
#2449=ORIENTED_EDGE('',*,*,#4526,.F.);
#2450=ORIENTED_EDGE('',*,*,#4540,.F.);
#2451=ORIENTED_EDGE('',*,*,#4541,.F.);
#2452=ORIENTED_EDGE('',*,*,#4180,.T.);
#2453=CARTESIAN_POINT('',(-8.25,0.0,0.0));
#2454=DIRECTION('',(1.0,0.0,0.0));
#2455=DIRECTION('',(0.0,1.0,0.0));
#2456=ORIENTED_EDGE('',*,*,#4539,.F.);
#2457=ORIENTED_EDGE('',*,*,#4542,.T.);
#2458=ORIENTED_EDGE('',*,*,#4257,.T.);
#2459=ORIENTED_EDGE('',*,*,#4269,.F.);
#2460=CARTESIAN_POINT('',(-8.25,-1.6,1.15));
#2461=DIRECTION('',(0.0,0.0,1.0));
#2462=DIRECTION('',(1.0,0.0,0.0));
#2463=ORIENTED_EDGE('',*,*,#4258,.T.);
#2464=ORIENTED_EDGE('',*,*,#4542,.F.);
#2465=ORIENTED_EDGE('',*,*,#4538,.F.);
#2466=ORIENTED_EDGE('',*,*,#4177,.T.);
#2467=CARTESIAN_POINT('',(-8.25,-1.6,0.3));
#2468=DIRECTION('',(-0.0,1.0,0.0));
#2469=DIRECTION('',(1.0,0.0,0.0));
#2470=ORIENTED_EDGE('',*,*,#4543,.F.);
#2471=ORIENTED_EDGE('',*,*,#4531,.F.);
#2472=ORIENTED_EDGE('',*,*,#4259,.F.);
#2473=ORIENTED_EDGE('',*,*,#4175,.F.);
#2474=CARTESIAN_POINT('',(10.0,-1.65,0.3));
#2475=DIRECTION('',(0.0,-1.0,0.0));
#2476=DIRECTION('',(0.0,0.0,-1.0));
#2477=ORIENTED_EDGE('',*,*,#4537,.T.);
#2478=ORIENTED_EDGE('',*,*,#4529,.F.);
#2479=ORIENTED_EDGE('',*,*,#4155,.T.);
#2480=ORIENTED_EDGE('',*,*,#4179,.F.);
#2481=CARTESIAN_POINT('',(10.0,-1.65,0.3));
#2482=DIRECTION('',(0.0,-1.0,0.0));
#2483=DIRECTION('',(0.0,0.0,-1.0));
#2484=ORIENTED_EDGE('',*,*,#4534,.T.);
#2485=ORIENTED_EDGE('',*,*,#4524,.T.);
#2486=ORIENTED_EDGE('',*,*,#4462,.T.);
#2487=ORIENTED_EDGE('',*,*,#4469,.T.);
#2488=ORIENTED_EDGE('',*,*,#4437,.T.);
#2489=ORIENTED_EDGE('',*,*,#4430,.T.);
#2490=ORIENTED_EDGE('',*,*,#4329,.T.);
#2491=ORIENTED_EDGE('',*,*,#4271,.T.);
#2492=ORIENTED_EDGE('',*,*,#4532,.T.);
#2493=ORIENTED_EDGE('',*,*,#4543,.T.);
#2494=ORIENTED_EDGE('',*,*,#4174,.F.);
#2495=ORIENTED_EDGE('',*,*,#4168,.F.);
#2496=CARTESIAN_POINT('',(10.0,0.0,0.0));
#2497=DIRECTION('',(1.0,0.0,0.0));
#2498=DIRECTION('',(0.0,1.0,0.0));
#2499=ORIENTED_EDGE('',*,*,#4544,.F.);
#2500=ORIENTED_EDGE('',*,*,#4519,.F.);
#2501=ORIENTED_EDGE('',*,*,#4181,.T.);
#2502=ORIENTED_EDGE('',*,*,#4541,.T.);
#2503=CARTESIAN_POINT('',(-3.39,2.1,0.0));
#2504=DIRECTION('',(0.0,-1.0,0.0));
#2505=DIRECTION('',(0.0,0.0,-1.0));
#2506=ORIENTED_EDGE('',*,*,#4255,.T.);
#2507=ORIENTED_EDGE('',*,*,#4545,.T.);
#2508=ORIENTED_EDGE('',*,*,#4522,.F.);
#2509=ORIENTED_EDGE('',*,*,#4263,.T.);
#2510=CARTESIAN_POINT('',(-8.25,0.0,1.95));
#2511=DIRECTION('',(0.0,0.0,-1.0));
#2512=DIRECTION('',(0.0,-1.0,0.0));
#2513=ORIENTED_EDGE('',*,*,#4520,.T.);
#2514=ORIENTED_EDGE('',*,*,#4544,.T.);
#2515=ORIENTED_EDGE('',*,*,#4540,.T.);
#2516=ORIENTED_EDGE('',*,*,#4528,.F.);
#2517=CARTESIAN_POINT('',(-8.25,0.0,1.95));
#2518=DIRECTION('',(0.0,0.0,-1.0));
#2519=DIRECTION('',(0.0,-1.0,0.0));
#2520=ORIENTED_EDGE('',*,*,#4464,.F.);
#2521=ORIENTED_EDGE('',*,*,#4523,.T.);
#2522=ORIENTED_EDGE('',*,*,#4545,.F.);
#2523=ORIENTED_EDGE('',*,*,#4254,.F.);
#2524=ORIENTED_EDGE('',*,*,#4184,.F.);
#2525=ORIENTED_EDGE('',*,*,#4546,.T.);
#2526=ORIENTED_EDGE('',*,*,#4547,.F.);
#2527=ORIENTED_EDGE('',*,*,#4548,.T.);
#2528=ORIENTED_EDGE('',*,*,#4549,.F.);
#2529=ORIENTED_EDGE('',*,*,#4512,.F.);
#2530=ORIENTED_EDGE('',*,*,#4550,.T.);
#2531=CARTESIAN_POINT('',(3.39,1.2,9.75));
#2532=DIRECTION('',(1.0,0.0,0.0));
#2533=DIRECTION('',(0.0,1.0,0.0));
#2534=ORIENTED_EDGE('',*,*,#4511,.F.);
#2535=ORIENTED_EDGE('',*,*,#4551,.F.);
#2536=ORIENTED_EDGE('',*,*,#4496,.F.);
#2537=ORIENTED_EDGE('',*,*,#4486,.F.);
#2538=ORIENTED_EDGE('',*,*,#4465,.F.);
#2539=ORIENTED_EDGE('',*,*,#4550,.F.);
#2540=CARTESIAN_POINT('',(3.045,2.130634695959,9.250375155742));
#2541=DIRECTION('',(0.0,-0.8802234813341,0.4745593987143));
#2542=DIRECTION('',(-1.0,0.0,0.0));
#2543=ORIENTED_EDGE('',*,*,#4510,.F.);
#2544=ORIENTED_EDGE('',*,*,#4552,.T.);
#2545=ORIENTED_EDGE('',*,*,#4553,.T.);
#2546=ORIENTED_EDGE('',*,*,#4371,.F.);
#2547=ORIENTED_EDGE('',*,*,#4489,.F.);
#2548=ORIENTED_EDGE('',*,*,#4495,.T.);
#2549=ORIENTED_EDGE('',*,*,#4551,.T.);
#2550=CARTESIAN_POINT('',(2.7,1.65,9.75));
#2551=DIRECTION('',(1.0,0.0,0.0));
#2552=DIRECTION('',(0.0,1.0,0.0));
#2553=ORIENTED_EDGE('',*,*,#4554,.F.);
#2554=ORIENTED_EDGE('',*,*,#4506,.T.);
#2555=ORIENTED_EDGE('',*,*,#4376,.F.);
#2556=ORIENTED_EDGE('',*,*,#4555,.T.);
#2557=ORIENTED_EDGE('',*,*,#4556,.F.);
#2558=CARTESIAN_POINT('',(2.7,3.15,9.75));
#2559=DIRECTION('',(-0.0,1.0,0.0));
#2560=DIRECTION('',(1.0,0.0,0.0));
#2561=ORIENTED_EDGE('',*,*,#4557,.F.);
#2562=ORIENTED_EDGE('',*,*,#4372,.F.);
#2563=ORIENTED_EDGE('',*,*,#4553,.F.);
#2564=ORIENTED_EDGE('',*,*,#4558,.F.);
#2565=ORIENTED_EDGE('',*,*,#4559,.T.);
#2566=CARTESIAN_POINT('',(2.7,3.15,9.75));
#2567=DIRECTION('',(-0.0,1.0,0.0));
#2568=DIRECTION('',(1.0,0.0,0.0));
#2569=ORIENTED_EDGE('',*,*,#4556,.T.);
#2570=ORIENTED_EDGE('',*,*,#4560,.F.);
#2571=ORIENTED_EDGE('',*,*,#4561,.F.);
#2572=ORIENTED_EDGE('',*,*,#4562,.T.);
#2573=CARTESIAN_POINT('',(-1.05,0.0,0.0));
#2574=DIRECTION('',(1.0,0.0,0.0));
#2575=DIRECTION('',(0.0,1.0,0.0));
#2576=ORIENTED_EDGE('',*,*,#4563,.F.);
#2577=ORIENTED_EDGE('',*,*,#4564,.F.);
#2578=ORIENTED_EDGE('',*,*,#4558,.T.);
#2579=ORIENTED_EDGE('',*,*,#4552,.F.);
#2580=ORIENTED_EDGE('',*,*,#4509,.T.);
#2581=ORIENTED_EDGE('',*,*,#4507,.F.);
#2582=ORIENTED_EDGE('',*,*,#4554,.T.);
#2583=ORIENTED_EDGE('',*,*,#4562,.F.);
#2584=CARTESIAN_POINT('',(0.0,3.2,9.11));
#2585=DIRECTION('',(0.0,-0.931457349479609,0.363850527140503));
#2586=DIRECTION('',(-1.0,0.0,0.0));
#2587=ORIENTED_EDGE('',*,*,#4565,.T.);
#2588=ORIENTED_EDGE('',*,*,#4566,.T.);
#2589=ORIENTED_EDGE('',*,*,#4559,.F.);
#2590=ORIENTED_EDGE('',*,*,#4564,.T.);
#2591=CARTESIAN_POINT('',(1.05,0.0,0.0));
#2592=DIRECTION('',(1.0,0.0,0.0));
#2593=DIRECTION('',(0.0,1.0,0.0));
#2594=ORIENTED_EDGE('',*,*,#4567,.T.);
#2595=ORIENTED_EDGE('',*,*,#4566,.F.);
#2596=ORIENTED_EDGE('',*,*,#4568,.F.);
#2597=ORIENTED_EDGE('',*,*,#4560,.T.);
#2598=ORIENTED_EDGE('',*,*,#4569,.F.);
#2599=ORIENTED_EDGE('',*,*,#4570,.T.);
#2600=CARTESIAN_POINT('',(-1.05,3.8,7.74));
#2601=DIRECTION('',(0.0,-0.105293769951904,0.994441160657238));
#2602=DIRECTION('',(-1.0,0.0,0.0));
#2603=ORIENTED_EDGE('',*,*,#4571,.T.);
#2604=ORIENTED_EDGE('',*,*,#4570,.F.);
#2605=ORIENTED_EDGE('',*,*,#4572,.F.);
#2606=ORIENTED_EDGE('',*,*,#4573,.T.);
#2607=ORIENTED_EDGE('',*,*,#4515,.F.);
#2608=ORIENTED_EDGE('',*,*,#4513,.F.);
#2609=ORIENTED_EDGE('',*,*,#4549,.T.);
#2610=ORIENTED_EDGE('',*,*,#4574,.T.);
#2611=CARTESIAN_POINT('',(3.39,3.8,9.75));
#2612=DIRECTION('',(-0.0,1.0,0.0));
#2613=DIRECTION('',(1.0,0.0,0.0));
#2614=ORIENTED_EDGE('',*,*,#4574,.F.);
#2615=ORIENTED_EDGE('',*,*,#4548,.F.);
#2616=ORIENTED_EDGE('',*,*,#4575,.T.);
#2617=ORIENTED_EDGE('',*,*,#4576,.F.);
#2618=CARTESIAN_POINT('',(35.4779498167,3.2,1.7));
#2619=DIRECTION('',(1.0,-0.0,0.0));
#2620=DIRECTION('',(0.0,1.0,0.0));
#2621=ORIENTED_EDGE('',*,*,#4577,.T.);
#2622=ORIENTED_EDGE('',*,*,#4578,.F.);
#2623=ORIENTED_EDGE('',*,*,#4373,.F.);
#2624=ORIENTED_EDGE('',*,*,#4557,.T.);
#2625=ORIENTED_EDGE('',*,*,#4567,.F.);
#2626=ORIENTED_EDGE('',*,*,#4571,.F.);
#2627=ORIENTED_EDGE('',*,*,#4576,.T.);
#2628=CARTESIAN_POINT('',(1.05,0.0,0.0));
#2629=DIRECTION('',(1.0,0.0,0.0));
#2630=DIRECTION('',(0.0,1.0,0.0));
#2631=ORIENTED_EDGE('',*,*,#4546,.F.);
#2632=ORIENTED_EDGE('',*,*,#4183,.F.);
#2633=ORIENTED_EDGE('',*,*,#4518,.T.);
#2634=ORIENTED_EDGE('',*,*,#4579,.T.);
#2635=ORIENTED_EDGE('',*,*,#4580,.F.);
#2636=ORIENTED_EDGE('',*,*,#4374,.T.);
#2637=ORIENTED_EDGE('',*,*,#4578,.T.);
#2638=ORIENTED_EDGE('',*,*,#4581,.T.);
#2639=CARTESIAN_POINT('',(-8.25,2.65,1.1));
#2640=DIRECTION('',(0.0,-1.0,0.0));
#2641=DIRECTION('',(0.0,0.0,-1.0));
#2642=ORIENTED_EDGE('',*,*,#4547,.T.);
#2643=ORIENTED_EDGE('',*,*,#4581,.F.);
#2644=ORIENTED_EDGE('',*,*,#4577,.F.);
#2645=ORIENTED_EDGE('',*,*,#4575,.F.);
#2646=CARTESIAN_POINT('',(-8.25,2.9,1.1));
#2647=DIRECTION('',(0.0,0.0,1.0));
#2648=DIRECTION('',(1.0,0.0,0.0));
#2649=ORIENTED_EDGE('',*,*,#4582,.T.);
#2650=ORIENTED_EDGE('',*,*,#4579,.F.);
#2651=ORIENTED_EDGE('',*,*,#4517,.T.);
#2652=ORIENTED_EDGE('',*,*,#4583,.F.);
#2653=CARTESIAN_POINT('',(-8.25,2.9,1.1));
#2654=DIRECTION('',(0.0,0.0,1.0));
#2655=DIRECTION('',(1.0,0.0,0.0));
#2656=ORIENTED_EDGE('',*,*,#4573,.F.);
#2657=ORIENTED_EDGE('',*,*,#4584,.F.);
#2658=ORIENTED_EDGE('',*,*,#4583,.T.);
#2659=ORIENTED_EDGE('',*,*,#4516,.F.);
#2660=CARTESIAN_POINT('',(35.4779498167,3.2,1.7));
#2661=DIRECTION('',(1.0,-0.0,0.0));
#2662=DIRECTION('',(0.0,1.0,0.0));
#2663=ORIENTED_EDGE('',*,*,#4572,.T.);
#2664=ORIENTED_EDGE('',*,*,#4569,.T.);
#2665=ORIENTED_EDGE('',*,*,#4555,.F.);
#2666=ORIENTED_EDGE('',*,*,#4375,.T.);
#2667=ORIENTED_EDGE('',*,*,#4580,.T.);
#2668=ORIENTED_EDGE('',*,*,#4582,.F.);
#2669=ORIENTED_EDGE('',*,*,#4584,.T.);
#2670=CARTESIAN_POINT('',(-1.05,0.0,0.0));
#2671=DIRECTION('',(1.0,0.0,0.0));
#2672=DIRECTION('',(0.0,1.0,0.0));
#2673=ORIENTED_EDGE('',*,*,#4561,.T.);
#2674=ORIENTED_EDGE('',*,*,#4568,.T.);
#2675=ORIENTED_EDGE('',*,*,#4565,.F.);
#2676=ORIENTED_EDGE('',*,*,#4563,.T.);
#2677=CARTESIAN_POINT('',(-1.05,2.95,9.75));
#2678=DIRECTION('',(0.0,-1.0,0.0));
#2679=DIRECTION('',(0.0,0.0,-1.0));
#2680=ORIENTED_EDGE('',*,*,#4585,.F.);
#2681=ORIENTED_EDGE('',*,*,#4536,.T.);
#2682=ORIENTED_EDGE('',*,*,#4586,.T.);
#2683=ORIENTED_EDGE('',*,*,#4152,.F.);
#2684=ORIENTED_EDGE('',*,*,#4587,.F.);
#2685=CARTESIAN_POINT('',(9.0,2.0,0.3));
#2686=DIRECTION('',(0.0,0.0,1.0));
#2687=DIRECTION('',(-1.0,0.0,0.0));
#2688=ORIENTED_EDGE('',*,*,#4151,.T.);
#2689=ORIENTED_EDGE('',*,*,#4588,.F.);
#2690=ORIENTED_EDGE('',*,*,#4589,.T.);
#2691=ORIENTED_EDGE('',*,*,#4587,.T.);
#2692=CARTESIAN_POINT('',(9.0,2.0,-1.10000000067));
#2693=DIRECTION('',(-0.0,0.0,1.0));
#2694=DIRECTION('',(0.0,-1.0,0.0));
#2695=ORIENTED_EDGE('',*,*,#4148,.T.);
#2696=ORIENTED_EDGE('',*,*,#4590,.T.);
#2697=ORIENTED_EDGE('',*,*,#4588,.T.);
#2698=ORIENTED_EDGE('',*,*,#4153,.T.);
#2699=CARTESIAN_POINT('',(-10.0,0.0,-1.3));
#2700=DIRECTION('',(0.0,0.0,-1.0));
#2701=DIRECTION('',(0.0,-1.0,0.0));
#2702=ORIENTED_EDGE('',*,*,#4147,.T.);
#2703=ORIENTED_EDGE('',*,*,#4591,.T.);
#2704=ORIENTED_EDGE('',*,*,#4589,.F.);
#2705=ORIENTED_EDGE('',*,*,#4590,.F.);
#2706=CARTESIAN_POINT('',(9.0,2.0,-1.10000000067));
#2707=DIRECTION('',(-0.0,0.0,1.0));
#2708=DIRECTION('',(0.0,-1.0,0.0));
#2709=ORIENTED_EDGE('',*,*,#4586,.F.);
#2710=ORIENTED_EDGE('',*,*,#4535,.T.);
#2711=ORIENTED_EDGE('',*,*,#4585,.T.);
#2712=ORIENTED_EDGE('',*,*,#4591,.F.);
#2713=ORIENTED_EDGE('',*,*,#4150,.F.);
#2714=CARTESIAN_POINT('',(9.0,2.0,0.3));
#2715=DIRECTION('',(0.0,0.0,1.0));
#2716=DIRECTION('',(-1.0,0.0,0.0));
#2717=ORIENTED_EDGE('',*,*,#4422,.T.);
#2718=ORIENTED_EDGE('',*,*,#4382,.F.);
#2719=ORIENTED_EDGE('',*,*,#4450,.F.);
#2720=ORIENTED_EDGE('',*,*,#4443,.F.);
#2721=CARTESIAN_POINT('',(-8.5,-0.95,9.75));
#2722=DIRECTION('',(-0.0,1.0,0.0));
#2723=DIRECTION('',(1.0,0.0,0.0));
#2724=ORIENTED_EDGE('',*,*,#4592,.T.);
#2725=ORIENTED_EDGE('',*,*,#4593,.F.);
#2726=ORIENTED_EDGE('',*,*,#4286,.F.);
#2727=ORIENTED_EDGE('',*,*,#4365,.T.);
#2728=CARTESIAN_POINT('',(8.25,-2.15,2.15));
#2729=DIRECTION('',(1.0,0.0,0.0));
#2730=DIRECTION('',(0.0,1.0,0.0));
#2731=ORIENTED_EDGE('',*,*,#4593,.T.);
#2732=ORIENTED_EDGE('',*,*,#4594,.T.);
#2733=ORIENTED_EDGE('',*,*,#4595,.T.);
#2734=ORIENTED_EDGE('',*,*,#4287,.T.);
#2735=CARTESIAN_POINT('',(-10.0,0.0,2.3));
#2736=DIRECTION('',(0.0,0.0,1.0));
#2737=DIRECTION('',(1.0,0.0,0.0));
#2738=ORIENTED_EDGE('',*,*,#4288,.T.);
#2739=ORIENTED_EDGE('',*,*,#4595,.F.);
#2740=ORIENTED_EDGE('',*,*,#4596,.F.);
#2741=ORIENTED_EDGE('',*,*,#4363,.F.);
#2742=CARTESIAN_POINT('',(7.75,1.15,2.15));
#2743=DIRECTION('',(-1.0,0.0,0.0));
#2744=DIRECTION('',(0.0,0.0,1.0));
#2745=ORIENTED_EDGE('',*,*,#4596,.T.);
#2746=ORIENTED_EDGE('',*,*,#4594,.F.);
#2747=ORIENTED_EDGE('',*,*,#4592,.F.);
#2748=ORIENTED_EDGE('',*,*,#4364,.T.);
#2749=CARTESIAN_POINT('',(8.25,1.15,2.15));
#2750=DIRECTION('',(-0.0,1.0,0.0));
#2751=DIRECTION('',(1.0,0.0,0.0));
#2752=ORIENTED_EDGE('',*,*,#4597,.T.);
#2753=ORIENTED_EDGE('',*,*,#4598,.F.);
#2754=ORIENTED_EDGE('',*,*,#4290,.F.);
#2755=ORIENTED_EDGE('',*,*,#4362,.T.);
#2756=CARTESIAN_POINT('',(6.25,-2.15,2.15));
#2757=DIRECTION('',(1.0,0.0,0.0));
#2758=DIRECTION('',(0.0,1.0,0.0));
#2759=ORIENTED_EDGE('',*,*,#4598,.T.);
#2760=ORIENTED_EDGE('',*,*,#4599,.T.);
#2761=ORIENTED_EDGE('',*,*,#4600,.T.);
#2762=ORIENTED_EDGE('',*,*,#4291,.T.);
#2763=CARTESIAN_POINT('',(-10.0,0.0,2.3));
#2764=DIRECTION('',(0.0,0.0,1.0));
#2765=DIRECTION('',(1.0,0.0,0.0));
#2766=ORIENTED_EDGE('',*,*,#4292,.T.);
#2767=ORIENTED_EDGE('',*,*,#4600,.F.);
#2768=ORIENTED_EDGE('',*,*,#4601,.F.);
#2769=ORIENTED_EDGE('',*,*,#4360,.F.);
#2770=CARTESIAN_POINT('',(5.75,1.15,2.15));
#2771=DIRECTION('',(-1.0,0.0,0.0));
#2772=DIRECTION('',(0.0,0.0,1.0));
#2773=ORIENTED_EDGE('',*,*,#4601,.T.);
#2774=ORIENTED_EDGE('',*,*,#4599,.F.);
#2775=ORIENTED_EDGE('',*,*,#4597,.F.);
#2776=ORIENTED_EDGE('',*,*,#4361,.T.);
#2777=CARTESIAN_POINT('',(6.25,1.15,2.15));
#2778=DIRECTION('',(-0.0,1.0,0.0));
#2779=DIRECTION('',(1.0,0.0,0.0));
#2780=ORIENTED_EDGE('',*,*,#4602,.T.);
#2781=ORIENTED_EDGE('',*,*,#4603,.F.);
#2782=ORIENTED_EDGE('',*,*,#4294,.F.);
#2783=ORIENTED_EDGE('',*,*,#4359,.T.);
#2784=CARTESIAN_POINT('',(4.25,-2.15,2.15));
#2785=DIRECTION('',(1.0,0.0,0.0));
#2786=DIRECTION('',(0.0,1.0,0.0));
#2787=ORIENTED_EDGE('',*,*,#4603,.T.);
#2788=ORIENTED_EDGE('',*,*,#4604,.T.);
#2789=ORIENTED_EDGE('',*,*,#4605,.T.);
#2790=ORIENTED_EDGE('',*,*,#4295,.T.);
#2791=CARTESIAN_POINT('',(-10.0,0.0,2.3));
#2792=DIRECTION('',(0.0,0.0,1.0));
#2793=DIRECTION('',(1.0,0.0,0.0));
#2794=ORIENTED_EDGE('',*,*,#4296,.T.);
#2795=ORIENTED_EDGE('',*,*,#4605,.F.);
#2796=ORIENTED_EDGE('',*,*,#4606,.F.);
#2797=ORIENTED_EDGE('',*,*,#4357,.F.);
#2798=CARTESIAN_POINT('',(3.75,1.15,2.15));
#2799=DIRECTION('',(-1.0,0.0,0.0));
#2800=DIRECTION('',(0.0,0.0,1.0));
#2801=ORIENTED_EDGE('',*,*,#4606,.T.);
#2802=ORIENTED_EDGE('',*,*,#4604,.F.);
#2803=ORIENTED_EDGE('',*,*,#4602,.F.);
#2804=ORIENTED_EDGE('',*,*,#4358,.T.);
#2805=CARTESIAN_POINT('',(4.25,1.15,2.15));
#2806=DIRECTION('',(-0.0,1.0,0.0));
#2807=DIRECTION('',(1.0,0.0,0.0));
#2808=ORIENTED_EDGE('',*,*,#4607,.T.);
#2809=ORIENTED_EDGE('',*,*,#4608,.F.);
#2810=ORIENTED_EDGE('',*,*,#4298,.F.);
#2811=ORIENTED_EDGE('',*,*,#4356,.T.);
#2812=CARTESIAN_POINT('',(2.25,-2.15,2.15));
#2813=DIRECTION('',(1.0,0.0,0.0));
#2814=DIRECTION('',(0.0,1.0,0.0));
#2815=ORIENTED_EDGE('',*,*,#4608,.T.);
#2816=ORIENTED_EDGE('',*,*,#4609,.T.);
#2817=ORIENTED_EDGE('',*,*,#4610,.T.);
#2818=ORIENTED_EDGE('',*,*,#4299,.T.);
#2819=CARTESIAN_POINT('',(-10.0,0.0,2.3));
#2820=DIRECTION('',(0.0,0.0,1.0));
#2821=DIRECTION('',(1.0,0.0,0.0));
#2822=ORIENTED_EDGE('',*,*,#4300,.T.);
#2823=ORIENTED_EDGE('',*,*,#4610,.F.);
#2824=ORIENTED_EDGE('',*,*,#4611,.F.);
#2825=ORIENTED_EDGE('',*,*,#4354,.F.);
#2826=CARTESIAN_POINT('',(1.75,1.15,2.15));
#2827=DIRECTION('',(-1.0,0.0,0.0));
#2828=DIRECTION('',(0.0,0.0,1.0));
#2829=ORIENTED_EDGE('',*,*,#4611,.T.);
#2830=ORIENTED_EDGE('',*,*,#4609,.F.);
#2831=ORIENTED_EDGE('',*,*,#4607,.F.);
#2832=ORIENTED_EDGE('',*,*,#4355,.T.);
#2833=CARTESIAN_POINT('',(2.25,1.15,2.15));
#2834=DIRECTION('',(-0.0,1.0,0.0));
#2835=DIRECTION('',(1.0,0.0,0.0));
#2836=ORIENTED_EDGE('',*,*,#4612,.T.);
#2837=ORIENTED_EDGE('',*,*,#4613,.F.);
#2838=ORIENTED_EDGE('',*,*,#4302,.F.);
#2839=ORIENTED_EDGE('',*,*,#4353,.T.);
#2840=CARTESIAN_POINT('',(0.25,-2.15,2.15));
#2841=DIRECTION('',(1.0,0.0,0.0));
#2842=DIRECTION('',(0.0,1.0,0.0));
#2843=ORIENTED_EDGE('',*,*,#4613,.T.);
#2844=ORIENTED_EDGE('',*,*,#4614,.T.);
#2845=ORIENTED_EDGE('',*,*,#4615,.T.);
#2846=ORIENTED_EDGE('',*,*,#4303,.T.);
#2847=CARTESIAN_POINT('',(-10.0,0.0,2.3));
#2848=DIRECTION('',(0.0,0.0,1.0));
#2849=DIRECTION('',(1.0,0.0,0.0));
#2850=ORIENTED_EDGE('',*,*,#4304,.T.);
#2851=ORIENTED_EDGE('',*,*,#4615,.F.);
#2852=ORIENTED_EDGE('',*,*,#4616,.F.);
#2853=ORIENTED_EDGE('',*,*,#4351,.F.);
#2854=CARTESIAN_POINT('',(-0.25,1.15,2.15));
#2855=DIRECTION('',(-1.0,0.0,0.0));
#2856=DIRECTION('',(0.0,0.0,1.0));
#2857=ORIENTED_EDGE('',*,*,#4616,.T.);
#2858=ORIENTED_EDGE('',*,*,#4614,.F.);
#2859=ORIENTED_EDGE('',*,*,#4612,.F.);
#2860=ORIENTED_EDGE('',*,*,#4352,.T.);
#2861=CARTESIAN_POINT('',(0.25,1.15,2.15));
#2862=DIRECTION('',(-0.0,1.0,0.0));
#2863=DIRECTION('',(1.0,0.0,0.0));
#2864=ORIENTED_EDGE('',*,*,#4617,.T.);
#2865=ORIENTED_EDGE('',*,*,#4618,.F.);
#2866=ORIENTED_EDGE('',*,*,#4306,.F.);
#2867=ORIENTED_EDGE('',*,*,#4350,.T.);
#2868=CARTESIAN_POINT('',(-1.75,-2.15,2.15));
#2869=DIRECTION('',(1.0,0.0,0.0));
#2870=DIRECTION('',(0.0,1.0,0.0));
#2871=ORIENTED_EDGE('',*,*,#4618,.T.);
#2872=ORIENTED_EDGE('',*,*,#4619,.T.);
#2873=ORIENTED_EDGE('',*,*,#4620,.T.);
#2874=ORIENTED_EDGE('',*,*,#4307,.T.);
#2875=CARTESIAN_POINT('',(-10.0,0.0,2.3));
#2876=DIRECTION('',(0.0,0.0,1.0));
#2877=DIRECTION('',(1.0,0.0,0.0));
#2878=ORIENTED_EDGE('',*,*,#4308,.T.);
#2879=ORIENTED_EDGE('',*,*,#4620,.F.);
#2880=ORIENTED_EDGE('',*,*,#4621,.F.);
#2881=ORIENTED_EDGE('',*,*,#4348,.F.);
#2882=CARTESIAN_POINT('',(-2.25,1.15,2.15));
#2883=DIRECTION('',(-1.0,0.0,0.0));
#2884=DIRECTION('',(0.0,0.0,1.0));
#2885=ORIENTED_EDGE('',*,*,#4621,.T.);
#2886=ORIENTED_EDGE('',*,*,#4619,.F.);
#2887=ORIENTED_EDGE('',*,*,#4617,.F.);
#2888=ORIENTED_EDGE('',*,*,#4349,.T.);
#2889=CARTESIAN_POINT('',(-1.75,1.15,2.15));
#2890=DIRECTION('',(-0.0,1.0,0.0));
#2891=DIRECTION('',(1.0,0.0,0.0));
#2892=ORIENTED_EDGE('',*,*,#4622,.T.);
#2893=ORIENTED_EDGE('',*,*,#4623,.F.);
#2894=ORIENTED_EDGE('',*,*,#4310,.F.);
#2895=ORIENTED_EDGE('',*,*,#4347,.T.);
#2896=CARTESIAN_POINT('',(-3.75,-2.15,2.15));
#2897=DIRECTION('',(1.0,0.0,0.0));
#2898=DIRECTION('',(0.0,1.0,0.0));
#2899=ORIENTED_EDGE('',*,*,#4623,.T.);
#2900=ORIENTED_EDGE('',*,*,#4624,.T.);
#2901=ORIENTED_EDGE('',*,*,#4625,.T.);
#2902=ORIENTED_EDGE('',*,*,#4311,.T.);
#2903=CARTESIAN_POINT('',(-10.0,0.0,2.3));
#2904=DIRECTION('',(0.0,0.0,1.0));
#2905=DIRECTION('',(1.0,0.0,0.0));
#2906=ORIENTED_EDGE('',*,*,#4312,.T.);
#2907=ORIENTED_EDGE('',*,*,#4625,.F.);
#2908=ORIENTED_EDGE('',*,*,#4626,.F.);
#2909=ORIENTED_EDGE('',*,*,#4345,.F.);
#2910=CARTESIAN_POINT('',(-4.25,1.15,2.15));
#2911=DIRECTION('',(-1.0,0.0,0.0));
#2912=DIRECTION('',(0.0,0.0,1.0));
#2913=ORIENTED_EDGE('',*,*,#4626,.T.);
#2914=ORIENTED_EDGE('',*,*,#4624,.F.);
#2915=ORIENTED_EDGE('',*,*,#4622,.F.);
#2916=ORIENTED_EDGE('',*,*,#4346,.T.);
#2917=CARTESIAN_POINT('',(-3.75,1.15,2.15));
#2918=DIRECTION('',(-0.0,1.0,0.0));
#2919=DIRECTION('',(1.0,0.0,0.0));
#2920=ORIENTED_EDGE('',*,*,#4627,.T.);
#2921=ORIENTED_EDGE('',*,*,#4628,.F.);
#2922=ORIENTED_EDGE('',*,*,#4314,.F.);
#2923=ORIENTED_EDGE('',*,*,#4344,.T.);
#2924=CARTESIAN_POINT('',(-5.75,-2.15,2.15));
#2925=DIRECTION('',(1.0,0.0,0.0));
#2926=DIRECTION('',(0.0,1.0,0.0));
#2927=ORIENTED_EDGE('',*,*,#4628,.T.);
#2928=ORIENTED_EDGE('',*,*,#4629,.T.);
#2929=ORIENTED_EDGE('',*,*,#4630,.T.);
#2930=ORIENTED_EDGE('',*,*,#4315,.T.);
#2931=CARTESIAN_POINT('',(-10.0,0.0,2.3));
#2932=DIRECTION('',(0.0,0.0,1.0));
#2933=DIRECTION('',(1.0,0.0,0.0));
#2934=ORIENTED_EDGE('',*,*,#4316,.T.);
#2935=ORIENTED_EDGE('',*,*,#4630,.F.);
#2936=ORIENTED_EDGE('',*,*,#4631,.F.);
#2937=ORIENTED_EDGE('',*,*,#4342,.F.);
#2938=CARTESIAN_POINT('',(-6.25,1.15,2.15));
#2939=DIRECTION('',(-1.0,0.0,0.0));
#2940=DIRECTION('',(0.0,0.0,1.0));
#2941=ORIENTED_EDGE('',*,*,#4631,.T.);
#2942=ORIENTED_EDGE('',*,*,#4629,.F.);
#2943=ORIENTED_EDGE('',*,*,#4627,.F.);
#2944=ORIENTED_EDGE('',*,*,#4343,.T.);
#2945=CARTESIAN_POINT('',(-5.75,1.15,2.15));
#2946=DIRECTION('',(-0.0,1.0,0.0));
#2947=DIRECTION('',(1.0,0.0,0.0));
#2948=ORIENTED_EDGE('',*,*,#4632,.F.);
#2949=ORIENTED_EDGE('',*,*,#4633,.F.);
#2950=ORIENTED_EDGE('',*,*,#4634,.F.);
#2951=ORIENTED_EDGE('',*,*,#4388,.F.);
#2952=CARTESIAN_POINT('',(6.75,0.0,0.0));
#2953=DIRECTION('',(1.0,0.0,0.0));
#2954=DIRECTION('',(0.0,1.0,0.0));
#2955=ORIENTED_EDGE('',*,*,#4635,.F.);
#2956=ORIENTED_EDGE('',*,*,#4636,.F.);
#2957=ORIENTED_EDGE('',*,*,#4225,.T.);
#2958=ORIENTED_EDGE('',*,*,#4637,.F.);
#2959=CARTESIAN_POINT('',(6.75,0.0,0.0));
#2960=DIRECTION('',(1.0,0.0,0.0));
#2961=DIRECTION('',(0.0,1.0,0.0));
#2962=ORIENTED_EDGE('',*,*,#4638,.T.);
#2963=ORIENTED_EDGE('',*,*,#4639,.T.);
#2964=ORIENTED_EDGE('',*,*,#4640,.F.);
#2965=ORIENTED_EDGE('',*,*,#4413,.F.);
#2966=CARTESIAN_POINT('',(6.75,0.35,-3.2));
#2967=DIRECTION('',(-0.0,1.0,0.0));
#2968=DIRECTION('',(1.0,0.0,0.0));
#2969=ORIENTED_EDGE('',*,*,#4634,.T.);
#2970=ORIENTED_EDGE('',*,*,#4641,.T.);
#2971=ORIENTED_EDGE('',*,*,#4642,.F.);
#2972=ORIENTED_EDGE('',*,*,#4385,.F.);
#2973=CARTESIAN_POINT('',(6.75,0.35,-3.2));
#2974=DIRECTION('',(-0.0,1.0,0.0));
#2975=DIRECTION('',(1.0,0.0,0.0));
#2976=ORIENTED_EDGE('',*,*,#4643,.T.);
#2977=ORIENTED_EDGE('',*,*,#4644,.T.);
#2978=ORIENTED_EDGE('',*,*,#4637,.T.);
#2979=ORIENTED_EDGE('',*,*,#4224,.T.);
#2980=ORIENTED_EDGE('',*,*,#4645,.F.);
#2981=ORIENTED_EDGE('',*,*,#4646,.T.);
#2982=ORIENTED_EDGE('',*,*,#4647,.T.);
#2983=ORIENTED_EDGE('',*,*,#4648,.T.);
#2984=CARTESIAN_POINT('',(6.75,0.35,-3.2));
#2985=DIRECTION('',(-0.0,1.0,0.0));
#2986=DIRECTION('',(1.0,0.0,0.0));
#2987=ORIENTED_EDGE('',*,*,#4649,.T.);
#2988=ORIENTED_EDGE('',*,*,#4650,.T.);
#2989=ORIENTED_EDGE('',*,*,#4651,.T.);
#2990=ORIENTED_EDGE('',*,*,#4252,.T.);
#2991=ORIENTED_EDGE('',*,*,#4652,.F.);
#2992=ORIENTED_EDGE('',*,*,#4653,.T.);
#2993=ORIENTED_EDGE('',*,*,#4654,.T.);
#2994=ORIENTED_EDGE('',*,*,#4655,.T.);
#2995=CARTESIAN_POINT('',(6.75,0.35,-3.2));
#2996=DIRECTION('',(-0.0,1.0,0.0));
#2997=DIRECTION('',(1.0,0.0,0.0));
#2998=ORIENTED_EDGE('',*,*,#4640,.T.);
#2999=ORIENTED_EDGE('',*,*,#4656,.T.);
#3000=ORIENTED_EDGE('',*,*,#4657,.T.);
#3001=ORIENTED_EDGE('',*,*,#4414,.T.);
#3002=CARTESIAN_POINT('',(-6.75,0.0,0.0));
#3003=DIRECTION('',(1.0,0.0,0.0));
#3004=DIRECTION('',(0.0,1.0,0.0));
#3005=ORIENTED_EDGE('',*,*,#4658,.T.);
#3006=ORIENTED_EDGE('',*,*,#4652,.T.);
#3007=ORIENTED_EDGE('',*,*,#4251,.F.);
#3008=ORIENTED_EDGE('',*,*,#4659,.T.);
#3009=CARTESIAN_POINT('',(-6.75,0.0,0.0));
#3010=DIRECTION('',(1.0,0.0,0.0));
#3011=DIRECTION('',(0.0,1.0,0.0));
#3012=ORIENTED_EDGE('',*,*,#4657,.F.);
#3013=ORIENTED_EDGE('',*,*,#4660,.F.);
#3014=ORIENTED_EDGE('',*,*,#4661,.T.);
#3015=ORIENTED_EDGE('',*,*,#4415,.T.);
#3016=CARTESIAN_POINT('',(6.75,-0.15,5.95));
#3017=DIRECTION('',(0.0,-1.0,0.0));
#3018=DIRECTION('',(0.0,0.0,-1.0));
#3019=ORIENTED_EDGE('',*,*,#4662,.F.);
#3020=ORIENTED_EDGE('',*,*,#4663,.F.);
#3021=ORIENTED_EDGE('',*,*,#4632,.T.);
#3022=ORIENTED_EDGE('',*,*,#4387,.T.);
#3023=CARTESIAN_POINT('',(6.75,-0.15,5.95));
#3024=DIRECTION('',(0.0,-1.0,0.0));
#3025=DIRECTION('',(0.0,0.0,-1.0));
#3026=ORIENTED_EDGE('',*,*,#4664,.F.);
#3027=ORIENTED_EDGE('',*,*,#4665,.F.);
#3028=ORIENTED_EDGE('',*,*,#4666,.F.);
#3029=ORIENTED_EDGE('',*,*,#4222,.F.);
#3030=ORIENTED_EDGE('',*,*,#4636,.T.);
#3031=ORIENTED_EDGE('',*,*,#4667,.F.);
#3032=ORIENTED_EDGE('',*,*,#4668,.F.);
#3033=ORIENTED_EDGE('',*,*,#4669,.T.);
#3034=CARTESIAN_POINT('',(6.75,-0.15,5.95));
#3035=DIRECTION('',(0.0,-1.0,0.0));
#3036=DIRECTION('',(0.0,0.0,-1.0));
#3037=ORIENTED_EDGE('',*,*,#4670,.F.);
#3038=ORIENTED_EDGE('',*,*,#4671,.F.);
#3039=ORIENTED_EDGE('',*,*,#4659,.F.);
#3040=ORIENTED_EDGE('',*,*,#4250,.F.);
#3041=ORIENTED_EDGE('',*,*,#4672,.T.);
#3042=ORIENTED_EDGE('',*,*,#4673,.F.);
#3043=ORIENTED_EDGE('',*,*,#4674,.F.);
#3044=ORIENTED_EDGE('',*,*,#4675,.T.);
#3045=CARTESIAN_POINT('',(6.75,-0.15,5.95));
#3046=DIRECTION('',(0.0,-1.0,0.0));
#3047=DIRECTION('',(0.0,0.0,-1.0));
#3048=ORIENTED_EDGE('',*,*,#4661,.F.);
#3049=ORIENTED_EDGE('',*,*,#4676,.F.);
#3050=ORIENTED_EDGE('',*,*,#4638,.F.);
#3051=ORIENTED_EDGE('',*,*,#4416,.F.);
#3052=CARTESIAN_POINT('',(-7.25,0.0,0.0));
#3053=DIRECTION('',(1.0,0.0,0.0));
#3054=DIRECTION('',(0.0,1.0,0.0));
#3055=ORIENTED_EDGE('',*,*,#4677,.F.);
#3056=ORIENTED_EDGE('',*,*,#4672,.F.);
#3057=ORIENTED_EDGE('',*,*,#4253,.T.);
#3058=ORIENTED_EDGE('',*,*,#4651,.F.);
#3059=CARTESIAN_POINT('',(-7.25,0.0,0.0));
#3060=DIRECTION('',(1.0,0.0,0.0));
#3061=DIRECTION('',(0.0,1.0,0.0));
#3062=ORIENTED_EDGE('',*,*,#4660,.T.);
#3063=ORIENTED_EDGE('',*,*,#4656,.F.);
#3064=ORIENTED_EDGE('',*,*,#4639,.F.);
#3065=ORIENTED_EDGE('',*,*,#4676,.T.);
#3066=CARTESIAN_POINT('',(-7.25,0.35,5.95));
#3067=DIRECTION('',(0.0,0.0,1.0));
#3068=DIRECTION('',(1.0,0.0,0.0));
#3069=ORIENTED_EDGE('',*,*,#4678,.T.);
#3070=ORIENTED_EDGE('',*,*,#4673,.T.);
#3071=ORIENTED_EDGE('',*,*,#4677,.T.);
#3072=ORIENTED_EDGE('',*,*,#4650,.F.);
#3073=CARTESIAN_POINT('',(-7.4,0.35,-1.5));
#3074=DIRECTION('',(-0.988936352868304,0.0,0.148340452930201));
#3075=DIRECTION('',(0.0,1.0,0.0));
#3076=ORIENTED_EDGE('',*,*,#4674,.T.);
#3077=ORIENTED_EDGE('',*,*,#4678,.F.);
#3078=ORIENTED_EDGE('',*,*,#4649,.F.);
#3079=ORIENTED_EDGE('',*,*,#4679,.T.);
#3080=CARTESIAN_POINT('',(-7.248013642695,0.35,-3.2));
#3081=DIRECTION('',(-0.996027285389739,0.0,-0.0890485640487734));
#3082=DIRECTION('',(-0.0890485640487734,0.0,0.996027285389739));
#3083=ORIENTED_EDGE('',*,*,#4680,.T.);
#3084=ORIENTED_EDGE('',*,*,#4681,.T.);
#3085=ORIENTED_EDGE('',*,*,#4682,.T.);
#3086=ORIENTED_EDGE('',*,*,#4679,.F.);
#3087=CARTESIAN_POINT('',(-7.206688349909,0.1,-2.96036805268));
#3088=DIRECTION('',(-0.939678609807264,0.0,-0.342058635720087));
#3089=DIRECTION('',(-0.342058635720087,0.0,0.939678609807264));
#3090=ORIENTED_EDGE('',*,*,#4682,.F.);
#3091=ORIENTED_EDGE('',*,*,#4683,.T.);
#3092=ORIENTED_EDGE('',*,*,#4684,.T.);
#3093=ORIENTED_EDGE('',*,*,#4675,.F.);
#3094=CARTESIAN_POINT('',(-7.019933233899,-0.08749999999998,-2.943671446921));
#3095=DIRECTION('',(0.0228875026754698,-0.966405365196492,-0.256001625660298));
#3096=DIRECTION('',(0.0,0.256068703676415,-0.96665858450514));
#3097=ORIENTED_EDGE('',*,*,#4684,.F.);
#3098=ORIENTED_EDGE('',*,*,#4685,.F.);
#3099=ORIENTED_EDGE('',*,*,#4686,.T.);
#3100=ORIENTED_EDGE('',*,*,#4687,.T.);
#3101=CARTESIAN_POINT('',(-6.833178117888,0.1,-2.926974841162));
#3102=DIRECTION('',(0.985453615158216,0.0,-0.169944615600503));
#3103=DIRECTION('',(0.0,-1.0,0.0));
#3104=ORIENTED_EDGE('',*,*,#4654,.F.);
#3105=ORIENTED_EDGE('',*,*,#4688,.T.);
#3106=ORIENTED_EDGE('',*,*,#4670,.T.);
#3107=ORIENTED_EDGE('',*,*,#4687,.F.);
#3108=CARTESIAN_POINT('',(-6.89800571999,0.35,-1.5));
#3109=DIRECTION('',(0.996027285389739,0.0,0.0890485640487734));
#3110=DIRECTION('',(0.0,-1.0,0.0));
#3111=ORIENTED_EDGE('',*,*,#4658,.F.);
#3112=ORIENTED_EDGE('',*,*,#4671,.T.);
#3113=ORIENTED_EDGE('',*,*,#4688,.F.);
#3114=ORIENTED_EDGE('',*,*,#4653,.F.);
#3115=CARTESIAN_POINT('',(-6.75,0.35,-0.5));
#3116=DIRECTION('',(0.989223877552093,0.0,-0.146410792227899));
#3117=DIRECTION('',(0.0,-1.0,0.0));
#3118=ORIENTED_EDGE('',*,*,#4680,.F.);
#3119=ORIENTED_EDGE('',*,*,#4655,.F.);
#3120=ORIENTED_EDGE('',*,*,#4686,.F.);
#3121=ORIENTED_EDGE('',*,*,#4689,.T.);
#3122=CARTESIAN_POINT('',(-7.019933233899,0.2875,-2.943671446921));
#3123=DIRECTION('',(0.0228875026754698,0.966405365196492,-0.256001625660298));
#3124=DIRECTION('',(-0.996027285389739,-3.35289214863259E-18,-0.0890485640487634));
#3125=ORIENTED_EDGE('',*,*,#4689,.F.);
#3126=ORIENTED_EDGE('',*,*,#4685,.T.);
#3127=ORIENTED_EDGE('',*,*,#4683,.F.);
#3128=ORIENTED_EDGE('',*,*,#4681,.F.);
#3129=CARTESIAN_POINT('',(-6.75,0.35,-3.155475717976));
#3130=DIRECTION('',(0.0890485640487635,0.0,-0.996027285389739));
#3131=DIRECTION('',(0.0,-1.0,0.0));
#3132=ORIENTED_EDGE('',*,*,#4663,.T.);
#3133=ORIENTED_EDGE('',*,*,#4690,.F.);
#3134=ORIENTED_EDGE('',*,*,#4641,.F.);
#3135=ORIENTED_EDGE('',*,*,#4633,.T.);
#3136=CARTESIAN_POINT('',(6.75,0.35,5.95));
#3137=DIRECTION('',(0.0,0.0,1.0));
#3138=DIRECTION('',(1.0,0.0,0.0));
#3139=ORIENTED_EDGE('',*,*,#4642,.T.);
#3140=ORIENTED_EDGE('',*,*,#4690,.T.);
#3141=ORIENTED_EDGE('',*,*,#4662,.T.);
#3142=ORIENTED_EDGE('',*,*,#4386,.T.);
#3143=CARTESIAN_POINT('',(7.25,0.0,0.0));
#3144=DIRECTION('',(1.0,0.0,0.0));
#3145=DIRECTION('',(0.0,1.0,0.0));
#3146=ORIENTED_EDGE('',*,*,#4691,.T.);
#3147=ORIENTED_EDGE('',*,*,#4645,.T.);
#3148=ORIENTED_EDGE('',*,*,#4223,.F.);
#3149=ORIENTED_EDGE('',*,*,#4666,.T.);
#3150=CARTESIAN_POINT('',(7.25,0.0,0.0));
#3151=DIRECTION('',(1.0,0.0,0.0));
#3152=DIRECTION('',(0.0,1.0,0.0));
#3153=ORIENTED_EDGE('',*,*,#4665,.T.);
#3154=ORIENTED_EDGE('',*,*,#4692,.F.);
#3155=ORIENTED_EDGE('',*,*,#4646,.F.);
#3156=ORIENTED_EDGE('',*,*,#4691,.F.);
#3157=CARTESIAN_POINT('',(7.25,0.35,-0.5));
#3158=DIRECTION('',(0.988936352868304,0.0,0.148340452930201));
#3159=DIRECTION('',(0.0,-1.0,0.0));
#3160=ORIENTED_EDGE('',*,*,#4647,.F.);
#3161=ORIENTED_EDGE('',*,*,#4692,.T.);
#3162=ORIENTED_EDGE('',*,*,#4664,.T.);
#3163=ORIENTED_EDGE('',*,*,#4693,.F.);
#3164=CARTESIAN_POINT('',(7.4,0.35,-1.5));
#3165=DIRECTION('',(0.996027285389739,0.0,-0.0890485640487734));
#3166=DIRECTION('',(0.0,-1.0,0.0));
#3167=ORIENTED_EDGE('',*,*,#4694,.F.);
#3168=ORIENTED_EDGE('',*,*,#4695,.F.);
#3169=ORIENTED_EDGE('',*,*,#4696,.T.);
#3170=ORIENTED_EDGE('',*,*,#4693,.T.);
#3171=CARTESIAN_POINT('',(7.206688349909,0.1,-2.96036805268));
#3172=DIRECTION('',(0.939678609807264,0.0,-0.342058635720087));
#3173=DIRECTION('',(0.0,-1.0,0.0));
#3174=ORIENTED_EDGE('',*,*,#4697,.F.);
#3175=ORIENTED_EDGE('',*,*,#4648,.F.);
#3176=ORIENTED_EDGE('',*,*,#4696,.F.);
#3177=ORIENTED_EDGE('',*,*,#4698,.T.);
#3178=CARTESIAN_POINT('',(7.019933233899,0.2875,-2.943671446921));
#3179=DIRECTION('',(-0.0228875026754698,0.966405365196492,-0.256001625660298));
#3180=DIRECTION('',(-0.996027285389739,3.35289214863259E-18,0.0890485640487634));
#3181=ORIENTED_EDGE('',*,*,#4698,.F.);
#3182=ORIENTED_EDGE('',*,*,#4695,.T.);
#3183=ORIENTED_EDGE('',*,*,#4699,.F.);
#3184=ORIENTED_EDGE('',*,*,#4700,.F.);
#3185=CARTESIAN_POINT('',(7.248013642695,0.35,-3.2));
#3186=DIRECTION('',(-0.0890485640487635,0.0,-0.996027285389739));
#3187=DIRECTION('',(-0.996027285389739,0.0,0.0890485640487635));
#3188=ORIENTED_EDGE('',*,*,#4697,.T.);
#3189=ORIENTED_EDGE('',*,*,#4700,.T.);
#3190=ORIENTED_EDGE('',*,*,#4701,.T.);
#3191=ORIENTED_EDGE('',*,*,#4702,.F.);
#3192=CARTESIAN_POINT('',(6.833178117888,0.1,-2.926974841162));
#3193=DIRECTION('',(-0.985453615158216,0.0,-0.169944615600503));
#3194=DIRECTION('',(-0.169944615600503,0.0,0.985453615158216));
#3195=ORIENTED_EDGE('',*,*,#4668,.T.);
#3196=ORIENTED_EDGE('',*,*,#4703,.F.);
#3197=ORIENTED_EDGE('',*,*,#4643,.F.);
#3198=ORIENTED_EDGE('',*,*,#4702,.T.);
#3199=CARTESIAN_POINT('',(6.75,0.35,-3.155475717976));
#3200=DIRECTION('',(-0.996027285389739,0.0,0.0890485640487734));
#3201=DIRECTION('',(0.0,1.0,0.0));
#3202=ORIENTED_EDGE('',*,*,#4644,.F.);
#3203=ORIENTED_EDGE('',*,*,#4703,.T.);
#3204=ORIENTED_EDGE('',*,*,#4667,.T.);
#3205=ORIENTED_EDGE('',*,*,#4635,.T.);
#3206=CARTESIAN_POINT('',(6.89800571999,0.35,-1.5));
#3207=DIRECTION('',(-0.989223877552093,0.0,-0.146410792227899));
#3208=DIRECTION('',(-0.146410792227899,0.0,0.989223877552093));
#3209=ORIENTED_EDGE('',*,*,#4701,.F.);
#3210=ORIENTED_EDGE('',*,*,#4699,.T.);
#3211=ORIENTED_EDGE('',*,*,#4694,.T.);
#3212=ORIENTED_EDGE('',*,*,#4669,.F.);
#3213=CARTESIAN_POINT('',(7.019933233899,-0.08749999999998,-2.943671446921));
#3214=DIRECTION('',(-0.0228875026754698,-0.966405365196492,-0.256001625660298));
#3215=DIRECTION('',(0.0,0.256068703676415,-0.96665858450514));
#3216=ORIENTED_EDGE('',*,*,#4704,.F.);
#3217=ORIENTED_EDGE('',*,*,#4705,.F.);
#3218=ORIENTED_EDGE('',*,*,#4706,.F.);
#3219=ORIENTED_EDGE('',*,*,#4392,.F.);
#3220=CARTESIAN_POINT('',(4.75,0.0,0.0));
#3221=DIRECTION('',(1.0,0.0,0.0));
#3222=DIRECTION('',(0.0,1.0,0.0));
#3223=ORIENTED_EDGE('',*,*,#4707,.F.);
#3224=ORIENTED_EDGE('',*,*,#4229,.T.);
#3225=ORIENTED_EDGE('',*,*,#4708,.F.);
#3226=ORIENTED_EDGE('',*,*,#4709,.T.);
#3227=CARTESIAN_POINT('',(4.75,0.0,0.0));
#3228=DIRECTION('',(1.0,0.0,0.0));
#3229=DIRECTION('',(0.0,1.0,0.0));
#3230=ORIENTED_EDGE('',*,*,#4706,.T.);
#3231=ORIENTED_EDGE('',*,*,#4710,.T.);
#3232=ORIENTED_EDGE('',*,*,#4711,.F.);
#3233=ORIENTED_EDGE('',*,*,#4389,.F.);
#3234=CARTESIAN_POINT('',(4.75,0.35,-3.2));
#3235=DIRECTION('',(-0.0,1.0,0.0));
#3236=DIRECTION('',(1.0,0.0,0.0));
#3237=ORIENTED_EDGE('',*,*,#4708,.T.);
#3238=ORIENTED_EDGE('',*,*,#4228,.T.);
#3239=ORIENTED_EDGE('',*,*,#4712,.F.);
#3240=ORIENTED_EDGE('',*,*,#4713,.T.);
#3241=CARTESIAN_POINT('',(4.75,0.35,-3.2));
#3242=DIRECTION('',(-0.0,1.0,0.0));
#3243=DIRECTION('',(1.0,0.0,0.0));
#3244=ORIENTED_EDGE('',*,*,#4711,.T.);
#3245=ORIENTED_EDGE('',*,*,#4714,.T.);
#3246=ORIENTED_EDGE('',*,*,#4715,.T.);
#3247=ORIENTED_EDGE('',*,*,#4390,.T.);
#3248=CARTESIAN_POINT('',(5.25,0.0,0.0));
#3249=DIRECTION('',(1.0,0.0,0.0));
#3250=DIRECTION('',(0.0,1.0,0.0));
#3251=ORIENTED_EDGE('',*,*,#4712,.T.);
#3252=ORIENTED_EDGE('',*,*,#4227,.F.);
#3253=ORIENTED_EDGE('',*,*,#4716,.T.);
#3254=ORIENTED_EDGE('',*,*,#4717,.T.);
#3255=CARTESIAN_POINT('',(5.25,0.0,0.0));
#3256=DIRECTION('',(1.0,0.0,0.0));
#3257=DIRECTION('',(0.0,1.0,0.0));
#3258=ORIENTED_EDGE('',*,*,#4715,.F.);
#3259=ORIENTED_EDGE('',*,*,#4718,.F.);
#3260=ORIENTED_EDGE('',*,*,#4704,.T.);
#3261=ORIENTED_EDGE('',*,*,#4391,.T.);
#3262=CARTESIAN_POINT('',(4.75,-0.15,5.95));
#3263=DIRECTION('',(0.0,-1.0,0.0));
#3264=DIRECTION('',(0.0,0.0,-1.0));
#3265=ORIENTED_EDGE('',*,*,#4716,.F.);
#3266=ORIENTED_EDGE('',*,*,#4226,.F.);
#3267=ORIENTED_EDGE('',*,*,#4707,.T.);
#3268=ORIENTED_EDGE('',*,*,#4719,.F.);
#3269=CARTESIAN_POINT('',(4.75,-0.15,5.95));
#3270=DIRECTION('',(0.0,-1.0,0.0));
#3271=DIRECTION('',(0.0,0.0,-1.0));
#3272=ORIENTED_EDGE('',*,*,#4718,.T.);
#3273=ORIENTED_EDGE('',*,*,#4714,.F.);
#3274=ORIENTED_EDGE('',*,*,#4710,.F.);
#3275=ORIENTED_EDGE('',*,*,#4705,.T.);
#3276=CARTESIAN_POINT('',(4.75,0.35,5.95));
#3277=DIRECTION('',(0.0,0.0,1.0));
#3278=DIRECTION('',(1.0,0.0,0.0));
#3279=ORIENTED_EDGE('',*,*,#4720,.F.);
#3280=ORIENTED_EDGE('',*,*,#4721,.F.);
#3281=ORIENTED_EDGE('',*,*,#4722,.T.);
#3282=ORIENTED_EDGE('',*,*,#4719,.T.);
#3283=CARTESIAN_POINT('',(5.0,-0.08749999999998,-2.965));
#3284=DIRECTION('',(0.0,-0.966405365196492,-0.257022703509698));
#3285=DIRECTION('',(0.0,0.257022703509698,-0.966405365196492));
#3286=ORIENTED_EDGE('',*,*,#4723,.F.);
#3287=ORIENTED_EDGE('',*,*,#4717,.F.);
#3288=ORIENTED_EDGE('',*,*,#4722,.F.);
#3289=ORIENTED_EDGE('',*,*,#4724,.T.);
#3290=CARTESIAN_POINT('',(5.1875,0.1,-2.965));
#3291=DIRECTION('',(0.966405365196492,0.0,-0.257022703509698));
#3292=DIRECTION('',(0.0,-1.0,0.0));
#3293=ORIENTED_EDGE('',*,*,#4724,.F.);
#3294=ORIENTED_EDGE('',*,*,#4721,.T.);
#3295=ORIENTED_EDGE('',*,*,#4725,.F.);
#3296=ORIENTED_EDGE('',*,*,#4726,.F.);
#3297=CARTESIAN_POINT('',(4.75,-0.15,-3.2));
#3298=DIRECTION('',(0.0,0.0,-1.0));
#3299=DIRECTION('',(0.0,-1.0,0.0));
#3300=ORIENTED_EDGE('',*,*,#4723,.T.);
#3301=ORIENTED_EDGE('',*,*,#4726,.T.);
#3302=ORIENTED_EDGE('',*,*,#4727,.T.);
#3303=ORIENTED_EDGE('',*,*,#4713,.F.);
#3304=CARTESIAN_POINT('',(5.0,0.2875,-2.965));
#3305=DIRECTION('',(0.0,0.966405365196492,-0.257022703509698));
#3306=DIRECTION('',(-1.0,0.0,0.0));
#3307=ORIENTED_EDGE('',*,*,#4727,.F.);
#3308=ORIENTED_EDGE('',*,*,#4725,.T.);
#3309=ORIENTED_EDGE('',*,*,#4720,.T.);
#3310=ORIENTED_EDGE('',*,*,#4709,.F.);
#3311=CARTESIAN_POINT('',(4.8125,0.1,-2.965));
#3312=DIRECTION('',(-0.966405365196492,0.0,-0.257022703509698));
#3313=DIRECTION('',(-0.257022703509698,0.0,0.966405365196492));
#3314=ORIENTED_EDGE('',*,*,#4728,.F.);
#3315=ORIENTED_EDGE('',*,*,#4729,.F.);
#3316=ORIENTED_EDGE('',*,*,#4730,.F.);
#3317=ORIENTED_EDGE('',*,*,#4396,.F.);
#3318=CARTESIAN_POINT('',(2.75,0.0,0.0));
#3319=DIRECTION('',(1.0,0.0,0.0));
#3320=DIRECTION('',(0.0,1.0,0.0));
#3321=ORIENTED_EDGE('',*,*,#4731,.F.);
#3322=ORIENTED_EDGE('',*,*,#4233,.T.);
#3323=ORIENTED_EDGE('',*,*,#4732,.F.);
#3324=ORIENTED_EDGE('',*,*,#4733,.T.);
#3325=CARTESIAN_POINT('',(2.75,0.0,0.0));
#3326=DIRECTION('',(1.0,0.0,0.0));
#3327=DIRECTION('',(0.0,1.0,0.0));
#3328=ORIENTED_EDGE('',*,*,#4730,.T.);
#3329=ORIENTED_EDGE('',*,*,#4734,.T.);
#3330=ORIENTED_EDGE('',*,*,#4735,.F.);
#3331=ORIENTED_EDGE('',*,*,#4393,.F.);
#3332=CARTESIAN_POINT('',(2.75,0.35,-3.2));
#3333=DIRECTION('',(-0.0,1.0,0.0));
#3334=DIRECTION('',(1.0,0.0,0.0));
#3335=ORIENTED_EDGE('',*,*,#4732,.T.);
#3336=ORIENTED_EDGE('',*,*,#4232,.T.);
#3337=ORIENTED_EDGE('',*,*,#4736,.F.);
#3338=ORIENTED_EDGE('',*,*,#4737,.T.);
#3339=CARTESIAN_POINT('',(2.75,0.35,-3.2));
#3340=DIRECTION('',(-0.0,1.0,0.0));
#3341=DIRECTION('',(1.0,0.0,0.0));
#3342=ORIENTED_EDGE('',*,*,#4735,.T.);
#3343=ORIENTED_EDGE('',*,*,#4738,.T.);
#3344=ORIENTED_EDGE('',*,*,#4739,.T.);
#3345=ORIENTED_EDGE('',*,*,#4394,.T.);
#3346=CARTESIAN_POINT('',(3.25,0.0,0.0));
#3347=DIRECTION('',(1.0,0.0,0.0));
#3348=DIRECTION('',(0.0,1.0,0.0));
#3349=ORIENTED_EDGE('',*,*,#4736,.T.);
#3350=ORIENTED_EDGE('',*,*,#4231,.F.);
#3351=ORIENTED_EDGE('',*,*,#4740,.T.);
#3352=ORIENTED_EDGE('',*,*,#4741,.T.);
#3353=CARTESIAN_POINT('',(3.25,0.0,0.0));
#3354=DIRECTION('',(1.0,0.0,0.0));
#3355=DIRECTION('',(0.0,1.0,0.0));
#3356=ORIENTED_EDGE('',*,*,#4739,.F.);
#3357=ORIENTED_EDGE('',*,*,#4742,.F.);
#3358=ORIENTED_EDGE('',*,*,#4728,.T.);
#3359=ORIENTED_EDGE('',*,*,#4395,.T.);
#3360=CARTESIAN_POINT('',(2.75,-0.15,5.95));
#3361=DIRECTION('',(0.0,-1.0,0.0));
#3362=DIRECTION('',(0.0,0.0,-1.0));
#3363=ORIENTED_EDGE('',*,*,#4740,.F.);
#3364=ORIENTED_EDGE('',*,*,#4230,.F.);
#3365=ORIENTED_EDGE('',*,*,#4731,.T.);
#3366=ORIENTED_EDGE('',*,*,#4743,.F.);
#3367=CARTESIAN_POINT('',(2.75,-0.15,5.95));
#3368=DIRECTION('',(0.0,-1.0,0.0));
#3369=DIRECTION('',(0.0,0.0,-1.0));
#3370=ORIENTED_EDGE('',*,*,#4742,.T.);
#3371=ORIENTED_EDGE('',*,*,#4738,.F.);
#3372=ORIENTED_EDGE('',*,*,#4734,.F.);
#3373=ORIENTED_EDGE('',*,*,#4729,.T.);
#3374=CARTESIAN_POINT('',(2.75,0.35,5.95));
#3375=DIRECTION('',(0.0,0.0,1.0));
#3376=DIRECTION('',(1.0,0.0,0.0));
#3377=ORIENTED_EDGE('',*,*,#4744,.F.);
#3378=ORIENTED_EDGE('',*,*,#4745,.F.);
#3379=ORIENTED_EDGE('',*,*,#4746,.T.);
#3380=ORIENTED_EDGE('',*,*,#4743,.T.);
#3381=CARTESIAN_POINT('',(3.0,-0.08749999999998,-2.965));
#3382=DIRECTION('',(0.0,-0.966405365196492,-0.257022703509698));
#3383=DIRECTION('',(0.0,0.257022703509698,-0.966405365196492));
#3384=ORIENTED_EDGE('',*,*,#4747,.F.);
#3385=ORIENTED_EDGE('',*,*,#4741,.F.);
#3386=ORIENTED_EDGE('',*,*,#4746,.F.);
#3387=ORIENTED_EDGE('',*,*,#4748,.T.);
#3388=CARTESIAN_POINT('',(3.1875,0.1,-2.965));
#3389=DIRECTION('',(0.966405365196492,0.0,-0.257022703509698));
#3390=DIRECTION('',(0.0,-1.0,0.0));
#3391=ORIENTED_EDGE('',*,*,#4748,.F.);
#3392=ORIENTED_EDGE('',*,*,#4745,.T.);
#3393=ORIENTED_EDGE('',*,*,#4749,.F.);
#3394=ORIENTED_EDGE('',*,*,#4750,.F.);
#3395=CARTESIAN_POINT('',(2.75,-0.15,-3.2));
#3396=DIRECTION('',(0.0,0.0,-1.0));
#3397=DIRECTION('',(0.0,-1.0,0.0));
#3398=ORIENTED_EDGE('',*,*,#4747,.T.);
#3399=ORIENTED_EDGE('',*,*,#4750,.T.);
#3400=ORIENTED_EDGE('',*,*,#4751,.T.);
#3401=ORIENTED_EDGE('',*,*,#4737,.F.);
#3402=CARTESIAN_POINT('',(3.0,0.2875,-2.965));
#3403=DIRECTION('',(0.0,0.966405365196492,-0.257022703509698));
#3404=DIRECTION('',(-1.0,0.0,0.0));
#3405=ORIENTED_EDGE('',*,*,#4751,.F.);
#3406=ORIENTED_EDGE('',*,*,#4749,.T.);
#3407=ORIENTED_EDGE('',*,*,#4744,.T.);
#3408=ORIENTED_EDGE('',*,*,#4733,.F.);
#3409=CARTESIAN_POINT('',(2.8125,0.1,-2.965));
#3410=DIRECTION('',(-0.966405365196492,0.0,-0.257022703509698));
#3411=DIRECTION('',(-0.257022703509698,0.0,0.966405365196492));
#3412=ORIENTED_EDGE('',*,*,#4752,.F.);
#3413=ORIENTED_EDGE('',*,*,#4753,.F.);
#3414=ORIENTED_EDGE('',*,*,#4754,.F.);
#3415=ORIENTED_EDGE('',*,*,#4400,.F.);
#3416=CARTESIAN_POINT('',(0.75,0.0,0.0));
#3417=DIRECTION('',(1.0,0.0,0.0));
#3418=DIRECTION('',(0.0,1.0,0.0));
#3419=ORIENTED_EDGE('',*,*,#4755,.F.);
#3420=ORIENTED_EDGE('',*,*,#4237,.T.);
#3421=ORIENTED_EDGE('',*,*,#4756,.F.);
#3422=ORIENTED_EDGE('',*,*,#4757,.T.);
#3423=CARTESIAN_POINT('',(0.75,0.0,0.0));
#3424=DIRECTION('',(1.0,0.0,0.0));
#3425=DIRECTION('',(0.0,1.0,0.0));
#3426=ORIENTED_EDGE('',*,*,#4754,.T.);
#3427=ORIENTED_EDGE('',*,*,#4758,.T.);
#3428=ORIENTED_EDGE('',*,*,#4759,.F.);
#3429=ORIENTED_EDGE('',*,*,#4397,.F.);
#3430=CARTESIAN_POINT('',(0.75,0.35,-3.2));
#3431=DIRECTION('',(-0.0,1.0,0.0));
#3432=DIRECTION('',(1.0,0.0,0.0));
#3433=ORIENTED_EDGE('',*,*,#4756,.T.);
#3434=ORIENTED_EDGE('',*,*,#4236,.T.);
#3435=ORIENTED_EDGE('',*,*,#4760,.F.);
#3436=ORIENTED_EDGE('',*,*,#4761,.T.);
#3437=CARTESIAN_POINT('',(0.75,0.35,-3.2));
#3438=DIRECTION('',(-0.0,1.0,0.0));
#3439=DIRECTION('',(1.0,0.0,0.0));
#3440=ORIENTED_EDGE('',*,*,#4759,.T.);
#3441=ORIENTED_EDGE('',*,*,#4762,.T.);
#3442=ORIENTED_EDGE('',*,*,#4763,.T.);
#3443=ORIENTED_EDGE('',*,*,#4398,.T.);
#3444=CARTESIAN_POINT('',(1.25,0.0,0.0));
#3445=DIRECTION('',(1.0,0.0,0.0));
#3446=DIRECTION('',(0.0,1.0,0.0));
#3447=ORIENTED_EDGE('',*,*,#4760,.T.);
#3448=ORIENTED_EDGE('',*,*,#4235,.F.);
#3449=ORIENTED_EDGE('',*,*,#4764,.T.);
#3450=ORIENTED_EDGE('',*,*,#4765,.T.);
#3451=CARTESIAN_POINT('',(1.25,0.0,0.0));
#3452=DIRECTION('',(1.0,0.0,0.0));
#3453=DIRECTION('',(0.0,1.0,0.0));
#3454=ORIENTED_EDGE('',*,*,#4763,.F.);
#3455=ORIENTED_EDGE('',*,*,#4766,.F.);
#3456=ORIENTED_EDGE('',*,*,#4752,.T.);
#3457=ORIENTED_EDGE('',*,*,#4399,.T.);
#3458=CARTESIAN_POINT('',(0.75,-0.15,5.95));
#3459=DIRECTION('',(0.0,-1.0,0.0));
#3460=DIRECTION('',(0.0,0.0,-1.0));
#3461=ORIENTED_EDGE('',*,*,#4764,.F.);
#3462=ORIENTED_EDGE('',*,*,#4234,.F.);
#3463=ORIENTED_EDGE('',*,*,#4755,.T.);
#3464=ORIENTED_EDGE('',*,*,#4767,.F.);
#3465=CARTESIAN_POINT('',(0.75,-0.15,5.95));
#3466=DIRECTION('',(0.0,-1.0,0.0));
#3467=DIRECTION('',(0.0,0.0,-1.0));
#3468=ORIENTED_EDGE('',*,*,#4766,.T.);
#3469=ORIENTED_EDGE('',*,*,#4762,.F.);
#3470=ORIENTED_EDGE('',*,*,#4758,.F.);
#3471=ORIENTED_EDGE('',*,*,#4753,.T.);
#3472=CARTESIAN_POINT('',(0.75,0.35,5.95));
#3473=DIRECTION('',(0.0,0.0,1.0));
#3474=DIRECTION('',(1.0,0.0,0.0));
#3475=ORIENTED_EDGE('',*,*,#4768,.F.);
#3476=ORIENTED_EDGE('',*,*,#4769,.F.);
#3477=ORIENTED_EDGE('',*,*,#4770,.T.);
#3478=ORIENTED_EDGE('',*,*,#4767,.T.);
#3479=CARTESIAN_POINT('',(1.0,-0.08749999999998,-2.965));
#3480=DIRECTION('',(0.0,-0.966405365196492,-0.257022703509698));
#3481=DIRECTION('',(0.0,0.257022703509698,-0.966405365196492));
#3482=ORIENTED_EDGE('',*,*,#4771,.F.);
#3483=ORIENTED_EDGE('',*,*,#4765,.F.);
#3484=ORIENTED_EDGE('',*,*,#4770,.F.);
#3485=ORIENTED_EDGE('',*,*,#4772,.T.);
#3486=CARTESIAN_POINT('',(1.1875,0.1,-2.965));
#3487=DIRECTION('',(0.966405365196492,0.0,-0.257022703509698));
#3488=DIRECTION('',(0.0,-1.0,0.0));
#3489=ORIENTED_EDGE('',*,*,#4772,.F.);
#3490=ORIENTED_EDGE('',*,*,#4769,.T.);
#3491=ORIENTED_EDGE('',*,*,#4773,.F.);
#3492=ORIENTED_EDGE('',*,*,#4774,.F.);
#3493=CARTESIAN_POINT('',(0.75,-0.15,-3.2));
#3494=DIRECTION('',(0.0,0.0,-1.0));
#3495=DIRECTION('',(0.0,-1.0,0.0));
#3496=ORIENTED_EDGE('',*,*,#4771,.T.);
#3497=ORIENTED_EDGE('',*,*,#4774,.T.);
#3498=ORIENTED_EDGE('',*,*,#4775,.T.);
#3499=ORIENTED_EDGE('',*,*,#4761,.F.);
#3500=CARTESIAN_POINT('',(1.0,0.2875,-2.965));
#3501=DIRECTION('',(0.0,0.966405365196492,-0.257022703509698));
#3502=DIRECTION('',(-1.0,0.0,0.0));
#3503=ORIENTED_EDGE('',*,*,#4775,.F.);
#3504=ORIENTED_EDGE('',*,*,#4773,.T.);
#3505=ORIENTED_EDGE('',*,*,#4768,.T.);
#3506=ORIENTED_EDGE('',*,*,#4757,.F.);
#3507=CARTESIAN_POINT('',(0.8125,0.1,-2.965));
#3508=DIRECTION('',(-0.966405365196492,0.0,-0.257022703509698));
#3509=DIRECTION('',(-0.257022703509698,0.0,0.966405365196492));
#3510=ORIENTED_EDGE('',*,*,#4776,.F.);
#3511=ORIENTED_EDGE('',*,*,#4777,.F.);
#3512=ORIENTED_EDGE('',*,*,#4778,.F.);
#3513=ORIENTED_EDGE('',*,*,#4404,.F.);
#3514=CARTESIAN_POINT('',(-1.25,0.0,0.0));
#3515=DIRECTION('',(1.0,0.0,0.0));
#3516=DIRECTION('',(0.0,1.0,0.0));
#3517=ORIENTED_EDGE('',*,*,#4779,.F.);
#3518=ORIENTED_EDGE('',*,*,#4241,.T.);
#3519=ORIENTED_EDGE('',*,*,#4780,.F.);
#3520=ORIENTED_EDGE('',*,*,#4781,.T.);
#3521=CARTESIAN_POINT('',(-1.25,0.0,0.0));
#3522=DIRECTION('',(1.0,0.0,0.0));
#3523=DIRECTION('',(0.0,1.0,0.0));
#3524=ORIENTED_EDGE('',*,*,#4778,.T.);
#3525=ORIENTED_EDGE('',*,*,#4782,.T.);
#3526=ORIENTED_EDGE('',*,*,#4783,.F.);
#3527=ORIENTED_EDGE('',*,*,#4401,.F.);
#3528=CARTESIAN_POINT('',(-1.25,0.35,-3.2));
#3529=DIRECTION('',(-0.0,1.0,0.0));
#3530=DIRECTION('',(1.0,0.0,0.0));
#3531=ORIENTED_EDGE('',*,*,#4780,.T.);
#3532=ORIENTED_EDGE('',*,*,#4240,.T.);
#3533=ORIENTED_EDGE('',*,*,#4784,.F.);
#3534=ORIENTED_EDGE('',*,*,#4785,.T.);
#3535=CARTESIAN_POINT('',(-1.25,0.35,-3.2));
#3536=DIRECTION('',(-0.0,1.0,0.0));
#3537=DIRECTION('',(1.0,0.0,0.0));
#3538=ORIENTED_EDGE('',*,*,#4783,.T.);
#3539=ORIENTED_EDGE('',*,*,#4786,.T.);
#3540=ORIENTED_EDGE('',*,*,#4787,.T.);
#3541=ORIENTED_EDGE('',*,*,#4402,.T.);
#3542=CARTESIAN_POINT('',(-0.75,0.0,0.0));
#3543=DIRECTION('',(1.0,0.0,0.0));
#3544=DIRECTION('',(0.0,1.0,0.0));
#3545=ORIENTED_EDGE('',*,*,#4784,.T.);
#3546=ORIENTED_EDGE('',*,*,#4239,.F.);
#3547=ORIENTED_EDGE('',*,*,#4788,.T.);
#3548=ORIENTED_EDGE('',*,*,#4789,.T.);
#3549=CARTESIAN_POINT('',(-0.75,0.0,0.0));
#3550=DIRECTION('',(1.0,0.0,0.0));
#3551=DIRECTION('',(0.0,1.0,0.0));
#3552=ORIENTED_EDGE('',*,*,#4787,.F.);
#3553=ORIENTED_EDGE('',*,*,#4790,.F.);
#3554=ORIENTED_EDGE('',*,*,#4776,.T.);
#3555=ORIENTED_EDGE('',*,*,#4403,.T.);
#3556=CARTESIAN_POINT('',(-1.25,-0.15,5.95));
#3557=DIRECTION('',(0.0,-1.0,0.0));
#3558=DIRECTION('',(0.0,0.0,-1.0));
#3559=ORIENTED_EDGE('',*,*,#4788,.F.);
#3560=ORIENTED_EDGE('',*,*,#4238,.F.);
#3561=ORIENTED_EDGE('',*,*,#4779,.T.);
#3562=ORIENTED_EDGE('',*,*,#4791,.F.);
#3563=CARTESIAN_POINT('',(-1.25,-0.15,5.95));
#3564=DIRECTION('',(0.0,-1.0,0.0));
#3565=DIRECTION('',(0.0,0.0,-1.0));
#3566=ORIENTED_EDGE('',*,*,#4790,.T.);
#3567=ORIENTED_EDGE('',*,*,#4786,.F.);
#3568=ORIENTED_EDGE('',*,*,#4782,.F.);
#3569=ORIENTED_EDGE('',*,*,#4777,.T.);
#3570=CARTESIAN_POINT('',(-1.25,0.35,5.95));
#3571=DIRECTION('',(0.0,0.0,1.0));
#3572=DIRECTION('',(1.0,0.0,0.0));
#3573=ORIENTED_EDGE('',*,*,#4792,.F.);
#3574=ORIENTED_EDGE('',*,*,#4793,.F.);
#3575=ORIENTED_EDGE('',*,*,#4794,.T.);
#3576=ORIENTED_EDGE('',*,*,#4791,.T.);
#3577=CARTESIAN_POINT('',(-1.0,-0.08749999999998,-2.965));
#3578=DIRECTION('',(0.0,-0.966405365196492,-0.257022703509698));
#3579=DIRECTION('',(0.0,0.257022703509698,-0.966405365196492));
#3580=ORIENTED_EDGE('',*,*,#4795,.F.);
#3581=ORIENTED_EDGE('',*,*,#4789,.F.);
#3582=ORIENTED_EDGE('',*,*,#4794,.F.);
#3583=ORIENTED_EDGE('',*,*,#4796,.T.);
#3584=CARTESIAN_POINT('',(-0.8125,0.1,-2.965));
#3585=DIRECTION('',(0.966405365196492,0.0,-0.257022703509698));
#3586=DIRECTION('',(0.0,-1.0,0.0));
#3587=ORIENTED_EDGE('',*,*,#4796,.F.);
#3588=ORIENTED_EDGE('',*,*,#4793,.T.);
#3589=ORIENTED_EDGE('',*,*,#4797,.F.);
#3590=ORIENTED_EDGE('',*,*,#4798,.F.);
#3591=CARTESIAN_POINT('',(-1.25,-0.15,-3.2));
#3592=DIRECTION('',(0.0,0.0,-1.0));
#3593=DIRECTION('',(0.0,-1.0,0.0));
#3594=ORIENTED_EDGE('',*,*,#4795,.T.);
#3595=ORIENTED_EDGE('',*,*,#4798,.T.);
#3596=ORIENTED_EDGE('',*,*,#4799,.T.);
#3597=ORIENTED_EDGE('',*,*,#4785,.F.);
#3598=CARTESIAN_POINT('',(-1.0,0.2875,-2.965));
#3599=DIRECTION('',(0.0,0.966405365196492,-0.257022703509698));
#3600=DIRECTION('',(-1.0,0.0,0.0));
#3601=ORIENTED_EDGE('',*,*,#4799,.F.);
#3602=ORIENTED_EDGE('',*,*,#4797,.T.);
#3603=ORIENTED_EDGE('',*,*,#4792,.T.);
#3604=ORIENTED_EDGE('',*,*,#4781,.F.);
#3605=CARTESIAN_POINT('',(-1.1875,0.1,-2.965));
#3606=DIRECTION('',(-0.966405365196492,0.0,-0.257022703509698));
#3607=DIRECTION('',(-0.257022703509698,0.0,0.966405365196492));
#3608=ORIENTED_EDGE('',*,*,#4800,.F.);
#3609=ORIENTED_EDGE('',*,*,#4801,.F.);
#3610=ORIENTED_EDGE('',*,*,#4802,.F.);
#3611=ORIENTED_EDGE('',*,*,#4408,.F.);
#3612=CARTESIAN_POINT('',(-3.25,0.0,0.0));
#3613=DIRECTION('',(1.0,0.0,0.0));
#3614=DIRECTION('',(0.0,1.0,0.0));
#3615=ORIENTED_EDGE('',*,*,#4803,.F.);
#3616=ORIENTED_EDGE('',*,*,#4245,.T.);
#3617=ORIENTED_EDGE('',*,*,#4804,.F.);
#3618=ORIENTED_EDGE('',*,*,#4805,.T.);
#3619=CARTESIAN_POINT('',(-3.25,0.0,0.0));
#3620=DIRECTION('',(1.0,0.0,0.0));
#3621=DIRECTION('',(0.0,1.0,0.0));
#3622=ORIENTED_EDGE('',*,*,#4802,.T.);
#3623=ORIENTED_EDGE('',*,*,#4806,.T.);
#3624=ORIENTED_EDGE('',*,*,#4807,.F.);
#3625=ORIENTED_EDGE('',*,*,#4405,.F.);
#3626=CARTESIAN_POINT('',(-3.25,0.35,-3.2));
#3627=DIRECTION('',(-0.0,1.0,0.0));
#3628=DIRECTION('',(1.0,0.0,0.0));
#3629=ORIENTED_EDGE('',*,*,#4804,.T.);
#3630=ORIENTED_EDGE('',*,*,#4244,.T.);
#3631=ORIENTED_EDGE('',*,*,#4808,.F.);
#3632=ORIENTED_EDGE('',*,*,#4809,.T.);
#3633=CARTESIAN_POINT('',(-3.25,0.35,-3.2));
#3634=DIRECTION('',(-0.0,1.0,0.0));
#3635=DIRECTION('',(1.0,0.0,0.0));
#3636=ORIENTED_EDGE('',*,*,#4807,.T.);
#3637=ORIENTED_EDGE('',*,*,#4810,.T.);
#3638=ORIENTED_EDGE('',*,*,#4811,.T.);
#3639=ORIENTED_EDGE('',*,*,#4406,.T.);
#3640=CARTESIAN_POINT('',(-2.75,0.0,0.0));
#3641=DIRECTION('',(1.0,0.0,0.0));
#3642=DIRECTION('',(0.0,1.0,0.0));
#3643=ORIENTED_EDGE('',*,*,#4808,.T.);
#3644=ORIENTED_EDGE('',*,*,#4243,.F.);
#3645=ORIENTED_EDGE('',*,*,#4812,.T.);
#3646=ORIENTED_EDGE('',*,*,#4813,.T.);
#3647=CARTESIAN_POINT('',(-2.75,0.0,0.0));
#3648=DIRECTION('',(1.0,0.0,0.0));
#3649=DIRECTION('',(0.0,1.0,0.0));
#3650=ORIENTED_EDGE('',*,*,#4811,.F.);
#3651=ORIENTED_EDGE('',*,*,#4814,.F.);
#3652=ORIENTED_EDGE('',*,*,#4800,.T.);
#3653=ORIENTED_EDGE('',*,*,#4407,.T.);
#3654=CARTESIAN_POINT('',(-3.25,-0.15,5.95));
#3655=DIRECTION('',(0.0,-1.0,0.0));
#3656=DIRECTION('',(0.0,0.0,-1.0));
#3657=ORIENTED_EDGE('',*,*,#4812,.F.);
#3658=ORIENTED_EDGE('',*,*,#4242,.F.);
#3659=ORIENTED_EDGE('',*,*,#4803,.T.);
#3660=ORIENTED_EDGE('',*,*,#4815,.F.);
#3661=CARTESIAN_POINT('',(-3.25,-0.15,5.95));
#3662=DIRECTION('',(0.0,-1.0,0.0));
#3663=DIRECTION('',(0.0,0.0,-1.0));
#3664=ORIENTED_EDGE('',*,*,#4814,.T.);
#3665=ORIENTED_EDGE('',*,*,#4810,.F.);
#3666=ORIENTED_EDGE('',*,*,#4806,.F.);
#3667=ORIENTED_EDGE('',*,*,#4801,.T.);
#3668=CARTESIAN_POINT('',(-3.25,0.35,5.95));
#3669=DIRECTION('',(0.0,0.0,1.0));
#3670=DIRECTION('',(1.0,0.0,0.0));
#3671=ORIENTED_EDGE('',*,*,#4816,.F.);
#3672=ORIENTED_EDGE('',*,*,#4817,.F.);
#3673=ORIENTED_EDGE('',*,*,#4818,.T.);
#3674=ORIENTED_EDGE('',*,*,#4815,.T.);
#3675=CARTESIAN_POINT('',(-3.0,-0.08749999999998,-2.965));
#3676=DIRECTION('',(0.0,-0.966405365196492,-0.257022703509698));
#3677=DIRECTION('',(0.0,0.257022703509698,-0.966405365196492));
#3678=ORIENTED_EDGE('',*,*,#4819,.F.);
#3679=ORIENTED_EDGE('',*,*,#4813,.F.);
#3680=ORIENTED_EDGE('',*,*,#4818,.F.);
#3681=ORIENTED_EDGE('',*,*,#4820,.T.);
#3682=CARTESIAN_POINT('',(-2.8125,0.1,-2.965));
#3683=DIRECTION('',(0.966405365196492,0.0,-0.257022703509698));
#3684=DIRECTION('',(0.0,-1.0,0.0));
#3685=ORIENTED_EDGE('',*,*,#4820,.F.);
#3686=ORIENTED_EDGE('',*,*,#4817,.T.);
#3687=ORIENTED_EDGE('',*,*,#4821,.F.);
#3688=ORIENTED_EDGE('',*,*,#4822,.F.);
#3689=CARTESIAN_POINT('',(-3.25,-0.15,-3.2));
#3690=DIRECTION('',(0.0,0.0,-1.0));
#3691=DIRECTION('',(0.0,-1.0,0.0));
#3692=ORIENTED_EDGE('',*,*,#4819,.T.);
#3693=ORIENTED_EDGE('',*,*,#4822,.T.);
#3694=ORIENTED_EDGE('',*,*,#4823,.T.);
#3695=ORIENTED_EDGE('',*,*,#4809,.F.);
#3696=CARTESIAN_POINT('',(-3.0,0.2875,-2.965));
#3697=DIRECTION('',(0.0,0.966405365196492,-0.257022703509698));
#3698=DIRECTION('',(-1.0,0.0,0.0));
#3699=ORIENTED_EDGE('',*,*,#4823,.F.);
#3700=ORIENTED_EDGE('',*,*,#4821,.T.);
#3701=ORIENTED_EDGE('',*,*,#4816,.T.);
#3702=ORIENTED_EDGE('',*,*,#4805,.F.);
#3703=CARTESIAN_POINT('',(-3.1875,0.1,-2.965));
#3704=DIRECTION('',(-0.966405365196492,0.0,-0.257022703509698));
#3705=DIRECTION('',(-0.257022703509698,0.0,0.966405365196492));
#3706=ORIENTED_EDGE('',*,*,#4824,.F.);
#3707=ORIENTED_EDGE('',*,*,#4825,.F.);
#3708=ORIENTED_EDGE('',*,*,#4826,.F.);
#3709=ORIENTED_EDGE('',*,*,#4412,.F.);
#3710=CARTESIAN_POINT('',(-5.25,0.0,0.0));
#3711=DIRECTION('',(1.0,0.0,0.0));
#3712=DIRECTION('',(0.0,1.0,0.0));
#3713=ORIENTED_EDGE('',*,*,#4827,.F.);
#3714=ORIENTED_EDGE('',*,*,#4249,.T.);
#3715=ORIENTED_EDGE('',*,*,#4828,.F.);
#3716=ORIENTED_EDGE('',*,*,#4829,.T.);
#3717=CARTESIAN_POINT('',(-5.25,0.0,0.0));
#3718=DIRECTION('',(1.0,0.0,0.0));
#3719=DIRECTION('',(0.0,1.0,0.0));
#3720=ORIENTED_EDGE('',*,*,#4826,.T.);
#3721=ORIENTED_EDGE('',*,*,#4830,.T.);
#3722=ORIENTED_EDGE('',*,*,#4831,.F.);
#3723=ORIENTED_EDGE('',*,*,#4409,.F.);
#3724=CARTESIAN_POINT('',(-5.25,0.35,-3.2));
#3725=DIRECTION('',(-0.0,1.0,0.0));
#3726=DIRECTION('',(1.0,0.0,0.0));
#3727=ORIENTED_EDGE('',*,*,#4828,.T.);
#3728=ORIENTED_EDGE('',*,*,#4248,.T.);
#3729=ORIENTED_EDGE('',*,*,#4832,.F.);
#3730=ORIENTED_EDGE('',*,*,#4833,.T.);
#3731=CARTESIAN_POINT('',(-5.25,0.35,-3.2));
#3732=DIRECTION('',(-0.0,1.0,0.0));
#3733=DIRECTION('',(1.0,0.0,0.0));
#3734=ORIENTED_EDGE('',*,*,#4831,.T.);
#3735=ORIENTED_EDGE('',*,*,#4834,.T.);
#3736=ORIENTED_EDGE('',*,*,#4835,.T.);
#3737=ORIENTED_EDGE('',*,*,#4410,.T.);
#3738=CARTESIAN_POINT('',(-4.75,0.0,0.0));
#3739=DIRECTION('',(1.0,0.0,0.0));
#3740=DIRECTION('',(0.0,1.0,0.0));
#3741=ORIENTED_EDGE('',*,*,#4832,.T.);
#3742=ORIENTED_EDGE('',*,*,#4247,.F.);
#3743=ORIENTED_EDGE('',*,*,#4836,.T.);
#3744=ORIENTED_EDGE('',*,*,#4837,.T.);
#3745=CARTESIAN_POINT('',(-4.75,0.0,0.0));
#3746=DIRECTION('',(1.0,0.0,0.0));
#3747=DIRECTION('',(0.0,1.0,0.0));
#3748=ORIENTED_EDGE('',*,*,#4835,.F.);
#3749=ORIENTED_EDGE('',*,*,#4838,.F.);
#3750=ORIENTED_EDGE('',*,*,#4824,.T.);
#3751=ORIENTED_EDGE('',*,*,#4411,.T.);
#3752=CARTESIAN_POINT('',(-5.25,-0.15,5.95));
#3753=DIRECTION('',(0.0,-1.0,0.0));
#3754=DIRECTION('',(0.0,0.0,-1.0));
#3755=ORIENTED_EDGE('',*,*,#4836,.F.);
#3756=ORIENTED_EDGE('',*,*,#4246,.F.);
#3757=ORIENTED_EDGE('',*,*,#4827,.T.);
#3758=ORIENTED_EDGE('',*,*,#4839,.F.);
#3759=CARTESIAN_POINT('',(-5.25,-0.15,5.95));
#3760=DIRECTION('',(0.0,-1.0,0.0));
#3761=DIRECTION('',(0.0,0.0,-1.0));
#3762=ORIENTED_EDGE('',*,*,#4838,.T.);
#3763=ORIENTED_EDGE('',*,*,#4834,.F.);
#3764=ORIENTED_EDGE('',*,*,#4830,.F.);
#3765=ORIENTED_EDGE('',*,*,#4825,.T.);
#3766=CARTESIAN_POINT('',(-5.25,0.35,5.95));
#3767=DIRECTION('',(0.0,0.0,1.0));
#3768=DIRECTION('',(1.0,0.0,0.0));
#3769=ORIENTED_EDGE('',*,*,#4840,.F.);
#3770=ORIENTED_EDGE('',*,*,#4841,.F.);
#3771=ORIENTED_EDGE('',*,*,#4842,.T.);
#3772=ORIENTED_EDGE('',*,*,#4839,.T.);
#3773=CARTESIAN_POINT('',(-5.0,-0.08749999999998,-2.965));
#3774=DIRECTION('',(0.0,-0.966405365196492,-0.257022703509698));
#3775=DIRECTION('',(0.0,0.257022703509698,-0.966405365196492));
#3776=ORIENTED_EDGE('',*,*,#4843,.F.);
#3777=ORIENTED_EDGE('',*,*,#4837,.F.);
#3778=ORIENTED_EDGE('',*,*,#4842,.F.);
#3779=ORIENTED_EDGE('',*,*,#4844,.T.);
#3780=CARTESIAN_POINT('',(-4.8125,0.1,-2.965));
#3781=DIRECTION('',(0.966405365196492,0.0,-0.257022703509698));
#3782=DIRECTION('',(0.0,-1.0,0.0));
#3783=ORIENTED_EDGE('',*,*,#4844,.F.);
#3784=ORIENTED_EDGE('',*,*,#4841,.T.);
#3785=ORIENTED_EDGE('',*,*,#4845,.F.);
#3786=ORIENTED_EDGE('',*,*,#4846,.F.);
#3787=CARTESIAN_POINT('',(-5.25,-0.15,-3.2));
#3788=DIRECTION('',(0.0,0.0,-1.0));
#3789=DIRECTION('',(0.0,-1.0,0.0));
#3790=ORIENTED_EDGE('',*,*,#4843,.T.);
#3791=ORIENTED_EDGE('',*,*,#4846,.T.);
#3792=ORIENTED_EDGE('',*,*,#4847,.T.);
#3793=ORIENTED_EDGE('',*,*,#4833,.F.);
#3794=CARTESIAN_POINT('',(-5.0,0.2875,-2.965));
#3795=DIRECTION('',(0.0,0.966405365196492,-0.257022703509698));
#3796=DIRECTION('',(-1.0,0.0,0.0));
#3797=ORIENTED_EDGE('',*,*,#4847,.F.);
#3798=ORIENTED_EDGE('',*,*,#4845,.T.);
#3799=ORIENTED_EDGE('',*,*,#4840,.T.);
#3800=ORIENTED_EDGE('',*,*,#4829,.F.);
#3801=CARTESIAN_POINT('',(-5.1875,0.1,-2.965));
#3802=DIRECTION('',(-0.966405365196492,0.0,-0.257022703509698));
#3803=DIRECTION('',(-0.257022703509698,0.0,0.966405365196492));
#3804=ORIENTED_EDGE('',*,*,#4323,.T.);
#3805=ORIENTED_EDGE('',*,*,#4275,.F.);
#3806=ORIENTED_EDGE('',*,*,#4273,.F.);
#3807=ORIENTED_EDGE('',*,*,#4328,.T.);
#3808=ORIENTED_EDGE('',*,*,#4326,.T.);
#3809=CARTESIAN_POINT('',(7.0,-2.9,9.25));
#3810=DIRECTION('',(1.0,0.0,0.0));
#3811=DIRECTION('',(0.0,1.0,0.0));
#3812=ORIENTED_EDGE('',*,*,#4848,.T.);
#3813=ORIENTED_EDGE('',*,*,#4849,.F.);
#3814=ORIENTED_EDGE('',*,*,#4850,.F.);
#3815=ORIENTED_EDGE('',*,*,#4189,.T.);
#3816=CARTESIAN_POINT('',(8.25,0.6,0.3));
#3817=DIRECTION('',(1.0,0.0,0.0));
#3818=DIRECTION('',(0.0,1.0,0.0));
#3819=ORIENTED_EDGE('',*,*,#4850,.T.);
#3820=ORIENTED_EDGE('',*,*,#4851,.F.);
#3821=ORIENTED_EDGE('',*,*,#4852,.F.);
#3822=ORIENTED_EDGE('',*,*,#4186,.T.);
#3823=CARTESIAN_POINT('',(7.75,0.6,0.3));
#3824=DIRECTION('',(-0.0,1.0,0.0));
#3825=DIRECTION('',(1.0,0.0,0.0));
#3826=ORIENTED_EDGE('',*,*,#4852,.T.);
#3827=ORIENTED_EDGE('',*,*,#4853,.F.);
#3828=ORIENTED_EDGE('',*,*,#4854,.F.);
#3829=ORIENTED_EDGE('',*,*,#4187,.T.);
#3830=CARTESIAN_POINT('',(7.75,-0.8,0.3));
#3831=DIRECTION('',(-1.0,0.0,0.0));
#3832=DIRECTION('',(0.0,0.0,1.0));
#3833=ORIENTED_EDGE('',*,*,#4854,.T.);
#3834=ORIENTED_EDGE('',*,*,#4855,.F.);
#3835=ORIENTED_EDGE('',*,*,#4848,.F.);
#3836=ORIENTED_EDGE('',*,*,#4188,.T.);
#3837=CARTESIAN_POINT('',(8.25,-0.8,0.3));
#3838=DIRECTION('',(0.0,-1.0,0.0));
#3839=DIRECTION('',(0.0,0.0,-1.0));
#3840=ORIENTED_EDGE('',*,*,#4855,.T.);
#3841=ORIENTED_EDGE('',*,*,#4853,.T.);
#3842=ORIENTED_EDGE('',*,*,#4851,.T.);
#3843=ORIENTED_EDGE('',*,*,#4849,.T.);
#3844=CARTESIAN_POINT('',(-10.0,-2.9,0.0));
#3845=DIRECTION('',(0.0,0.0,-1.0));
#3846=DIRECTION('',(0.0,-1.0,0.0));
#3847=ORIENTED_EDGE('',*,*,#4856,.T.);
#3848=ORIENTED_EDGE('',*,*,#4857,.F.);
#3849=ORIENTED_EDGE('',*,*,#4858,.F.);
#3850=ORIENTED_EDGE('',*,*,#4193,.T.);
#3851=CARTESIAN_POINT('',(6.25,0.6,0.3));
#3852=DIRECTION('',(1.0,0.0,0.0));
#3853=DIRECTION('',(0.0,1.0,0.0));
#3854=ORIENTED_EDGE('',*,*,#4858,.T.);
#3855=ORIENTED_EDGE('',*,*,#4859,.F.);
#3856=ORIENTED_EDGE('',*,*,#4860,.F.);
#3857=ORIENTED_EDGE('',*,*,#4190,.T.);
#3858=CARTESIAN_POINT('',(5.75,0.6,0.3));
#3859=DIRECTION('',(-0.0,1.0,0.0));
#3860=DIRECTION('',(1.0,0.0,0.0));
#3861=ORIENTED_EDGE('',*,*,#4860,.T.);
#3862=ORIENTED_EDGE('',*,*,#4861,.F.);
#3863=ORIENTED_EDGE('',*,*,#4862,.F.);
#3864=ORIENTED_EDGE('',*,*,#4191,.T.);
#3865=CARTESIAN_POINT('',(5.75,-0.8,0.3));
#3866=DIRECTION('',(-1.0,0.0,0.0));
#3867=DIRECTION('',(0.0,0.0,1.0));
#3868=ORIENTED_EDGE('',*,*,#4862,.T.);
#3869=ORIENTED_EDGE('',*,*,#4863,.F.);
#3870=ORIENTED_EDGE('',*,*,#4856,.F.);
#3871=ORIENTED_EDGE('',*,*,#4192,.T.);
#3872=CARTESIAN_POINT('',(6.25,-0.8,0.3));
#3873=DIRECTION('',(0.0,-1.0,0.0));
#3874=DIRECTION('',(0.0,0.0,-1.0));
#3875=ORIENTED_EDGE('',*,*,#4863,.T.);
#3876=ORIENTED_EDGE('',*,*,#4861,.T.);
#3877=ORIENTED_EDGE('',*,*,#4859,.T.);
#3878=ORIENTED_EDGE('',*,*,#4857,.T.);
#3879=CARTESIAN_POINT('',(-10.0,-2.9,0.0));
#3880=DIRECTION('',(0.0,0.0,-1.0));
#3881=DIRECTION('',(0.0,-1.0,0.0));
#3882=ORIENTED_EDGE('',*,*,#4864,.T.);
#3883=ORIENTED_EDGE('',*,*,#4865,.F.);
#3884=ORIENTED_EDGE('',*,*,#4866,.F.);
#3885=ORIENTED_EDGE('',*,*,#4197,.T.);
#3886=CARTESIAN_POINT('',(4.25,0.6,0.3));
#3887=DIRECTION('',(1.0,0.0,0.0));
#3888=DIRECTION('',(0.0,1.0,0.0));
#3889=ORIENTED_EDGE('',*,*,#4866,.T.);
#3890=ORIENTED_EDGE('',*,*,#4867,.F.);
#3891=ORIENTED_EDGE('',*,*,#4868,.F.);
#3892=ORIENTED_EDGE('',*,*,#4194,.T.);
#3893=CARTESIAN_POINT('',(3.75,0.6,0.3));
#3894=DIRECTION('',(-0.0,1.0,0.0));
#3895=DIRECTION('',(1.0,0.0,0.0));
#3896=ORIENTED_EDGE('',*,*,#4868,.T.);
#3897=ORIENTED_EDGE('',*,*,#4869,.F.);
#3898=ORIENTED_EDGE('',*,*,#4870,.F.);
#3899=ORIENTED_EDGE('',*,*,#4195,.T.);
#3900=CARTESIAN_POINT('',(3.75,-0.8,0.3));
#3901=DIRECTION('',(-1.0,0.0,0.0));
#3902=DIRECTION('',(0.0,0.0,1.0));
#3903=ORIENTED_EDGE('',*,*,#4870,.T.);
#3904=ORIENTED_EDGE('',*,*,#4871,.F.);
#3905=ORIENTED_EDGE('',*,*,#4864,.F.);
#3906=ORIENTED_EDGE('',*,*,#4196,.T.);
#3907=CARTESIAN_POINT('',(4.25,-0.8,0.3));
#3908=DIRECTION('',(0.0,-1.0,0.0));
#3909=DIRECTION('',(0.0,0.0,-1.0));
#3910=ORIENTED_EDGE('',*,*,#4871,.T.);
#3911=ORIENTED_EDGE('',*,*,#4869,.T.);
#3912=ORIENTED_EDGE('',*,*,#4867,.T.);
#3913=ORIENTED_EDGE('',*,*,#4865,.T.);
#3914=CARTESIAN_POINT('',(-10.0,-2.9,0.0));
#3915=DIRECTION('',(0.0,0.0,-1.0));
#3916=DIRECTION('',(0.0,-1.0,0.0));
#3917=ORIENTED_EDGE('',*,*,#4872,.T.);
#3918=ORIENTED_EDGE('',*,*,#4873,.F.);
#3919=ORIENTED_EDGE('',*,*,#4874,.F.);
#3920=ORIENTED_EDGE('',*,*,#4201,.T.);
#3921=CARTESIAN_POINT('',(2.25,0.6,0.3));
#3922=DIRECTION('',(1.0,0.0,0.0));
#3923=DIRECTION('',(0.0,1.0,0.0));
#3924=ORIENTED_EDGE('',*,*,#4874,.T.);
#3925=ORIENTED_EDGE('',*,*,#4875,.F.);
#3926=ORIENTED_EDGE('',*,*,#4876,.F.);
#3927=ORIENTED_EDGE('',*,*,#4198,.T.);
#3928=CARTESIAN_POINT('',(1.75,0.6,0.3));
#3929=DIRECTION('',(-0.0,1.0,0.0));
#3930=DIRECTION('',(1.0,0.0,0.0));
#3931=ORIENTED_EDGE('',*,*,#4876,.T.);
#3932=ORIENTED_EDGE('',*,*,#4877,.F.);
#3933=ORIENTED_EDGE('',*,*,#4878,.F.);
#3934=ORIENTED_EDGE('',*,*,#4199,.T.);
#3935=CARTESIAN_POINT('',(1.75,-0.8,0.3));
#3936=DIRECTION('',(-1.0,0.0,0.0));
#3937=DIRECTION('',(0.0,0.0,1.0));
#3938=ORIENTED_EDGE('',*,*,#4878,.T.);
#3939=ORIENTED_EDGE('',*,*,#4879,.F.);
#3940=ORIENTED_EDGE('',*,*,#4872,.F.);
#3941=ORIENTED_EDGE('',*,*,#4200,.T.);
#3942=CARTESIAN_POINT('',(2.25,-0.8,0.3));
#3943=DIRECTION('',(0.0,-1.0,0.0));
#3944=DIRECTION('',(0.0,0.0,-1.0));
#3945=ORIENTED_EDGE('',*,*,#4879,.T.);
#3946=ORIENTED_EDGE('',*,*,#4877,.T.);
#3947=ORIENTED_EDGE('',*,*,#4875,.T.);
#3948=ORIENTED_EDGE('',*,*,#4873,.T.);
#3949=CARTESIAN_POINT('',(-10.0,-2.9,0.0));
#3950=DIRECTION('',(0.0,0.0,-1.0));
#3951=DIRECTION('',(0.0,-1.0,0.0));
#3952=ORIENTED_EDGE('',*,*,#4880,.T.);
#3953=ORIENTED_EDGE('',*,*,#4881,.F.);
#3954=ORIENTED_EDGE('',*,*,#4882,.F.);
#3955=ORIENTED_EDGE('',*,*,#4205,.T.);
#3956=CARTESIAN_POINT('',(0.25,0.6,0.3));
#3957=DIRECTION('',(1.0,0.0,0.0));
#3958=DIRECTION('',(0.0,1.0,0.0));
#3959=ORIENTED_EDGE('',*,*,#4882,.T.);
#3960=ORIENTED_EDGE('',*,*,#4883,.F.);
#3961=ORIENTED_EDGE('',*,*,#4884,.F.);
#3962=ORIENTED_EDGE('',*,*,#4202,.T.);
#3963=CARTESIAN_POINT('',(-0.25,0.6,0.3));
#3964=DIRECTION('',(-0.0,1.0,0.0));
#3965=DIRECTION('',(1.0,0.0,0.0));
#3966=ORIENTED_EDGE('',*,*,#4884,.T.);
#3967=ORIENTED_EDGE('',*,*,#4885,.F.);
#3968=ORIENTED_EDGE('',*,*,#4886,.F.);
#3969=ORIENTED_EDGE('',*,*,#4203,.T.);
#3970=CARTESIAN_POINT('',(-0.25,-0.8,0.3));
#3971=DIRECTION('',(-1.0,0.0,0.0));
#3972=DIRECTION('',(0.0,0.0,1.0));
#3973=ORIENTED_EDGE('',*,*,#4886,.T.);
#3974=ORIENTED_EDGE('',*,*,#4887,.F.);
#3975=ORIENTED_EDGE('',*,*,#4880,.F.);
#3976=ORIENTED_EDGE('',*,*,#4204,.T.);
#3977=CARTESIAN_POINT('',(0.25,-0.8,0.3));
#3978=DIRECTION('',(0.0,-1.0,0.0));
#3979=DIRECTION('',(0.0,0.0,-1.0));
#3980=ORIENTED_EDGE('',*,*,#4887,.T.);
#3981=ORIENTED_EDGE('',*,*,#4885,.T.);
#3982=ORIENTED_EDGE('',*,*,#4883,.T.);
#3983=ORIENTED_EDGE('',*,*,#4881,.T.);
#3984=CARTESIAN_POINT('',(-10.0,-2.9,0.0));
#3985=DIRECTION('',(0.0,0.0,-1.0));
#3986=DIRECTION('',(0.0,-1.0,0.0));
#3987=ORIENTED_EDGE('',*,*,#4888,.T.);
#3988=ORIENTED_EDGE('',*,*,#4889,.F.);
#3989=ORIENTED_EDGE('',*,*,#4890,.F.);
#3990=ORIENTED_EDGE('',*,*,#4209,.T.);
#3991=CARTESIAN_POINT('',(-1.75,0.6,0.3));
#3992=DIRECTION('',(1.0,0.0,0.0));
#3993=DIRECTION('',(0.0,1.0,0.0));
#3994=ORIENTED_EDGE('',*,*,#4890,.T.);
#3995=ORIENTED_EDGE('',*,*,#4891,.F.);
#3996=ORIENTED_EDGE('',*,*,#4892,.F.);
#3997=ORIENTED_EDGE('',*,*,#4206,.T.);
#3998=CARTESIAN_POINT('',(-2.25,0.6,0.3));
#3999=DIRECTION('',(-0.0,1.0,0.0));
#4000=DIRECTION('',(1.0,0.0,0.0));
#4001=ORIENTED_EDGE('',*,*,#4892,.T.);
#4002=ORIENTED_EDGE('',*,*,#4893,.F.);
#4003=ORIENTED_EDGE('',*,*,#4894,.F.);
#4004=ORIENTED_EDGE('',*,*,#4207,.T.);
#4005=CARTESIAN_POINT('',(-2.25,-0.8,0.3));
#4006=DIRECTION('',(-1.0,0.0,0.0));
#4007=DIRECTION('',(0.0,0.0,1.0));
#4008=ORIENTED_EDGE('',*,*,#4894,.T.);
#4009=ORIENTED_EDGE('',*,*,#4895,.F.);
#4010=ORIENTED_EDGE('',*,*,#4888,.F.);
#4011=ORIENTED_EDGE('',*,*,#4208,.T.);
#4012=CARTESIAN_POINT('',(-1.75,-0.8,0.3));
#4013=DIRECTION('',(0.0,-1.0,0.0));
#4014=DIRECTION('',(0.0,0.0,-1.0));
#4015=ORIENTED_EDGE('',*,*,#4895,.T.);
#4016=ORIENTED_EDGE('',*,*,#4893,.T.);
#4017=ORIENTED_EDGE('',*,*,#4891,.T.);
#4018=ORIENTED_EDGE('',*,*,#4889,.T.);
#4019=CARTESIAN_POINT('',(-10.0,-2.9,0.0));
#4020=DIRECTION('',(0.0,0.0,-1.0));
#4021=DIRECTION('',(0.0,-1.0,0.0));
#4022=ORIENTED_EDGE('',*,*,#4896,.T.);
#4023=ORIENTED_EDGE('',*,*,#4897,.F.);
#4024=ORIENTED_EDGE('',*,*,#4898,.F.);
#4025=ORIENTED_EDGE('',*,*,#4213,.T.);
#4026=CARTESIAN_POINT('',(-3.75,0.6,0.3));
#4027=DIRECTION('',(1.0,0.0,0.0));
#4028=DIRECTION('',(0.0,1.0,0.0));
#4029=ORIENTED_EDGE('',*,*,#4898,.T.);
#4030=ORIENTED_EDGE('',*,*,#4899,.F.);
#4031=ORIENTED_EDGE('',*,*,#4900,.F.);
#4032=ORIENTED_EDGE('',*,*,#4210,.T.);
#4033=CARTESIAN_POINT('',(-4.25,0.6,0.3));
#4034=DIRECTION('',(-0.0,1.0,0.0));
#4035=DIRECTION('',(1.0,0.0,0.0));
#4036=ORIENTED_EDGE('',*,*,#4900,.T.);
#4037=ORIENTED_EDGE('',*,*,#4901,.F.);
#4038=ORIENTED_EDGE('',*,*,#4902,.F.);
#4039=ORIENTED_EDGE('',*,*,#4211,.T.);
#4040=CARTESIAN_POINT('',(-4.25,-0.8,0.3));
#4041=DIRECTION('',(-1.0,0.0,0.0));
#4042=DIRECTION('',(0.0,0.0,1.0));
#4043=ORIENTED_EDGE('',*,*,#4902,.T.);
#4044=ORIENTED_EDGE('',*,*,#4903,.F.);
#4045=ORIENTED_EDGE('',*,*,#4896,.F.);
#4046=ORIENTED_EDGE('',*,*,#4212,.T.);
#4047=CARTESIAN_POINT('',(-3.75,-0.8,0.3));
#4048=DIRECTION('',(0.0,-1.0,0.0));
#4049=DIRECTION('',(0.0,0.0,-1.0));
#4050=ORIENTED_EDGE('',*,*,#4903,.T.);
#4051=ORIENTED_EDGE('',*,*,#4901,.T.);
#4052=ORIENTED_EDGE('',*,*,#4899,.T.);
#4053=ORIENTED_EDGE('',*,*,#4897,.T.);
#4054=CARTESIAN_POINT('',(-10.0,-2.9,0.0));
#4055=DIRECTION('',(0.0,0.0,-1.0));
#4056=DIRECTION('',(0.0,-1.0,0.0));
#4057=ORIENTED_EDGE('',*,*,#4904,.T.);
#4058=ORIENTED_EDGE('',*,*,#4905,.F.);
#4059=ORIENTED_EDGE('',*,*,#4906,.F.);
#4060=ORIENTED_EDGE('',*,*,#4217,.T.);
#4061=CARTESIAN_POINT('',(-5.75,0.6,0.3));
#4062=DIRECTION('',(1.0,0.0,0.0));
#4063=DIRECTION('',(0.0,1.0,0.0));
#4064=ORIENTED_EDGE('',*,*,#4906,.T.);
#4065=ORIENTED_EDGE('',*,*,#4907,.F.);
#4066=ORIENTED_EDGE('',*,*,#4908,.F.);
#4067=ORIENTED_EDGE('',*,*,#4214,.T.);
#4068=CARTESIAN_POINT('',(-6.25,0.6,0.3));
#4069=DIRECTION('',(-0.0,1.0,0.0));
#4070=DIRECTION('',(1.0,0.0,0.0));
#4071=ORIENTED_EDGE('',*,*,#4908,.T.);
#4072=ORIENTED_EDGE('',*,*,#4909,.F.);
#4073=ORIENTED_EDGE('',*,*,#4910,.F.);
#4074=ORIENTED_EDGE('',*,*,#4215,.T.);
#4075=CARTESIAN_POINT('',(-6.25,-0.8,0.3));
#4076=DIRECTION('',(-1.0,0.0,0.0));
#4077=DIRECTION('',(0.0,0.0,1.0));
#4078=ORIENTED_EDGE('',*,*,#4910,.T.);
#4079=ORIENTED_EDGE('',*,*,#4911,.F.);
#4080=ORIENTED_EDGE('',*,*,#4904,.F.);
#4081=ORIENTED_EDGE('',*,*,#4216,.T.);
#4082=CARTESIAN_POINT('',(-5.75,-0.8,0.3));
#4083=DIRECTION('',(0.0,-1.0,0.0));
#4084=DIRECTION('',(0.0,0.0,-1.0));
#4085=ORIENTED_EDGE('',*,*,#4911,.T.);
#4086=ORIENTED_EDGE('',*,*,#4909,.T.);
#4087=ORIENTED_EDGE('',*,*,#4907,.T.);
#4088=ORIENTED_EDGE('',*,*,#4905,.T.);
#4089=CARTESIAN_POINT('',(-10.0,-2.9,0.0));
#4090=DIRECTION('',(0.0,0.0,-1.0));
#4091=DIRECTION('',(0.0,-1.0,0.0));
#4092=ORIENTED_EDGE('',*,*,#4912,.T.);
#4093=ORIENTED_EDGE('',*,*,#4913,.F.);
#4094=ORIENTED_EDGE('',*,*,#4914,.F.);
#4095=ORIENTED_EDGE('',*,*,#4221,.T.);
#4096=CARTESIAN_POINT('',(-7.75,0.6,0.3));
#4097=DIRECTION('',(1.0,0.0,0.0));
#4098=DIRECTION('',(0.0,1.0,0.0));
#4099=ORIENTED_EDGE('',*,*,#4914,.T.);
#4100=ORIENTED_EDGE('',*,*,#4915,.F.);
#4101=ORIENTED_EDGE('',*,*,#4916,.F.);
#4102=ORIENTED_EDGE('',*,*,#4218,.T.);
#4103=CARTESIAN_POINT('',(-8.25,0.6,0.3));
#4104=DIRECTION('',(-0.0,1.0,0.0));
#4105=DIRECTION('',(1.0,0.0,0.0));
#4106=ORIENTED_EDGE('',*,*,#4916,.T.);
#4107=ORIENTED_EDGE('',*,*,#4917,.F.);
#4108=ORIENTED_EDGE('',*,*,#4918,.F.);
#4109=ORIENTED_EDGE('',*,*,#4219,.T.);
#4110=CARTESIAN_POINT('',(-8.25,-0.8,0.3));
#4111=DIRECTION('',(-1.0,0.0,0.0));
#4112=DIRECTION('',(0.0,0.0,1.0));
#4113=ORIENTED_EDGE('',*,*,#4918,.T.);
#4114=ORIENTED_EDGE('',*,*,#4919,.F.);
#4115=ORIENTED_EDGE('',*,*,#4912,.F.);
#4116=ORIENTED_EDGE('',*,*,#4220,.T.);
#4117=CARTESIAN_POINT('',(-7.75,-0.8,0.3));
#4118=DIRECTION('',(0.0,-1.0,0.0));
#4119=DIRECTION('',(0.0,0.0,-1.0));
#4120=ORIENTED_EDGE('',*,*,#4919,.T.);
#4121=ORIENTED_EDGE('',*,*,#4917,.T.);
#4122=ORIENTED_EDGE('',*,*,#4915,.T.);
#4123=ORIENTED_EDGE('',*,*,#4913,.T.);
#4124=CARTESIAN_POINT('',(-10.0,-2.9,0.0));
#4125=DIRECTION('',(0.0,0.0,-1.0));
#4126=DIRECTION('',(0.0,-1.0,0.0));
#4127=AXIS2_PLACEMENT_3D('',#4920,#4921,#4922);
#4128=AXIS2_PLACEMENT_3D('',#4923,#4924,#4925);
#4129=AXIS2_PLACEMENT_3D('',#4926,#4927,#4928);
#4130=AXIS2_PLACEMENT_3D('',#4929,#4930,#4931);
#4131=AXIS2_PLACEMENT_3D('',#4932,#4933,#4934);
#4132=AXIS2_PLACEMENT_3D('',#4935,#4936,#4937);
#4133=AXIS2_PLACEMENT_3D('',#4938,#4939,#4940);
#4134=AXIS2_PLACEMENT_3D('',#4941,#4942,#4943);
#4135=AXIS2_PLACEMENT_3D('',#4944,#4945,#4946);
#4136=AXIS2_PLACEMENT_3D('',#4947,#4948,#4949);
#4137=AXIS2_PLACEMENT_3D('',#4950,#4951,#4952);
#4138=AXIS2_PLACEMENT_3D('',#4953,#4954,#4955);
#4139=AXIS2_PLACEMENT_3D('',#4956,#4957,#4958);
#4140=AXIS2_PLACEMENT_3D('',#4959,#4960,#4961);
#4141=AXIS2_PLACEMENT_3D('',#4962,#4963,#4964);
#4142=AXIS2_PLACEMENT_3D('',#4965,#4966,#4967);
#4143=AXIS2_PLACEMENT_3D('',#4968,#4969,#4970);
#4144=AXIS2_PLACEMENT_3D('',#4971,#4972,#4973);
#4145=CARTESIAN_POINT('',(9.0,2.0,0.0));
#4146=VECTOR('',#4974,0.9);
#4147=EDGE_CURVE('',#4975,#4976,#4977,.T.);
#4148=EDGE_CURVE('',#4978,#4975,#4979,.T.);
#4149=EDGE_CURVE('',#4978,#4980,#4981,.T.);
#4150=EDGE_CURVE('',#4980,#4976,#4982,.T.);
#4151=EDGE_CURVE('',#4983,#4984,#4985,.T.);
#4152=EDGE_CURVE('',#4983,#4980,#4986,.T.);
#4153=EDGE_CURVE('',#4984,#4978,#4987,.T.);
#4154=EDGE_CURVE('',#4988,#4989,#4990,.T.);
#4155=EDGE_CURVE('',#4991,#4989,#4992,.T.);
#4156=EDGE_CURVE('',#4993,#4991,#4994,.T.);
#4157=EDGE_CURVE('',#4995,#4993,#4996,.T.);
#4158=EDGE_CURVE('',#4997,#4995,#4998,.T.);
#4159=EDGE_CURVE('',#4999,#4997,#5000,.T.);
#4160=EDGE_CURVE('',#5001,#4999,#5002,.T.);
#4161=EDGE_CURVE('',#5003,#5001,#5004,.T.);
#4162=EDGE_CURVE('',#5005,#5003,#5006,.T.);
#4163=EDGE_CURVE('',#5007,#5005,#5008,.T.);
#4164=EDGE_CURVE('',#5009,#5007,#5010,.T.);
#4165=EDGE_CURVE('',#5009,#4988,#5011,.T.);
#4166=EDGE_CURVE('',#5012,#5013,#5014,.T.);
#4167=EDGE_CURVE('',#5012,#5015,#5016,.T.);
#4168=EDGE_CURVE('',#5015,#5017,#5018,.T.);
#4169=EDGE_CURVE('',#5017,#5013,#5019,.T.);
#4170=EDGE_CURVE('',#5009,#5020,#5021,.T.);
#4171=EDGE_CURVE('',#5020,#5022,#5023,.T.);
#4172=EDGE_CURVE('',#5022,#4988,#5024,.T.);
#4173=EDGE_CURVE('',#5025,#5013,#5026,.T.);
#4174=EDGE_CURVE('',#5017,#5027,#5028,.T.);
#4175=EDGE_CURVE('',#5027,#5029,#5030,.T.);
#4176=EDGE_CURVE('',#5031,#5029,#5032,.T.);
#4177=EDGE_CURVE('',#5033,#5031,#5034,.T.);
#4178=EDGE_CURVE('',#5033,#5035,#5036,.T.);
#4179=EDGE_CURVE('',#5035,#4989,#5037,.T.);
#4180=EDGE_CURVE('',#5038,#5022,#5039,.T.);
#4181=EDGE_CURVE('',#5040,#5038,#5041,.T.);
#4182=EDGE_CURVE('',#5042,#5040,#5043,.T.);
#4183=EDGE_CURVE('',#5042,#5044,#5045,.T.);
#4184=EDGE_CURVE('',#5044,#5046,#5047,.T.);
#4185=EDGE_CURVE('',#5046,#5025,#5048,.T.);
#4186=EDGE_CURVE('',#5049,#5050,#5051,.T.);
#4187=EDGE_CURVE('',#5052,#5049,#5053,.T.);
#4188=EDGE_CURVE('',#5054,#5052,#5055,.T.);
#4189=EDGE_CURVE('',#5050,#5054,#5056,.T.);
#4190=EDGE_CURVE('',#5057,#5058,#5059,.T.);
#4191=EDGE_CURVE('',#5060,#5057,#5061,.T.);
#4192=EDGE_CURVE('',#5062,#5060,#5063,.T.);
#4193=EDGE_CURVE('',#5058,#5062,#5064,.T.);
#4194=EDGE_CURVE('',#5065,#5066,#5067,.T.);
#4195=EDGE_CURVE('',#5068,#5065,#5069,.T.);
#4196=EDGE_CURVE('',#5070,#5068,#5071,.T.);
#4197=EDGE_CURVE('',#5066,#5070,#5072,.T.);
#4198=EDGE_CURVE('',#5073,#5074,#5075,.T.);
#4199=EDGE_CURVE('',#5076,#5073,#5077,.T.);
#4200=EDGE_CURVE('',#5078,#5076,#5079,.T.);
#4201=EDGE_CURVE('',#5074,#5078,#5080,.T.);
#4202=EDGE_CURVE('',#5081,#5082,#5083,.T.);
#4203=EDGE_CURVE('',#5084,#5081,#5085,.T.);
#4204=EDGE_CURVE('',#5086,#5084,#5087,.T.);
#4205=EDGE_CURVE('',#5082,#5086,#5088,.T.);
#4206=EDGE_CURVE('',#5089,#5090,#5091,.T.);
#4207=EDGE_CURVE('',#5092,#5089,#5093,.T.);
#4208=EDGE_CURVE('',#5094,#5092,#5095,.T.);
#4209=EDGE_CURVE('',#5090,#5094,#5096,.T.);
#4210=EDGE_CURVE('',#5097,#5098,#5099,.T.);
#4211=EDGE_CURVE('',#5100,#5097,#5101,.T.);
#4212=EDGE_CURVE('',#5102,#5100,#5103,.T.);
#4213=EDGE_CURVE('',#5098,#5102,#5104,.T.);
#4214=EDGE_CURVE('',#5105,#5106,#5107,.T.);
#4215=EDGE_CURVE('',#5108,#5105,#5109,.T.);
#4216=EDGE_CURVE('',#5110,#5108,#5111,.T.);
#4217=EDGE_CURVE('',#5106,#5110,#5112,.T.);
#4218=EDGE_CURVE('',#5113,#5114,#5115,.T.);
#4219=EDGE_CURVE('',#5116,#5113,#5117,.T.);
#4220=EDGE_CURVE('',#5118,#5116,#5119,.T.);
#4221=EDGE_CURVE('',#5114,#5118,#5120,.T.);
#4222=EDGE_CURVE('',#5121,#5122,#5123,.T.);
#4223=EDGE_CURVE('',#5122,#5124,#5125,.T.);
#4224=EDGE_CURVE('',#5126,#5124,#5127,.T.);
#4225=EDGE_CURVE('',#5121,#5126,#5128,.T.);
#4226=EDGE_CURVE('',#5129,#5130,#5131,.T.);
#4227=EDGE_CURVE('',#5130,#5132,#5133,.T.);
#4228=EDGE_CURVE('',#5134,#5132,#5135,.T.);
#4229=EDGE_CURVE('',#5129,#5134,#5136,.T.);
#4230=EDGE_CURVE('',#5137,#5138,#5139,.T.);
#4231=EDGE_CURVE('',#5138,#5140,#5141,.T.);
#4232=EDGE_CURVE('',#5142,#5140,#5143,.T.);
#4233=EDGE_CURVE('',#5137,#5142,#5144,.T.);
#4234=EDGE_CURVE('',#5145,#5146,#5147,.T.);
#4235=EDGE_CURVE('',#5146,#5148,#5149,.T.);
#4236=EDGE_CURVE('',#5150,#5148,#5151,.T.);
#4237=EDGE_CURVE('',#5145,#5150,#5152,.T.);
#4238=EDGE_CURVE('',#5153,#5154,#5155,.T.);
#4239=EDGE_CURVE('',#5154,#5156,#5157,.T.);
#4240=EDGE_CURVE('',#5158,#5156,#5159,.T.);
#4241=EDGE_CURVE('',#5153,#5158,#5160,.T.);
#4242=EDGE_CURVE('',#5161,#5162,#5163,.T.);
#4243=EDGE_CURVE('',#5162,#5164,#5165,.T.);
#4244=EDGE_CURVE('',#5166,#5164,#5167,.T.);
#4245=EDGE_CURVE('',#5161,#5166,#5168,.T.);
#4246=EDGE_CURVE('',#5169,#5170,#5171,.T.);
#4247=EDGE_CURVE('',#5170,#5172,#5173,.T.);
#4248=EDGE_CURVE('',#5174,#5172,#5175,.T.);
#4249=EDGE_CURVE('',#5169,#5174,#5176,.T.);
#4250=EDGE_CURVE('',#5177,#5178,#5179,.T.);
#4251=EDGE_CURVE('',#5178,#5180,#5181,.T.);
#4252=EDGE_CURVE('',#5182,#5180,#5183,.T.);
#4253=EDGE_CURVE('',#5177,#5182,#5184,.T.);
#4254=EDGE_CURVE('',#5046,#5185,#5186,.T.);
#4255=EDGE_CURVE('',#5187,#5185,#5188,.T.);
#4256=EDGE_CURVE('',#5025,#5187,#5189,.T.);
#4257=EDGE_CURVE('',#5190,#5191,#5192,.T.);
#4258=EDGE_CURVE('',#5031,#5190,#5193,.T.);
#4259=EDGE_CURVE('',#5029,#5194,#5195,.T.);
#4260=EDGE_CURVE('',#5196,#5194,#5197,.T.);
#4261=EDGE_CURVE('',#5191,#5196,#5198,.T.);
#4262=EDGE_CURVE('',#5012,#5199,#5200,.T.);
#4263=EDGE_CURVE('',#5201,#5187,#5202,.T.);
#4264=EDGE_CURVE('',#5199,#5201,#5203,.T.);
#4265=EDGE_CURVE('',#5204,#5205,#5206,.T.);
#4266=EDGE_CURVE('',#4995,#5204,#5207,.T.);
#4267=EDGE_CURVE('',#4993,#5208,#5209,.T.);
#4268=EDGE_CURVE('',#5210,#5208,#5211,.T.);
#4269=EDGE_CURVE('',#5210,#5191,#5212,.T.);
#4270=EDGE_CURVE('',#5196,#5213,#5214,.T.);
#4271=EDGE_CURVE('',#5215,#5213,#5216,.T.);
#4272=EDGE_CURVE('',#5217,#5215,#5218,.T.);
#4273=EDGE_CURVE('',#5217,#5219,#5220,.T.);
#4274=EDGE_CURVE('',#5205,#5219,#5221,.T.);
#4275=EDGE_CURVE('',#5219,#5222,#5223,.T.);
#4276=EDGE_CURVE('',#5224,#5222,#5225,.T.);
#4277=EDGE_CURVE('',#5224,#5205,#5226,.T.);
#4278=EDGE_CURVE('',#5204,#5227,#5228,.T.);
#4279=EDGE_CURVE('',#5229,#5224,#5230,.T.);
#4280=EDGE_CURVE('',#5229,#5227,#5231,.T.);
#4281=EDGE_CURVE('',#5232,#5233,#5234,.T.);
#4282=EDGE_CURVE('',#5227,#5233,#5235,.T.);
#4283=EDGE_CURVE('',#5229,#5232,#5236,.T.);
#4284=EDGE_CURVE('',#5237,#5238,#5239,.T.);
#4285=EDGE_CURVE('',#5240,#5238,#5241,.T.);
#4286=EDGE_CURVE('',#5240,#5242,#5243,.T.);
#4287=EDGE_CURVE('',#5244,#5242,#5245,.T.);
#4288=EDGE_CURVE('',#5246,#5244,#5247,.T.);
#4289=EDGE_CURVE('',#5248,#5246,#5249,.T.);
#4290=EDGE_CURVE('',#5248,#5250,#5251,.T.);
#4291=EDGE_CURVE('',#5252,#5250,#5253,.T.);
#4292=EDGE_CURVE('',#5254,#5252,#5255,.T.);
#4293=EDGE_CURVE('',#5256,#5254,#5257,.T.);
#4294=EDGE_CURVE('',#5256,#5258,#5259,.T.);
#4295=EDGE_CURVE('',#5260,#5258,#5261,.T.);
#4296=EDGE_CURVE('',#5262,#5260,#5263,.T.);
#4297=EDGE_CURVE('',#5264,#5262,#5265,.T.);
#4298=EDGE_CURVE('',#5264,#5266,#5267,.T.);
#4299=EDGE_CURVE('',#5268,#5266,#5269,.T.);
#4300=EDGE_CURVE('',#5270,#5268,#5271,.T.);
#4301=EDGE_CURVE('',#5272,#5270,#5273,.T.);
#4302=EDGE_CURVE('',#5272,#5274,#5275,.T.);
#4303=EDGE_CURVE('',#5276,#5274,#5277,.T.);
#4304=EDGE_CURVE('',#5278,#5276,#5279,.T.);
#4305=EDGE_CURVE('',#5280,#5278,#5281,.T.);
#4306=EDGE_CURVE('',#5280,#5282,#5283,.T.);
#4307=EDGE_CURVE('',#5284,#5282,#5285,.T.);
#4308=EDGE_CURVE('',#5286,#5284,#5287,.T.);
#4309=EDGE_CURVE('',#5288,#5286,#5289,.T.);
#4310=EDGE_CURVE('',#5288,#5290,#5291,.T.);
#4311=EDGE_CURVE('',#5292,#5290,#5293,.T.);
#4312=EDGE_CURVE('',#5294,#5292,#5295,.T.);
#4313=EDGE_CURVE('',#5296,#5294,#5297,.T.);
#4314=EDGE_CURVE('',#5296,#5298,#5299,.T.);
#4315=EDGE_CURVE('',#5300,#5298,#5301,.T.);
#4316=EDGE_CURVE('',#5302,#5300,#5303,.T.);
#4317=EDGE_CURVE('',#5304,#5302,#5305,.T.);
#4318=EDGE_CURVE('',#5304,#5306,#5307,.T.);
#4319=EDGE_CURVE('',#5308,#5306,#5309,.T.);
#4320=EDGE_CURVE('',#5310,#5308,#5311,.T.);
#4321=EDGE_CURVE('',#5312,#5310,#5313,.T.);
#4322=EDGE_CURVE('',#5232,#5312,#5314,.T.);
#4323=EDGE_CURVE('',#5315,#5222,#5316,.T.);
#4324=EDGE_CURVE('',#5237,#5315,#5317,.T.);
#4325=EDGE_CURVE('',#5237,#5318,#5319,.T.);
#4326=EDGE_CURVE('',#5320,#5315,#5321,.T.);
#4327=EDGE_CURVE('',#5318,#5320,#5322,.T.);
#4328=EDGE_CURVE('',#5217,#5320,#5323,.T.);
#4329=EDGE_CURVE('',#5324,#5215,#5325,.T.);
#4330=EDGE_CURVE('',#5326,#5324,#5327,.T.);
#4331=EDGE_CURVE('',#5326,#5318,#5328,.T.);
#4332=EDGE_CURVE('',#4997,#5329,#5330,.T.);
#4333=EDGE_CURVE('',#5233,#5329,#5331,.T.);
#4334=EDGE_CURVE('',#5332,#5326,#5333,.T.);
#4335=EDGE_CURVE('',#5332,#5237,#5334,.T.);
#4336=EDGE_CURVE('',#5335,#5332,#5336,.T.);
#4337=EDGE_CURVE('',#5337,#5335,#5338,.T.);
#4338=EDGE_CURVE('',#5337,#5339,#5340,.T.);
#4339=EDGE_CURVE('',#5238,#5339,#5341,.T.);
#4340=EDGE_CURVE('',#5342,#5343,#5344,.T.);
#4341=EDGE_CURVE('',#5304,#5342,#5345,.T.);
#4342=EDGE_CURVE('',#5302,#5346,#5347,.T.);
#4343=EDGE_CURVE('',#5348,#5346,#5349,.T.);
#4344=EDGE_CURVE('',#5296,#5348,#5350,.T.);
#4345=EDGE_CURVE('',#5294,#5351,#5352,.T.);
#4346=EDGE_CURVE('',#5353,#5351,#5354,.T.);
#4347=EDGE_CURVE('',#5288,#5353,#5355,.T.);
#4348=EDGE_CURVE('',#5286,#5356,#5357,.T.);
#4349=EDGE_CURVE('',#5358,#5356,#5359,.T.);
#4350=EDGE_CURVE('',#5280,#5358,#5360,.T.);
#4351=EDGE_CURVE('',#5278,#5361,#5362,.T.);
#4352=EDGE_CURVE('',#5363,#5361,#5364,.T.);
#4353=EDGE_CURVE('',#5272,#5363,#5365,.T.);
#4354=EDGE_CURVE('',#5270,#5366,#5367,.T.);
#4355=EDGE_CURVE('',#5368,#5366,#5369,.T.);
#4356=EDGE_CURVE('',#5264,#5368,#5370,.T.);
#4357=EDGE_CURVE('',#5262,#5371,#5372,.T.);
#4358=EDGE_CURVE('',#5373,#5371,#5374,.T.);
#4359=EDGE_CURVE('',#5256,#5373,#5375,.T.);
#4360=EDGE_CURVE('',#5254,#5376,#5377,.T.);
#4361=EDGE_CURVE('',#5378,#5376,#5379,.T.);
#4362=EDGE_CURVE('',#5248,#5378,#5380,.T.);
#4363=EDGE_CURVE('',#5246,#5381,#5382,.T.);
#4364=EDGE_CURVE('',#5383,#5381,#5384,.T.);
#4365=EDGE_CURVE('',#5240,#5383,#5385,.T.);
#4366=EDGE_CURVE('',#5339,#5386,#5387,.T.);
#4367=EDGE_CURVE('',#5388,#5386,#5389,.T.);
#4368=EDGE_CURVE('',#5388,#5390,#5391,.T.);
#4369=EDGE_CURVE('',#5390,#5392,#5393,.T.);
#4370=EDGE_CURVE('',#5392,#5394,#5395,.T.);
#4371=EDGE_CURVE('',#5394,#5396,#5397,.T.);
#4372=EDGE_CURVE('',#5396,#5398,#5399,.T.);
#4373=EDGE_CURVE('',#5398,#5400,#5401,.T.);
#4374=EDGE_CURVE('',#5402,#5400,#5403,.T.);
#4375=EDGE_CURVE('',#5404,#5402,#5405,.T.);
#4376=EDGE_CURVE('',#5404,#5406,#5407,.T.);
#4377=EDGE_CURVE('',#5406,#5408,#5409,.T.);
#4378=EDGE_CURVE('',#5408,#5410,#5411,.T.);
#4379=EDGE_CURVE('',#5410,#5412,#5413,.T.);
#4380=EDGE_CURVE('',#5412,#5414,#5415,.T.);
#4381=EDGE_CURVE('',#5416,#5414,#5417,.T.);
#4382=EDGE_CURVE('',#5416,#5418,#5419,.T.);
#4383=EDGE_CURVE('',#5418,#5312,#5420,.T.);
#4384=EDGE_CURVE('',#5310,#5343,#5421,.T.);
#4385=EDGE_CURVE('',#5422,#5423,#5424,.T.);
#4386=EDGE_CURVE('',#5425,#5423,#5426,.T.);
#4387=EDGE_CURVE('',#5427,#5425,#5428,.T.);
#4388=EDGE_CURVE('',#5427,#5422,#5429,.T.);
#4389=EDGE_CURVE('',#5430,#5431,#5432,.T.);
#4390=EDGE_CURVE('',#5433,#5431,#5434,.T.);
#4391=EDGE_CURVE('',#5435,#5433,#5436,.T.);
#4392=EDGE_CURVE('',#5435,#5430,#5437,.T.);
#4393=EDGE_CURVE('',#5438,#5439,#5440,.T.);
#4394=EDGE_CURVE('',#5441,#5439,#5442,.T.);
#4395=EDGE_CURVE('',#5443,#5441,#5444,.T.);
#4396=EDGE_CURVE('',#5443,#5438,#5445,.T.);
#4397=EDGE_CURVE('',#5446,#5447,#5448,.T.);
#4398=EDGE_CURVE('',#5449,#5447,#5450,.T.);
#4399=EDGE_CURVE('',#5451,#5449,#5452,.T.);
#4400=EDGE_CURVE('',#5451,#5446,#5453,.T.);
#4401=EDGE_CURVE('',#5454,#5455,#5456,.T.);
#4402=EDGE_CURVE('',#5457,#5455,#5458,.T.);
#4403=EDGE_CURVE('',#5459,#5457,#5460,.T.);
#4404=EDGE_CURVE('',#5459,#5454,#5461,.T.);
#4405=EDGE_CURVE('',#5462,#5463,#5464,.T.);
#4406=EDGE_CURVE('',#5465,#5463,#5466,.T.);
#4407=EDGE_CURVE('',#5467,#5465,#5468,.T.);
#4408=EDGE_CURVE('',#5467,#5462,#5469,.T.);
#4409=EDGE_CURVE('',#5470,#5471,#5472,.T.);
#4410=EDGE_CURVE('',#5473,#5471,#5474,.T.);
#4411=EDGE_CURVE('',#5475,#5473,#5476,.T.);
#4412=EDGE_CURVE('',#5475,#5470,#5477,.T.);
#4413=EDGE_CURVE('',#5478,#5479,#5480,.T.);
#4414=EDGE_CURVE('',#5481,#5479,#5482,.T.);
#4415=EDGE_CURVE('',#5483,#5481,#5484,.T.);
#4416=EDGE_CURVE('',#5483,#5478,#5485,.T.);
#4417=EDGE_CURVE('',#5486,#5308,#5487,.T.);
#4418=EDGE_CURVE('',#5343,#5486,#5488,.T.);
#4419=EDGE_CURVE('',#5489,#5486,#5490,.T.);
#4420=EDGE_CURVE('',#5342,#5489,#5491,.T.);
#4421=EDGE_CURVE('',#5306,#5489,#5492,.T.);
#4422=EDGE_CURVE('',#5493,#5418,#5494,.T.);
#4423=EDGE_CURVE('',#5495,#5493,#5496,.T.);
#4424=EDGE_CURVE('',#5497,#5495,#5498,.T.);
#4425=EDGE_CURVE('',#5232,#5497,#5499,.T.);
#4426=EDGE_CURVE('',#5497,#5329,#5500,.T.);
#4427=EDGE_CURVE('',#5495,#5501,#5502,.T.);
#4428=EDGE_CURVE('',#5329,#5501,#5503,.T.);
#4429=EDGE_CURVE('',#4999,#5501,#5504,.T.);
#4430=EDGE_CURVE('',#5505,#5324,#5506,.T.);
#4431=EDGE_CURVE('',#5507,#5505,#5508,.T.);
#4432=EDGE_CURVE('',#5507,#5326,#5509,.T.);
#4433=EDGE_CURVE('',#5510,#5511,#5512,.T.);
#4434=EDGE_CURVE('',#5511,#5513,#5514,.T.);
#4435=EDGE_CURVE('',#5001,#5513,#5515,.T.);
#4436=EDGE_CURVE('',#5501,#5510,#5516,.T.);
#4437=EDGE_CURVE('',#5517,#5505,#5518,.T.);
#4438=EDGE_CURVE('',#5519,#5517,#5520,.T.);
#4439=EDGE_CURVE('',#5519,#5521,#5522,.T.);
#4440=EDGE_CURVE('',#5521,#5523,#5524,.T.);
#4441=EDGE_CURVE('',#5523,#5507,#5525,.T.);
#4442=EDGE_CURVE('',#5493,#5510,#5526,.T.);
#4443=EDGE_CURVE('',#5493,#5527,#5528,.T.);
#4444=EDGE_CURVE('',#5527,#5511,#5529,.T.);
#4445=EDGE_CURVE('',#5527,#5530,#5531,.T.);
#4446=EDGE_CURVE('',#5530,#5513,#5532,.T.);
#4447=EDGE_CURVE('',#5533,#5534,#5535,.T.);
#4448=EDGE_CURVE('',#5513,#5534,#5536,.T.);
#4449=EDGE_CURVE('',#5530,#5533,#5537,.T.);
#4450=EDGE_CURVE('',#5527,#5416,#5538,.T.);
#4451=EDGE_CURVE('',#5539,#5414,#5540,.T.);
#4452=EDGE_CURVE('',#5539,#5533,#5541,.T.);
#4453=EDGE_CURVE('',#5539,#5542,#5543,.T.);
#4454=EDGE_CURVE('',#5542,#5534,#5544,.T.);
#4455=EDGE_CURVE('',#5542,#5545,#5546,.T.);
#4456=EDGE_CURVE('',#5545,#5547,#5548,.T.);
#4457=EDGE_CURVE('',#5547,#5549,#5550,.T.);
#4458=EDGE_CURVE('',#5551,#5549,#5552,.T.);
#4459=EDGE_CURVE('',#5005,#5551,#5553,.T.);
#4460=EDGE_CURVE('',#5003,#5534,#5554,.T.);
#4461=EDGE_CURVE('',#5555,#5556,#5557,.T.);
#4462=EDGE_CURVE('',#5558,#5556,#5559,.T.);
#4463=EDGE_CURVE('',#5560,#5558,#5561,.T.);
#4464=EDGE_CURVE('',#5560,#5562,#5563,.T.);
#4465=EDGE_CURVE('',#5562,#5564,#5565,.T.);
#4466=EDGE_CURVE('',#5564,#5566,#5567,.T.);
#4467=EDGE_CURVE('',#5566,#5568,#5569,.T.);
#4468=EDGE_CURVE('',#5555,#5568,#5570,.T.);
#4469=EDGE_CURVE('',#5556,#5517,#5571,.T.);
#4470=EDGE_CURVE('',#5555,#5519,#5572,.T.);
#4471=EDGE_CURVE('',#5573,#5555,#5574,.T.);
#4472=EDGE_CURVE('',#5573,#5575,#5576,.T.);
#4473=EDGE_CURVE('',#5575,#5519,#5577,.T.);
#4474=EDGE_CURVE('',#5578,#5521,#5579,.T.);
#4475=EDGE_CURVE('',#5575,#5578,#5580,.T.);
#4476=EDGE_CURVE('',#5573,#5581,#5582,.T.);
#4477=EDGE_CURVE('',#5581,#5388,#5583,.T.);
#4478=EDGE_CURVE('',#5578,#5386,#5584,.T.);
#4479=EDGE_CURVE('',#5578,#5337,#5585,.T.);
#4480=EDGE_CURVE('',#5337,#5523,#5586,.T.);
#4481=EDGE_CURVE('',#5335,#5507,#5587,.T.);
#4482=EDGE_CURVE('',#5588,#5390,#5589,.T.);
#4483=EDGE_CURVE('',#5588,#5581,#5590,.T.);
#4484=EDGE_CURVE('',#5588,#5566,#5591,.T.);
#4485=EDGE_CURVE('',#5581,#5568,#5592,.T.);
#4486=EDGE_CURVE('',#5564,#5593,#5594,.T.);
#4487=EDGE_CURVE('',#5593,#5595,#5596,.T.);
#4488=EDGE_CURVE('',#5392,#5595,#5597,.T.);
#4489=EDGE_CURVE('',#5598,#5394,#5599,.T.);
#4490=EDGE_CURVE('',#5595,#5598,#5600,.T.);
#4491=EDGE_CURVE('',#5601,#5602,#5603,.T.);
#4492=EDGE_CURVE('',#5604,#5602,#5605,.T.);
#4493=EDGE_CURVE('',#5604,#5606,#5607,.T.);
#4494=EDGE_CURVE('',#5606,#5601,#5608,.T.);
#4495=EDGE_CURVE('',#5598,#5609,#5610,.T.);
#4496=EDGE_CURVE('',#5593,#5609,#5611,.T.);
#4497=EDGE_CURVE('',#5612,#5606,#5613,.T.);
#4498=EDGE_CURVE('',#5614,#5612,#5615,.T.);
#4499=EDGE_CURVE('',#5549,#5614,#5616,.T.);
#4500=EDGE_CURVE('',#5601,#5547,#5617,.T.);
#4501=EDGE_CURVE('',#5410,#5602,#5618,.T.);
#4502=EDGE_CURVE('',#5545,#5619,#5620,.T.);
#4503=EDGE_CURVE('',#5619,#5412,#5621,.T.);
#4504=EDGE_CURVE('',#5539,#5619,#5622,.T.);
#4505=EDGE_CURVE('',#5604,#5408,#5623,.T.);
#4506=EDGE_CURVE('',#5624,#5406,#5625,.T.);
#4507=EDGE_CURVE('',#5624,#5626,#5627,.T.);
#4508=EDGE_CURVE('',#5612,#5626,#5628,.T.);
#4509=EDGE_CURVE('',#5629,#5626,#5630,.T.);
#4510=EDGE_CURVE('',#5629,#5631,#5632,.T.);
#4511=EDGE_CURVE('',#5631,#5633,#5634,.T.);
#4512=EDGE_CURVE('',#5633,#5635,#5636,.T.);
#4513=EDGE_CURVE('',#5635,#5637,#5638,.T.);
#4514=EDGE_CURVE('',#5637,#5614,#5639,.T.);
#4515=EDGE_CURVE('',#5637,#5640,#5641,.T.);
#4516=EDGE_CURVE('',#5640,#5642,#5643,.T.);
#4517=EDGE_CURVE('',#5644,#5642,#5645,.T.);
#4518=EDGE_CURVE('',#5042,#5644,#5646,.T.);
#4519=EDGE_CURVE('',#5040,#5647,#5648,.T.);
#4520=EDGE_CURVE('',#5649,#5647,#5650,.T.);
#4521=EDGE_CURVE('',#5551,#5649,#5651,.T.);
#4522=EDGE_CURVE('',#5201,#5652,#5653,.T.);
#4523=EDGE_CURVE('',#5560,#5652,#5654,.T.);
#4524=EDGE_CURVE('',#5655,#5558,#5656,.T.);
#4525=EDGE_CURVE('',#5199,#5655,#5657,.T.);
#4526=EDGE_CURVE('',#5658,#5659,#5660,.T.);
#4527=EDGE_CURVE('',#5007,#5659,#5661,.T.);
#4528=EDGE_CURVE('',#5649,#5658,#5662,.T.);
#4529=EDGE_CURVE('',#4991,#5663,#5664,.T.);
#4530=EDGE_CURVE('',#5208,#5663,#5665,.T.);
#4531=EDGE_CURVE('',#5194,#5666,#5667,.T.);
#4532=EDGE_CURVE('',#5213,#5666,#5668,.T.);
#4533=EDGE_CURVE('',#5020,#5659,#5669,.T.);
#4534=EDGE_CURVE('',#5015,#5655,#5670,.T.);
#4535=EDGE_CURVE('',#5671,#5672,#5673,.T.);
#4536=EDGE_CURVE('',#5672,#5671,#5674,.T.);
#4537=EDGE_CURVE('',#5035,#5663,#5675,.T.);
#4538=EDGE_CURVE('',#5033,#5676,#5677,.T.);
#4539=EDGE_CURVE('',#5676,#5210,#5678,.T.);
#4540=EDGE_CURVE('',#5679,#5658,#5680,.T.);
#4541=EDGE_CURVE('',#5038,#5679,#5681,.T.);
#4542=EDGE_CURVE('',#5676,#5190,#5682,.T.);
#4543=EDGE_CURVE('',#5666,#5027,#5683,.T.);
#4544=EDGE_CURVE('',#5647,#5679,#5684,.T.);
#4545=EDGE_CURVE('',#5185,#5652,#5685,.T.);
#4546=EDGE_CURVE('',#5044,#5686,#5687,.T.);
#4547=EDGE_CURVE('',#5688,#5686,#5689,.T.);
#4548=EDGE_CURVE('',#5688,#5690,#5691,.T.);
#4549=EDGE_CURVE('',#5635,#5690,#5692,.T.);
#4550=EDGE_CURVE('',#5633,#5562,#5693,.T.);
#4551=EDGE_CURVE('',#5609,#5631,#5694,.T.);
#4552=EDGE_CURVE('',#5629,#5695,#5696,.T.);
#4553=EDGE_CURVE('',#5695,#5396,#5697,.T.);
#4554=EDGE_CURVE('',#5624,#5698,#5699,.T.);
#4555=EDGE_CURVE('',#5404,#5700,#5701,.T.);
#4556=EDGE_CURVE('',#5698,#5700,#5702,.T.);
#4557=EDGE_CURVE('',#5398,#5703,#5704,.T.);
#4558=EDGE_CURVE('',#5705,#5695,#5706,.T.);
#4559=EDGE_CURVE('',#5705,#5703,#5707,.T.);
#4560=EDGE_CURVE('',#5708,#5700,#5709,.T.);
#4561=EDGE_CURVE('',#5710,#5708,#5711,.T.);
#4562=EDGE_CURVE('',#5710,#5698,#5712,.T.);
#4563=EDGE_CURVE('',#5713,#5710,#5714,.T.);
#4564=EDGE_CURVE('',#5705,#5713,#5715,.T.);
#4565=EDGE_CURVE('',#5713,#5716,#5717,.T.);
#4566=EDGE_CURVE('',#5716,#5703,#5718,.T.);
#4567=EDGE_CURVE('',#5719,#5703,#5720,.T.);
#4568=EDGE_CURVE('',#5708,#5716,#5721,.T.);
#4569=EDGE_CURVE('',#5722,#5700,#5723,.T.);
#4570=EDGE_CURVE('',#5722,#5719,#5724,.T.);
#4571=EDGE_CURVE('',#5725,#5719,#5726,.T.);
#4572=EDGE_CURVE('',#5727,#5722,#5728,.T.);
#4573=EDGE_CURVE('',#5727,#5640,#5729,.T.);
#4574=EDGE_CURVE('',#5690,#5725,#5730,.T.);
#4575=EDGE_CURVE('',#5688,#5731,#5732,.T.);
#4576=EDGE_CURVE('',#5725,#5731,#5733,.T.);
#4577=EDGE_CURVE('',#5731,#5734,#5735,.T.);
#4578=EDGE_CURVE('',#5400,#5734,#5736,.T.);
#4579=EDGE_CURVE('',#5644,#5737,#5738,.T.);
#4580=EDGE_CURVE('',#5402,#5737,#5739,.T.);
#4581=EDGE_CURVE('',#5734,#5686,#5740,.T.);
#4582=EDGE_CURVE('',#5741,#5737,#5742,.T.);
#4583=EDGE_CURVE('',#5741,#5642,#5743,.T.);
#4584=EDGE_CURVE('',#5741,#5727,#5744,.T.);
#4585=EDGE_CURVE('',#5672,#5745,#5746,.T.);
#4586=EDGE_CURVE('',#5671,#4980,#5747,.T.);
#4587=EDGE_CURVE('',#5745,#4983,#5748,.T.);
#4588=EDGE_CURVE('',#5749,#4984,#5750,.T.);
#4589=EDGE_CURVE('',#5749,#5745,#5751,.T.);
#4590=EDGE_CURVE('',#4975,#5749,#5752,.T.);
#4591=EDGE_CURVE('',#4976,#5745,#5753,.T.);
#4592=EDGE_CURVE('',#5383,#5754,#5755,.T.);
#4593=EDGE_CURVE('',#5242,#5754,#5756,.T.);
#4594=EDGE_CURVE('',#5754,#5757,#5758,.T.);
#4595=EDGE_CURVE('',#5757,#5244,#5759,.T.);
#4596=EDGE_CURVE('',#5381,#5757,#5760,.T.);
#4597=EDGE_CURVE('',#5378,#5761,#5762,.T.);
#4598=EDGE_CURVE('',#5250,#5761,#5763,.T.);
#4599=EDGE_CURVE('',#5761,#5764,#5765,.T.);
#4600=EDGE_CURVE('',#5764,#5252,#5766,.T.);
#4601=EDGE_CURVE('',#5376,#5764,#5767,.T.);
#4602=EDGE_CURVE('',#5373,#5768,#5769,.T.);
#4603=EDGE_CURVE('',#5258,#5768,#5770,.T.);
#4604=EDGE_CURVE('',#5768,#5771,#5772,.T.);
#4605=EDGE_CURVE('',#5771,#5260,#5773,.T.);
#4606=EDGE_CURVE('',#5371,#5771,#5774,.T.);
#4607=EDGE_CURVE('',#5368,#5775,#5776,.T.);
#4608=EDGE_CURVE('',#5266,#5775,#5777,.T.);
#4609=EDGE_CURVE('',#5775,#5778,#5779,.T.);
#4610=EDGE_CURVE('',#5778,#5268,#5780,.T.);
#4611=EDGE_CURVE('',#5366,#5778,#5781,.T.);
#4612=EDGE_CURVE('',#5363,#5782,#5783,.T.);
#4613=EDGE_CURVE('',#5274,#5782,#5784,.T.);
#4614=EDGE_CURVE('',#5782,#5785,#5786,.T.);
#4615=EDGE_CURVE('',#5785,#5276,#5787,.T.);
#4616=EDGE_CURVE('',#5361,#5785,#5788,.T.);
#4617=EDGE_CURVE('',#5358,#5789,#5790,.T.);
#4618=EDGE_CURVE('',#5282,#5789,#5791,.T.);
#4619=EDGE_CURVE('',#5789,#5792,#5793,.T.);
#4620=EDGE_CURVE('',#5792,#5284,#5794,.T.);
#4621=EDGE_CURVE('',#5356,#5792,#5795,.T.);
#4622=EDGE_CURVE('',#5353,#5796,#5797,.T.);
#4623=EDGE_CURVE('',#5290,#5796,#5798,.T.);
#4624=EDGE_CURVE('',#5796,#5799,#5800,.T.);
#4625=EDGE_CURVE('',#5799,#5292,#5801,.T.);
#4626=EDGE_CURVE('',#5351,#5799,#5802,.T.);
#4627=EDGE_CURVE('',#5348,#5803,#5804,.T.);
#4628=EDGE_CURVE('',#5298,#5803,#5805,.T.);
#4629=EDGE_CURVE('',#5803,#5806,#5807,.T.);
#4630=EDGE_CURVE('',#5806,#5300,#5808,.T.);
#4631=EDGE_CURVE('',#5346,#5806,#5809,.T.);
#4632=EDGE_CURVE('',#5810,#5427,#5811,.T.);
#4633=EDGE_CURVE('',#5812,#5810,#5813,.T.);
#4634=EDGE_CURVE('',#5422,#5812,#5814,.T.);
#4635=EDGE_CURVE('',#5815,#5816,#5817,.T.);
#4636=EDGE_CURVE('',#5121,#5815,#5818,.T.);
#4637=EDGE_CURVE('',#5816,#5126,#5819,.T.);
#4638=EDGE_CURVE('',#5478,#5820,#5821,.T.);
#4639=EDGE_CURVE('',#5820,#5822,#5823,.T.);
#4640=EDGE_CURVE('',#5479,#5822,#5824,.T.);
#4641=EDGE_CURVE('',#5812,#5825,#5826,.T.);
#4642=EDGE_CURVE('',#5423,#5825,#5827,.T.);
#4643=EDGE_CURVE('',#5828,#5829,#5830,.T.);
#4644=EDGE_CURVE('',#5829,#5816,#5831,.T.);
#4645=EDGE_CURVE('',#5832,#5124,#5833,.T.);
#4646=EDGE_CURVE('',#5832,#5834,#5835,.T.);
#4647=EDGE_CURVE('',#5834,#5836,#5837,.T.);
#4648=EDGE_CURVE('',#5836,#5828,#5838,.T.);
#4649=EDGE_CURVE('',#5839,#5840,#5841,.T.);
#4650=EDGE_CURVE('',#5840,#5842,#5843,.T.);
#4651=EDGE_CURVE('',#5842,#5182,#5844,.T.);
#4652=EDGE_CURVE('',#5845,#5180,#5846,.T.);
#4653=EDGE_CURVE('',#5845,#5847,#5848,.T.);
#4654=EDGE_CURVE('',#5847,#5849,#5850,.T.);
#4655=EDGE_CURVE('',#5849,#5839,#5851,.T.);
#4656=EDGE_CURVE('',#5822,#5852,#5853,.T.);
#4657=EDGE_CURVE('',#5852,#5481,#5854,.T.);
#4658=EDGE_CURVE('',#5855,#5845,#5856,.T.);
#4659=EDGE_CURVE('',#5178,#5855,#5857,.T.);
#4660=EDGE_CURVE('',#5858,#5852,#5859,.T.);
#4661=EDGE_CURVE('',#5858,#5483,#5860,.T.);
#4662=EDGE_CURVE('',#5861,#5425,#5862,.T.);
#4663=EDGE_CURVE('',#5810,#5861,#5863,.T.);
#4664=EDGE_CURVE('',#5864,#5865,#5866,.T.);
#4665=EDGE_CURVE('',#5867,#5864,#5868,.T.);
#4666=EDGE_CURVE('',#5122,#5867,#5869,.T.);
#4667=EDGE_CURVE('',#5870,#5815,#5871,.T.);
#4668=EDGE_CURVE('',#5872,#5870,#5873,.T.);
#4669=EDGE_CURVE('',#5872,#5865,#5874,.T.);
#4670=EDGE_CURVE('',#5875,#5876,#5877,.T.);
#4671=EDGE_CURVE('',#5855,#5875,#5878,.T.);
#4672=EDGE_CURVE('',#5177,#5879,#5880,.T.);
#4673=EDGE_CURVE('',#5881,#5879,#5882,.T.);
#4674=EDGE_CURVE('',#5883,#5881,#5884,.T.);
#4675=EDGE_CURVE('',#5883,#5876,#5885,.T.);
#4676=EDGE_CURVE('',#5820,#5858,#5886,.T.);
#4677=EDGE_CURVE('',#5879,#5842,#5887,.T.);
#4678=EDGE_CURVE('',#5840,#5881,#5888,.T.);
#4679=EDGE_CURVE('',#5839,#5883,#5889,.T.);
#4680=EDGE_CURVE('',#5839,#5890,#5891,.T.);
#4681=EDGE_CURVE('',#5890,#5892,#5893,.T.);
#4682=EDGE_CURVE('',#5892,#5883,#5894,.T.);
#4683=EDGE_CURVE('',#5892,#5895,#5896,.T.);
#4684=EDGE_CURVE('',#5895,#5876,#5897,.T.);
#4685=EDGE_CURVE('',#5898,#5895,#5899,.T.);
#4686=EDGE_CURVE('',#5898,#5849,#5900,.T.);
#4687=EDGE_CURVE('',#5849,#5876,#5901,.T.);
#4688=EDGE_CURVE('',#5847,#5875,#5902,.T.);
#4689=EDGE_CURVE('',#5898,#5890,#5903,.T.);
#4690=EDGE_CURVE('',#5825,#5861,#5904,.T.);
#4691=EDGE_CURVE('',#5867,#5832,#5905,.T.);
#4692=EDGE_CURVE('',#5834,#5864,#5906,.T.);
#4693=EDGE_CURVE('',#5836,#5865,#5907,.T.);
#4694=EDGE_CURVE('',#5908,#5865,#5909,.T.);
#4695=EDGE_CURVE('',#5910,#5908,#5911,.T.);
#4696=EDGE_CURVE('',#5910,#5836,#5912,.T.);
#4697=EDGE_CURVE('',#5828,#5913,#5914,.T.);
#4698=EDGE_CURVE('',#5910,#5913,#5915,.T.);
#4699=EDGE_CURVE('',#5916,#5908,#5917,.T.);
#4700=EDGE_CURVE('',#5913,#5916,#5918,.T.);
#4701=EDGE_CURVE('',#5916,#5872,#5919,.T.);
#4702=EDGE_CURVE('',#5828,#5872,#5920,.T.);
#4703=EDGE_CURVE('',#5829,#5870,#5921,.T.);
#4704=EDGE_CURVE('',#5922,#5435,#5923,.T.);
#4705=EDGE_CURVE('',#5924,#5922,#5925,.T.);
#4706=EDGE_CURVE('',#5430,#5924,#5926,.T.);
#4707=EDGE_CURVE('',#5129,#5927,#5928,.T.);
#4708=EDGE_CURVE('',#5929,#5134,#5930,.T.);
#4709=EDGE_CURVE('',#5929,#5927,#5931,.T.);
#4710=EDGE_CURVE('',#5924,#5932,#5933,.T.);
#4711=EDGE_CURVE('',#5431,#5932,#5934,.T.);
#4712=EDGE_CURVE('',#5935,#5132,#5936,.T.);
#4713=EDGE_CURVE('',#5935,#5929,#5937,.T.);
#4714=EDGE_CURVE('',#5932,#5938,#5939,.T.);
#4715=EDGE_CURVE('',#5938,#5433,#5940,.T.);
#4716=EDGE_CURVE('',#5130,#5941,#5942,.T.);
#4717=EDGE_CURVE('',#5941,#5935,#5943,.T.);
#4718=EDGE_CURVE('',#5922,#5938,#5944,.T.);
#4719=EDGE_CURVE('',#5941,#5927,#5945,.T.);
#4720=EDGE_CURVE('',#5946,#5927,#5947,.T.);
#4721=EDGE_CURVE('',#5948,#5946,#5949,.T.);
#4722=EDGE_CURVE('',#5948,#5941,#5950,.T.);
#4723=EDGE_CURVE('',#5935,#5951,#5952,.T.);
#4724=EDGE_CURVE('',#5948,#5951,#5953,.T.);
#4725=EDGE_CURVE('',#5954,#5946,#5955,.T.);
#4726=EDGE_CURVE('',#5951,#5954,#5956,.T.);
#4727=EDGE_CURVE('',#5954,#5929,#5957,.T.);
#4728=EDGE_CURVE('',#5958,#5443,#5959,.T.);
#4729=EDGE_CURVE('',#5960,#5958,#5961,.T.);
#4730=EDGE_CURVE('',#5438,#5960,#5962,.T.);
#4731=EDGE_CURVE('',#5137,#5963,#5964,.T.);
#4732=EDGE_CURVE('',#5965,#5142,#5966,.T.);
#4733=EDGE_CURVE('',#5965,#5963,#5967,.T.);
#4734=EDGE_CURVE('',#5960,#5968,#5969,.T.);
#4735=EDGE_CURVE('',#5439,#5968,#5970,.T.);
#4736=EDGE_CURVE('',#5971,#5140,#5972,.T.);
#4737=EDGE_CURVE('',#5971,#5965,#5973,.T.);
#4738=EDGE_CURVE('',#5968,#5974,#5975,.T.);
#4739=EDGE_CURVE('',#5974,#5441,#5976,.T.);
#4740=EDGE_CURVE('',#5138,#5977,#5978,.T.);
#4741=EDGE_CURVE('',#5977,#5971,#5979,.T.);
#4742=EDGE_CURVE('',#5958,#5974,#5980,.T.);
#4743=EDGE_CURVE('',#5977,#5963,#5981,.T.);
#4744=EDGE_CURVE('',#5982,#5963,#5983,.T.);
#4745=EDGE_CURVE('',#5984,#5982,#5985,.T.);
#4746=EDGE_CURVE('',#5984,#5977,#5986,.T.);
#4747=EDGE_CURVE('',#5971,#5987,#5988,.T.);
#4748=EDGE_CURVE('',#5984,#5987,#5989,.T.);
#4749=EDGE_CURVE('',#5990,#5982,#5991,.T.);
#4750=EDGE_CURVE('',#5987,#5990,#5992,.T.);
#4751=EDGE_CURVE('',#5990,#5965,#5993,.T.);
#4752=EDGE_CURVE('',#5994,#5451,#5995,.T.);
#4753=EDGE_CURVE('',#5996,#5994,#5997,.T.);
#4754=EDGE_CURVE('',#5446,#5996,#5998,.T.);
#4755=EDGE_CURVE('',#5145,#5999,#6000,.T.);
#4756=EDGE_CURVE('',#6001,#5150,#6002,.T.);
#4757=EDGE_CURVE('',#6001,#5999,#6003,.T.);
#4758=EDGE_CURVE('',#5996,#6004,#6005,.T.);
#4759=EDGE_CURVE('',#5447,#6004,#6006,.T.);
#4760=EDGE_CURVE('',#6007,#5148,#6008,.T.);
#4761=EDGE_CURVE('',#6007,#6001,#6009,.T.);
#4762=EDGE_CURVE('',#6004,#6010,#6011,.T.);
#4763=EDGE_CURVE('',#6010,#5449,#6012,.T.);
#4764=EDGE_CURVE('',#5146,#6013,#6014,.T.);
#4765=EDGE_CURVE('',#6013,#6007,#6015,.T.);
#4766=EDGE_CURVE('',#5994,#6010,#6016,.T.);
#4767=EDGE_CURVE('',#6013,#5999,#6017,.T.);
#4768=EDGE_CURVE('',#6018,#5999,#6019,.T.);
#4769=EDGE_CURVE('',#6020,#6018,#6021,.T.);
#4770=EDGE_CURVE('',#6020,#6013,#6022,.T.);
#4771=EDGE_CURVE('',#6007,#6023,#6024,.T.);
#4772=EDGE_CURVE('',#6020,#6023,#6025,.T.);
#4773=EDGE_CURVE('',#6026,#6018,#6027,.T.);
#4774=EDGE_CURVE('',#6023,#6026,#6028,.T.);
#4775=EDGE_CURVE('',#6026,#6001,#6029,.T.);
#4776=EDGE_CURVE('',#6030,#5459,#6031,.T.);
#4777=EDGE_CURVE('',#6032,#6030,#6033,.T.);
#4778=EDGE_CURVE('',#5454,#6032,#6034,.T.);
#4779=EDGE_CURVE('',#5153,#6035,#6036,.T.);
#4780=EDGE_CURVE('',#6037,#5158,#6038,.T.);
#4781=EDGE_CURVE('',#6037,#6035,#6039,.T.);
#4782=EDGE_CURVE('',#6032,#6040,#6041,.T.);
#4783=EDGE_CURVE('',#5455,#6040,#6042,.T.);
#4784=EDGE_CURVE('',#6043,#5156,#6044,.T.);
#4785=EDGE_CURVE('',#6043,#6037,#6045,.T.);
#4786=EDGE_CURVE('',#6040,#6046,#6047,.T.);
#4787=EDGE_CURVE('',#6046,#5457,#6048,.T.);
#4788=EDGE_CURVE('',#5154,#6049,#6050,.T.);
#4789=EDGE_CURVE('',#6049,#6043,#6051,.T.);
#4790=EDGE_CURVE('',#6030,#6046,#6052,.T.);
#4791=EDGE_CURVE('',#6049,#6035,#6053,.T.);
#4792=EDGE_CURVE('',#6054,#6035,#6055,.T.);
#4793=EDGE_CURVE('',#6056,#6054,#6057,.T.);
#4794=EDGE_CURVE('',#6056,#6049,#6058,.T.);
#4795=EDGE_CURVE('',#6043,#6059,#6060,.T.);
#4796=EDGE_CURVE('',#6056,#6059,#6061,.T.);
#4797=EDGE_CURVE('',#6062,#6054,#6063,.T.);
#4798=EDGE_CURVE('',#6059,#6062,#6064,.T.);
#4799=EDGE_CURVE('',#6062,#6037,#6065,.T.);
#4800=EDGE_CURVE('',#6066,#5467,#6067,.T.);
#4801=EDGE_CURVE('',#6068,#6066,#6069,.T.);
#4802=EDGE_CURVE('',#5462,#6068,#6070,.T.);
#4803=EDGE_CURVE('',#5161,#6071,#6072,.T.);
#4804=EDGE_CURVE('',#6073,#5166,#6074,.T.);
#4805=EDGE_CURVE('',#6073,#6071,#6075,.T.);
#4806=EDGE_CURVE('',#6068,#6076,#6077,.T.);
#4807=EDGE_CURVE('',#5463,#6076,#6078,.T.);
#4808=EDGE_CURVE('',#6079,#5164,#6080,.T.);
#4809=EDGE_CURVE('',#6079,#6073,#6081,.T.);
#4810=EDGE_CURVE('',#6076,#6082,#6083,.T.);
#4811=EDGE_CURVE('',#6082,#5465,#6084,.T.);
#4812=EDGE_CURVE('',#5162,#6085,#6086,.T.);
#4813=EDGE_CURVE('',#6085,#6079,#6087,.T.);
#4814=EDGE_CURVE('',#6066,#6082,#6088,.T.);
#4815=EDGE_CURVE('',#6085,#6071,#6089,.T.);
#4816=EDGE_CURVE('',#6090,#6071,#6091,.T.);
#4817=EDGE_CURVE('',#6092,#6090,#6093,.T.);
#4818=EDGE_CURVE('',#6092,#6085,#6094,.T.);
#4819=EDGE_CURVE('',#6079,#6095,#6096,.T.);
#4820=EDGE_CURVE('',#6092,#6095,#6097,.T.);
#4821=EDGE_CURVE('',#6098,#6090,#6099,.T.);
#4822=EDGE_CURVE('',#6095,#6098,#6100,.T.);
#4823=EDGE_CURVE('',#6098,#6073,#6101,.T.);
#4824=EDGE_CURVE('',#6102,#5475,#6103,.T.);
#4825=EDGE_CURVE('',#6104,#6102,#6105,.T.);
#4826=EDGE_CURVE('',#5470,#6104,#6106,.T.);
#4827=EDGE_CURVE('',#5169,#6107,#6108,.T.);
#4828=EDGE_CURVE('',#6109,#5174,#6110,.T.);
#4829=EDGE_CURVE('',#6109,#6107,#6111,.T.);
#4830=EDGE_CURVE('',#6104,#6112,#6113,.T.);
#4831=EDGE_CURVE('',#5471,#6112,#6114,.T.);
#4832=EDGE_CURVE('',#6115,#5172,#6116,.T.);
#4833=EDGE_CURVE('',#6115,#6109,#6117,.T.);
#4834=EDGE_CURVE('',#6112,#6118,#6119,.T.);
#4835=EDGE_CURVE('',#6118,#5473,#6120,.T.);
#4836=EDGE_CURVE('',#5170,#6121,#6122,.T.);
#4837=EDGE_CURVE('',#6121,#6115,#6123,.T.);
#4838=EDGE_CURVE('',#6102,#6118,#6124,.T.);
#4839=EDGE_CURVE('',#6121,#6107,#6125,.T.);
#4840=EDGE_CURVE('',#6126,#6107,#6127,.T.);
#4841=EDGE_CURVE('',#6128,#6126,#6129,.T.);
#4842=EDGE_CURVE('',#6128,#6121,#6130,.T.);
#4843=EDGE_CURVE('',#6115,#6131,#6132,.T.);
#4844=EDGE_CURVE('',#6128,#6131,#6133,.T.);
#4845=EDGE_CURVE('',#6134,#6126,#6135,.T.);
#4846=EDGE_CURVE('',#6131,#6134,#6136,.T.);
#4847=EDGE_CURVE('',#6134,#6109,#6137,.T.);
#4848=EDGE_CURVE('',#5054,#6138,#6139,.T.);
#4849=EDGE_CURVE('',#6140,#6138,#6141,.T.);
#4850=EDGE_CURVE('',#5050,#6140,#6142,.T.);
#4851=EDGE_CURVE('',#6143,#6140,#6144,.T.);
#4852=EDGE_CURVE('',#5049,#6143,#6145,.T.);
#4853=EDGE_CURVE('',#6146,#6143,#6147,.T.);
#4854=EDGE_CURVE('',#5052,#6146,#6148,.T.);
#4855=EDGE_CURVE('',#6138,#6146,#6149,.T.);
#4856=EDGE_CURVE('',#5062,#6150,#6151,.T.);
#4857=EDGE_CURVE('',#6152,#6150,#6153,.T.);
#4858=EDGE_CURVE('',#5058,#6152,#6154,.T.);
#4859=EDGE_CURVE('',#6155,#6152,#6156,.T.);
#4860=EDGE_CURVE('',#5057,#6155,#6157,.T.);
#4861=EDGE_CURVE('',#6158,#6155,#6159,.T.);
#4862=EDGE_CURVE('',#5060,#6158,#6160,.T.);
#4863=EDGE_CURVE('',#6150,#6158,#6161,.T.);
#4864=EDGE_CURVE('',#5070,#6162,#6163,.T.);
#4865=EDGE_CURVE('',#6164,#6162,#6165,.T.);
#4866=EDGE_CURVE('',#5066,#6164,#6166,.T.);
#4867=EDGE_CURVE('',#6167,#6164,#6168,.T.);
#4868=EDGE_CURVE('',#5065,#6167,#6169,.T.);
#4869=EDGE_CURVE('',#6170,#6167,#6171,.T.);
#4870=EDGE_CURVE('',#5068,#6170,#6172,.T.);
#4871=EDGE_CURVE('',#6162,#6170,#6173,.T.);
#4872=EDGE_CURVE('',#5078,#6174,#6175,.T.);
#4873=EDGE_CURVE('',#6176,#6174,#6177,.T.);
#4874=EDGE_CURVE('',#5074,#6176,#6178,.T.);
#4875=EDGE_CURVE('',#6179,#6176,#6180,.T.);
#4876=EDGE_CURVE('',#5073,#6179,#6181,.T.);
#4877=EDGE_CURVE('',#6182,#6179,#6183,.T.);
#4878=EDGE_CURVE('',#5076,#6182,#6184,.T.);
#4879=EDGE_CURVE('',#6174,#6182,#6185,.T.);
#4880=EDGE_CURVE('',#5086,#6186,#6187,.T.);
#4881=EDGE_CURVE('',#6188,#6186,#6189,.T.);
#4882=EDGE_CURVE('',#5082,#6188,#6190,.T.);
#4883=EDGE_CURVE('',#6191,#6188,#6192,.T.);
#4884=EDGE_CURVE('',#5081,#6191,#6193,.T.);
#4885=EDGE_CURVE('',#6194,#6191,#6195,.T.);
#4886=EDGE_CURVE('',#5084,#6194,#6196,.T.);
#4887=EDGE_CURVE('',#6186,#6194,#6197,.T.);
#4888=EDGE_CURVE('',#5094,#6198,#6199,.T.);
#4889=EDGE_CURVE('',#6200,#6198,#6201,.T.);
#4890=EDGE_CURVE('',#5090,#6200,#6202,.T.);
#4891=EDGE_CURVE('',#6203,#6200,#6204,.T.);
#4892=EDGE_CURVE('',#5089,#6203,#6205,.T.);
#4893=EDGE_CURVE('',#6206,#6203,#6207,.T.);
#4894=EDGE_CURVE('',#5092,#6206,#6208,.T.);
#4895=EDGE_CURVE('',#6198,#6206,#6209,.T.);
#4896=EDGE_CURVE('',#5102,#6210,#6211,.T.);
#4897=EDGE_CURVE('',#6212,#6210,#6213,.T.);
#4898=EDGE_CURVE('',#5098,#6212,#6214,.T.);
#4899=EDGE_CURVE('',#6215,#6212,#6216,.T.);
#4900=EDGE_CURVE('',#5097,#6215,#6217,.T.);
#4901=EDGE_CURVE('',#6218,#6215,#6219,.T.);
#4902=EDGE_CURVE('',#5100,#6218,#6220,.T.);
#4903=EDGE_CURVE('',#6210,#6218,#6221,.T.);
#4904=EDGE_CURVE('',#5110,#6222,#6223,.T.);
#4905=EDGE_CURVE('',#6224,#6222,#6225,.T.);
#4906=EDGE_CURVE('',#5106,#6224,#6226,.T.);
#4907=EDGE_CURVE('',#6227,#6224,#6228,.T.);
#4908=EDGE_CURVE('',#5105,#6227,#6229,.T.);
#4909=EDGE_CURVE('',#6230,#6227,#6231,.T.);
#4910=EDGE_CURVE('',#5108,#6230,#6232,.T.);
#4911=EDGE_CURVE('',#6222,#6230,#6233,.T.);
#4912=EDGE_CURVE('',#5118,#6234,#6235,.T.);
#4913=EDGE_CURVE('',#6236,#6234,#6237,.T.);
#4914=EDGE_CURVE('',#5114,#6236,#6238,.T.);
#4915=EDGE_CURVE('',#6239,#6236,#6240,.T.);
#4916=EDGE_CURVE('',#5113,#6239,#6241,.T.);
#4917=EDGE_CURVE('',#6242,#6239,#6243,.T.);
#4918=EDGE_CURVE('',#5116,#6242,#6244,.T.);
#4919=EDGE_CURVE('',#6234,#6242,#6245,.T.);
#4920=CARTESIAN_POINT('',(9.0,2.0,0.0));
#4921=DIRECTION('',(0.0,0.0,-1.0));
#4922=DIRECTION('',(-1.0,0.0,0.0));
#4923=CARTESIAN_POINT('',(9.0,2.0,0.0));
#4924=DIRECTION('',(0.0,0.0,-1.0));
#4925=DIRECTION('',(1.0,0.0,0.0));
#4926=CARTESIAN_POINT('',(7.0,0.1,0.0));
#4927=DIRECTION('',(0.0,0.0,-1.0));
#4928=DIRECTION('',(0.0,1.0,0.0));
#4929=CARTESIAN_POINT('',(7.0,0.1,0.0));
#4930=DIRECTION('',(0.0,0.0,-1.0));
#4931=DIRECTION('',(0.0,-1.0,0.0));
#4932=CARTESIAN_POINT('',(5.0,0.1,0.0));
#4933=DIRECTION('',(0.0,0.0,-1.0));
#4934=DIRECTION('',(0.0,1.0,0.0));
#4935=CARTESIAN_POINT('',(5.0,0.1,0.0));
#4936=DIRECTION('',(0.0,0.0,-1.0));
#4937=DIRECTION('',(0.0,-1.0,0.0));
#4938=CARTESIAN_POINT('',(3.0,0.1,0.0));
#4939=DIRECTION('',(0.0,0.0,-1.0));
#4940=DIRECTION('',(0.0,1.0,0.0));
#4941=CARTESIAN_POINT('',(3.0,0.1,0.0));
#4942=DIRECTION('',(0.0,0.0,-1.0));
#4943=DIRECTION('',(0.0,-1.0,0.0));
#4944=CARTESIAN_POINT('',(1.0,0.1,0.0));
#4945=DIRECTION('',(0.0,0.0,-1.0));
#4946=DIRECTION('',(0.0,1.0,0.0));
#4947=CARTESIAN_POINT('',(1.0,0.1,0.0));
#4948=DIRECTION('',(0.0,0.0,-1.0));
#4949=DIRECTION('',(0.0,-1.0,0.0));
#4950=CARTESIAN_POINT('',(-1.0,0.1,0.0));
#4951=DIRECTION('',(0.0,0.0,-1.0));
#4952=DIRECTION('',(0.0,1.0,0.0));
#4953=CARTESIAN_POINT('',(-1.0,0.1,0.0));
#4954=DIRECTION('',(0.0,0.0,-1.0));
#4955=DIRECTION('',(0.0,-1.0,0.0));
#4956=CARTESIAN_POINT('',(-3.0,0.1,0.0));
#4957=DIRECTION('',(0.0,0.0,-1.0));
#4958=DIRECTION('',(0.0,1.0,0.0));
#4959=CARTESIAN_POINT('',(-3.0,0.1,0.0));
#4960=DIRECTION('',(0.0,0.0,-1.0));
#4961=DIRECTION('',(0.0,-1.0,0.0));
#4962=CARTESIAN_POINT('',(-5.0,0.1,0.0));
#4963=DIRECTION('',(0.0,0.0,-1.0));
#4964=DIRECTION('',(0.0,1.0,0.0));
#4965=CARTESIAN_POINT('',(-5.0,0.1,0.0));
#4966=DIRECTION('',(0.0,0.0,-1.0));
#4967=DIRECTION('',(0.0,-1.0,0.0));
#4968=CARTESIAN_POINT('',(-7.0,0.1,0.0));
#4969=DIRECTION('',(0.0,0.0,-1.0));
#4970=DIRECTION('',(0.0,1.0,0.0));
#4971=CARTESIAN_POINT('',(-7.0,0.1,0.0));
#4972=DIRECTION('',(0.0,0.0,-1.0));
#4973=DIRECTION('',(0.0,-1.0,0.0));
#4974=DIRECTION('',(0.0,0.0,-1.0));
#4975=VERTEX_POINT('',#6246);
#4976=VERTEX_POINT('',#6247);
#4977=LINE('',#6248,#6249);
#4978=VERTEX_POINT('',#6250);
#4979=CIRCLE('',#6251,0.3);
#4980=VERTEX_POINT('',#6252);
#4981=LINE('',#6253,#6254);
#4982=CIRCLE('',#6255,0.5);
#4983=VERTEX_POINT('',#6256);
#4984=VERTEX_POINT('',#6257);
#4985=LINE('',#6258,#6259);
#4986=CIRCLE('',#6260,0.5);
#4987=CIRCLE('',#6261,0.3);
#4988=VERTEX_POINT('',#6262);
#4989=VERTEX_POINT('',#6263);
#4990=LINE('',#6264,#6265);
#4991=VERTEX_POINT('',#6266);
#4992=LINE('',#6267,#6268);
#4993=VERTEX_POINT('',#6269);
#4994=LINE('',#6270,#6271);
#4995=VERTEX_POINT('',#6272);
#4996=LINE('',#6273,#6274);
#4997=VERTEX_POINT('',#6275);
#4998=LINE('',#6276,#6277);
#4999=VERTEX_POINT('',#6278);
#5000=LINE('',#6279,#6280);
#5001=VERTEX_POINT('',#6281);
#5002=LINE('',#6282,#6283);
#5003=VERTEX_POINT('',#6284);
#5004=LINE('',#6285,#6286);
#5005=VERTEX_POINT('',#6287);
#5006=LINE('',#6288,#6289);
#5007=VERTEX_POINT('',#6290);
#5008=LINE('',#6291,#6292);
#5009=VERTEX_POINT('',#6293);
#5010=LINE('',#6294,#6295);
#5011=LINE('',#6296,#6297);
#5012=VERTEX_POINT('',#6298);
#5013=VERTEX_POINT('',#6299);
#5014=LINE('',#6300,#6301);
#5015=VERTEX_POINT('',#6302);
#5016=LINE('',#6303,#6304);
#5017=VERTEX_POINT('',#6305);
#5018=LINE('',#6306,#6307);
#5019=LINE('',#6308,#6309);
#5020=VERTEX_POINT('',#6310);
#5021=LINE('',#6311,#6312);
#5022=VERTEX_POINT('',#6313);
#5023=LINE('',#6314,#6315);
#5024=LINE('',#6316,#6317);
#5025=VERTEX_POINT('',#6318);
#5026=LINE('',#6319,#6320);
#5027=VERTEX_POINT('',#6321);
#5028=LINE('',#6322,#6323);
#5029=VERTEX_POINT('',#6324);
#5030=LINE('',#6325,#6326);
#5031=VERTEX_POINT('',#6327);
#5032=LINE('',#6328,#6329);
#5033=VERTEX_POINT('',#6330);
#5034=LINE('',#6331,#6332);
#5035=VERTEX_POINT('',#6333);
#5036=LINE('',#6334,#6335);
#5037=LINE('',#6336,#6337);
#5038=VERTEX_POINT('',#6338);
#5039=LINE('',#6339,#6340);
#5040=VERTEX_POINT('',#6341);
#5041=LINE('',#6342,#6343);
#5042=VERTEX_POINT('',#6344);
#5043=LINE('',#6345,#6346);
#5044=VERTEX_POINT('',#6347);
#5045=LINE('',#6348,#6349);
#5046=VERTEX_POINT('',#6350);
#5047=LINE('',#6351,#6352);
#5048=LINE('',#6353,#6354);
#5049=VERTEX_POINT('',#6355);
#5050=VERTEX_POINT('',#6356);
#5051=LINE('',#6357,#6358);
#5052=VERTEX_POINT('',#6359);
#5053=LINE('',#6360,#6361);
#5054=VERTEX_POINT('',#6362);
#5055=LINE('',#6363,#6364);
#5056=LINE('',#6365,#6366);
#5057=VERTEX_POINT('',#6367);
#5058=VERTEX_POINT('',#6368);
#5059=LINE('',#6369,#6370);
#5060=VERTEX_POINT('',#6371);
#5061=LINE('',#6372,#6373);
#5062=VERTEX_POINT('',#6374);
#5063=LINE('',#6375,#6376);
#5064=LINE('',#6377,#6378);
#5065=VERTEX_POINT('',#6379);
#5066=VERTEX_POINT('',#6380);
#5067=LINE('',#6381,#6382);
#5068=VERTEX_POINT('',#6383);
#5069=LINE('',#6384,#6385);
#5070=VERTEX_POINT('',#6386);
#5071=LINE('',#6387,#6388);
#5072=LINE('',#6389,#6390);
#5073=VERTEX_POINT('',#6391);
#5074=VERTEX_POINT('',#6392);
#5075=LINE('',#6393,#6394);
#5076=VERTEX_POINT('',#6395);
#5077=LINE('',#6396,#6397);
#5078=VERTEX_POINT('',#6398);
#5079=LINE('',#6399,#6400);
#5080=LINE('',#6401,#6402);
#5081=VERTEX_POINT('',#6403);
#5082=VERTEX_POINT('',#6404);
#5083=LINE('',#6405,#6406);
#5084=VERTEX_POINT('',#6407);
#5085=LINE('',#6408,#6409);
#5086=VERTEX_POINT('',#6410);
#5087=LINE('',#6411,#6412);
#5088=LINE('',#6413,#6414);
#5089=VERTEX_POINT('',#6415);
#5090=VERTEX_POINT('',#6416);
#5091=LINE('',#6417,#6418);
#5092=VERTEX_POINT('',#6419);
#5093=LINE('',#6420,#6421);
#5094=VERTEX_POINT('',#6422);
#5095=LINE('',#6423,#6424);
#5096=LINE('',#6425,#6426);
#5097=VERTEX_POINT('',#6427);
#5098=VERTEX_POINT('',#6428);
#5099=LINE('',#6429,#6430);
#5100=VERTEX_POINT('',#6431);
#5101=LINE('',#6432,#6433);
#5102=VERTEX_POINT('',#6434);
#5103=LINE('',#6435,#6436);
#5104=LINE('',#6437,#6438);
#5105=VERTEX_POINT('',#6439);
#5106=VERTEX_POINT('',#6440);
#5107=LINE('',#6441,#6442);
#5108=VERTEX_POINT('',#6443);
#5109=LINE('',#6444,#6445);
#5110=VERTEX_POINT('',#6446);
#5111=LINE('',#6447,#6448);
#5112=LINE('',#6449,#6450);
#5113=VERTEX_POINT('',#6451);
#5114=VERTEX_POINT('',#6452);
#5115=LINE('',#6453,#6454);
#5116=VERTEX_POINT('',#6455);
#5117=LINE('',#6456,#6457);
#5118=VERTEX_POINT('',#6458);
#5119=LINE('',#6459,#6460);
#5120=LINE('',#6461,#6462);
#5121=VERTEX_POINT('',#6463);
#5122=VERTEX_POINT('',#6464);
#5123=LINE('',#6465,#6466);
#5124=VERTEX_POINT('',#6467);
#5125=LINE('',#6468,#6469);
#5126=VERTEX_POINT('',#6470);
#5127=LINE('',#6471,#6472);
#5128=LINE('',#6473,#6474);
#5129=VERTEX_POINT('',#6475);
#5130=VERTEX_POINT('',#6476);
#5131=LINE('',#6477,#6478);
#5132=VERTEX_POINT('',#6479);
#5133=LINE('',#6480,#6481);
#5134=VERTEX_POINT('',#6482);
#5135=LINE('',#6483,#6484);
#5136=LINE('',#6485,#6486);
#5137=VERTEX_POINT('',#6487);
#5138=VERTEX_POINT('',#6488);
#5139=LINE('',#6489,#6490);
#5140=VERTEX_POINT('',#6491);
#5141=LINE('',#6492,#6493);
#5142=VERTEX_POINT('',#6494);
#5143=LINE('',#6495,#6496);
#5144=LINE('',#6497,#6498);
#5145=VERTEX_POINT('',#6499);
#5146=VERTEX_POINT('',#6500);
#5147=LINE('',#6501,#6502);
#5148=VERTEX_POINT('',#6503);
#5149=LINE('',#6504,#6505);
#5150=VERTEX_POINT('',#6506);
#5151=LINE('',#6507,#6508);
#5152=LINE('',#6509,#6510);
#5153=VERTEX_POINT('',#6511);
#5154=VERTEX_POINT('',#6512);
#5155=LINE('',#6513,#6514);
#5156=VERTEX_POINT('',#6515);
#5157=LINE('',#6516,#6517);
#5158=VERTEX_POINT('',#6518);
#5159=LINE('',#6519,#6520);
#5160=LINE('',#6521,#6522);
#5161=VERTEX_POINT('',#6523);
#5162=VERTEX_POINT('',#6524);
#5163=LINE('',#6525,#6526);
#5164=VERTEX_POINT('',#6527);
#5165=LINE('',#6528,#6529);
#5166=VERTEX_POINT('',#6530);
#5167=LINE('',#6531,#6532);
#5168=LINE('',#6533,#6534);
#5169=VERTEX_POINT('',#6535);
#5170=VERTEX_POINT('',#6536);
#5171=LINE('',#6537,#6538);
#5172=VERTEX_POINT('',#6539);
#5173=LINE('',#6540,#6541);
#5174=VERTEX_POINT('',#6542);
#5175=LINE('',#6543,#6544);
#5176=LINE('',#6545,#6546);
#5177=VERTEX_POINT('',#6547);
#5178=VERTEX_POINT('',#6548);
#5179=LINE('',#6549,#6550);
#5180=VERTEX_POINT('',#6551);
#5181=LINE('',#6552,#6553);
#5182=VERTEX_POINT('',#6554);
#5183=LINE('',#6555,#6556);
#5184=LINE('',#6557,#6558);
#5185=VERTEX_POINT('',#6559);
#5186=LINE('',#6560,#6561);
#5187=VERTEX_POINT('',#6562);
#5188=LINE('',#6563,#6564);
#5189=LINE('',#6565,#6566);
#5190=VERTEX_POINT('',#6567);
#5191=VERTEX_POINT('',#6568);
#5192=LINE('',#6569,#6570);
#5193=LINE('',#6571,#6572);
#5194=VERTEX_POINT('',#6573);
#5195=LINE('',#6574,#6575);
#5196=VERTEX_POINT('',#6576);
#5197=LINE('',#6577,#6578);
#5198=LINE('',#6579,#6580);
#5199=VERTEX_POINT('',#6581);
#5200=LINE('',#6582,#6583);
#5201=VERTEX_POINT('',#6584);
#5202=LINE('',#6585,#6586);
#5203=LINE('',#6587,#6588);
#5204=VERTEX_POINT('',#6589);
#5205=VERTEX_POINT('',#6590);
#5206=LINE('',#6591,#6592);
#5207=LINE('',#6593,#6594);
#5208=VERTEX_POINT('',#6595);
#5209=LINE('',#6596,#6597);
#5210=VERTEX_POINT('',#6598);
#5211=LINE('',#6599,#6600);
#5212=LINE('',#6601,#6602);
#5213=VERTEX_POINT('',#6603);
#5214=LINE('',#6604,#6605);
#5215=VERTEX_POINT('',#6606);
#5216=LINE('',#6607,#6608);
#5217=VERTEX_POINT('',#6609);
#5218=LINE('',#6610,#6611);
#5219=VERTEX_POINT('',#6612);
#5220=LINE('',#6613,#6614);
#5221=LINE('',#6615,#6616);
#5222=VERTEX_POINT('',#6617);
#5223=LINE('',#6618,#6619);
#5224=VERTEX_POINT('',#6620);
#5225=LINE('',#6621,#6622);
#5226=LINE('',#6623,#6624);
#5227=VERTEX_POINT('',#6625);
#5228=LINE('',#6626,#6627);
#5229=VERTEX_POINT('',#6628);
#5230=LINE('',#6629,#6630);
#5231=LINE('',#6631,#6632);
#5232=VERTEX_POINT('',#6633);
#5233=VERTEX_POINT('',#6634);
#5234=LINE('',#6635,#6636);
#5235=LINE('',#6637,#6638);
#5236=LINE('',#6639,#6640);
#5237=VERTEX_POINT('',#6641);
#5238=VERTEX_POINT('',#6642);
#5239=LINE('',#6643,#6644);
#5240=VERTEX_POINT('',#6645);
#5241=LINE('',#6646,#6647);
#5242=VERTEX_POINT('',#6648);
#5243=LINE('',#6649,#6650);
#5244=VERTEX_POINT('',#6651);
#5245=LINE('',#6652,#6653);
#5246=VERTEX_POINT('',#6654);
#5247=LINE('',#6655,#6656);
#5248=VERTEX_POINT('',#6657);
#5249=LINE('',#6658,#6659);
#5250=VERTEX_POINT('',#6660);
#5251=LINE('',#6661,#6662);
#5252=VERTEX_POINT('',#6663);
#5253=LINE('',#6664,#6665);
#5254=VERTEX_POINT('',#6666);
#5255=LINE('',#6667,#6668);
#5256=VERTEX_POINT('',#6669);
#5257=LINE('',#6670,#6671);
#5258=VERTEX_POINT('',#6672);
#5259=LINE('',#6673,#6674);
#5260=VERTEX_POINT('',#6675);
#5261=LINE('',#6676,#6677);
#5262=VERTEX_POINT('',#6678);
#5263=LINE('',#6679,#6680);
#5264=VERTEX_POINT('',#6681);
#5265=LINE('',#6682,#6683);
#5266=VERTEX_POINT('',#6684);
#5267=LINE('',#6685,#6686);
#5268=VERTEX_POINT('',#6687);
#5269=LINE('',#6688,#6689);
#5270=VERTEX_POINT('',#6690);
#5271=LINE('',#6691,#6692);
#5272=VERTEX_POINT('',#6693);
#5273=LINE('',#6694,#6695);
#5274=VERTEX_POINT('',#6696);
#5275=LINE('',#6697,#6698);
#5276=VERTEX_POINT('',#6699);
#5277=LINE('',#6700,#6701);
#5278=VERTEX_POINT('',#6702);
#5279=LINE('',#6703,#6704);
#5280=VERTEX_POINT('',#6705);
#5281=LINE('',#6706,#6707);
#5282=VERTEX_POINT('',#6708);
#5283=LINE('',#6709,#6710);
#5284=VERTEX_POINT('',#6711);
#5285=LINE('',#6712,#6713);
#5286=VERTEX_POINT('',#6714);
#5287=LINE('',#6715,#6716);
#5288=VERTEX_POINT('',#6717);
#5289=LINE('',#6718,#6719);
#5290=VERTEX_POINT('',#6720);
#5291=LINE('',#6721,#6722);
#5292=VERTEX_POINT('',#6723);
#5293=LINE('',#6724,#6725);
#5294=VERTEX_POINT('',#6726);
#5295=LINE('',#6727,#6728);
#5296=VERTEX_POINT('',#6729);
#5297=LINE('',#6730,#6731);
#5298=VERTEX_POINT('',#6732);
#5299=LINE('',#6733,#6734);
#5300=VERTEX_POINT('',#6735);
#5301=LINE('',#6736,#6737);
#5302=VERTEX_POINT('',#6738);
#5303=LINE('',#6739,#6740);
#5304=VERTEX_POINT('',#6741);
#5305=LINE('',#6742,#6743);
#5306=VERTEX_POINT('',#6744);
#5307=LINE('',#6745,#6746);
#5308=VERTEX_POINT('',#6747);
#5309=LINE('',#6748,#6749);
#5310=VERTEX_POINT('',#6750);
#5311=LINE('',#6751,#6752);
#5312=VERTEX_POINT('',#6753);
#5313=LINE('',#6754,#6755);
#5314=LINE('',#6756,#6757);
#5315=VERTEX_POINT('',#6758);
#5316=LINE('',#6759,#6760);
#5317=LINE('',#6761,#6762);
#5318=VERTEX_POINT('',#6763);
#5319=LINE('',#6764,#6765);
#5320=VERTEX_POINT('',#6766);
#5321=LINE('',#6767,#6768);
#5322=LINE('',#6769,#6770);
#5323=LINE('',#6771,#6772);
#5324=VERTEX_POINT('',#6773);
#5325=LINE('',#6774,#6775);
#5326=VERTEX_POINT('',#6776);
#5327=LINE('',#6777,#6778);
#5328=LINE('',#6779,#6780);
#5329=VERTEX_POINT('',#6781);
#5330=LINE('',#6782,#6783);
#5331=LINE('',#6784,#6785);
#5332=VERTEX_POINT('',#6786);
#5333=LINE('',#6787,#6788);
#5334=LINE('',#6789,#6790);
#5335=VERTEX_POINT('',#6791);
#5336=LINE('',#6792,#6793);
#5337=VERTEX_POINT('',#6794);
#5338=LINE('',#6795,#6796);
#5339=VERTEX_POINT('',#6797);
#5340=LINE('',#6798,#6799);
#5341=LINE('',#6800,#6801);
#5342=VERTEX_POINT('',#6802);
#5343=VERTEX_POINT('',#6803);
#5344=LINE('',#6804,#6805);
#5345=LINE('',#6806,#6807);
#5346=VERTEX_POINT('',#6808);
#5347=LINE('',#6809,#6810);
#5348=VERTEX_POINT('',#6811);
#5349=LINE('',#6812,#6813);
#5350=LINE('',#6814,#6815);
#5351=VERTEX_POINT('',#6816);
#5352=LINE('',#6817,#6818);
#5353=VERTEX_POINT('',#6819);
#5354=LINE('',#6820,#6821);
#5355=LINE('',#6822,#6823);
#5356=VERTEX_POINT('',#6824);
#5357=LINE('',#6825,#6826);
#5358=VERTEX_POINT('',#6827);
#5359=LINE('',#6828,#6829);
#5360=LINE('',#6830,#6831);
#5361=VERTEX_POINT('',#6832);
#5362=LINE('',#6833,#6834);
#5363=VERTEX_POINT('',#6835);
#5364=LINE('',#6836,#6837);
#5365=LINE('',#6838,#6839);
#5366=VERTEX_POINT('',#6840);
#5367=LINE('',#6841,#6842);
#5368=VERTEX_POINT('',#6843);
#5369=LINE('',#6844,#6845);
#5370=LINE('',#6846,#6847);
#5371=VERTEX_POINT('',#6848);
#5372=LINE('',#6849,#6850);
#5373=VERTEX_POINT('',#6851);
#5374=LINE('',#6852,#6853);
#5375=LINE('',#6854,#6855);
#5376=VERTEX_POINT('',#6856);
#5377=LINE('',#6857,#6858);
#5378=VERTEX_POINT('',#6859);
#5379=LINE('',#6860,#6861);
#5380=LINE('',#6862,#6863);
#5381=VERTEX_POINT('',#6864);
#5382=LINE('',#6865,#6866);
#5383=VERTEX_POINT('',#6867);
#5384=LINE('',#6868,#6869);
#5385=LINE('',#6870,#6871);
#5386=VERTEX_POINT('',#6872);
#5387=LINE('',#6873,#6874);
#5388=VERTEX_POINT('',#6875);
#5389=LINE('',#6876,#6877);
#5390=VERTEX_POINT('',#6878);
#5391=LINE('',#6879,#6880);
#5392=VERTEX_POINT('',#6881);
#5393=LINE('',#6882,#6883);
#5394=VERTEX_POINT('',#6884);
#5395=LINE('',#6885,#6886);
#5396=VERTEX_POINT('',#6887);
#5397=LINE('',#6888,#6889);
#5398=VERTEX_POINT('',#6890);
#5399=LINE('',#6891,#6892);
#5400=VERTEX_POINT('',#6893);
#5401=LINE('',#6894,#6895);
#5402=VERTEX_POINT('',#6896);
#5403=LINE('',#6897,#6898);
#5404=VERTEX_POINT('',#6899);
#5405=LINE('',#6900,#6901);
#5406=VERTEX_POINT('',#6902);
#5407=LINE('',#6903,#6904);
#5408=VERTEX_POINT('',#6905);
#5409=LINE('',#6906,#6907);
#5410=VERTEX_POINT('',#6908);
#5411=LINE('',#6909,#6910);
#5412=VERTEX_POINT('',#6911);
#5413=LINE('',#6912,#6913);
#5414=VERTEX_POINT('',#6914);
#5415=LINE('',#6915,#6916);
#5416=VERTEX_POINT('',#6917);
#5417=LINE('',#6918,#6919);
#5418=VERTEX_POINT('',#6920);
#5419=LINE('',#6921,#6922);
#5420=LINE('',#6923,#6924);
#5421=LINE('',#6925,#6926);
#5422=VERTEX_POINT('',#6927);
#5423=VERTEX_POINT('',#6928);
#5424=LINE('',#6929,#6930);
#5425=VERTEX_POINT('',#6931);
#5426=LINE('',#6932,#6933);
#5427=VERTEX_POINT('',#6934);
#5428=LINE('',#6935,#6936);
#5429=LINE('',#6937,#6938);
#5430=VERTEX_POINT('',#6939);
#5431=VERTEX_POINT('',#6940);
#5432=LINE('',#6941,#6942);
#5433=VERTEX_POINT('',#6943);
#5434=LINE('',#6944,#6945);
#5435=VERTEX_POINT('',#6946);
#5436=LINE('',#6947,#6948);
#5437=LINE('',#6949,#6950);
#5438=VERTEX_POINT('',#6951);
#5439=VERTEX_POINT('',#6952);
#5440=LINE('',#6953,#6954);
#5441=VERTEX_POINT('',#6955);
#5442=LINE('',#6956,#6957);
#5443=VERTEX_POINT('',#6958);
#5444=LINE('',#6959,#6960);
#5445=LINE('',#6961,#6962);
#5446=VERTEX_POINT('',#6963);
#5447=VERTEX_POINT('',#6964);
#5448=LINE('',#6965,#6966);
#5449=VERTEX_POINT('',#6967);
#5450=LINE('',#6968,#6969);
#5451=VERTEX_POINT('',#6970);
#5452=LINE('',#6971,#6972);
#5453=LINE('',#6973,#6974);
#5454=VERTEX_POINT('',#6975);
#5455=VERTEX_POINT('',#6976);
#5456=LINE('',#6977,#6978);
#5457=VERTEX_POINT('',#6979);
#5458=LINE('',#6980,#6981);
#5459=VERTEX_POINT('',#6982);
#5460=LINE('',#6983,#6984);
#5461=LINE('',#6985,#6986);
#5462=VERTEX_POINT('',#6987);
#5463=VERTEX_POINT('',#6988);
#5464=LINE('',#6989,#6990);
#5465=VERTEX_POINT('',#6991);
#5466=LINE('',#6992,#6993);
#5467=VERTEX_POINT('',#6994);
#5468=LINE('',#6995,#6996);
#5469=LINE('',#6997,#6998);
#5470=VERTEX_POINT('',#6999);
#5471=VERTEX_POINT('',#7000);
#5472=LINE('',#7001,#7002);
#5473=VERTEX_POINT('',#7003);
#5474=LINE('',#7004,#7005);
#5475=VERTEX_POINT('',#7006);
#5476=LINE('',#7007,#7008);
#5477=LINE('',#7009,#7010);
#5478=VERTEX_POINT('',#7011);
#5479=VERTEX_POINT('',#7012);
#5480=LINE('',#7013,#7014);
#5481=VERTEX_POINT('',#7015);
#5482=LINE('',#7016,#7017);
#5483=VERTEX_POINT('',#7018);
#5484=LINE('',#7019,#7020);
#5485=LINE('',#7021,#7022);
#5486=VERTEX_POINT('',#7023);
#5487=LINE('',#7024,#7025);
#5488=LINE('',#7026,#7027);
#5489=VERTEX_POINT('',#7028);
#5490=LINE('',#7029,#7030);
#5491=LINE('',#7031,#7032);
#5492=LINE('',#7033,#7034);
#5493=VERTEX_POINT('',#7035);
#5494=LINE('',#7036,#7037);
#5495=VERTEX_POINT('',#7038);
#5496=LINE('',#7039,#7040);
#5497=VERTEX_POINT('',#7041);
#5498=LINE('',#7042,#7043);
#5499=LINE('',#7044,#7045);
#5500=LINE('',#7046,#7047);
#5501=VERTEX_POINT('',#7048);
#5502=LINE('',#7049,#7050);
#5503=LINE('',#7051,#7052);
#5504=LINE('',#7053,#7054);
#5505=VERTEX_POINT('',#7055);
#5506=LINE('',#7056,#7057);
#5507=VERTEX_POINT('',#7058);
#5508=LINE('',#7059,#7060);
#5509=LINE('',#7061,#7062);
#5510=VERTEX_POINT('',#7063);
#5511=VERTEX_POINT('',#7064);
#5512=LINE('',#7065,#7066);
#5513=VERTEX_POINT('',#7067);
#5514=LINE('',#7068,#7069);
#5515=LINE('',#7070,#7071);
#5516=LINE('',#7072,#7073);
#5517=VERTEX_POINT('',#7074);
#5518=LINE('',#7075,#7076);
#5519=VERTEX_POINT('',#7077);
#5520=LINE('',#7078,#7079);
#5521=VERTEX_POINT('',#7080);
#5522=LINE('',#7081,#7082);
#5523=VERTEX_POINT('',#7083);
#5524=LINE('',#7084,#7085);
#5525=LINE('',#7086,#7087);
#5526=LINE('',#7088,#7089);
#5527=VERTEX_POINT('',#7090);
#5528=LINE('',#7091,#7092);
#5529=LINE('',#7093,#7094);
#5530=VERTEX_POINT('',#7095);
#5531=LINE('',#7096,#7097);
#5532=LINE('',#7098,#7099);
#5533=VERTEX_POINT('',#7100);
#5534=VERTEX_POINT('',#7101);
#5535=LINE('',#7102,#7103);
#5536=LINE('',#7104,#7105);
#5537=LINE('',#7106,#7107);
#5538=LINE('',#7108,#7109);
#5539=VERTEX_POINT('',#7110);
#5540=LINE('',#7111,#7112);
#5541=LINE('',#7113,#7114);
#5542=VERTEX_POINT('',#7115);
#5543=LINE('',#7116,#7117);
#5544=LINE('',#7118,#7119);
#5545=VERTEX_POINT('',#7120);
#5546=LINE('',#7121,#7122);
#5547=VERTEX_POINT('',#7123);
#5548=LINE('',#7124,#7125);
#5549=VERTEX_POINT('',#7126);
#5550=LINE('',#7127,#7128);
#5551=VERTEX_POINT('',#7129);
#5552=LINE('',#7130,#7131);
#5553=LINE('',#7132,#7133);
#5554=LINE('',#7134,#7135);
#5555=VERTEX_POINT('',#7136);
#5556=VERTEX_POINT('',#7137);
#5557=LINE('',#7138,#7139);
#5558=VERTEX_POINT('',#7140);
#5559=LINE('',#7141,#7142);
#5560=VERTEX_POINT('',#7143);
#5561=LINE('',#7144,#7145);
#5562=VERTEX_POINT('',#7146);
#5563=LINE('',#7147,#7148);
#5564=VERTEX_POINT('',#7149);
#5565=LINE('',#7150,#7151);
#5566=VERTEX_POINT('',#7152);
#5567=LINE('',#7153,#7154);
#5568=VERTEX_POINT('',#7155);
#5569=LINE('',#7156,#7157);
#5570=LINE('',#7158,#7159);
#5571=LINE('',#7160,#7161);
#5572=LINE('',#7162,#7163);
#5573=VERTEX_POINT('',#7164);
#5574=LINE('',#7165,#7166);
#5575=VERTEX_POINT('',#7167);
#5576=LINE('',#7168,#7169);
#5577=LINE('',#7170,#7171);
#5578=VERTEX_POINT('',#7172);
#5579=LINE('',#7173,#7174);
#5580=LINE('',#7175,#7176);
#5581=VERTEX_POINT('',#7177);
#5582=LINE('',#7178,#7179);
#5583=LINE('',#7180,#7181);
#5584=LINE('',#7182,#7183);
#5585=LINE('',#7184,#7185);
#5586=LINE('',#7186,#7187);
#5587=LINE('',#7188,#7189);
#5588=VERTEX_POINT('',#7190);
#5589=LINE('',#7191,#7192);
#5590=LINE('',#7193,#7194);
#5591=LINE('',#7195,#7196);
#5592=LINE('',#7197,#7198);
#5593=VERTEX_POINT('',#7199);
#5594=LINE('',#7200,#7201);
#5595=VERTEX_POINT('',#7202);
#5596=LINE('',#7203,#7204);
#5597=LINE('',#7205,#7206);
#5598=VERTEX_POINT('',#7207);
#5599=LINE('',#7208,#7209);
#5600=LINE('',#7210,#7211);
#5601=VERTEX_POINT('',#7212);
#5602=VERTEX_POINT('',#7213);
#5603=LINE('',#7214,#7215);
#5604=VERTEX_POINT('',#7216);
#5605=LINE('',#7217,#7218);
#5606=VERTEX_POINT('',#7219);
#5607=LINE('',#7220,#7221);
#5608=LINE('',#7222,#7223);
#5609=VERTEX_POINT('',#7224);
#5610=LINE('',#7225,#7226);
#5611=LINE('',#7227,#7228);
#5612=VERTEX_POINT('',#7229);
#5613=LINE('',#7230,#7231);
#5614=VERTEX_POINT('',#7232);
#5615=LINE('',#7233,#7234);
#5616=LINE('',#7235,#7236);
#5617=LINE('',#7237,#7238);
#5618=LINE('',#7239,#7240);
#5619=VERTEX_POINT('',#7241);
#5620=LINE('',#7242,#7243);
#5621=LINE('',#7244,#7245);
#5622=LINE('',#7246,#7247);
#5623=LINE('',#7248,#7249);
#5624=VERTEX_POINT('',#7250);
#5625=LINE('',#7251,#7252);
#5626=VERTEX_POINT('',#7253);
#5627=LINE('',#7254,#7255);
#5628=LINE('',#7256,#7257);
#5629=VERTEX_POINT('',#7258);
#5630=LINE('',#7259,#7260);
#5631=VERTEX_POINT('',#7261);
#5632=LINE('',#7262,#7263);
#5633=VERTEX_POINT('',#7264);
#5634=LINE('',#7265,#7266);
#5635=VERTEX_POINT('',#7267);
#5636=LINE('',#7268,#7269);
#5637=VERTEX_POINT('',#7270);
#5638=LINE('',#7271,#7272);
#5639=LINE('',#7273,#7274);
#5640=VERTEX_POINT('',#7275);
#5641=LINE('',#7276,#7277);
#5642=VERTEX_POINT('',#7278);
#5643=CIRCLE('',#7279,0.6);
#5644=VERTEX_POINT('',#7280);
#5645=LINE('',#7281,#7282);
#5646=LINE('',#7283,#7284);
#5647=VERTEX_POINT('',#7285);
#5648=LINE('',#7286,#7287);
#5649=VERTEX_POINT('',#7288);
#5650=LINE('',#7289,#7290);
#5651=LINE('',#7291,#7292);
#5652=VERTEX_POINT('',#7293);
#5653=LINE('',#7294,#7295);
#5654=LINE('',#7296,#7297);
#5655=VERTEX_POINT('',#7298);
#5656=LINE('',#7299,#7300);
#5657=LINE('',#7301,#7302);
#5658=VERTEX_POINT('',#7303);
#5659=VERTEX_POINT('',#7304);
#5660=LINE('',#7305,#7306);
#5661=LINE('',#7307,#7308);
#5662=LINE('',#7309,#7310);
#5663=VERTEX_POINT('',#7311);
#5664=LINE('',#7312,#7313);
#5665=LINE('',#7314,#7315);
#5666=VERTEX_POINT('',#7316);
#5667=LINE('',#7317,#7318);
#5668=LINE('',#7319,#7320);
#5669=LINE('',#7321,#7322);
#5670=LINE('',#7323,#7324);
#5671=VERTEX_POINT('',#7325);
#5672=VERTEX_POINT('',#7326);
#5673=CIRCLE('',#7327,0.5);
#5674=CIRCLE('',#7328,0.5);
#5675=LINE('',#7329,#7330);
#5676=VERTEX_POINT('',#7331);
#5677=LINE('',#7332,#7333);
#5678=LINE('',#7334,#7335);
#5679=VERTEX_POINT('',#7336);
#5680=LINE('',#7337,#7338);
#5681=LINE('',#7339,#7340);
#5682=LINE('',#7341,#7342);
#5683=LINE('',#7343,#7344);
#5684=LINE('',#7345,#7346);
#5685=LINE('',#7347,#7348);
#5686=VERTEX_POINT('',#7349);
#5687=LINE('',#7350,#7351);
#5688=VERTEX_POINT('',#7352);
#5689=LINE('',#7353,#7354);
#5690=VERTEX_POINT('',#7355);
#5691=CIRCLE('',#7356,0.6);
#5692=LINE('',#7357,#7358);
#5693=LINE('',#7359,#7360);
#5694=LINE('',#7361,#7362);
#5695=VERTEX_POINT('',#7363);
#5696=LINE('',#7364,#7365);
#5697=LINE('',#7366,#7367);
#5698=VERTEX_POINT('',#7368);
#5699=LINE('',#7369,#7370);
#5700=VERTEX_POINT('',#7371);
#5701=LINE('',#7372,#7373);
#5702=LINE('',#7374,#7375);
#5703=VERTEX_POINT('',#7376);
#5704=LINE('',#7377,#7378);
#5705=VERTEX_POINT('',#7379);
#5706=LINE('',#7380,#7381);
#5707=LINE('',#7382,#7383);
#5708=VERTEX_POINT('',#7384);
#5709=LINE('',#7385,#7386);
#5710=VERTEX_POINT('',#7387);
#5711=LINE('',#7388,#7389);
#5712=LINE('',#7390,#7391);
#5713=VERTEX_POINT('',#7392);
#5714=LINE('',#7393,#7394);
#5715=LINE('',#7395,#7396);
#5716=VERTEX_POINT('',#7397);
#5717=LINE('',#7398,#7399);
#5718=LINE('',#7400,#7401);
#5719=VERTEX_POINT('',#7402);
#5720=LINE('',#7403,#7404);
#5721=LINE('',#7405,#7406);
#5722=VERTEX_POINT('',#7407);
#5723=LINE('',#7408,#7409);
#5724=LINE('',#7410,#7411);
#5725=VERTEX_POINT('',#7412);
#5726=LINE('',#7413,#7414);
#5727=VERTEX_POINT('',#7415);
#5728=LINE('',#7416,#7417);
#5729=LINE('',#7418,#7419);
#5730=LINE('',#7420,#7421);
#5731=VERTEX_POINT('',#7422);
#5732=LINE('',#7423,#7424);
#5733=CIRCLE('',#7425,0.6);
#5734=VERTEX_POINT('',#7426);
#5735=LINE('',#7427,#7428);
#5736=LINE('',#7429,#7430);
#5737=VERTEX_POINT('',#7431);
#5738=LINE('',#7432,#7433);
#5739=LINE('',#7434,#7435);
#5740=LINE('',#7436,#7437);
#5741=VERTEX_POINT('',#7438);
#5742=LINE('',#7439,#7440);
#5743=LINE('',#7441,#7442);
#5744=CIRCLE('',#7443,0.6);
#5745=VERTEX_POINT('',#7444);
#5746=LINE('',#7445,#7446);
#5747=LINE('',#7447,#7448);
#5748=CIRCLE('',#7449,0.5);
#5749=VERTEX_POINT('',#7450);
#5750=CIRCLE('',#7451,0.3);
#5751=LINE('',#7452,#7453);
#5752=CIRCLE('',#7454,0.3);
#5753=CIRCLE('',#7455,0.5);
#5754=VERTEX_POINT('',#7456);
#5755=LINE('',#7457,#7458);
#5756=LINE('',#7459,#7460);
#5757=VERTEX_POINT('',#7461);
#5758=LINE('',#7462,#7463);
#5759=LINE('',#7464,#7465);
#5760=LINE('',#7466,#7467);
#5761=VERTEX_POINT('',#7468);
#5762=LINE('',#7469,#7470);
#5763=LINE('',#7471,#7472);
#5764=VERTEX_POINT('',#7473);
#5765=LINE('',#7474,#7475);
#5766=LINE('',#7476,#7477);
#5767=LINE('',#7478,#7479);
#5768=VERTEX_POINT('',#7480);
#5769=LINE('',#7481,#7482);
#5770=LINE('',#7483,#7484);
#5771=VERTEX_POINT('',#7485);
#5772=LINE('',#7486,#7487);
#5773=LINE('',#7488,#7489);
#5774=LINE('',#7490,#7491);
#5775=VERTEX_POINT('',#7492);
#5776=LINE('',#7493,#7494);
#5777=LINE('',#7495,#7496);
#5778=VERTEX_POINT('',#7497);
#5779=LINE('',#7498,#7499);
#5780=LINE('',#7500,#7501);
#5781=LINE('',#7502,#7503);
#5782=VERTEX_POINT('',#7504);
#5783=LINE('',#7505,#7506);
#5784=LINE('',#7507,#7508);
#5785=VERTEX_POINT('',#7509);
#5786=LINE('',#7510,#7511);
#5787=LINE('',#7512,#7513);
#5788=LINE('',#7514,#7515);
#5789=VERTEX_POINT('',#7516);
#5790=LINE('',#7517,#7518);
#5791=LINE('',#7519,#7520);
#5792=VERTEX_POINT('',#7521);
#5793=LINE('',#7522,#7523);
#5794=LINE('',#7524,#7525);
#5795=LINE('',#7526,#7527);
#5796=VERTEX_POINT('',#7528);
#5797=LINE('',#7529,#7530);
#5798=LINE('',#7531,#7532);
#5799=VERTEX_POINT('',#7533);
#5800=LINE('',#7534,#7535);
#5801=LINE('',#7536,#7537);
#5802=LINE('',#7538,#7539);
#5803=VERTEX_POINT('',#7540);
#5804=LINE('',#7541,#7542);
#5805=LINE('',#7543,#7544);
#5806=VERTEX_POINT('',#7545);
#5807=LINE('',#7546,#7547);
#5808=LINE('',#7548,#7549);
#5809=LINE('',#7550,#7551);
#5810=VERTEX_POINT('',#7552);
#5811=LINE('',#7553,#7554);
#5812=VERTEX_POINT('',#7555);
#5813=LINE('',#7556,#7557);
#5814=LINE('',#7558,#7559);
#5815=VERTEX_POINT('',#7560);
#5816=VERTEX_POINT('',#7561);
#5817=LINE('',#7562,#7563);
#5818=LINE('',#7564,#7565);
#5819=LINE('',#7566,#7567);
#5820=VERTEX_POINT('',#7568);
#5821=LINE('',#7569,#7570);
#5822=VERTEX_POINT('',#7571);
#5823=LINE('',#7572,#7573);
#5824=LINE('',#7574,#7575);
#5825=VERTEX_POINT('',#7576);
#5826=LINE('',#7577,#7578);
#5827=LINE('',#7579,#7580);
#5828=VERTEX_POINT('',#7581);
#5829=VERTEX_POINT('',#7582);
#5830=LINE('',#7583,#7584);
#5831=LINE('',#7585,#7586);
#5832=VERTEX_POINT('',#7587);
#5833=LINE('',#7588,#7589);
#5834=VERTEX_POINT('',#7590);
#5835=LINE('',#7591,#7592);
#5836=VERTEX_POINT('',#7593);
#5837=LINE('',#7594,#7595);
#5838=LINE('',#7596,#7597);
#5839=VERTEX_POINT('',#7598);
#5840=VERTEX_POINT('',#7599);
#5841=LINE('',#7600,#7601);
#5842=VERTEX_POINT('',#7602);
#5843=LINE('',#7603,#7604);
#5844=LINE('',#7605,#7606);
#5845=VERTEX_POINT('',#7607);
#5846=LINE('',#7608,#7609);
#5847=VERTEX_POINT('',#7610);
#5848=LINE('',#7611,#7612);
#5849=VERTEX_POINT('',#7613);
#5850=LINE('',#7614,#7615);
#5851=LINE('',#7616,#7617);
#5852=VERTEX_POINT('',#7618);
#5853=LINE('',#7619,#7620);
#5854=LINE('',#7621,#7622);
#5855=VERTEX_POINT('',#7623);
#5856=LINE('',#7624,#7625);
#5857=LINE('',#7626,#7627);
#5858=VERTEX_POINT('',#7628);
#5859=LINE('',#7629,#7630);
#5860=LINE('',#7631,#7632);
#5861=VERTEX_POINT('',#7633);
#5862=LINE('',#7634,#7635);
#5863=LINE('',#7636,#7637);
#5864=VERTEX_POINT('',#7638);
#5865=VERTEX_POINT('',#7639);
#5866=LINE('',#7640,#7641);
#5867=VERTEX_POINT('',#7642);
#5868=LINE('',#7643,#7644);
#5869=LINE('',#7645,#7646);
#5870=VERTEX_POINT('',#7647);
#5871=LINE('',#7648,#7649);
#5872=VERTEX_POINT('',#7650);
#5873=LINE('',#7651,#7652);
#5874=LINE('',#7653,#7654);
#5875=VERTEX_POINT('',#7655);
#5876=VERTEX_POINT('',#7656);
#5877=LINE('',#7657,#7658);
#5878=LINE('',#7659,#7660);
#5879=VERTEX_POINT('',#7661);
#5880=LINE('',#7662,#7663);
#5881=VERTEX_POINT('',#7664);
#5882=LINE('',#7665,#7666);
#5883=VERTEX_POINT('',#7667);
#5884=LINE('',#7668,#7669);
#5885=LINE('',#7670,#7671);
#5886=LINE('',#7672,#7673);
#5887=LINE('',#7674,#7675);
#5888=LINE('',#7676,#7677);
#5889=LINE('',#7678,#7679);
#5890=VERTEX_POINT('',#7680);
#5891=LINE('',#7681,#7682);
#5892=VERTEX_POINT('',#7683);
#5893=LINE('',#7684,#7685);
#5894=LINE('',#7686,#7687);
#5895=VERTEX_POINT('',#7688);
#5896=LINE('',#7689,#7690);
#5897=LINE('',#7691,#7692);
#5898=VERTEX_POINT('',#7693);
#5899=LINE('',#7694,#7695);
#5900=LINE('',#7696,#7697);
#5901=LINE('',#7698,#7699);
#5902=LINE('',#7700,#7701);
#5903=LINE('',#7702,#7703);
#5904=LINE('',#7704,#7705);
#5905=LINE('',#7706,#7707);
#5906=LINE('',#7708,#7709);
#5907=LINE('',#7710,#7711);
#5908=VERTEX_POINT('',#7712);
#5909=LINE('',#7713,#7714);
#5910=VERTEX_POINT('',#7715);
#5911=LINE('',#7716,#7717);
#5912=LINE('',#7718,#7719);
#5913=VERTEX_POINT('',#7720);
#5914=LINE('',#7721,#7722);
#5915=LINE('',#7723,#7724);
#5916=VERTEX_POINT('',#7725);
#5917=LINE('',#7726,#7727);
#5918=LINE('',#7728,#7729);
#5919=LINE('',#7730,#7731);
#5920=LINE('',#7732,#7733);
#5921=LINE('',#7734,#7735);
#5922=VERTEX_POINT('',#7736);
#5923=LINE('',#7737,#7738);
#5924=VERTEX_POINT('',#7739);
#5925=LINE('',#7740,#7741);
#5926=LINE('',#7742,#7743);
#5927=VERTEX_POINT('',#7744);
#5928=LINE('',#7745,#7746);
#5929=VERTEX_POINT('',#7747);
#5930=LINE('',#7748,#7749);
#5931=LINE('',#7750,#7751);
#5932=VERTEX_POINT('',#7752);
#5933=LINE('',#7753,#7754);
#5934=LINE('',#7755,#7756);
#5935=VERTEX_POINT('',#7757);
#5936=LINE('',#7758,#7759);
#5937=LINE('',#7760,#7761);
#5938=VERTEX_POINT('',#7762);
#5939=LINE('',#7763,#7764);
#5940=LINE('',#7765,#7766);
#5941=VERTEX_POINT('',#7767);
#5942=LINE('',#7768,#7769);
#5943=LINE('',#7770,#7771);
#5944=LINE('',#7772,#7773);
#5945=LINE('',#7774,#7775);
#5946=VERTEX_POINT('',#7776);
#5947=LINE('',#7777,#7778);
#5948=VERTEX_POINT('',#7779);
#5949=LINE('',#7780,#7781);
#5950=LINE('',#7782,#7783);
#5951=VERTEX_POINT('',#7784);
#5952=LINE('',#7785,#7786);
#5953=LINE('',#7787,#7788);
#5954=VERTEX_POINT('',#7789);
#5955=LINE('',#7790,#7791);
#5956=LINE('',#7792,#7793);
#5957=LINE('',#7794,#7795);
#5958=VERTEX_POINT('',#7796);
#5959=LINE('',#7797,#7798);
#5960=VERTEX_POINT('',#7799);
#5961=LINE('',#7800,#7801);
#5962=LINE('',#7802,#7803);
#5963=VERTEX_POINT('',#7804);
#5964=LINE('',#7805,#7806);
#5965=VERTEX_POINT('',#7807);
#5966=LINE('',#7808,#7809);
#5967=LINE('',#7810,#7811);
#5968=VERTEX_POINT('',#7812);
#5969=LINE('',#7813,#7814);
#5970=LINE('',#7815,#7816);
#5971=VERTEX_POINT('',#7817);
#5972=LINE('',#7818,#7819);
#5973=LINE('',#7820,#7821);
#5974=VERTEX_POINT('',#7822);
#5975=LINE('',#7823,#7824);
#5976=LINE('',#7825,#7826);
#5977=VERTEX_POINT('',#7827);
#5978=LINE('',#7828,#7829);
#5979=LINE('',#7830,#7831);
#5980=LINE('',#7832,#7833);
#5981=LINE('',#7834,#7835);
#5982=VERTEX_POINT('',#7836);
#5983=LINE('',#7837,#7838);
#5984=VERTEX_POINT('',#7839);
#5985=LINE('',#7840,#7841);
#5986=LINE('',#7842,#7843);
#5987=VERTEX_POINT('',#7844);
#5988=LINE('',#7845,#7846);
#5989=LINE('',#7847,#7848);
#5990=VERTEX_POINT('',#7849);
#5991=LINE('',#7850,#7851);
#5992=LINE('',#7852,#7853);
#5993=LINE('',#7854,#7855);
#5994=VERTEX_POINT('',#7856);
#5995=LINE('',#7857,#7858);
#5996=VERTEX_POINT('',#7859);
#5997=LINE('',#7860,#7861);
#5998=LINE('',#7862,#7863);
#5999=VERTEX_POINT('',#7864);
#6000=LINE('',#7865,#7866);
#6001=VERTEX_POINT('',#7867);
#6002=LINE('',#7868,#7869);
#6003=LINE('',#7870,#7871);
#6004=VERTEX_POINT('',#7872);
#6005=LINE('',#7873,#7874);
#6006=LINE('',#7875,#7876);
#6007=VERTEX_POINT('',#7877);
#6008=LINE('',#7878,#7879);
#6009=LINE('',#7880,#7881);
#6010=VERTEX_POINT('',#7882);
#6011=LINE('',#7883,#7884);
#6012=LINE('',#7885,#7886);
#6013=VERTEX_POINT('',#7887);
#6014=LINE('',#7888,#7889);
#6015=LINE('',#7890,#7891);
#6016=LINE('',#7892,#7893);
#6017=LINE('',#7894,#7895);
#6018=VERTEX_POINT('',#7896);
#6019=LINE('',#7897,#7898);
#6020=VERTEX_POINT('',#7899);
#6021=LINE('',#7900,#7901);
#6022=LINE('',#7902,#7903);
#6023=VERTEX_POINT('',#7904);
#6024=LINE('',#7905,#7906);
#6025=LINE('',#7907,#7908);
#6026=VERTEX_POINT('',#7909);
#6027=LINE('',#7910,#7911);
#6028=LINE('',#7912,#7913);
#6029=LINE('',#7914,#7915);
#6030=VERTEX_POINT('',#7916);
#6031=LINE('',#7917,#7918);
#6032=VERTEX_POINT('',#7919);
#6033=LINE('',#7920,#7921);
#6034=LINE('',#7922,#7923);
#6035=VERTEX_POINT('',#7924);
#6036=LINE('',#7925,#7926);
#6037=VERTEX_POINT('',#7927);
#6038=LINE('',#7928,#7929);
#6039=LINE('',#7930,#7931);
#6040=VERTEX_POINT('',#7932);
#6041=LINE('',#7933,#7934);
#6042=LINE('',#7935,#7936);
#6043=VERTEX_POINT('',#7937);
#6044=LINE('',#7938,#7939);
#6045=LINE('',#7940,#7941);
#6046=VERTEX_POINT('',#7942);
#6047=LINE('',#7943,#7944);
#6048=LINE('',#7945,#7946);
#6049=VERTEX_POINT('',#7947);
#6050=LINE('',#7948,#7949);
#6051=LINE('',#7950,#7951);
#6052=LINE('',#7952,#7953);
#6053=LINE('',#7954,#7955);
#6054=VERTEX_POINT('',#7956);
#6055=LINE('',#7957,#7958);
#6056=VERTEX_POINT('',#7959);
#6057=LINE('',#7960,#7961);
#6058=LINE('',#7962,#7963);
#6059=VERTEX_POINT('',#7964);
#6060=LINE('',#7965,#7966);
#6061=LINE('',#7967,#7968);
#6062=VERTEX_POINT('',#7969);
#6063=LINE('',#7970,#7971);
#6064=LINE('',#7972,#7973);
#6065=LINE('',#7974,#7975);
#6066=VERTEX_POINT('',#7976);
#6067=LINE('',#7977,#7978);
#6068=VERTEX_POINT('',#7979);
#6069=LINE('',#7980,#7981);
#6070=LINE('',#7982,#7983);
#6071=VERTEX_POINT('',#7984);
#6072=LINE('',#7985,#7986);
#6073=VERTEX_POINT('',#7987);
#6074=LINE('',#7988,#7989);
#6075=LINE('',#7990,#7991);
#6076=VERTEX_POINT('',#7992);
#6077=LINE('',#7993,#7994);
#6078=LINE('',#7995,#7996);
#6079=VERTEX_POINT('',#7997);
#6080=LINE('',#7998,#7999);
#6081=LINE('',#8000,#8001);
#6082=VERTEX_POINT('',#8002);
#6083=LINE('',#8003,#8004);
#6084=LINE('',#8005,#8006);
#6085=VERTEX_POINT('',#8007);
#6086=LINE('',#8008,#8009);
#6087=LINE('',#8010,#8011);
#6088=LINE('',#8012,#8013);
#6089=LINE('',#8014,#8015);
#6090=VERTEX_POINT('',#8016);
#6091=LINE('',#8017,#8018);
#6092=VERTEX_POINT('',#8019);
#6093=LINE('',#8020,#8021);
#6094=LINE('',#8022,#8023);
#6095=VERTEX_POINT('',#8024);
#6096=LINE('',#8025,#8026);
#6097=LINE('',#8027,#8028);
#6098=VERTEX_POINT('',#8029);
#6099=LINE('',#8030,#8031);
#6100=LINE('',#8032,#8033);
#6101=LINE('',#8034,#8035);
#6102=VERTEX_POINT('',#8036);
#6103=LINE('',#8037,#8038);
#6104=VERTEX_POINT('',#8039);
#6105=LINE('',#8040,#8041);
#6106=LINE('',#8042,#8043);
#6107=VERTEX_POINT('',#8044);
#6108=LINE('',#8045,#8046);
#6109=VERTEX_POINT('',#8047);
#6110=LINE('',#8048,#8049);
#6111=LINE('',#8050,#8051);
#6112=VERTEX_POINT('',#8052);
#6113=LINE('',#8053,#8054);
#6114=LINE('',#8055,#8056);
#6115=VERTEX_POINT('',#8057);
#6116=LINE('',#8058,#8059);
#6117=LINE('',#8060,#8061);
#6118=VERTEX_POINT('',#8062);
#6119=LINE('',#8063,#8064);
#6120=LINE('',#8065,#8066);
#6121=VERTEX_POINT('',#8067);
#6122=LINE('',#8068,#8069);
#6123=LINE('',#8070,#8071);
#6124=LINE('',#8072,#8073);
#6125=LINE('',#8074,#8075);
#6126=VERTEX_POINT('',#8076);
#6127=LINE('',#8077,#8078);
#6128=VERTEX_POINT('',#8079);
#6129=LINE('',#8080,#8081);
#6130=LINE('',#8082,#8083);
#6131=VERTEX_POINT('',#8084);
#6132=LINE('',#8085,#8086);
#6133=LINE('',#8087,#8088);
#6134=VERTEX_POINT('',#8089);
#6135=LINE('',#8090,#8091);
#6136=LINE('',#8092,#8093);
#6137=LINE('',#8094,#8095);
#6138=VERTEX_POINT('',#8096);
#6139=LINE('',#8097,#8098);
#6140=VERTEX_POINT('',#8099);
#6141=LINE('',#8100,#8101);
#6142=LINE('',#8102,#8103);
#6143=VERTEX_POINT('',#8104);
#6144=LINE('',#8105,#8106);
#6145=LINE('',#8107,#8108);
#6146=VERTEX_POINT('',#8109);
#6147=LINE('',#8110,#8111);
#6148=LINE('',#8112,#8113);
#6149=LINE('',#8114,#8115);
#6150=VERTEX_POINT('',#8116);
#6151=LINE('',#8117,#8118);
#6152=VERTEX_POINT('',#8119);
#6153=LINE('',#8120,#8121);
#6154=LINE('',#8122,#8123);
#6155=VERTEX_POINT('',#8124);
#6156=LINE('',#8125,#8126);
#6157=LINE('',#8127,#8128);
#6158=VERTEX_POINT('',#8129);
#6159=LINE('',#8130,#8131);
#6160=LINE('',#8132,#8133);
#6161=LINE('',#8134,#8135);
#6162=VERTEX_POINT('',#8136);
#6163=LINE('',#8137,#8138);
#6164=VERTEX_POINT('',#8139);
#6165=LINE('',#8140,#8141);
#6166=LINE('',#8142,#8143);
#6167=VERTEX_POINT('',#8144);
#6168=LINE('',#8145,#8146);
#6169=LINE('',#8147,#8148);
#6170=VERTEX_POINT('',#8149);
#6171=LINE('',#8150,#8151);
#6172=LINE('',#8152,#8153);
#6173=LINE('',#8154,#8155);
#6174=VERTEX_POINT('',#8156);
#6175=LINE('',#8157,#8158);
#6176=VERTEX_POINT('',#8159);
#6177=LINE('',#8160,#8161);
#6178=LINE('',#8162,#8163);
#6179=VERTEX_POINT('',#8164);
#6180=LINE('',#8165,#8166);
#6181=LINE('',#8167,#8168);
#6182=VERTEX_POINT('',#8169);
#6183=LINE('',#8170,#8171);
#6184=LINE('',#8172,#8173);
#6185=LINE('',#8174,#8175);
#6186=VERTEX_POINT('',#8176);
#6187=LINE('',#8177,#8178);
#6188=VERTEX_POINT('',#8179);
#6189=LINE('',#8180,#8181);
#6190=LINE('',#8182,#8183);
#6191=VERTEX_POINT('',#8184);
#6192=LINE('',#8185,#8186);
#6193=LINE('',#8187,#8188);
#6194=VERTEX_POINT('',#8189);
#6195=LINE('',#8190,#8191);
#6196=LINE('',#8192,#8193);
#6197=LINE('',#8194,#8195);
#6198=VERTEX_POINT('',#8196);
#6199=LINE('',#8197,#8198);
#6200=VERTEX_POINT('',#8199);
#6201=LINE('',#8200,#8201);
#6202=LINE('',#8202,#8203);
#6203=VERTEX_POINT('',#8204);
#6204=LINE('',#8205,#8206);
#6205=LINE('',#8207,#8208);
#6206=VERTEX_POINT('',#8209);
#6207=LINE('',#8210,#8211);
#6208=LINE('',#8212,#8213);
#6209=LINE('',#8214,#8215);
#6210=VERTEX_POINT('',#8216);
#6211=LINE('',#8217,#8218);
#6212=VERTEX_POINT('',#8219);
#6213=LINE('',#8220,#8221);
#6214=LINE('',#8222,#8223);
#6215=VERTEX_POINT('',#8224);
#6216=LINE('',#8225,#8226);
#6217=LINE('',#8227,#8228);
#6218=VERTEX_POINT('',#8229);
#6219=LINE('',#8230,#8231);
#6220=LINE('',#8232,#8233);
#6221=LINE('',#8234,#8235);
#6222=VERTEX_POINT('',#8236);
#6223=LINE('',#8237,#8238);
#6224=VERTEX_POINT('',#8239);
#6225=LINE('',#8240,#8241);
#6226=LINE('',#8242,#8243);
#6227=VERTEX_POINT('',#8244);
#6228=LINE('',#8245,#8246);
#6229=LINE('',#8247,#8248);
#6230=VERTEX_POINT('',#8249);
#6231=LINE('',#8250,#8251);
#6232=LINE('',#8252,#8253);
#6233=LINE('',#8254,#8255);
#6234=VERTEX_POINT('',#8256);
#6235=LINE('',#8257,#8258);
#6236=VERTEX_POINT('',#8259);
#6237=LINE('',#8260,#8261);
#6238=LINE('',#8262,#8263);
#6239=VERTEX_POINT('',#8264);
#6240=LINE('',#8265,#8266);
#6241=LINE('',#8267,#8268);
#6242=VERTEX_POINT('',#8269);
#6243=LINE('',#8270,#8271);
#6244=LINE('',#8272,#8273);
#6245=LINE('',#8274,#8275);
#6246=CARTESIAN_POINT('',(9.0,1.7,-1.3));
#6247=CARTESIAN_POINT('',(9.0,1.5,-0.9));
#6248=CARTESIAN_POINT('',(9.0,1.600000000335,-1.10000000067));
#6249=VECTOR('',#8276,1.0);
#6250=CARTESIAN_POINT('',(9.3,2.0,-1.3));
#6251=AXIS2_PLACEMENT_3D('',#8277,#8278,#8279);
#6252=CARTESIAN_POINT('',(9.5,2.0,-0.9));
#6253=CARTESIAN_POINT('',(9.299999999493,2.000000006305,-1.300000001014));
#6254=VECTOR('',#8280,0.4472135952165);
#6255=AXIS2_PLACEMENT_3D('',#8281,#8282,#8283);
#6256=CARTESIAN_POINT('',(9.0,2.5,-0.9));
#6257=CARTESIAN_POINT('',(9.0,2.3,-1.3));
#6258=CARTESIAN_POINT('',(9.0,2.399999999665,-1.10000000067));
#6259=VECTOR('',#8284,1.0);
#6260=AXIS2_PLACEMENT_3D('',#8285,#8286,#8287);
#6261=AXIS2_PLACEMENT_3D('',#8288,#8289,#8290);
#6262=CARTESIAN_POINT('',(-10.0,1.3,0.3));
#6263=CARTESIAN_POINT('',(-10.0,-1.65,0.3));
#6264=CARTESIAN_POINT('',(-10.0,1.3,0.3));
#6265=VECTOR('',#8291,2.95);
#6266=CARTESIAN_POINT('',(-10.0,-1.65,0.0));
#6267=CARTESIAN_POINT('',(-10.0,-1.65,0.0));
#6268=VECTOR('',#8292,0.3);
#6269=CARTESIAN_POINT('',(-10.0,-2.9,0.0));
#6270=CARTESIAN_POINT('',(-10.0,-2.9,0.0));
#6271=VECTOR('',#8293,1.25);
#6272=CARTESIAN_POINT('',(-10.0,-2.9,9.25));
#6273=CARTESIAN_POINT('',(-10.0,-2.9,9.25));
#6274=VECTOR('',#8294,9.25);
#6275=CARTESIAN_POINT('',(-10.0,-1.7,9.25));
#6276=CARTESIAN_POINT('',(-10.0,-1.7,9.25));
#6277=VECTOR('',#8295,1.2);
#6278=CARTESIAN_POINT('',(-10.0,-1.7,7.11));
#6279=CARTESIAN_POINT('',(-10.0,-1.7,7.11));
#6280=VECTOR('',#8296,2.14);
#6281=CARTESIAN_POINT('',(-10.0,1.2,7.11));
#6282=CARTESIAN_POINT('',(-10.0,1.2,7.11));
#6283=VECTOR('',#8297,2.9);
#6284=CARTESIAN_POINT('',(-10.0,1.2,9.25));
#6285=CARTESIAN_POINT('',(-10.0,1.2,9.25));
#6286=VECTOR('',#8298,2.14);
#6287=CARTESIAN_POINT('',(-10.0,2.9,9.25));
#6288=CARTESIAN_POINT('',(-10.0,2.9,9.25));
#6289=VECTOR('',#8299,1.7);
#6290=CARTESIAN_POINT('',(-10.0,2.9,0.0));
#6291=CARTESIAN_POINT('',(-10.0,2.9,0.0));
#6292=VECTOR('',#8300,9.25);
#6293=CARTESIAN_POINT('',(-10.0,1.3,0.0));
#6294=CARTESIAN_POINT('',(-10.0,1.3,0.0));
#6295=VECTOR('',#8301,1.6);
#6296=CARTESIAN_POINT('',(-10.0,1.3,0.0));
#6297=VECTOR('',#8302,0.3);
#6298=CARTESIAN_POINT('',(8.25,1.3,0.0));
#6299=CARTESIAN_POINT('',(8.25,1.3,0.3));
#6300=CARTESIAN_POINT('',(8.25,1.3,0.0));
#6301=VECTOR('',#8303,0.3);
#6302=CARTESIAN_POINT('',(10.0,1.3,0.0));
#6303=CARTESIAN_POINT('',(8.25,1.3,0.0));
#6304=VECTOR('',#8304,1.75);
#6305=CARTESIAN_POINT('',(10.0,1.3,0.3));
#6306=CARTESIAN_POINT('',(10.0,1.3,0.0));
#6307=VECTOR('',#8305,0.3);
#6308=CARTESIAN_POINT('',(10.0,1.3,0.3));
#6309=VECTOR('',#8306,1.75);
#6310=CARTESIAN_POINT('',(-8.25,1.3,0.0));
#6311=CARTESIAN_POINT('',(-10.0,1.3,0.0));
#6312=VECTOR('',#8307,1.75);
#6313=CARTESIAN_POINT('',(-8.25,1.3,0.3));
#6314=CARTESIAN_POINT('',(-8.25,1.3,0.0));
#6315=VECTOR('',#8308,0.3);
#6316=CARTESIAN_POINT('',(-8.25,1.3,0.3));
#6317=VECTOR('',#8309,1.75);
#6318=CARTESIAN_POINT('',(8.25,2.1,0.3));
#6319=CARTESIAN_POINT('',(8.25,2.1,0.3));
#6320=VECTOR('',#8310,0.8);
#6321=CARTESIAN_POINT('',(10.0,-1.65,0.3));
#6322=CARTESIAN_POINT('',(10.0,1.3,0.3));
#6323=VECTOR('',#8311,2.95);
#6324=CARTESIAN_POINT('',(8.25,-1.65,0.3));
#6325=CARTESIAN_POINT('',(10.0,-1.65,0.3));
#6326=VECTOR('',#8312,1.75);
#6327=CARTESIAN_POINT('',(8.25,-1.6,0.3));
#6328=CARTESIAN_POINT('',(8.25,-1.6,0.3));
#6329=VECTOR('',#8313,0.05);
#6330=CARTESIAN_POINT('',(-8.25,-1.6,0.3));
#6331=CARTESIAN_POINT('',(-8.25,-1.6,0.3));
#6332=VECTOR('',#8314,16.5);
#6333=CARTESIAN_POINT('',(-8.25,-1.65,0.3));
#6334=CARTESIAN_POINT('',(-8.25,-1.6,0.3));
#6335=VECTOR('',#8315,0.05);
#6336=CARTESIAN_POINT('',(-8.25,-1.65,0.3));
#6337=VECTOR('',#8316,1.75);
#6338=CARTESIAN_POINT('',(-8.25,2.1,0.3));
#6339=CARTESIAN_POINT('',(-8.25,2.1,0.3));
#6340=VECTOR('',#8317,0.8);
#6341=CARTESIAN_POINT('',(-3.39,2.1,0.3));
#6342=CARTESIAN_POINT('',(-3.39,2.1,0.3));
#6343=VECTOR('',#8318,4.86);
#6344=CARTESIAN_POINT('',(-3.39,2.65,0.3));
#6345=CARTESIAN_POINT('',(-3.39,2.65,0.3));
#6346=VECTOR('',#8319,0.55);
#6347=CARTESIAN_POINT('',(3.39,2.65,0.3));
#6348=CARTESIAN_POINT('',(-3.39,2.65,0.3));
#6349=VECTOR('',#8320,6.78);
#6350=CARTESIAN_POINT('',(3.39,2.1,0.3));
#6351=CARTESIAN_POINT('',(3.39,2.65,0.3));
#6352=VECTOR('',#8321,0.55);
#6353=CARTESIAN_POINT('',(3.39,2.1,0.3));
#6354=VECTOR('',#8322,4.86);
#6355=CARTESIAN_POINT('',(7.75,0.6,0.3));
#6356=CARTESIAN_POINT('',(8.25,0.6,0.3));
#6357=CARTESIAN_POINT('',(7.75,0.6,0.3));
#6358=VECTOR('',#8323,0.5);
#6359=CARTESIAN_POINT('',(7.75,-0.8,0.3));
#6360=CARTESIAN_POINT('',(7.75,-0.8,0.3));
#6361=VECTOR('',#8324,1.4);
#6362=CARTESIAN_POINT('',(8.25,-0.8,0.3));
#6363=CARTESIAN_POINT('',(8.25,-0.8,0.3));
#6364=VECTOR('',#8325,0.5);
#6365=CARTESIAN_POINT('',(8.25,0.6,0.3));
#6366=VECTOR('',#8326,1.4);
#6367=CARTESIAN_POINT('',(5.75,0.6,0.3));
#6368=CARTESIAN_POINT('',(6.25,0.6,0.3));
#6369=CARTESIAN_POINT('',(5.75,0.6,0.3));
#6370=VECTOR('',#8327,0.5);
#6371=CARTESIAN_POINT('',(5.75,-0.8,0.3));
#6372=CARTESIAN_POINT('',(5.75,-0.8,0.3));
#6373=VECTOR('',#8328,1.4);
#6374=CARTESIAN_POINT('',(6.25,-0.8,0.3));
#6375=CARTESIAN_POINT('',(6.25,-0.8,0.3));
#6376=VECTOR('',#8329,0.5);
#6377=CARTESIAN_POINT('',(6.25,0.6,0.3));
#6378=VECTOR('',#8330,1.4);
#6379=CARTESIAN_POINT('',(3.75,0.6,0.3));
#6380=CARTESIAN_POINT('',(4.25,0.6,0.3));
#6381=CARTESIAN_POINT('',(3.75,0.6,0.3));
#6382=VECTOR('',#8331,0.5);
#6383=CARTESIAN_POINT('',(3.75,-0.8,0.3));
#6384=CARTESIAN_POINT('',(3.75,-0.8,0.3));
#6385=VECTOR('',#8332,1.4);
#6386=CARTESIAN_POINT('',(4.25,-0.8,0.3));
#6387=CARTESIAN_POINT('',(4.25,-0.8,0.3));
#6388=VECTOR('',#8333,0.5);
#6389=CARTESIAN_POINT('',(4.25,0.6,0.3));
#6390=VECTOR('',#8334,1.4);
#6391=CARTESIAN_POINT('',(1.75,0.6,0.3));
#6392=CARTESIAN_POINT('',(2.25,0.6,0.3));
#6393=CARTESIAN_POINT('',(1.75,0.6,0.3));
#6394=VECTOR('',#8335,0.5);
#6395=CARTESIAN_POINT('',(1.75,-0.8,0.3));
#6396=CARTESIAN_POINT('',(1.75,-0.8,0.3));
#6397=VECTOR('',#8336,1.4);
#6398=CARTESIAN_POINT('',(2.25,-0.8,0.3));
#6399=CARTESIAN_POINT('',(2.25,-0.8,0.3));
#6400=VECTOR('',#8337,0.5);
#6401=CARTESIAN_POINT('',(2.25,0.6,0.3));
#6402=VECTOR('',#8338,1.4);
#6403=CARTESIAN_POINT('',(-0.25,0.6,0.3));
#6404=CARTESIAN_POINT('',(0.25,0.6,0.3));
#6405=CARTESIAN_POINT('',(-0.25,0.6,0.3));
#6406=VECTOR('',#8339,0.5);
#6407=CARTESIAN_POINT('',(-0.25,-0.8,0.3));
#6408=CARTESIAN_POINT('',(-0.25,-0.8,0.3));
#6409=VECTOR('',#8340,1.4);
#6410=CARTESIAN_POINT('',(0.25,-0.8,0.3));
#6411=CARTESIAN_POINT('',(0.25,-0.8,0.3));
#6412=VECTOR('',#8341,0.5);
#6413=CARTESIAN_POINT('',(0.25,0.6,0.3));
#6414=VECTOR('',#8342,1.4);
#6415=CARTESIAN_POINT('',(-2.25,0.6,0.3));
#6416=CARTESIAN_POINT('',(-1.75,0.6,0.3));
#6417=CARTESIAN_POINT('',(-2.25,0.6,0.3));
#6418=VECTOR('',#8343,0.5);
#6419=CARTESIAN_POINT('',(-2.25,-0.8,0.3));
#6420=CARTESIAN_POINT('',(-2.25,-0.8,0.3));
#6421=VECTOR('',#8344,1.4);
#6422=CARTESIAN_POINT('',(-1.75,-0.8,0.3));
#6423=CARTESIAN_POINT('',(-1.75,-0.8,0.3));
#6424=VECTOR('',#8345,0.5);
#6425=CARTESIAN_POINT('',(-1.75,0.6,0.3));
#6426=VECTOR('',#8346,1.4);
#6427=CARTESIAN_POINT('',(-4.25,0.6,0.3));
#6428=CARTESIAN_POINT('',(-3.75,0.6,0.3));
#6429=CARTESIAN_POINT('',(-4.25,0.6,0.3));
#6430=VECTOR('',#8347,0.5);
#6431=CARTESIAN_POINT('',(-4.25,-0.8,0.3));
#6432=CARTESIAN_POINT('',(-4.25,-0.8,0.3));
#6433=VECTOR('',#8348,1.4);
#6434=CARTESIAN_POINT('',(-3.75,-0.8,0.3));
#6435=CARTESIAN_POINT('',(-3.75,-0.8,0.3));
#6436=VECTOR('',#8349,0.5);
#6437=CARTESIAN_POINT('',(-3.75,0.6,0.3));
#6438=VECTOR('',#8350,1.4);
#6439=CARTESIAN_POINT('',(-6.25,0.6,0.3));
#6440=CARTESIAN_POINT('',(-5.75,0.6,0.3));
#6441=CARTESIAN_POINT('',(-6.25,0.6,0.3));
#6442=VECTOR('',#8351,0.5);
#6443=CARTESIAN_POINT('',(-6.25,-0.8,0.3));
#6444=CARTESIAN_POINT('',(-6.25,-0.8,0.3));
#6445=VECTOR('',#8352,1.4);
#6446=CARTESIAN_POINT('',(-5.75,-0.8,0.3));
#6447=CARTESIAN_POINT('',(-5.75,-0.8,0.3));
#6448=VECTOR('',#8353,0.5);
#6449=CARTESIAN_POINT('',(-5.75,0.6,0.3));
#6450=VECTOR('',#8354,1.4);
#6451=CARTESIAN_POINT('',(-8.25,0.6,0.3));
#6452=CARTESIAN_POINT('',(-7.75,0.6,0.3));
#6453=CARTESIAN_POINT('',(-8.25,0.6,0.3));
#6454=VECTOR('',#8355,0.5);
#6455=CARTESIAN_POINT('',(-8.25,-0.8,0.3));
#6456=CARTESIAN_POINT('',(-8.25,-0.8,0.3));
#6457=VECTOR('',#8356,1.4);
#6458=CARTESIAN_POINT('',(-7.75,-0.8,0.3));
#6459=CARTESIAN_POINT('',(-7.75,-0.8,0.3));
#6460=VECTOR('',#8357,0.5);
#6461=CARTESIAN_POINT('',(-7.75,0.6,0.3));
#6462=VECTOR('',#8358,1.4);
#6463=CARTESIAN_POINT('',(6.75,-0.15,0.3));
#6464=CARTESIAN_POINT('',(7.25,-0.15,0.3));
#6465=CARTESIAN_POINT('',(6.75,-0.15,0.3));
#6466=VECTOR('',#8359,0.5);
#6467=CARTESIAN_POINT('',(7.25,0.35,0.3));
#6468=CARTESIAN_POINT('',(7.25,-0.15,0.3));
#6469=VECTOR('',#8360,0.5);
#6470=CARTESIAN_POINT('',(6.75,0.35,0.3));
#6471=CARTESIAN_POINT('',(6.75,0.35,0.3));
#6472=VECTOR('',#8361,0.5);
#6473=CARTESIAN_POINT('',(6.75,-0.15,0.3));
#6474=VECTOR('',#8362,0.5);
#6475=CARTESIAN_POINT('',(4.75,-0.15,0.3));
#6476=CARTESIAN_POINT('',(5.25,-0.15,0.3));
#6477=CARTESIAN_POINT('',(4.75,-0.15,0.3));
#6478=VECTOR('',#8363,0.5);
#6479=CARTESIAN_POINT('',(5.25,0.35,0.3));
#6480=CARTESIAN_POINT('',(5.25,-0.15,0.3));
#6481=VECTOR('',#8364,0.5);
#6482=CARTESIAN_POINT('',(4.75,0.35,0.3));
#6483=CARTESIAN_POINT('',(4.75,0.35,0.3));
#6484=VECTOR('',#8365,0.5);
#6485=CARTESIAN_POINT('',(4.75,-0.15,0.3));
#6486=VECTOR('',#8366,0.5);
#6487=CARTESIAN_POINT('',(2.75,-0.15,0.3));
#6488=CARTESIAN_POINT('',(3.25,-0.15,0.3));
#6489=CARTESIAN_POINT('',(2.75,-0.15,0.3));
#6490=VECTOR('',#8367,0.5);
#6491=CARTESIAN_POINT('',(3.25,0.35,0.3));
#6492=CARTESIAN_POINT('',(3.25,-0.15,0.3));
#6493=VECTOR('',#8368,0.5);
#6494=CARTESIAN_POINT('',(2.75,0.35,0.3));
#6495=CARTESIAN_POINT('',(2.75,0.35,0.3));
#6496=VECTOR('',#8369,0.5);
#6497=CARTESIAN_POINT('',(2.75,-0.15,0.3));
#6498=VECTOR('',#8370,0.5);
#6499=CARTESIAN_POINT('',(0.75,-0.15,0.3));
#6500=CARTESIAN_POINT('',(1.25,-0.15,0.3));
#6501=CARTESIAN_POINT('',(0.75,-0.15,0.3));
#6502=VECTOR('',#8371,0.5);
#6503=CARTESIAN_POINT('',(1.25,0.35,0.3));
#6504=CARTESIAN_POINT('',(1.25,-0.15,0.3));
#6505=VECTOR('',#8372,0.5);
#6506=CARTESIAN_POINT('',(0.75,0.35,0.3));
#6507=CARTESIAN_POINT('',(0.75,0.35,0.3));
#6508=VECTOR('',#8373,0.5);
#6509=CARTESIAN_POINT('',(0.75,-0.15,0.3));
#6510=VECTOR('',#8374,0.5);
#6511=CARTESIAN_POINT('',(-1.25,-0.15,0.3));
#6512=CARTESIAN_POINT('',(-0.75,-0.15,0.3));
#6513=CARTESIAN_POINT('',(-1.25,-0.15,0.3));
#6514=VECTOR('',#8375,0.5);
#6515=CARTESIAN_POINT('',(-0.75,0.35,0.3));
#6516=CARTESIAN_POINT('',(-0.75,-0.15,0.3));
#6517=VECTOR('',#8376,0.5);
#6518=CARTESIAN_POINT('',(-1.25,0.35,0.3));
#6519=CARTESIAN_POINT('',(-1.25,0.35,0.3));
#6520=VECTOR('',#8377,0.5);
#6521=CARTESIAN_POINT('',(-1.25,-0.15,0.3));
#6522=VECTOR('',#8378,0.5);
#6523=CARTESIAN_POINT('',(-3.25,-0.15,0.3));
#6524=CARTESIAN_POINT('',(-2.75,-0.15,0.3));
#6525=CARTESIAN_POINT('',(-3.25,-0.15,0.3));
#6526=VECTOR('',#8379,0.5);
#6527=CARTESIAN_POINT('',(-2.75,0.35,0.3));
#6528=CARTESIAN_POINT('',(-2.75,-0.15,0.3));
#6529=VECTOR('',#8380,0.5);
#6530=CARTESIAN_POINT('',(-3.25,0.35,0.3));
#6531=CARTESIAN_POINT('',(-3.25,0.35,0.3));
#6532=VECTOR('',#8381,0.5);
#6533=CARTESIAN_POINT('',(-3.25,-0.15,0.3));
#6534=VECTOR('',#8382,0.5);
#6535=CARTESIAN_POINT('',(-5.25,-0.15,0.3));
#6536=CARTESIAN_POINT('',(-4.75,-0.15,0.3));
#6537=CARTESIAN_POINT('',(-5.25,-0.15,0.3));
#6538=VECTOR('',#8383,0.5);
#6539=CARTESIAN_POINT('',(-4.75,0.35,0.3));
#6540=CARTESIAN_POINT('',(-4.75,-0.15,0.3));
#6541=VECTOR('',#8384,0.5);
#6542=CARTESIAN_POINT('',(-5.25,0.35,0.3));
#6543=CARTESIAN_POINT('',(-5.25,0.35,0.3));
#6544=VECTOR('',#8385,0.5);
#6545=CARTESIAN_POINT('',(-5.25,-0.15,0.3));
#6546=VECTOR('',#8386,0.5);
#6547=CARTESIAN_POINT('',(-7.25,-0.15,0.3));
#6548=CARTESIAN_POINT('',(-6.75,-0.15,0.3));
#6549=CARTESIAN_POINT('',(-7.25,-0.15,0.3));
#6550=VECTOR('',#8387,0.5);
#6551=CARTESIAN_POINT('',(-6.75,0.35,0.3));
#6552=CARTESIAN_POINT('',(-6.75,-0.15,0.3));
#6553=VECTOR('',#8388,0.5);
#6554=CARTESIAN_POINT('',(-7.25,0.35,0.3));
#6555=CARTESIAN_POINT('',(-7.25,0.35,0.3));
#6556=VECTOR('',#8389,0.5);
#6557=CARTESIAN_POINT('',(-7.25,-0.15,0.3));
#6558=VECTOR('',#8390,0.5);
#6559=CARTESIAN_POINT('',(3.39,2.1,1.95));
#6560=CARTESIAN_POINT('',(3.39,2.1,0.3));
#6561=VECTOR('',#8391,1.65);
#6562=CARTESIAN_POINT('',(8.25,2.1,1.95));
#6563=CARTESIAN_POINT('',(8.25,2.1,1.95));
#6564=VECTOR('',#8392,4.86);
#6565=CARTESIAN_POINT('',(8.25,2.1,0.3));
#6566=VECTOR('',#8393,1.65);
#6567=CARTESIAN_POINT('',(8.25,-1.6,1.15));
#6568=CARTESIAN_POINT('',(8.25,-2.9,1.15));
#6569=CARTESIAN_POINT('',(8.25,-1.6,1.15));
#6570=VECTOR('',#8394,1.3);
#6571=CARTESIAN_POINT('',(8.25,-1.6,0.3));
#6572=VECTOR('',#8395,0.85);
#6573=CARTESIAN_POINT('',(8.25,-1.65,0.0));
#6574=CARTESIAN_POINT('',(8.25,-1.65,0.3));
#6575=VECTOR('',#8396,0.3);
#6576=CARTESIAN_POINT('',(8.25,-2.9,0.0));
#6577=CARTESIAN_POINT('',(8.25,-2.9,0.0));
#6578=VECTOR('',#8397,1.25);
#6579=CARTESIAN_POINT('',(8.25,-2.9,1.15));
#6580=VECTOR('',#8398,1.15);
#6581=CARTESIAN_POINT('',(8.25,2.9,0.0));
#6582=CARTESIAN_POINT('',(8.25,1.3,0.0));
#6583=VECTOR('',#8399,1.6);
#6584=CARTESIAN_POINT('',(8.25,2.9,1.95));
#6585=CARTESIAN_POINT('',(8.25,2.9,1.95));
#6586=VECTOR('',#8400,0.8);
#6587=CARTESIAN_POINT('',(8.25,2.9,0.0));
#6588=VECTOR('',#8401,1.95);
#6589=CARTESIAN_POINT('',(-7.0,-2.9,9.25));
#6590=CARTESIAN_POINT('',(-7.0,-2.9,8.95));
#6591=CARTESIAN_POINT('',(-7.0,-2.9,9.25));
#6592=VECTOR('',#8402,0.3);
#6593=CARTESIAN_POINT('',(-10.0,-2.9,9.25));
#6594=VECTOR('',#8403,3.0);
#6595=CARTESIAN_POINT('',(-8.25,-2.9,0.0));
#6596=CARTESIAN_POINT('',(-10.0,-2.9,0.0));
#6597=VECTOR('',#8404,1.75);
#6598=CARTESIAN_POINT('',(-8.25,-2.9,1.15));
#6599=CARTESIAN_POINT('',(-8.25,-2.9,1.15));
#6600=VECTOR('',#8405,1.15);
#6601=CARTESIAN_POINT('',(-8.25,-2.9,1.15));
#6602=VECTOR('',#8406,16.5);
#6603=CARTESIAN_POINT('',(10.0,-2.9,0.0));
#6604=CARTESIAN_POINT('',(8.25,-2.9,0.0));
#6605=VECTOR('',#8407,1.75);
#6606=CARTESIAN_POINT('',(10.0,-2.9,9.25));
#6607=CARTESIAN_POINT('',(10.0,-2.9,9.25));
#6608=VECTOR('',#8408,9.25);
#6609=CARTESIAN_POINT('',(7.0,-2.9,9.25));
#6610=CARTESIAN_POINT('',(7.0,-2.9,9.25));
#6611=VECTOR('',#8409,3.0);
#6612=CARTESIAN_POINT('',(7.0,-2.9,8.95));
#6613=CARTESIAN_POINT('',(7.0,-2.9,9.25));
#6614=VECTOR('',#8410,0.3);
#6615=CARTESIAN_POINT('',(-7.0,-2.9,8.95));
#6616=VECTOR('',#8411,14.0);
#6617=CARTESIAN_POINT('',(7.0,-2.15,8.95));
#6618=CARTESIAN_POINT('',(7.0,-2.9,8.95));
#6619=VECTOR('',#8412,0.75);
#6620=CARTESIAN_POINT('',(-7.0,-2.15,8.95));
#6621=CARTESIAN_POINT('',(-7.0,-2.15,8.95));
#6622=VECTOR('',#8413,14.0);
#6623=CARTESIAN_POINT('',(-7.0,-2.15,8.95));
#6624=VECTOR('',#8414,0.75);
#6625=CARTESIAN_POINT('',(-7.0,-2.35,9.25));
#6626=CARTESIAN_POINT('',(-7.0,-2.9,9.25));
#6627=VECTOR('',#8415,0.55);
#6628=CARTESIAN_POINT('',(-7.0,-2.15,9.05));
#6629=CARTESIAN_POINT('',(-7.0,-2.15,9.05));
#6630=VECTOR('',#8416,0.1);
#6631=CARTESIAN_POINT('',(-7.0,-2.15,9.05));
#6632=VECTOR('',#8417,0.2828427124746);
#6633=CARTESIAN_POINT('',(-9.2,-2.15,9.05));
#6634=CARTESIAN_POINT('',(-9.4,-2.35,9.25));
#6635=CARTESIAN_POINT('',(-9.2,-2.15,9.05));
#6636=VECTOR('',#8418,0.3464101615138);
#6637=CARTESIAN_POINT('',(-7.0,-2.35,9.25));
#6638=VECTOR('',#8419,2.4);
#6639=CARTESIAN_POINT('',(-7.0,-2.15,9.05));
#6640=VECTOR('',#8420,2.2);
#6641=CARTESIAN_POINT('',(9.2,-2.15,9.05));
#6642=CARTESIAN_POINT('',(9.2,-2.15,2.15));
#6643=CARTESIAN_POINT('',(9.2,-2.15,9.05));
#6644=VECTOR('',#8421,6.9);
#6645=CARTESIAN_POINT('',(8.25,-2.15,2.15));
#6646=CARTESIAN_POINT('',(8.25,-2.15,2.15));
#6647=VECTOR('',#8422,0.95);
#6648=CARTESIAN_POINT('',(8.25,-2.15,2.3));
#6649=CARTESIAN_POINT('',(8.25,-2.15,2.15));
#6650=VECTOR('',#8423,0.15);
#6651=CARTESIAN_POINT('',(7.75,-2.15,2.3));
#6652=CARTESIAN_POINT('',(7.75,-2.15,2.3));
#6653=VECTOR('',#8424,0.5);
#6654=CARTESIAN_POINT('',(7.75,-2.15,2.15));
#6655=CARTESIAN_POINT('',(7.75,-2.15,2.15));
#6656=VECTOR('',#8425,0.15);
#6657=CARTESIAN_POINT('',(6.25,-2.15,2.15));
#6658=CARTESIAN_POINT('',(6.25,-2.15,2.15));
#6659=VECTOR('',#8426,1.5);
#6660=CARTESIAN_POINT('',(6.25,-2.15,2.3));
#6661=CARTESIAN_POINT('',(6.25,-2.15,2.15));
#6662=VECTOR('',#8427,0.15);
#6663=CARTESIAN_POINT('',(5.75,-2.15,2.3));
#6664=CARTESIAN_POINT('',(5.75,-2.15,2.3));
#6665=VECTOR('',#8428,0.5);
#6666=CARTESIAN_POINT('',(5.75,-2.15,2.15));
#6667=CARTESIAN_POINT('',(5.75,-2.15,2.15));
#6668=VECTOR('',#8429,0.15);
#6669=CARTESIAN_POINT('',(4.25,-2.15,2.15));
#6670=CARTESIAN_POINT('',(4.25,-2.15,2.15));
#6671=VECTOR('',#8430,1.5);
#6672=CARTESIAN_POINT('',(4.25,-2.15,2.3));
#6673=CARTESIAN_POINT('',(4.25,-2.15,2.15));
#6674=VECTOR('',#8431,0.15);
#6675=CARTESIAN_POINT('',(3.75,-2.15,2.3));
#6676=CARTESIAN_POINT('',(3.75,-2.15,2.3));
#6677=VECTOR('',#8432,0.5);
#6678=CARTESIAN_POINT('',(3.75,-2.15,2.15));
#6679=CARTESIAN_POINT('',(3.75,-2.15,2.15));
#6680=VECTOR('',#8433,0.15);
#6681=CARTESIAN_POINT('',(2.25,-2.15,2.15));
#6682=CARTESIAN_POINT('',(2.25,-2.15,2.15));
#6683=VECTOR('',#8434,1.5);
#6684=CARTESIAN_POINT('',(2.25,-2.15,2.3));
#6685=CARTESIAN_POINT('',(2.25,-2.15,2.15));
#6686=VECTOR('',#8435,0.15);
#6687=CARTESIAN_POINT('',(1.75,-2.15,2.3));
#6688=CARTESIAN_POINT('',(1.75,-2.15,2.3));
#6689=VECTOR('',#8436,0.5);
#6690=CARTESIAN_POINT('',(1.75,-2.15,2.15));
#6691=CARTESIAN_POINT('',(1.75,-2.15,2.15));
#6692=VECTOR('',#8437,0.15);
#6693=CARTESIAN_POINT('',(0.25,-2.15,2.15));
#6694=CARTESIAN_POINT('',(0.25,-2.15,2.15));
#6695=VECTOR('',#8438,1.5);
#6696=CARTESIAN_POINT('',(0.25,-2.15,2.3));
#6697=CARTESIAN_POINT('',(0.25,-2.15,2.15));
#6698=VECTOR('',#8439,0.15);
#6699=CARTESIAN_POINT('',(-0.25,-2.15,2.3));
#6700=CARTESIAN_POINT('',(-0.25,-2.15,2.3));
#6701=VECTOR('',#8440,0.5);
#6702=CARTESIAN_POINT('',(-0.25,-2.15,2.15));
#6703=CARTESIAN_POINT('',(-0.25,-2.15,2.15));
#6704=VECTOR('',#8441,0.15);
#6705=CARTESIAN_POINT('',(-1.75,-2.15,2.15));
#6706=CARTESIAN_POINT('',(-1.75,-2.15,2.15));
#6707=VECTOR('',#8442,1.5);
#6708=CARTESIAN_POINT('',(-1.75,-2.15,2.3));
#6709=CARTESIAN_POINT('',(-1.75,-2.15,2.15));
#6710=VECTOR('',#8443,0.15);
#6711=CARTESIAN_POINT('',(-2.25,-2.15,2.3));
#6712=CARTESIAN_POINT('',(-2.25,-2.15,2.3));
#6713=VECTOR('',#8444,0.5);
#6714=CARTESIAN_POINT('',(-2.25,-2.15,2.15));
#6715=CARTESIAN_POINT('',(-2.25,-2.15,2.15));
#6716=VECTOR('',#8445,0.15);
#6717=CARTESIAN_POINT('',(-3.75,-2.15,2.15));
#6718=CARTESIAN_POINT('',(-3.75,-2.15,2.15));
#6719=VECTOR('',#8446,1.5);
#6720=CARTESIAN_POINT('',(-3.75,-2.15,2.3));
#6721=CARTESIAN_POINT('',(-3.75,-2.15,2.15));
#6722=VECTOR('',#8447,0.15);
#6723=CARTESIAN_POINT('',(-4.25,-2.15,2.3));
#6724=CARTESIAN_POINT('',(-4.25,-2.15,2.3));
#6725=VECTOR('',#8448,0.5);
#6726=CARTESIAN_POINT('',(-4.25,-2.15,2.15));
#6727=CARTESIAN_POINT('',(-4.25,-2.15,2.15));
#6728=VECTOR('',#8449,0.15);
#6729=CARTESIAN_POINT('',(-5.75,-2.15,2.15));
#6730=CARTESIAN_POINT('',(-5.75,-2.15,2.15));
#6731=VECTOR('',#8450,1.5);
#6732=CARTESIAN_POINT('',(-5.75,-2.15,2.3));
#6733=CARTESIAN_POINT('',(-5.75,-2.15,2.15));
#6734=VECTOR('',#8451,0.15);
#6735=CARTESIAN_POINT('',(-6.25,-2.15,2.3));
#6736=CARTESIAN_POINT('',(-6.25,-2.15,2.3));
#6737=VECTOR('',#8452,0.5);
#6738=CARTESIAN_POINT('',(-6.25,-2.15,2.15));
#6739=CARTESIAN_POINT('',(-6.25,-2.15,2.15));
#6740=VECTOR('',#8453,0.15);
#6741=CARTESIAN_POINT('',(-7.75,-2.15,2.15));
#6742=CARTESIAN_POINT('',(-7.75,-2.15,2.15));
#6743=VECTOR('',#8454,1.5);
#6744=CARTESIAN_POINT('',(-7.75,-2.15,2.3));
#6745=CARTESIAN_POINT('',(-7.75,-2.15,2.15));
#6746=VECTOR('',#8455,0.15);
#6747=CARTESIAN_POINT('',(-8.25,-2.15,2.3));
#6748=CARTESIAN_POINT('',(-8.25,-2.15,2.3));
#6749=VECTOR('',#8456,0.5);
#6750=CARTESIAN_POINT('',(-8.25,-2.15,2.15));
#6751=CARTESIAN_POINT('',(-8.25,-2.15,2.15));
#6752=VECTOR('',#8457,0.15);
#6753=CARTESIAN_POINT('',(-9.2,-2.15,2.15));
#6754=CARTESIAN_POINT('',(-9.2,-2.15,2.15));
#6755=VECTOR('',#8458,0.95);
#6756=CARTESIAN_POINT('',(-9.2,-2.15,9.05));
#6757=VECTOR('',#8459,6.9);
#6758=CARTESIAN_POINT('',(7.0,-2.15,9.05));
#6759=CARTESIAN_POINT('',(7.0,-2.15,9.05));
#6760=VECTOR('',#8460,0.1);
#6761=CARTESIAN_POINT('',(9.2,-2.15,9.05));
#6762=VECTOR('',#8461,2.2);
#6763=CARTESIAN_POINT('',(9.4,-2.35,9.25));
#6764=CARTESIAN_POINT('',(9.2,-2.15,9.05));
#6765=VECTOR('',#8462,0.3464101615138);
#6766=CARTESIAN_POINT('',(7.0,-2.35,9.25));
#6767=CARTESIAN_POINT('',(7.0,-2.35,9.25));
#6768=VECTOR('',#8463,0.2828427124746);
#6769=CARTESIAN_POINT('',(9.4,-2.35,9.25));
#6770=VECTOR('',#8464,2.4);
#6771=CARTESIAN_POINT('',(7.0,-2.9,9.25));
#6772=VECTOR('',#8465,0.55);
#6773=CARTESIAN_POINT('',(10.0,-1.7,9.25));
#6774=CARTESIAN_POINT('',(10.0,-1.7,9.25));
#6775=VECTOR('',#8466,1.2);
#6776=CARTESIAN_POINT('',(9.4,-1.7,9.25));
#6777=CARTESIAN_POINT('',(9.4,-1.7,9.25));
#6778=VECTOR('',#8467,0.6);
#6779=CARTESIAN_POINT('',(9.4,-1.7,9.25));
#6780=VECTOR('',#8468,0.65);
#6781=CARTESIAN_POINT('',(-9.4,-1.7,9.25));
#6782=CARTESIAN_POINT('',(-10.0,-1.7,9.25));
#6783=VECTOR('',#8469,0.6);
#6784=CARTESIAN_POINT('',(-9.4,-2.35,9.25));
#6785=VECTOR('',#8470,0.65);
#6786=CARTESIAN_POINT('',(9.2,-1.9,9.05));
#6787=CARTESIAN_POINT('',(9.2,-1.9,9.05));
#6788=VECTOR('',#8471,0.3464101615138);
#6789=CARTESIAN_POINT('',(9.2,-1.9,9.05));
#6790=VECTOR('',#8472,0.25);
#6791=CARTESIAN_POINT('',(9.2,-1.9,6.91));
#6792=CARTESIAN_POINT('',(9.2,-1.9,6.91));
#6793=VECTOR('',#8473,2.14);
#6794=CARTESIAN_POINT('',(9.2,-0.95,6.91));
#6795=CARTESIAN_POINT('',(9.2,-0.95,6.91));
#6796=VECTOR('',#8474,0.95);
#6797=CARTESIAN_POINT('',(9.2,-0.95,2.15));
#6798=CARTESIAN_POINT('',(9.2,-0.95,6.91));
#6799=VECTOR('',#8475,4.76);
#6800=CARTESIAN_POINT('',(9.2,-2.15,2.15));
#6801=VECTOR('',#8476,1.2);
#6802=CARTESIAN_POINT('',(-7.75,1.15,2.15));
#6803=CARTESIAN_POINT('',(-8.25,1.15,2.15));
#6804=CARTESIAN_POINT('',(-7.75,1.15,2.15));
#6805=VECTOR('',#8477,0.5);
#6806=CARTESIAN_POINT('',(-7.75,-2.15,2.15));
#6807=VECTOR('',#8478,3.3);
#6808=CARTESIAN_POINT('',(-6.25,1.15,2.15));
#6809=CARTESIAN_POINT('',(-6.25,-2.15,2.15));
#6810=VECTOR('',#8479,3.3);
#6811=CARTESIAN_POINT('',(-5.75,1.15,2.15));
#6812=CARTESIAN_POINT('',(-5.75,1.15,2.15));
#6813=VECTOR('',#8480,0.5);
#6814=CARTESIAN_POINT('',(-5.75,-2.15,2.15));
#6815=VECTOR('',#8481,3.3);
#6816=CARTESIAN_POINT('',(-4.25,1.15,2.15));
#6817=CARTESIAN_POINT('',(-4.25,-2.15,2.15));
#6818=VECTOR('',#8482,3.3);
#6819=CARTESIAN_POINT('',(-3.75,1.15,2.15));
#6820=CARTESIAN_POINT('',(-3.75,1.15,2.15));
#6821=VECTOR('',#8483,0.5);
#6822=CARTESIAN_POINT('',(-3.75,-2.15,2.15));
#6823=VECTOR('',#8484,3.3);
#6824=CARTESIAN_POINT('',(-2.25,1.15,2.15));
#6825=CARTESIAN_POINT('',(-2.25,-2.15,2.15));
#6826=VECTOR('',#8485,3.3);
#6827=CARTESIAN_POINT('',(-1.75,1.15,2.15));
#6828=CARTESIAN_POINT('',(-1.75,1.15,2.15));
#6829=VECTOR('',#8486,0.5);
#6830=CARTESIAN_POINT('',(-1.75,-2.15,2.15));
#6831=VECTOR('',#8487,3.3);
#6832=CARTESIAN_POINT('',(-0.25,1.15,2.15));
#6833=CARTESIAN_POINT('',(-0.25,-2.15,2.15));
#6834=VECTOR('',#8488,3.3);
#6835=CARTESIAN_POINT('',(0.25,1.15,2.15));
#6836=CARTESIAN_POINT('',(0.25,1.15,2.15));
#6837=VECTOR('',#8489,0.5);
#6838=CARTESIAN_POINT('',(0.25,-2.15,2.15));
#6839=VECTOR('',#8490,3.3);
#6840=CARTESIAN_POINT('',(1.75,1.15,2.15));
#6841=CARTESIAN_POINT('',(1.75,-2.15,2.15));
#6842=VECTOR('',#8491,3.3);
#6843=CARTESIAN_POINT('',(2.25,1.15,2.15));
#6844=CARTESIAN_POINT('',(2.25,1.15,2.15));
#6845=VECTOR('',#8492,0.5);
#6846=CARTESIAN_POINT('',(2.25,-2.15,2.15));
#6847=VECTOR('',#8493,3.3);
#6848=CARTESIAN_POINT('',(3.75,1.15,2.15));
#6849=CARTESIAN_POINT('',(3.75,-2.15,2.15));
#6850=VECTOR('',#8494,3.3);
#6851=CARTESIAN_POINT('',(4.25,1.15,2.15));
#6852=CARTESIAN_POINT('',(4.25,1.15,2.15));
#6853=VECTOR('',#8495,0.5);
#6854=CARTESIAN_POINT('',(4.25,-2.15,2.15));
#6855=VECTOR('',#8496,3.3);
#6856=CARTESIAN_POINT('',(5.75,1.15,2.15));
#6857=CARTESIAN_POINT('',(5.75,-2.15,2.15));
#6858=VECTOR('',#8497,3.3);
#6859=CARTESIAN_POINT('',(6.25,1.15,2.15));
#6860=CARTESIAN_POINT('',(6.25,1.15,2.15));
#6861=VECTOR('',#8498,0.5);
#6862=CARTESIAN_POINT('',(6.25,-2.15,2.15));
#6863=VECTOR('',#8499,3.3);
#6864=CARTESIAN_POINT('',(7.75,1.15,2.15));
#6865=CARTESIAN_POINT('',(7.75,-2.15,2.15));
#6866=VECTOR('',#8500,3.3);
#6867=CARTESIAN_POINT('',(8.25,1.15,2.15));
#6868=CARTESIAN_POINT('',(8.25,1.15,2.15));
#6869=VECTOR('',#8501,0.5);
#6870=CARTESIAN_POINT('',(8.25,-2.15,2.15));
#6871=VECTOR('',#8502,3.3);
#6872=CARTESIAN_POINT('',(8.5,-0.95,2.15));
#6873=CARTESIAN_POINT('',(9.2,-0.95,2.15));
#6874=VECTOR('',#8503,0.7);
#6875=CARTESIAN_POINT('',(8.5,2.2,2.15));
#6876=CARTESIAN_POINT('',(8.5,2.2,2.15));
#6877=VECTOR('',#8504,3.15);
#6878=CARTESIAN_POINT('',(7.55,2.2,2.15));
#6879=CARTESIAN_POINT('',(8.5,2.2,2.15));
#6880=VECTOR('',#8505,0.95);
#6881=CARTESIAN_POINT('',(7.55,1.65,2.15));
#6882=CARTESIAN_POINT('',(7.55,2.2,2.15));
#6883=VECTOR('',#8506,0.55);
#6884=CARTESIAN_POINT('',(2.7,1.65,2.15));
#6885=CARTESIAN_POINT('',(7.55,1.65,2.15));
#6886=VECTOR('',#8507,4.85);
#6887=CARTESIAN_POINT('',(2.7,3.15,2.15));
#6888=CARTESIAN_POINT('',(2.7,1.65,2.15));
#6889=VECTOR('',#8508,1.5);
#6890=CARTESIAN_POINT('',(1.05,3.15,2.15));
#6891=CARTESIAN_POINT('',(2.7,3.15,2.15));
#6892=VECTOR('',#8509,1.65);
#6893=CARTESIAN_POINT('',(1.05,2.65,2.15));
#6894=CARTESIAN_POINT('',(1.05,3.15,2.15));
#6895=VECTOR('',#8510,0.5);
#6896=CARTESIAN_POINT('',(-1.05,2.65,2.15));
#6897=CARTESIAN_POINT('',(-1.05,2.65,2.15));
#6898=VECTOR('',#8511,2.1);
#6899=CARTESIAN_POINT('',(-1.05,3.15,2.15));
#6900=CARTESIAN_POINT('',(-1.05,3.15,2.15));
#6901=VECTOR('',#8512,0.5);
#6902=CARTESIAN_POINT('',(-2.7,3.15,2.15));
#6903=CARTESIAN_POINT('',(-1.05,3.15,2.15));
#6904=VECTOR('',#8513,1.65);
#6905=CARTESIAN_POINT('',(-2.7,1.65,2.15));
#6906=CARTESIAN_POINT('',(-2.7,3.15,2.15));
#6907=VECTOR('',#8514,1.5);
#6908=CARTESIAN_POINT('',(-7.55,1.65,2.15));
#6909=CARTESIAN_POINT('',(-2.7,1.65,2.15));
#6910=VECTOR('',#8515,4.85);
#6911=CARTESIAN_POINT('',(-7.55,2.2,2.15));
#6912=CARTESIAN_POINT('',(-7.55,1.65,2.15));
#6913=VECTOR('',#8516,0.55);
#6914=CARTESIAN_POINT('',(-8.5,2.2,2.15));
#6915=CARTESIAN_POINT('',(-7.55,2.2,2.15));
#6916=VECTOR('',#8517,0.95);
#6917=CARTESIAN_POINT('',(-8.5,-0.95,2.15));
#6918=CARTESIAN_POINT('',(-8.5,-0.95,2.15));
#6919=VECTOR('',#8518,3.15);
#6920=CARTESIAN_POINT('',(-9.2,-0.95,2.15));
#6921=CARTESIAN_POINT('',(-8.5,-0.95,2.15));
#6922=VECTOR('',#8519,0.7);
#6923=CARTESIAN_POINT('',(-9.2,-0.95,2.15));
#6924=VECTOR('',#8520,1.2);
#6925=CARTESIAN_POINT('',(-8.25,-2.15,2.15));
#6926=VECTOR('',#8521,3.3);
#6927=CARTESIAN_POINT('',(6.75,0.35,2.15));
#6928=CARTESIAN_POINT('',(7.25,0.35,2.15));
#6929=CARTESIAN_POINT('',(6.75,0.35,2.15));
#6930=VECTOR('',#8522,0.5);
#6931=CARTESIAN_POINT('',(7.25,-0.15,2.15));
#6932=CARTESIAN_POINT('',(7.25,-0.15,2.15));
#6933=VECTOR('',#8523,0.5);
#6934=CARTESIAN_POINT('',(6.75,-0.15,2.15));
#6935=CARTESIAN_POINT('',(6.75,-0.15,2.15));
#6936=VECTOR('',#8524,0.5);
#6937=CARTESIAN_POINT('',(6.75,-0.15,2.15));
#6938=VECTOR('',#8525,0.5);
#6939=CARTESIAN_POINT('',(4.75,0.35,2.15));
#6940=CARTESIAN_POINT('',(5.25,0.35,2.15));
#6941=CARTESIAN_POINT('',(4.75,0.35,2.15));
#6942=VECTOR('',#8526,0.5);
#6943=CARTESIAN_POINT('',(5.25,-0.15,2.15));
#6944=CARTESIAN_POINT('',(5.25,-0.15,2.15));
#6945=VECTOR('',#8527,0.5);
#6946=CARTESIAN_POINT('',(4.75,-0.15,2.15));
#6947=CARTESIAN_POINT('',(4.75,-0.15,2.15));
#6948=VECTOR('',#8528,0.5);
#6949=CARTESIAN_POINT('',(4.75,-0.15,2.15));
#6950=VECTOR('',#8529,0.5);
#6951=CARTESIAN_POINT('',(2.75,0.35,2.15));
#6952=CARTESIAN_POINT('',(3.25,0.35,2.15));
#6953=CARTESIAN_POINT('',(2.75,0.35,2.15));
#6954=VECTOR('',#8530,0.5);
#6955=CARTESIAN_POINT('',(3.25,-0.15,2.15));
#6956=CARTESIAN_POINT('',(3.25,-0.15,2.15));
#6957=VECTOR('',#8531,0.5);
#6958=CARTESIAN_POINT('',(2.75,-0.15,2.15));
#6959=CARTESIAN_POINT('',(2.75,-0.15,2.15));
#6960=VECTOR('',#8532,0.5);
#6961=CARTESIAN_POINT('',(2.75,-0.15,2.15));
#6962=VECTOR('',#8533,0.5);
#6963=CARTESIAN_POINT('',(0.75,0.35,2.15));
#6964=CARTESIAN_POINT('',(1.25,0.35,2.15));
#6965=CARTESIAN_POINT('',(0.75,0.35,2.15));
#6966=VECTOR('',#8534,0.5);
#6967=CARTESIAN_POINT('',(1.25,-0.15,2.15));
#6968=CARTESIAN_POINT('',(1.25,-0.15,2.15));
#6969=VECTOR('',#8535,0.5);
#6970=CARTESIAN_POINT('',(0.75,-0.15,2.15));
#6971=CARTESIAN_POINT('',(0.75,-0.15,2.15));
#6972=VECTOR('',#8536,0.5);
#6973=CARTESIAN_POINT('',(0.75,-0.15,2.15));
#6974=VECTOR('',#8537,0.5);
#6975=CARTESIAN_POINT('',(-1.25,0.35,2.15));
#6976=CARTESIAN_POINT('',(-0.75,0.35,2.15));
#6977=CARTESIAN_POINT('',(-1.25,0.35,2.15));
#6978=VECTOR('',#8538,0.5);
#6979=CARTESIAN_POINT('',(-0.75,-0.15,2.15));
#6980=CARTESIAN_POINT('',(-0.75,-0.15,2.15));
#6981=VECTOR('',#8539,0.5);
#6982=CARTESIAN_POINT('',(-1.25,-0.15,2.15));
#6983=CARTESIAN_POINT('',(-1.25,-0.15,2.15));
#6984=VECTOR('',#8540,0.5);
#6985=CARTESIAN_POINT('',(-1.25,-0.15,2.15));
#6986=VECTOR('',#8541,0.5);
#6987=CARTESIAN_POINT('',(-3.25,0.35,2.15));
#6988=CARTESIAN_POINT('',(-2.75,0.35,2.15));
#6989=CARTESIAN_POINT('',(-3.25,0.35,2.15));
#6990=VECTOR('',#8542,0.5);
#6991=CARTESIAN_POINT('',(-2.75,-0.15,2.15));
#6992=CARTESIAN_POINT('',(-2.75,-0.15,2.15));
#6993=VECTOR('',#8543,0.5);
#6994=CARTESIAN_POINT('',(-3.25,-0.15,2.15));
#6995=CARTESIAN_POINT('',(-3.25,-0.15,2.15));
#6996=VECTOR('',#8544,0.5);
#6997=CARTESIAN_POINT('',(-3.25,-0.15,2.15));
#6998=VECTOR('',#8545,0.5);
#6999=CARTESIAN_POINT('',(-5.25,0.35,2.15));
#7000=CARTESIAN_POINT('',(-4.75,0.35,2.15));
#7001=CARTESIAN_POINT('',(-5.25,0.35,2.15));
#7002=VECTOR('',#8546,0.5);
#7003=CARTESIAN_POINT('',(-4.75,-0.15,2.15));
#7004=CARTESIAN_POINT('',(-4.75,-0.15,2.15));
#7005=VECTOR('',#8547,0.5);
#7006=CARTESIAN_POINT('',(-5.25,-0.15,2.15));
#7007=CARTESIAN_POINT('',(-5.25,-0.15,2.15));
#7008=VECTOR('',#8548,0.5);
#7009=CARTESIAN_POINT('',(-5.25,-0.15,2.15));
#7010=VECTOR('',#8549,0.5);
#7011=CARTESIAN_POINT('',(-7.25,0.35,2.15));
#7012=CARTESIAN_POINT('',(-6.75,0.35,2.15));
#7013=CARTESIAN_POINT('',(-7.25,0.35,2.15));
#7014=VECTOR('',#8550,0.5);
#7015=CARTESIAN_POINT('',(-6.75,-0.15,2.15));
#7016=CARTESIAN_POINT('',(-6.75,-0.15,2.15));
#7017=VECTOR('',#8551,0.5);
#7018=CARTESIAN_POINT('',(-7.25,-0.15,2.15));
#7019=CARTESIAN_POINT('',(-7.25,-0.15,2.15));
#7020=VECTOR('',#8552,0.5);
#7021=CARTESIAN_POINT('',(-7.25,-0.15,2.15));
#7022=VECTOR('',#8553,0.5);
#7023=CARTESIAN_POINT('',(-8.25,1.15,2.3));
#7024=CARTESIAN_POINT('',(-8.25,1.15,2.3));
#7025=VECTOR('',#8554,3.3);
#7026=CARTESIAN_POINT('',(-8.25,1.15,2.15));
#7027=VECTOR('',#8555,0.15);
#7028=CARTESIAN_POINT('',(-7.75,1.15,2.3));
#7029=CARTESIAN_POINT('',(-7.75,1.15,2.3));
#7030=VECTOR('',#8556,0.5);
#7031=CARTESIAN_POINT('',(-7.75,1.15,2.15));
#7032=VECTOR('',#8557,0.15);
#7033=CARTESIAN_POINT('',(-7.75,-2.15,2.3));
#7034=VECTOR('',#8558,3.3);
#7035=CARTESIAN_POINT('',(-9.2,-0.95,6.91));
#7036=CARTESIAN_POINT('',(-9.2,-0.95,6.91));
#7037=VECTOR('',#8559,4.76);
#7038=CARTESIAN_POINT('',(-9.2,-1.9,6.91));
#7039=CARTESIAN_POINT('',(-9.2,-1.9,6.91));
#7040=VECTOR('',#8560,0.95);
#7041=CARTESIAN_POINT('',(-9.2,-1.9,9.05));
#7042=CARTESIAN_POINT('',(-9.2,-1.9,9.05));
#7043=VECTOR('',#8561,2.14);
#7044=CARTESIAN_POINT('',(-9.2,-2.15,9.05));
#7045=VECTOR('',#8562,0.25);
#7046=CARTESIAN_POINT('',(-9.2,-1.9,9.05));
#7047=VECTOR('',#8563,0.3464101615138);
#7048=CARTESIAN_POINT('',(-9.4,-1.7,7.11));
#7049=CARTESIAN_POINT('',(-9.2,-1.9,6.91));
#7050=VECTOR('',#8564,0.3464101615138);
#7051=CARTESIAN_POINT('',(-9.4,-1.7,9.25));
#7052=VECTOR('',#8565,2.14);
#7053=CARTESIAN_POINT('',(-10.0,-1.7,7.11));
#7054=VECTOR('',#8566,0.6);
#7055=CARTESIAN_POINT('',(10.0,-1.7,7.11));
#7056=CARTESIAN_POINT('',(10.0,-1.7,7.11));
#7057=VECTOR('',#8567,2.14);
#7058=CARTESIAN_POINT('',(9.4,-1.7,7.11));
#7059=CARTESIAN_POINT('',(9.4,-1.7,7.11));
#7060=VECTOR('',#8568,0.6);
#7061=CARTESIAN_POINT('',(9.4,-1.7,7.11));
#7062=VECTOR('',#8569,2.14);
#7063=CARTESIAN_POINT('',(-9.4,-0.75,7.11));
#7064=CARTESIAN_POINT('',(-8.7,-0.75,7.11));
#7065=CARTESIAN_POINT('',(-9.4,-0.75,7.11));
#7066=VECTOR('',#8570,0.7);
#7067=CARTESIAN_POINT('',(-8.7,1.2,7.11));
#7068=CARTESIAN_POINT('',(-8.7,-0.75,7.11));
#7069=VECTOR('',#8571,1.95);
#7070=CARTESIAN_POINT('',(-10.0,1.2,7.11));
#7071=VECTOR('',#8572,1.3);
#7072=CARTESIAN_POINT('',(-9.4,-1.7,7.11));
#7073=VECTOR('',#8573,0.95);
#7074=CARTESIAN_POINT('',(10.0,1.2,7.11));
#7075=CARTESIAN_POINT('',(10.0,1.2,7.11));
#7076=VECTOR('',#8574,2.9);
#7077=CARTESIAN_POINT('',(8.7,1.2,7.11));
#7078=CARTESIAN_POINT('',(8.7,1.2,7.11));
#7079=VECTOR('',#8575,1.3);
#7080=CARTESIAN_POINT('',(8.7,-0.75,7.11));
#7081=CARTESIAN_POINT('',(8.7,1.2,7.11));
#7082=VECTOR('',#8576,1.95);
#7083=CARTESIAN_POINT('',(9.4,-0.75,7.11));
#7084=CARTESIAN_POINT('',(8.7,-0.75,7.11));
#7085=VECTOR('',#8577,0.7);
#7086=CARTESIAN_POINT('',(9.4,-0.75,7.11));
#7087=VECTOR('',#8578,0.95);
#7088=CARTESIAN_POINT('',(-9.2,-0.95,6.91));
#7089=VECTOR('',#8579,0.3464101615138);
#7090=CARTESIAN_POINT('',(-8.5,-0.95,6.91));
#7091=CARTESIAN_POINT('',(-9.2,-0.95,6.91));
#7092=VECTOR('',#8580,0.7);
#7093=CARTESIAN_POINT('',(-8.5,-0.95,6.91));
#7094=VECTOR('',#8581,0.3464101615138);
#7095=CARTESIAN_POINT('',(-8.5,1.4,6.91));
#7096=CARTESIAN_POINT('',(-8.5,-0.95,6.91));
#7097=VECTOR('',#8582,2.35);
#7098=CARTESIAN_POINT('',(-8.5,1.4,6.91));
#7099=VECTOR('',#8583,0.3464101615138);
#7100=CARTESIAN_POINT('',(-8.5,1.4,9.05));
#7101=CARTESIAN_POINT('',(-8.7,1.2,9.25));
#7102=CARTESIAN_POINT('',(-8.5,1.4,9.05));
#7103=VECTOR('',#8584,0.3464101615138);
#7104=CARTESIAN_POINT('',(-8.7,1.2,7.11));
#7105=VECTOR('',#8585,2.14);
#7106=CARTESIAN_POINT('',(-8.5,1.4,6.91));
#7107=VECTOR('',#8586,2.14);
#7108=CARTESIAN_POINT('',(-8.5,-0.95,6.91));
#7109=VECTOR('',#8587,4.76);
#7110=CARTESIAN_POINT('',(-8.5,2.2,9.05));
#7111=CARTESIAN_POINT('',(-8.5,2.2,9.05));
#7112=VECTOR('',#8588,6.9);
#7113=CARTESIAN_POINT('',(-8.5,2.2,9.05));
#7114=VECTOR('',#8589,0.8);
#7115=CARTESIAN_POINT('',(-8.7,2.4,9.25));
#7116=CARTESIAN_POINT('',(-8.5,2.2,9.05));
#7117=VECTOR('',#8590,0.3464101615138);
#7118=CARTESIAN_POINT('',(-8.7,2.4,9.25));
#7119=VECTOR('',#8591,1.2);
#7120=CARTESIAN_POINT('',(-7.55,2.4,9.25));
#7121=CARTESIAN_POINT('',(-8.7,2.4,9.25));
#7122=VECTOR('',#8592,1.15);
#7123=CARTESIAN_POINT('',(-7.55,2.130571673965,9.25002613785));
#7124=CARTESIAN_POINT('',(-7.55,2.4,9.25));
#7125=VECTOR('',#8593,0.2694283273024);
#7126=CARTESIAN_POINT('',(-3.39,2.130509101059,9.25002613785));
#7127=CARTESIAN_POINT('',(-7.55,2.130571673965,9.25002613785));
#7128=VECTOR('',#8594,4.160000000471);
#7129=CARTESIAN_POINT('',(-3.39,2.9,9.25));
#7130=CARTESIAN_POINT('',(-3.39,2.9,9.25));
#7131=VECTOR('',#8595,0.7694908993847);
#7132=CARTESIAN_POINT('',(-10.0,2.9,9.25));
#7133=VECTOR('',#8596,6.61);
#7134=CARTESIAN_POINT('',(-10.0,1.2,9.25));
#7135=VECTOR('',#8597,1.3);
#7136=CARTESIAN_POINT('',(8.7,1.2,9.25));
#7137=CARTESIAN_POINT('',(10.0,1.2,9.25));
#7138=CARTESIAN_POINT('',(8.7,1.2,9.25));
#7139=VECTOR('',#8598,1.3);
#7140=CARTESIAN_POINT('',(10.0,2.9,9.25));
#7141=CARTESIAN_POINT('',(10.0,2.9,9.25));
#7142=VECTOR('',#8599,1.7);
#7143=CARTESIAN_POINT('',(3.39,2.9,9.25));
#7144=CARTESIAN_POINT('',(3.39,2.9,9.25));
#7145=VECTOR('',#8600,6.61);
#7146=CARTESIAN_POINT('',(3.39,2.130509101059,9.25002613785));
#7147=CARTESIAN_POINT('',(3.39,2.9,9.25));
#7148=VECTOR('',#8601,0.7694908993847);
#7149=CARTESIAN_POINT('',(7.55,2.130571673965,9.25002613785));
#7150=CARTESIAN_POINT('',(3.39,2.130509101059,9.25002613785));
#7151=VECTOR('',#8602,4.160000000471);
#7152=CARTESIAN_POINT('',(7.55,2.4,9.25));
#7153=CARTESIAN_POINT('',(7.55,2.130571673965,9.25002613785));
#7154=VECTOR('',#8603,0.2694283273024);
#7155=CARTESIAN_POINT('',(8.7,2.4,9.25));
#7156=CARTESIAN_POINT('',(7.55,2.4,9.25));
#7157=VECTOR('',#8604,1.15);
#7158=CARTESIAN_POINT('',(8.7,1.2,9.25));
#7159=VECTOR('',#8605,1.2);
#7160=CARTESIAN_POINT('',(10.0,1.2,9.25));
#7161=VECTOR('',#8606,2.14);
#7162=CARTESIAN_POINT('',(8.7,1.2,9.25));
#7163=VECTOR('',#8607,2.14);
#7164=CARTESIAN_POINT('',(8.5,1.4,9.05));
#7165=CARTESIAN_POINT('',(8.5,1.4,9.05));
#7166=VECTOR('',#8608,0.3464101615138);
#7167=CARTESIAN_POINT('',(8.5,1.4,6.91));
#7168=CARTESIAN_POINT('',(8.5,1.4,9.05));
#7169=VECTOR('',#8609,2.14);
#7170=CARTESIAN_POINT('',(8.5,1.4,6.91));
#7171=VECTOR('',#8610,0.3464101615138);
#7172=CARTESIAN_POINT('',(8.5,-0.95,6.91));
#7173=CARTESIAN_POINT('',(8.5,-0.95,6.91));
#7174=VECTOR('',#8611,0.3464101615138);
#7175=CARTESIAN_POINT('',(8.5,1.4,6.91));
#7176=VECTOR('',#8612,2.35);
#7177=CARTESIAN_POINT('',(8.5,2.2,9.05));
#7178=CARTESIAN_POINT('',(8.5,1.4,9.05));
#7179=VECTOR('',#8613,0.8);
#7180=CARTESIAN_POINT('',(8.5,2.2,9.05));
#7181=VECTOR('',#8614,6.9);
#7182=CARTESIAN_POINT('',(8.5,-0.95,6.91));
#7183=VECTOR('',#8615,4.76);
#7184=CARTESIAN_POINT('',(8.5,-0.95,6.91));
#7185=VECTOR('',#8616,0.7);
#7186=CARTESIAN_POINT('',(9.2,-0.95,6.91));
#7187=VECTOR('',#8617,0.3464101615138);
#7188=CARTESIAN_POINT('',(9.2,-1.9,6.91));
#7189=VECTOR('',#8618,0.3464101615138);
#7190=CARTESIAN_POINT('',(7.55,2.2,9.05));
#7191=CARTESIAN_POINT('',(7.55,2.2,9.05));
#7192=VECTOR('',#8619,6.9);
#7193=CARTESIAN_POINT('',(7.55,2.2,9.05));
#7194=VECTOR('',#8620,0.95);
#7195=CARTESIAN_POINT('',(7.55,2.2,9.05));
#7196=VECTOR('',#8621,0.2828427124746);
#7197=CARTESIAN_POINT('',(8.5,2.2,9.05));
#7198=VECTOR('',#8622,0.3464101615138);
#7199=CARTESIAN_POINT('',(7.55,1.861206369924,8.750401293592));
#7200=CARTESIAN_POINT('',(7.55,2.130571673965,9.25002613785));
#7201=VECTOR('',#8623,0.5676113564936);
#7202=CARTESIAN_POINT('',(7.55,1.65,3.3));
#7203=CARTESIAN_POINT('',(7.55,1.861206369924,8.750401293592));
#7204=VECTOR('',#8624,5.454491946267);
#7205=CARTESIAN_POINT('',(7.55,1.65,2.15));
#7206=VECTOR('',#8625,1.15);
#7207=CARTESIAN_POINT('',(2.7,1.65,3.3));
#7208=CARTESIAN_POINT('',(2.7,1.65,3.3));
#7209=VECTOR('',#8626,1.15);
#7210=CARTESIAN_POINT('',(7.55,1.65,3.3));
#7211=VECTOR('',#8627,4.85);
#7212=CARTESIAN_POINT('',(-7.55,1.861206369924,8.750401293592));
#7213=CARTESIAN_POINT('',(-7.55,1.65,3.3));
#7214=CARTESIAN_POINT('',(-7.55,1.861206369924,8.750401293592));
#7215=VECTOR('',#8628,5.454491946267);
#7216=CARTESIAN_POINT('',(-2.7,1.65,3.3));
#7217=CARTESIAN_POINT('',(-2.7,1.65,3.3));
#7218=VECTOR('',#8629,4.85);
#7219=CARTESIAN_POINT('',(-2.7,1.861269391918,8.750750311485));
#7220=CARTESIAN_POINT('',(-2.7,1.65,3.3));
#7221=VECTOR('',#8630,5.454843142943);
#7222=CARTESIAN_POINT('',(-2.7,1.861269391918,8.750750311485));
#7223=VECTOR('',#8631,4.850000012968);
#7224=CARTESIAN_POINT('',(2.7,1.861269391918,8.750750311485));
#7225=CARTESIAN_POINT('',(2.7,1.65,3.3));
#7226=VECTOR('',#8632,5.454843142943);
#7227=CARTESIAN_POINT('',(7.55,1.861206369924,8.750401293592));
#7228=VECTOR('',#8633,4.850000012968);
#7229=CARTESIAN_POINT('',(-2.7,2.4,9.75));
#7230=CARTESIAN_POINT('',(-2.7,2.4,9.75));
#7231=VECTOR('',#8634,1.135222712987);
#7232=CARTESIAN_POINT('',(-3.39,2.4,9.75));
#7233=CARTESIAN_POINT('',(-3.39,2.4,9.75));
#7234=VECTOR('',#8635,0.69);
#7235=CARTESIAN_POINT('',(-3.39,2.130509101059,9.25002613785));
#7236=VECTOR('',#8636,0.5679781751489);
#7237=CARTESIAN_POINT('',(-7.55,1.861206369924,8.750401293592));
#7238=VECTOR('',#8637,0.5676113564936);
#7239=CARTESIAN_POINT('',(-7.55,1.65,2.15));
#7240=VECTOR('',#8638,1.15);
#7241=CARTESIAN_POINT('',(-7.55,2.2,9.05));
#7242=CARTESIAN_POINT('',(-7.55,2.4,9.25));
#7243=VECTOR('',#8639,0.2828427124746);
#7244=CARTESIAN_POINT('',(-7.55,2.2,9.05));
#7245=VECTOR('',#8640,6.9);
#7246=CARTESIAN_POINT('',(-8.5,2.2,9.05));
#7247=VECTOR('',#8641,0.95);
#7248=CARTESIAN_POINT('',(-2.7,1.65,3.3));
#7249=VECTOR('',#8642,1.15);
#7250=CARTESIAN_POINT('',(-2.7,3.15,8.982));
#7251=CARTESIAN_POINT('',(-2.7,3.15,8.982));
#7252=VECTOR('',#8643,6.832);
#7253=CARTESIAN_POINT('',(-2.7,3.45,9.75));
#7254=CARTESIAN_POINT('',(-2.7,3.15,8.982));
#7255=VECTOR('',#8644,0.8245144025425);
#7256=CARTESIAN_POINT('',(-2.7,2.4,9.75));
#7257=VECTOR('',#8645,1.05);
#7258=CARTESIAN_POINT('',(2.7,3.45,9.75));
#7259=CARTESIAN_POINT('',(2.7,3.45,9.75));
#7260=VECTOR('',#8646,5.4);
#7261=CARTESIAN_POINT('',(2.7,2.4,9.75));
#7262=CARTESIAN_POINT('',(2.7,3.45,9.75));
#7263=VECTOR('',#8647,1.05);
#7264=CARTESIAN_POINT('',(3.39,2.4,9.75));
#7265=CARTESIAN_POINT('',(2.7,2.4,9.75));
#7266=VECTOR('',#8648,0.69);
#7267=CARTESIAN_POINT('',(3.39,3.8,9.75));
#7268=CARTESIAN_POINT('',(3.39,2.4,9.75));
#7269=VECTOR('',#8649,1.4);
#7270=CARTESIAN_POINT('',(-3.39,3.8,9.75));
#7271=CARTESIAN_POINT('',(3.39,3.8,9.75));
#7272=VECTOR('',#8650,6.78);
#7273=CARTESIAN_POINT('',(-3.39,3.8,9.75));
#7274=VECTOR('',#8651,1.4);
#7275=CARTESIAN_POINT('',(-3.39,3.8,1.7));
#7276=CARTESIAN_POINT('',(-3.39,3.8,9.75));
#7277=VECTOR('',#8652,8.05);
#7278=CARTESIAN_POINT('',(-3.39,3.2,1.1));
#7279=AXIS2_PLACEMENT_3D('',#8653,#8654,#8655);
#7280=CARTESIAN_POINT('',(-3.39,2.65,1.1));
#7281=CARTESIAN_POINT('',(-3.39,2.65,1.1));
#7282=VECTOR('',#8656,0.55);
#7283=CARTESIAN_POINT('',(-3.39,2.65,0.3));
#7284=VECTOR('',#8657,0.8);
#7285=CARTESIAN_POINT('',(-3.39,2.1,1.95));
#7286=CARTESIAN_POINT('',(-3.39,2.1,0.3));
#7287=VECTOR('',#8658,1.65);
#7288=CARTESIAN_POINT('',(-3.39,2.9,1.95));
#7289=CARTESIAN_POINT('',(-3.39,2.9,1.95));
#7290=VECTOR('',#8659,0.8);
#7291=CARTESIAN_POINT('',(-3.39,2.9,9.25));
#7292=VECTOR('',#8660,7.3);
#7293=CARTESIAN_POINT('',(3.39,2.9,1.95));
#7294=CARTESIAN_POINT('',(8.25,2.9,1.95));
#7295=VECTOR('',#8661,4.86);
#7296=CARTESIAN_POINT('',(3.39,2.9,9.25));
#7297=VECTOR('',#8662,7.3);
#7298=CARTESIAN_POINT('',(10.0,2.9,0.0));
#7299=CARTESIAN_POINT('',(10.0,2.9,0.0));
#7300=VECTOR('',#8663,9.25);
#7301=CARTESIAN_POINT('',(8.25,2.9,0.0));
#7302=VECTOR('',#8664,1.75);
#7303=CARTESIAN_POINT('',(-8.25,2.9,1.95));
#7304=CARTESIAN_POINT('',(-8.25,2.9,0.0));
#7305=CARTESIAN_POINT('',(-8.25,2.9,1.95));
#7306=VECTOR('',#8665,1.95);
#7307=CARTESIAN_POINT('',(-10.0,2.9,0.0));
#7308=VECTOR('',#8666,1.75);
#7309=CARTESIAN_POINT('',(-3.39,2.9,1.95));
#7310=VECTOR('',#8667,4.86);
#7311=CARTESIAN_POINT('',(-8.25,-1.65,0.0));
#7312=CARTESIAN_POINT('',(-10.0,-1.65,0.0));
#7313=VECTOR('',#8668,1.75);
#7314=CARTESIAN_POINT('',(-8.25,-2.9,0.0));
#7315=VECTOR('',#8669,1.25);
#7316=CARTESIAN_POINT('',(10.0,-1.65,0.0));
#7317=CARTESIAN_POINT('',(8.25,-1.65,0.0));
#7318=VECTOR('',#8670,1.75);
#7319=CARTESIAN_POINT('',(10.0,-2.9,0.0));
#7320=VECTOR('',#8671,1.25);
#7321=CARTESIAN_POINT('',(-8.25,1.3,0.0));
#7322=VECTOR('',#8672,1.6);
#7323=CARTESIAN_POINT('',(10.0,1.3,0.0));
#7324=VECTOR('',#8673,1.6);
#7325=CARTESIAN_POINT('',(9.5,2.0,0.0));
#7326=CARTESIAN_POINT('',(8.5,2.0,0.0));
#7327=AXIS2_PLACEMENT_3D('',#8674,#8675,#8676);
#7328=AXIS2_PLACEMENT_3D('',#8677,#8678,#8679);
#7329=CARTESIAN_POINT('',(-8.25,-1.65,0.3));
#7330=VECTOR('',#8680,0.3);
#7331=CARTESIAN_POINT('',(-8.25,-1.6,1.15));
#7332=CARTESIAN_POINT('',(-8.25,-1.6,0.3));
#7333=VECTOR('',#8681,0.85);
#7334=CARTESIAN_POINT('',(-8.25,-1.6,1.15));
#7335=VECTOR('',#8682,1.3);
#7336=CARTESIAN_POINT('',(-8.25,2.1,1.95));
#7337=CARTESIAN_POINT('',(-8.25,2.1,1.95));
#7338=VECTOR('',#8683,0.8);
#7339=CARTESIAN_POINT('',(-8.25,2.1,0.3));
#7340=VECTOR('',#8684,1.65);
#7341=CARTESIAN_POINT('',(-8.25,-1.6,1.15));
#7342=VECTOR('',#8685,16.5);
#7343=CARTESIAN_POINT('',(10.0,-1.65,0.0));
#7344=VECTOR('',#8686,0.3);
#7345=CARTESIAN_POINT('',(-3.39,2.1,1.95));
#7346=VECTOR('',#8687,4.86);
#7347=CARTESIAN_POINT('',(3.39,2.1,1.95));
#7348=VECTOR('',#8688,0.8);
#7349=CARTESIAN_POINT('',(3.39,2.65,1.1));
#7350=CARTESIAN_POINT('',(3.39,2.65,0.3));
#7351=VECTOR('',#8689,0.8);
#7352=CARTESIAN_POINT('',(3.39,3.2,1.1));
#7353=CARTESIAN_POINT('',(3.39,3.2,1.1));
#7354=VECTOR('',#8690,0.55);
#7355=CARTESIAN_POINT('',(3.39,3.8,1.7));
#7356=AXIS2_PLACEMENT_3D('',#8691,#8692,#8693);
#7357=CARTESIAN_POINT('',(3.39,3.8,9.75));
#7358=VECTOR('',#8694,8.05);
#7359=CARTESIAN_POINT('',(3.39,2.4,9.75));
#7360=VECTOR('',#8695,0.5679781751489);
#7361=CARTESIAN_POINT('',(2.7,1.861269391918,8.750750311485));
#7362=VECTOR('',#8696,1.135222712987);
#7363=CARTESIAN_POINT('',(2.7,3.15,8.982));
#7364=CARTESIAN_POINT('',(2.7,3.45,9.75));
#7365=VECTOR('',#8697,0.8245144025425);
#7366=CARTESIAN_POINT('',(2.7,3.15,8.982));
#7367=VECTOR('',#8698,6.832);
#7368=CARTESIAN_POINT('',(-1.05,3.15,8.982));
#7369=CARTESIAN_POINT('',(-2.7,3.15,8.982));
#7370=VECTOR('',#8699,1.65);
#7371=CARTESIAN_POINT('',(-1.05,3.15,7.671176470588));
#7372=CARTESIAN_POINT('',(-1.05,3.15,2.15));
#7373=VECTOR('',#8700,5.521176470588);
#7374=CARTESIAN_POINT('',(-1.05,3.15,8.982));
#7375=VECTOR('',#8701,1.310823529412);
#7376=CARTESIAN_POINT('',(1.05,3.15,7.671176470588));
#7377=CARTESIAN_POINT('',(1.05,3.15,2.15));
#7378=VECTOR('',#8702,5.521176470588);
#7379=CARTESIAN_POINT('',(1.05,3.15,8.982));
#7380=CARTESIAN_POINT('',(1.05,3.15,8.982));
#7381=VECTOR('',#8703,1.65);
#7382=CARTESIAN_POINT('',(1.05,3.15,8.982));
#7383=VECTOR('',#8704,1.310823529412);
#7384=CARTESIAN_POINT('',(-1.05,2.95,7.65));
#7385=CARTESIAN_POINT('',(-1.05,2.95,7.65));
#7386=VECTOR('',#8705,0.201117982554);
#7387=CARTESIAN_POINT('',(-1.05,2.95,8.47));
#7388=CARTESIAN_POINT('',(-1.05,2.95,8.47));
#7389=VECTOR('',#8706,0.82);
#7390=CARTESIAN_POINT('',(-1.05,2.95,8.47));
#7391=VECTOR('',#8707,0.5496762683617);
#7392=CARTESIAN_POINT('',(1.05,2.95,8.47));
#7393=CARTESIAN_POINT('',(1.05,2.95,8.47));
#7394=VECTOR('',#8708,2.1);
#7395=CARTESIAN_POINT('',(1.05,3.15,8.982));
#7396=VECTOR('',#8709,0.5496762683617);
#7397=CARTESIAN_POINT('',(1.05,2.95,7.65));
#7398=CARTESIAN_POINT('',(1.05,2.95,8.47));
#7399=VECTOR('',#8710,0.82);
#7400=CARTESIAN_POINT('',(1.05,2.95,7.65));
#7401=VECTOR('',#8711,0.201117982554);
#7402=CARTESIAN_POINT('',(1.05,3.8,7.74));
#7403=CARTESIAN_POINT('',(1.05,3.8,7.74));
#7404=VECTOR('',#8712,0.6536334433004);
#7405=CARTESIAN_POINT('',(-1.05,2.95,7.65));
#7406=VECTOR('',#8713,2.1);
#7407=CARTESIAN_POINT('',(-1.05,3.8,7.74));
#7408=CARTESIAN_POINT('',(-1.05,3.8,7.74));
#7409=VECTOR('',#8714,0.6536334433004);
#7410=CARTESIAN_POINT('',(-1.05,3.8,7.74));
#7411=VECTOR('',#8715,2.1);
#7412=CARTESIAN_POINT('',(1.05,3.8,1.7));
#7413=CARTESIAN_POINT('',(1.05,3.8,1.7));
#7414=VECTOR('',#8716,6.04);
#7415=CARTESIAN_POINT('',(-1.05,3.8,1.7));
#7416=CARTESIAN_POINT('',(-1.05,3.8,1.7));
#7417=VECTOR('',#8717,6.04);
#7418=CARTESIAN_POINT('',(-1.05,3.8,1.7));
#7419=VECTOR('',#8718,2.34);
#7420=CARTESIAN_POINT('',(3.39,3.8,1.7));
#7421=VECTOR('',#8719,2.34);
#7422=CARTESIAN_POINT('',(1.05,3.2,1.1));
#7423=CARTESIAN_POINT('',(3.39,3.2,1.1));
#7424=VECTOR('',#8720,2.34);
#7425=AXIS2_PLACEMENT_3D('',#8721,#8722,#8723);
#7426=CARTESIAN_POINT('',(1.05,2.65,1.1));
#7427=CARTESIAN_POINT('',(1.05,3.2,1.1));
#7428=VECTOR('',#8724,0.55);
#7429=CARTESIAN_POINT('',(1.05,2.65,2.15));
#7430=VECTOR('',#8725,1.05);
#7431=CARTESIAN_POINT('',(-1.05,2.65,1.1));
#7432=CARTESIAN_POINT('',(-3.39,2.65,1.1));
#7433=VECTOR('',#8726,2.34);
#7434=CARTESIAN_POINT('',(-1.05,2.65,2.15));
#7435=VECTOR('',#8727,1.05);
#7436=CARTESIAN_POINT('',(1.05,2.65,1.1));
#7437=VECTOR('',#8728,2.34);
#7438=CARTESIAN_POINT('',(-1.05,3.2,1.1));
#7439=CARTESIAN_POINT('',(-1.05,3.2,1.1));
#7440=VECTOR('',#8729,0.55);
#7441=CARTESIAN_POINT('',(-1.05,3.2,1.1));
#7442=VECTOR('',#8730,2.34);
#7443=AXIS2_PLACEMENT_3D('',#8731,#8732,#8733);
#7444=CARTESIAN_POINT('',(8.5,2.0,-0.9));
#7445=CARTESIAN_POINT('',(8.5,2.0,0.0));
#7446=VECTOR('',#8734,0.9000000012675);
#7447=CARTESIAN_POINT('',(9.5,2.0,0.0));
#7448=VECTOR('',#8735,0.9000000012675);
#7449=AXIS2_PLACEMENT_3D('',#8736,#8737,#8738);
#7450=CARTESIAN_POINT('',(8.7,2.0,-1.3));
#7451=AXIS2_PLACEMENT_3D('',#8739,#8740,#8741);
#7452=CARTESIAN_POINT('',(8.700000000507,1.999999993695,-1.300000001014));
#7453=VECTOR('',#8742,0.4472135952165);
#7454=AXIS2_PLACEMENT_3D('',#8743,#8744,#8745);
#7455=AXIS2_PLACEMENT_3D('',#8746,#8747,#8748);
#7456=CARTESIAN_POINT('',(8.25,1.15,2.3));
#7457=CARTESIAN_POINT('',(8.25,1.15,2.15));
#7458=VECTOR('',#8749,0.15);
#7459=CARTESIAN_POINT('',(8.25,-2.15,2.3));
#7460=VECTOR('',#8750,3.3);
#7461=CARTESIAN_POINT('',(7.75,1.15,2.3));
#7462=CARTESIAN_POINT('',(8.25,1.15,2.3));
#7463=VECTOR('',#8751,0.5);
#7464=CARTESIAN_POINT('',(7.75,1.15,2.3));
#7465=VECTOR('',#8752,3.3);
#7466=CARTESIAN_POINT('',(7.75,1.15,2.15));
#7467=VECTOR('',#8753,0.15);
#7468=CARTESIAN_POINT('',(6.25,1.15,2.3));
#7469=CARTESIAN_POINT('',(6.25,1.15,2.15));
#7470=VECTOR('',#8754,0.15);
#7471=CARTESIAN_POINT('',(6.25,-2.15,2.3));
#7472=VECTOR('',#8755,3.3);
#7473=CARTESIAN_POINT('',(5.75,1.15,2.3));
#7474=CARTESIAN_POINT('',(6.25,1.15,2.3));
#7475=VECTOR('',#8756,0.5);
#7476=CARTESIAN_POINT('',(5.75,1.15,2.3));
#7477=VECTOR('',#8757,3.3);
#7478=CARTESIAN_POINT('',(5.75,1.15,2.15));
#7479=VECTOR('',#8758,0.15);
#7480=CARTESIAN_POINT('',(4.25,1.15,2.3));
#7481=CARTESIAN_POINT('',(4.25,1.15,2.15));
#7482=VECTOR('',#8759,0.15);
#7483=CARTESIAN_POINT('',(4.25,-2.15,2.3));
#7484=VECTOR('',#8760,3.3);
#7485=CARTESIAN_POINT('',(3.75,1.15,2.3));
#7486=CARTESIAN_POINT('',(4.25,1.15,2.3));
#7487=VECTOR('',#8761,0.5);
#7488=CARTESIAN_POINT('',(3.75,1.15,2.3));
#7489=VECTOR('',#8762,3.3);
#7490=CARTESIAN_POINT('',(3.75,1.15,2.15));
#7491=VECTOR('',#8763,0.15);
#7492=CARTESIAN_POINT('',(2.25,1.15,2.3));
#7493=CARTESIAN_POINT('',(2.25,1.15,2.15));
#7494=VECTOR('',#8764,0.15);
#7495=CARTESIAN_POINT('',(2.25,-2.15,2.3));
#7496=VECTOR('',#8765,3.3);
#7497=CARTESIAN_POINT('',(1.75,1.15,2.3));
#7498=CARTESIAN_POINT('',(2.25,1.15,2.3));
#7499=VECTOR('',#8766,0.5);
#7500=CARTESIAN_POINT('',(1.75,1.15,2.3));
#7501=VECTOR('',#8767,3.3);
#7502=CARTESIAN_POINT('',(1.75,1.15,2.15));
#7503=VECTOR('',#8768,0.15);
#7504=CARTESIAN_POINT('',(0.25,1.15,2.3));
#7505=CARTESIAN_POINT('',(0.25,1.15,2.15));
#7506=VECTOR('',#8769,0.15);
#7507=CARTESIAN_POINT('',(0.25,-2.15,2.3));
#7508=VECTOR('',#8770,3.3);
#7509=CARTESIAN_POINT('',(-0.25,1.15,2.3));
#7510=CARTESIAN_POINT('',(0.25,1.15,2.3));
#7511=VECTOR('',#8771,0.5);
#7512=CARTESIAN_POINT('',(-0.25,1.15,2.3));
#7513=VECTOR('',#8772,3.3);
#7514=CARTESIAN_POINT('',(-0.25,1.15,2.15));
#7515=VECTOR('',#8773,0.15);
#7516=CARTESIAN_POINT('',(-1.75,1.15,2.3));
#7517=CARTESIAN_POINT('',(-1.75,1.15,2.15));
#7518=VECTOR('',#8774,0.15);
#7519=CARTESIAN_POINT('',(-1.75,-2.15,2.3));
#7520=VECTOR('',#8775,3.3);
#7521=CARTESIAN_POINT('',(-2.25,1.15,2.3));
#7522=CARTESIAN_POINT('',(-1.75,1.15,2.3));
#7523=VECTOR('',#8776,0.5);
#7524=CARTESIAN_POINT('',(-2.25,1.15,2.3));
#7525=VECTOR('',#8777,3.3);
#7526=CARTESIAN_POINT('',(-2.25,1.15,2.15));
#7527=VECTOR('',#8778,0.15);
#7528=CARTESIAN_POINT('',(-3.75,1.15,2.3));
#7529=CARTESIAN_POINT('',(-3.75,1.15,2.15));
#7530=VECTOR('',#8779,0.15);
#7531=CARTESIAN_POINT('',(-3.75,-2.15,2.3));
#7532=VECTOR('',#8780,3.3);
#7533=CARTESIAN_POINT('',(-4.25,1.15,2.3));
#7534=CARTESIAN_POINT('',(-3.75,1.15,2.3));
#7535=VECTOR('',#8781,0.5);
#7536=CARTESIAN_POINT('',(-4.25,1.15,2.3));
#7537=VECTOR('',#8782,3.3);
#7538=CARTESIAN_POINT('',(-4.25,1.15,2.15));
#7539=VECTOR('',#8783,0.15);
#7540=CARTESIAN_POINT('',(-5.75,1.15,2.3));
#7541=CARTESIAN_POINT('',(-5.75,1.15,2.15));
#7542=VECTOR('',#8784,0.15);
#7543=CARTESIAN_POINT('',(-5.75,-2.15,2.3));
#7544=VECTOR('',#8785,3.3);
#7545=CARTESIAN_POINT('',(-6.25,1.15,2.3));
#7546=CARTESIAN_POINT('',(-5.75,1.15,2.3));
#7547=VECTOR('',#8786,0.5);
#7548=CARTESIAN_POINT('',(-6.25,1.15,2.3));
#7549=VECTOR('',#8787,3.3);
#7550=CARTESIAN_POINT('',(-6.25,1.15,2.15));
#7551=VECTOR('',#8788,0.15);
#7552=CARTESIAN_POINT('',(6.75,-0.15,5.95));
#7553=CARTESIAN_POINT('',(6.75,-0.15,5.95));
#7554=VECTOR('',#8789,3.8);
#7555=CARTESIAN_POINT('',(6.75,0.35,5.95));
#7556=CARTESIAN_POINT('',(6.75,0.35,5.95));
#7557=VECTOR('',#8790,0.5);
#7558=CARTESIAN_POINT('',(6.75,0.35,2.15));
#7559=VECTOR('',#8791,3.8);
#7560=CARTESIAN_POINT('',(6.75,-0.15,-0.5));
#7561=CARTESIAN_POINT('',(6.75,0.35,-0.5));
#7562=CARTESIAN_POINT('',(6.75,-0.15,-0.5));
#7563=VECTOR('',#8792,0.5);
#7564=CARTESIAN_POINT('',(6.75,-0.15,0.3));
#7565=VECTOR('',#8793,0.8);
#7566=CARTESIAN_POINT('',(6.75,0.35,-0.5));
#7567=VECTOR('',#8794,0.8);
#7568=CARTESIAN_POINT('',(-7.25,0.35,5.95));
#7569=CARTESIAN_POINT('',(-7.25,0.35,2.15));
#7570=VECTOR('',#8795,3.8);
#7571=CARTESIAN_POINT('',(-6.75,0.35,5.95));
#7572=CARTESIAN_POINT('',(-7.25,0.35,5.95));
#7573=VECTOR('',#8796,0.5);
#7574=CARTESIAN_POINT('',(-6.75,0.35,2.15));
#7575=VECTOR('',#8797,3.8);
#7576=CARTESIAN_POINT('',(7.25,0.35,5.95));
#7577=CARTESIAN_POINT('',(6.75,0.35,5.95));
#7578=VECTOR('',#8798,0.5);
#7579=CARTESIAN_POINT('',(7.25,0.35,2.15));
#7580=VECTOR('',#8799,3.8);
#7581=CARTESIAN_POINT('',(6.791852825103,0.35,-2.687342893842));
#7582=CARTESIAN_POINT('',(6.89800571999,0.35,-1.5));
#7583=CARTESIAN_POINT('',(6.791852825103,0.35,-2.687342893842));
#7584=VECTOR('',#8800,1.19207868224);
#7585=CARTESIAN_POINT('',(6.89800571999,0.35,-1.5));
#7586=VECTOR('',#8801,1.01089351227);
#7587=CARTESIAN_POINT('',(7.25,0.35,-0.5));
#7588=CARTESIAN_POINT('',(7.25,0.35,-0.5));
#7589=VECTOR('',#8802,0.8);
#7590=CARTESIAN_POINT('',(7.4,0.35,-1.5));
#7591=CARTESIAN_POINT('',(7.25,0.35,-0.5));
#7592=VECTOR('',#8803,1.011187420808);
#7593=CARTESIAN_POINT('',(7.289866467798,0.35,-2.731867175867));
#7594=CARTESIAN_POINT('',(7.4,0.35,-1.5));
#7595=VECTOR('',#8804,1.236780552036);
#7596=CARTESIAN_POINT('',(7.289866467798,0.35,-2.731867175867));
#7597=VECTOR('',#8805,0.5);
#7598=CARTESIAN_POINT('',(-7.289866467798,0.35,-2.731867175867));
#7599=CARTESIAN_POINT('',(-7.4,0.35,-1.5));
#7600=CARTESIAN_POINT('',(-7.289866467798,0.35,-2.731867175867));
#7601=VECTOR('',#8806,1.236780552036);
#7602=CARTESIAN_POINT('',(-7.25,0.35,-0.5));
#7603=CARTESIAN_POINT('',(-7.4,0.35,-1.5));
#7604=VECTOR('',#8807,1.011187420808);
#7605=CARTESIAN_POINT('',(-7.25,0.35,-0.5));
#7606=VECTOR('',#8808,0.8);
#7607=CARTESIAN_POINT('',(-6.75,0.35,-0.5));
#7608=CARTESIAN_POINT('',(-6.75,0.35,-0.5));
#7609=VECTOR('',#8809,0.8);
#7610=CARTESIAN_POINT('',(-6.89800571999,0.35,-1.5));
#7611=CARTESIAN_POINT('',(-6.75,0.35,-0.5));
#7612=VECTOR('',#8810,1.01089351227);
#7613=CARTESIAN_POINT('',(-6.791852825103,0.35,-2.687342893842));
#7614=CARTESIAN_POINT('',(-6.89800571999,0.35,-1.5));
#7615=VECTOR('',#8811,1.19207868224);
#7616=CARTESIAN_POINT('',(-6.791852825103,0.35,-2.687342893842));
#7617=VECTOR('',#8812,0.5);
#7618=CARTESIAN_POINT('',(-6.75,-0.15,5.95));
#7619=CARTESIAN_POINT('',(-6.75,0.35,5.95));
#7620=VECTOR('',#8813,0.5);
#7621=CARTESIAN_POINT('',(-6.75,-0.15,5.95));
#7622=VECTOR('',#8814,3.8);
#7623=CARTESIAN_POINT('',(-6.75,-0.15,-0.5));
#7624=CARTESIAN_POINT('',(-6.75,-0.15,-0.5));
#7625=VECTOR('',#8815,0.5);
#7626=CARTESIAN_POINT('',(-6.75,-0.15,0.3));
#7627=VECTOR('',#8816,0.8);
#7628=CARTESIAN_POINT('',(-7.25,-0.15,5.95));
#7629=CARTESIAN_POINT('',(-7.25,-0.15,5.95));
#7630=VECTOR('',#8817,0.5);
#7631=CARTESIAN_POINT('',(-7.25,-0.15,5.95));
#7632=VECTOR('',#8818,3.8);
#7633=CARTESIAN_POINT('',(7.25,-0.15,5.95));
#7634=CARTESIAN_POINT('',(7.25,-0.15,5.95));
#7635=VECTOR('',#8819,3.8);
#7636=CARTESIAN_POINT('',(6.75,-0.15,5.95));
#7637=VECTOR('',#8820,0.5);
#7638=CARTESIAN_POINT('',(7.4,-0.15,-1.5));
#7639=CARTESIAN_POINT('',(7.289866467798,-0.15,-2.731867175867));
#7640=CARTESIAN_POINT('',(7.4,-0.15,-1.5));
#7641=VECTOR('',#8821,1.236780552036);
#7642=CARTESIAN_POINT('',(7.25,-0.15,-0.5));
#7643=CARTESIAN_POINT('',(7.25,-0.15,-0.5));
#7644=VECTOR('',#8822,1.011187420808);
#7645=CARTESIAN_POINT('',(7.25,-0.15,0.3));
#7646=VECTOR('',#8823,0.8);
#7647=CARTESIAN_POINT('',(6.89800571999,-0.15,-1.5));
#7648=CARTESIAN_POINT('',(6.89800571999,-0.15,-1.5));
#7649=VECTOR('',#8824,1.01089351227);
#7650=CARTESIAN_POINT('',(6.791852825103,-0.15,-2.687342893842));
#7651=CARTESIAN_POINT('',(6.791852825103,-0.15,-2.687342893842));
#7652=VECTOR('',#8825,1.19207868224);
#7653=CARTESIAN_POINT('',(6.791852825103,-0.15,-2.687342893842));
#7654=VECTOR('',#8826,0.5);
#7655=CARTESIAN_POINT('',(-6.89800571999,-0.15,-1.5));
#7656=CARTESIAN_POINT('',(-6.791852825103,-0.15,-2.687342893842));
#7657=CARTESIAN_POINT('',(-6.89800571999,-0.15,-1.5));
#7658=VECTOR('',#8827,1.19207868224);
#7659=CARTESIAN_POINT('',(-6.75,-0.15,-0.5));
#7660=VECTOR('',#8828,1.01089351227);
#7661=CARTESIAN_POINT('',(-7.25,-0.15,-0.5));
#7662=CARTESIAN_POINT('',(-7.25,-0.15,0.3));
#7663=VECTOR('',#8829,0.8);
#7664=CARTESIAN_POINT('',(-7.4,-0.15,-1.5));
#7665=CARTESIAN_POINT('',(-7.4,-0.15,-1.5));
#7666=VECTOR('',#8830,1.011187420808);
#7667=CARTESIAN_POINT('',(-7.289866467798,-0.15,-2.731867175867));
#7668=CARTESIAN_POINT('',(-7.289866467798,-0.15,-2.731867175867));
#7669=VECTOR('',#8831,1.236780552036);
#7670=CARTESIAN_POINT('',(-7.289866467798,-0.15,-2.731867175867));
#7671=VECTOR('',#8832,0.5);
#7672=CARTESIAN_POINT('',(-7.25,0.35,5.95));
#7673=VECTOR('',#8833,0.5);
#7674=CARTESIAN_POINT('',(-7.25,-0.15,-0.5));
#7675=VECTOR('',#8834,0.5);
#7676=CARTESIAN_POINT('',(-7.4,0.35,-1.5));
#7677=VECTOR('',#8835,0.5);
#7678=CARTESIAN_POINT('',(-7.289866467798,0.35,-2.731867175867));
#7679=VECTOR('',#8836,0.5);
#7680=CARTESIAN_POINT('',(-7.123510232021,0.225,-3.188868929494));
#7681=CARTESIAN_POINT('',(-7.289866467798,0.35,-2.731867175867));
#7682=VECTOR('',#8837,0.5021453972706);
#7683=CARTESIAN_POINT('',(-7.123510232021,-0.02499999999998,-3.188868929494));
#7684=CARTESIAN_POINT('',(-7.123510232021,0.225,-3.188868929494));
#7685=VECTOR('',#8838,0.25);
#7686=CARTESIAN_POINT('',(-7.123510232021,-0.02499999999998,-3.188868929494));
#7687=VECTOR('',#8839,0.5021453972706);
#7688=CARTESIAN_POINT('',(-6.874503410674,-0.02499999999998,-3.166606788482));
#7689=CARTESIAN_POINT('',(-7.123510232021,-0.02499999999998,-3.188868929494));
#7690=VECTOR('',#8840,0.25);
#7691=CARTESIAN_POINT('',(-6.874503410674,-0.02499999999998,-3.166606788482));
#7692=VECTOR('',#8841,0.5021453972706);
#7693=CARTESIAN_POINT('',(-6.874503410674,0.225,-3.166606788482));
#7694=CARTESIAN_POINT('',(-6.874503410674,0.225,-3.166606788482));
#7695=VECTOR('',#8842,0.25);
#7696=CARTESIAN_POINT('',(-6.874503410674,0.225,-3.166606788482));
#7697=VECTOR('',#8843,0.5021453972706);
#7698=CARTESIAN_POINT('',(-6.791852825103,0.35,-2.687342893842));
#7699=VECTOR('',#8844,0.5);
#7700=CARTESIAN_POINT('',(-6.89800571999,0.35,-1.5));
#7701=VECTOR('',#8845,0.5);
#7702=CARTESIAN_POINT('',(-6.874503410674,0.225,-3.166606788482));
#7703=VECTOR('',#8846,0.25);
#7704=CARTESIAN_POINT('',(7.25,0.35,5.95));
#7705=VECTOR('',#8847,0.5);
#7706=CARTESIAN_POINT('',(7.25,-0.15,-0.5));
#7707=VECTOR('',#8848,0.5);
#7708=CARTESIAN_POINT('',(7.4,0.35,-1.5));
#7709=VECTOR('',#8849,0.5);
#7710=CARTESIAN_POINT('',(7.289866467798,0.35,-2.731867175867));
#7711=VECTOR('',#8850,0.5);
#7712=CARTESIAN_POINT('',(7.123510232021,-0.02499999999998,-3.188868929494));
#7713=CARTESIAN_POINT('',(7.123510232021,-0.02499999999998,-3.188868929494));
#7714=VECTOR('',#8851,0.5021453972706);
#7715=CARTESIAN_POINT('',(7.123510232021,0.225,-3.188868929494));
#7716=CARTESIAN_POINT('',(7.123510232021,0.225,-3.188868929494));
#7717=VECTOR('',#8852,0.25);
#7718=CARTESIAN_POINT('',(7.123510232021,0.225,-3.188868929494));
#7719=VECTOR('',#8853,0.5021453972706);
#7720=CARTESIAN_POINT('',(6.874503410674,0.225,-3.166606788482));
#7721=CARTESIAN_POINT('',(6.791852825103,0.35,-2.687342893842));
#7722=VECTOR('',#8854,0.5021453972706);
#7723=CARTESIAN_POINT('',(7.123510232021,0.225,-3.188868929494));
#7724=VECTOR('',#8855,0.25);
#7725=CARTESIAN_POINT('',(6.874503410674,-0.02499999999998,-3.166606788482));
#7726=CARTESIAN_POINT('',(6.874503410674,-0.02499999999998,-3.166606788482));
#7727=VECTOR('',#8856,0.25);
#7728=CARTESIAN_POINT('',(6.874503410674,0.225,-3.166606788482));
#7729=VECTOR('',#8857,0.25);
#7730=CARTESIAN_POINT('',(6.874503410674,-0.02499999999998,-3.166606788482));
#7731=VECTOR('',#8858,0.5021453972706);
#7732=CARTESIAN_POINT('',(6.791852825103,0.35,-2.687342893842));
#7733=VECTOR('',#8859,0.5);
#7734=CARTESIAN_POINT('',(6.89800571999,0.35,-1.5));
#7735=VECTOR('',#8860,0.5);
#7736=CARTESIAN_POINT('',(4.75,-0.15,5.95));
#7737=CARTESIAN_POINT('',(4.75,-0.15,5.95));
#7738=VECTOR('',#8861,3.8);
#7739=CARTESIAN_POINT('',(4.75,0.35,5.95));
#7740=CARTESIAN_POINT('',(4.75,0.35,5.95));
#7741=VECTOR('',#8862,0.5);
#7742=CARTESIAN_POINT('',(4.75,0.35,2.15));
#7743=VECTOR('',#8863,3.8);
#7744=CARTESIAN_POINT('',(4.75,-0.15,-2.73));
#7745=CARTESIAN_POINT('',(4.75,-0.15,0.3));
#7746=VECTOR('',#8864,3.03);
#7747=CARTESIAN_POINT('',(4.75,0.35,-2.73));
#7748=CARTESIAN_POINT('',(4.75,0.35,-2.73));
#7749=VECTOR('',#8865,3.03);
#7750=CARTESIAN_POINT('',(4.75,0.35,-2.73));
#7751=VECTOR('',#8866,0.5);
#7752=CARTESIAN_POINT('',(5.25,0.35,5.95));
#7753=CARTESIAN_POINT('',(4.75,0.35,5.95));
#7754=VECTOR('',#8867,0.5);
#7755=CARTESIAN_POINT('',(5.25,0.35,2.15));
#7756=VECTOR('',#8868,3.8);
#7757=CARTESIAN_POINT('',(5.25,0.35,-2.73));
#7758=CARTESIAN_POINT('',(5.25,0.35,-2.73));
#7759=VECTOR('',#8869,3.03);
#7760=CARTESIAN_POINT('',(5.25,0.35,-2.73));
#7761=VECTOR('',#8870,0.5);
#7762=CARTESIAN_POINT('',(5.25,-0.15,5.95));
#7763=CARTESIAN_POINT('',(5.25,0.35,5.95));
#7764=VECTOR('',#8871,0.5);
#7765=CARTESIAN_POINT('',(5.25,-0.15,5.95));
#7766=VECTOR('',#8872,3.8);
#7767=CARTESIAN_POINT('',(5.25,-0.15,-2.73));
#7768=CARTESIAN_POINT('',(5.25,-0.15,0.3));
#7769=VECTOR('',#8873,3.03);
#7770=CARTESIAN_POINT('',(5.25,-0.15,-2.73));
#7771=VECTOR('',#8874,0.5);
#7772=CARTESIAN_POINT('',(4.75,-0.15,5.95));
#7773=VECTOR('',#8875,0.5);
#7774=CARTESIAN_POINT('',(5.25,-0.15,-2.73));
#7775=VECTOR('',#8876,0.5);
#7776=CARTESIAN_POINT('',(4.875,-0.02499999999998,-3.2));
#7777=CARTESIAN_POINT('',(4.875,-0.02499999999998,-3.2));
#7778=VECTOR('',#8877,0.5021453972706);
#7779=CARTESIAN_POINT('',(5.125,-0.02499999999998,-3.2));
#7780=CARTESIAN_POINT('',(5.125,-0.02499999999998,-3.2));
#7781=VECTOR('',#8878,0.25);
#7782=CARTESIAN_POINT('',(5.125,-0.02499999999998,-3.2));
#7783=VECTOR('',#8879,0.5021453972706);
#7784=CARTESIAN_POINT('',(5.125,0.225,-3.2));
#7785=CARTESIAN_POINT('',(5.25,0.35,-2.73));
#7786=VECTOR('',#8880,0.5021453972706);
#7787=CARTESIAN_POINT('',(5.125,-0.02499999999998,-3.2));
#7788=VECTOR('',#8881,0.25);
#7789=CARTESIAN_POINT('',(4.875,0.225,-3.2));
#7790=CARTESIAN_POINT('',(4.875,0.225,-3.2));
#7791=VECTOR('',#8882,0.25);
#7792=CARTESIAN_POINT('',(5.125,0.225,-3.2));
#7793=VECTOR('',#8883,0.25);
#7794=CARTESIAN_POINT('',(4.875,0.225,-3.2));
#7795=VECTOR('',#8884,0.5021453972706);
#7796=CARTESIAN_POINT('',(2.75,-0.15,5.95));
#7797=CARTESIAN_POINT('',(2.75,-0.15,5.95));
#7798=VECTOR('',#8885,3.8);
#7799=CARTESIAN_POINT('',(2.75,0.35,5.95));
#7800=CARTESIAN_POINT('',(2.75,0.35,5.95));
#7801=VECTOR('',#8886,0.5);
#7802=CARTESIAN_POINT('',(2.75,0.35,2.15));
#7803=VECTOR('',#8887,3.8);
#7804=CARTESIAN_POINT('',(2.75,-0.15,-2.73));
#7805=CARTESIAN_POINT('',(2.75,-0.15,0.3));
#7806=VECTOR('',#8888,3.03);
#7807=CARTESIAN_POINT('',(2.75,0.35,-2.73));
#7808=CARTESIAN_POINT('',(2.75,0.35,-2.73));
#7809=VECTOR('',#8889,3.03);
#7810=CARTESIAN_POINT('',(2.75,0.35,-2.73));
#7811=VECTOR('',#8890,0.5);
#7812=CARTESIAN_POINT('',(3.25,0.35,5.95));
#7813=CARTESIAN_POINT('',(2.75,0.35,5.95));
#7814=VECTOR('',#8891,0.5);
#7815=CARTESIAN_POINT('',(3.25,0.35,2.15));
#7816=VECTOR('',#8892,3.8);
#7817=CARTESIAN_POINT('',(3.25,0.35,-2.73));
#7818=CARTESIAN_POINT('',(3.25,0.35,-2.73));
#7819=VECTOR('',#8893,3.03);
#7820=CARTESIAN_POINT('',(3.25,0.35,-2.73));
#7821=VECTOR('',#8894,0.5);
#7822=CARTESIAN_POINT('',(3.25,-0.15,5.95));
#7823=CARTESIAN_POINT('',(3.25,0.35,5.95));
#7824=VECTOR('',#8895,0.5);
#7825=CARTESIAN_POINT('',(3.25,-0.15,5.95));
#7826=VECTOR('',#8896,3.8);
#7827=CARTESIAN_POINT('',(3.25,-0.15,-2.73));
#7828=CARTESIAN_POINT('',(3.25,-0.15,0.3));
#7829=VECTOR('',#8897,3.03);
#7830=CARTESIAN_POINT('',(3.25,-0.15,-2.73));
#7831=VECTOR('',#8898,0.5);
#7832=CARTESIAN_POINT('',(2.75,-0.15,5.95));
#7833=VECTOR('',#8899,0.5);
#7834=CARTESIAN_POINT('',(3.25,-0.15,-2.73));
#7835=VECTOR('',#8900,0.5);
#7836=CARTESIAN_POINT('',(2.875,-0.02499999999998,-3.2));
#7837=CARTESIAN_POINT('',(2.875,-0.02499999999998,-3.2));
#7838=VECTOR('',#8901,0.5021453972706);
#7839=CARTESIAN_POINT('',(3.125,-0.02499999999998,-3.2));
#7840=CARTESIAN_POINT('',(3.125,-0.02499999999998,-3.2));
#7841=VECTOR('',#8902,0.25);
#7842=CARTESIAN_POINT('',(3.125,-0.02499999999998,-3.2));
#7843=VECTOR('',#8903,0.5021453972706);
#7844=CARTESIAN_POINT('',(3.125,0.225,-3.2));
#7845=CARTESIAN_POINT('',(3.25,0.35,-2.73));
#7846=VECTOR('',#8904,0.5021453972706);
#7847=CARTESIAN_POINT('',(3.125,-0.02499999999998,-3.2));
#7848=VECTOR('',#8905,0.25);
#7849=CARTESIAN_POINT('',(2.875,0.225,-3.2));
#7850=CARTESIAN_POINT('',(2.875,0.225,-3.2));
#7851=VECTOR('',#8906,0.25);
#7852=CARTESIAN_POINT('',(3.125,0.225,-3.2));
#7853=VECTOR('',#8907,0.25);
#7854=CARTESIAN_POINT('',(2.875,0.225,-3.2));
#7855=VECTOR('',#8908,0.5021453972706);
#7856=CARTESIAN_POINT('',(0.75,-0.15,5.95));
#7857=CARTESIAN_POINT('',(0.75,-0.15,5.95));
#7858=VECTOR('',#8909,3.8);
#7859=CARTESIAN_POINT('',(0.75,0.35,5.95));
#7860=CARTESIAN_POINT('',(0.75,0.35,5.95));
#7861=VECTOR('',#8910,0.5);
#7862=CARTESIAN_POINT('',(0.75,0.35,2.15));
#7863=VECTOR('',#8911,3.8);
#7864=CARTESIAN_POINT('',(0.75,-0.15,-2.73));
#7865=CARTESIAN_POINT('',(0.75,-0.15,0.3));
#7866=VECTOR('',#8912,3.03);
#7867=CARTESIAN_POINT('',(0.75,0.35,-2.73));
#7868=CARTESIAN_POINT('',(0.75,0.35,-2.73));
#7869=VECTOR('',#8913,3.03);
#7870=CARTESIAN_POINT('',(0.75,0.35,-2.73));
#7871=VECTOR('',#8914,0.5);
#7872=CARTESIAN_POINT('',(1.25,0.35,5.95));
#7873=CARTESIAN_POINT('',(0.75,0.35,5.95));
#7874=VECTOR('',#8915,0.5);
#7875=CARTESIAN_POINT('',(1.25,0.35,2.15));
#7876=VECTOR('',#8916,3.8);
#7877=CARTESIAN_POINT('',(1.25,0.35,-2.73));
#7878=CARTESIAN_POINT('',(1.25,0.35,-2.73));
#7879=VECTOR('',#8917,3.03);
#7880=CARTESIAN_POINT('',(1.25,0.35,-2.73));
#7881=VECTOR('',#8918,0.5);
#7882=CARTESIAN_POINT('',(1.25,-0.15,5.95));
#7883=CARTESIAN_POINT('',(1.25,0.35,5.95));
#7884=VECTOR('',#8919,0.5);
#7885=CARTESIAN_POINT('',(1.25,-0.15,5.95));
#7886=VECTOR('',#8920,3.8);
#7887=CARTESIAN_POINT('',(1.25,-0.15,-2.73));
#7888=CARTESIAN_POINT('',(1.25,-0.15,0.3));
#7889=VECTOR('',#8921,3.03);
#7890=CARTESIAN_POINT('',(1.25,-0.15,-2.73));
#7891=VECTOR('',#8922,0.5);
#7892=CARTESIAN_POINT('',(0.75,-0.15,5.95));
#7893=VECTOR('',#8923,0.5);
#7894=CARTESIAN_POINT('',(1.25,-0.15,-2.73));
#7895=VECTOR('',#8924,0.5);
#7896=CARTESIAN_POINT('',(0.875,-0.02499999999998,-3.2));
#7897=CARTESIAN_POINT('',(0.875,-0.02499999999998,-3.2));
#7898=VECTOR('',#8925,0.5021453972706);
#7899=CARTESIAN_POINT('',(1.125,-0.02499999999998,-3.2));
#7900=CARTESIAN_POINT('',(1.125,-0.02499999999998,-3.2));
#7901=VECTOR('',#8926,0.25);
#7902=CARTESIAN_POINT('',(1.125,-0.02499999999998,-3.2));
#7903=VECTOR('',#8927,0.5021453972706);
#7904=CARTESIAN_POINT('',(1.125,0.225,-3.2));
#7905=CARTESIAN_POINT('',(1.25,0.35,-2.73));
#7906=VECTOR('',#8928,0.5021453972706);
#7907=CARTESIAN_POINT('',(1.125,-0.02499999999998,-3.2));
#7908=VECTOR('',#8929,0.25);
#7909=CARTESIAN_POINT('',(0.875,0.225,-3.2));
#7910=CARTESIAN_POINT('',(0.875,0.225,-3.2));
#7911=VECTOR('',#8930,0.25);
#7912=CARTESIAN_POINT('',(1.125,0.225,-3.2));
#7913=VECTOR('',#8931,0.25);
#7914=CARTESIAN_POINT('',(0.875,0.225,-3.2));
#7915=VECTOR('',#8932,0.5021453972706);
#7916=CARTESIAN_POINT('',(-1.25,-0.15,5.95));
#7917=CARTESIAN_POINT('',(-1.25,-0.15,5.95));
#7918=VECTOR('',#8933,3.8);
#7919=CARTESIAN_POINT('',(-1.25,0.35,5.95));
#7920=CARTESIAN_POINT('',(-1.25,0.35,5.95));
#7921=VECTOR('',#8934,0.5);
#7922=CARTESIAN_POINT('',(-1.25,0.35,2.15));
#7923=VECTOR('',#8935,3.8);
#7924=CARTESIAN_POINT('',(-1.25,-0.15,-2.73));
#7925=CARTESIAN_POINT('',(-1.25,-0.15,0.3));
#7926=VECTOR('',#8936,3.03);
#7927=CARTESIAN_POINT('',(-1.25,0.35,-2.73));
#7928=CARTESIAN_POINT('',(-1.25,0.35,-2.73));
#7929=VECTOR('',#8937,3.03);
#7930=CARTESIAN_POINT('',(-1.25,0.35,-2.73));
#7931=VECTOR('',#8938,0.5);
#7932=CARTESIAN_POINT('',(-0.75,0.35,5.95));
#7933=CARTESIAN_POINT('',(-1.25,0.35,5.95));
#7934=VECTOR('',#8939,0.5);
#7935=CARTESIAN_POINT('',(-0.75,0.35,2.15));
#7936=VECTOR('',#8940,3.8);
#7937=CARTESIAN_POINT('',(-0.75,0.35,-2.73));
#7938=CARTESIAN_POINT('',(-0.75,0.35,-2.73));
#7939=VECTOR('',#8941,3.03);
#7940=CARTESIAN_POINT('',(-0.75,0.35,-2.73));
#7941=VECTOR('',#8942,0.5);
#7942=CARTESIAN_POINT('',(-0.75,-0.15,5.95));
#7943=CARTESIAN_POINT('',(-0.75,0.35,5.95));
#7944=VECTOR('',#8943,0.5);
#7945=CARTESIAN_POINT('',(-0.75,-0.15,5.95));
#7946=VECTOR('',#8944,3.8);
#7947=CARTESIAN_POINT('',(-0.75,-0.15,-2.73));
#7948=CARTESIAN_POINT('',(-0.75,-0.15,0.3));
#7949=VECTOR('',#8945,3.03);
#7950=CARTESIAN_POINT('',(-0.75,-0.15,-2.73));
#7951=VECTOR('',#8946,0.5);
#7952=CARTESIAN_POINT('',(-1.25,-0.15,5.95));
#7953=VECTOR('',#8947,0.5);
#7954=CARTESIAN_POINT('',(-0.75,-0.15,-2.73));
#7955=VECTOR('',#8948,0.5);
#7956=CARTESIAN_POINT('',(-1.125,-0.02499999999998,-3.2));
#7957=CARTESIAN_POINT('',(-1.125,-0.02499999999998,-3.2));
#7958=VECTOR('',#8949,0.5021453972706);
#7959=CARTESIAN_POINT('',(-0.875,-0.02499999999998,-3.2));
#7960=CARTESIAN_POINT('',(-0.875,-0.02499999999998,-3.2));
#7961=VECTOR('',#8950,0.25);
#7962=CARTESIAN_POINT('',(-0.875,-0.02499999999998,-3.2));
#7963=VECTOR('',#8951,0.5021453972706);
#7964=CARTESIAN_POINT('',(-0.875,0.225,-3.2));
#7965=CARTESIAN_POINT('',(-0.75,0.35,-2.73));
#7966=VECTOR('',#8952,0.5021453972706);
#7967=CARTESIAN_POINT('',(-0.875,-0.02499999999998,-3.2));
#7968=VECTOR('',#8953,0.25);
#7969=CARTESIAN_POINT('',(-1.125,0.225,-3.2));
#7970=CARTESIAN_POINT('',(-1.125,0.225,-3.2));
#7971=VECTOR('',#8954,0.25);
#7972=CARTESIAN_POINT('',(-0.875,0.225,-3.2));
#7973=VECTOR('',#8955,0.25);
#7974=CARTESIAN_POINT('',(-1.125,0.225,-3.2));
#7975=VECTOR('',#8956,0.5021453972706);
#7976=CARTESIAN_POINT('',(-3.25,-0.15,5.95));
#7977=CARTESIAN_POINT('',(-3.25,-0.15,5.95));
#7978=VECTOR('',#8957,3.8);
#7979=CARTESIAN_POINT('',(-3.25,0.35,5.95));
#7980=CARTESIAN_POINT('',(-3.25,0.35,5.95));
#7981=VECTOR('',#8958,0.5);
#7982=CARTESIAN_POINT('',(-3.25,0.35,2.15));
#7983=VECTOR('',#8959,3.8);
#7984=CARTESIAN_POINT('',(-3.25,-0.15,-2.73));
#7985=CARTESIAN_POINT('',(-3.25,-0.15,0.3));
#7986=VECTOR('',#8960,3.03);
#7987=CARTESIAN_POINT('',(-3.25,0.35,-2.73));
#7988=CARTESIAN_POINT('',(-3.25,0.35,-2.73));
#7989=VECTOR('',#8961,3.03);
#7990=CARTESIAN_POINT('',(-3.25,0.35,-2.73));
#7991=VECTOR('',#8962,0.5);
#7992=CARTESIAN_POINT('',(-2.75,0.35,5.95));
#7993=CARTESIAN_POINT('',(-3.25,0.35,5.95));
#7994=VECTOR('',#8963,0.5);
#7995=CARTESIAN_POINT('',(-2.75,0.35,2.15));
#7996=VECTOR('',#8964,3.8);
#7997=CARTESIAN_POINT('',(-2.75,0.35,-2.73));
#7998=CARTESIAN_POINT('',(-2.75,0.35,-2.73));
#7999=VECTOR('',#8965,3.03);
#8000=CARTESIAN_POINT('',(-2.75,0.35,-2.73));
#8001=VECTOR('',#8966,0.5);
#8002=CARTESIAN_POINT('',(-2.75,-0.15,5.95));
#8003=CARTESIAN_POINT('',(-2.75,0.35,5.95));
#8004=VECTOR('',#8967,0.5);
#8005=CARTESIAN_POINT('',(-2.75,-0.15,5.95));
#8006=VECTOR('',#8968,3.8);
#8007=CARTESIAN_POINT('',(-2.75,-0.15,-2.73));
#8008=CARTESIAN_POINT('',(-2.75,-0.15,0.3));
#8009=VECTOR('',#8969,3.03);
#8010=CARTESIAN_POINT('',(-2.75,-0.15,-2.73));
#8011=VECTOR('',#8970,0.5);
#8012=CARTESIAN_POINT('',(-3.25,-0.15,5.95));
#8013=VECTOR('',#8971,0.5);
#8014=CARTESIAN_POINT('',(-2.75,-0.15,-2.73));
#8015=VECTOR('',#8972,0.5);
#8016=CARTESIAN_POINT('',(-3.125,-0.02499999999998,-3.2));
#8017=CARTESIAN_POINT('',(-3.125,-0.02499999999998,-3.2));
#8018=VECTOR('',#8973,0.5021453972706);
#8019=CARTESIAN_POINT('',(-2.875,-0.02499999999998,-3.2));
#8020=CARTESIAN_POINT('',(-2.875,-0.02499999999998,-3.2));
#8021=VECTOR('',#8974,0.25);
#8022=CARTESIAN_POINT('',(-2.875,-0.02499999999998,-3.2));
#8023=VECTOR('',#8975,0.5021453972706);
#8024=CARTESIAN_POINT('',(-2.875,0.225,-3.2));
#8025=CARTESIAN_POINT('',(-2.75,0.35,-2.73));
#8026=VECTOR('',#8976,0.5021453972706);
#8027=CARTESIAN_POINT('',(-2.875,-0.02499999999998,-3.2));
#8028=VECTOR('',#8977,0.25);
#8029=CARTESIAN_POINT('',(-3.125,0.225,-3.2));
#8030=CARTESIAN_POINT('',(-3.125,0.225,-3.2));
#8031=VECTOR('',#8978,0.25);
#8032=CARTESIAN_POINT('',(-2.875,0.225,-3.2));
#8033=VECTOR('',#8979,0.25);
#8034=CARTESIAN_POINT('',(-3.125,0.225,-3.2));
#8035=VECTOR('',#8980,0.5021453972706);
#8036=CARTESIAN_POINT('',(-5.25,-0.15,5.95));
#8037=CARTESIAN_POINT('',(-5.25,-0.15,5.95));
#8038=VECTOR('',#8981,3.8);
#8039=CARTESIAN_POINT('',(-5.25,0.35,5.95));
#8040=CARTESIAN_POINT('',(-5.25,0.35,5.95));
#8041=VECTOR('',#8982,0.5);
#8042=CARTESIAN_POINT('',(-5.25,0.35,2.15));
#8043=VECTOR('',#8983,3.8);
#8044=CARTESIAN_POINT('',(-5.25,-0.15,-2.73));
#8045=CARTESIAN_POINT('',(-5.25,-0.15,0.3));
#8046=VECTOR('',#8984,3.03);
#8047=CARTESIAN_POINT('',(-5.25,0.35,-2.73));
#8048=CARTESIAN_POINT('',(-5.25,0.35,-2.73));
#8049=VECTOR('',#8985,3.03);
#8050=CARTESIAN_POINT('',(-5.25,0.35,-2.73));
#8051=VECTOR('',#8986,0.5);
#8052=CARTESIAN_POINT('',(-4.75,0.35,5.95));
#8053=CARTESIAN_POINT('',(-5.25,0.35,5.95));
#8054=VECTOR('',#8987,0.5);
#8055=CARTESIAN_POINT('',(-4.75,0.35,2.15));
#8056=VECTOR('',#8988,3.8);
#8057=CARTESIAN_POINT('',(-4.75,0.35,-2.73));
#8058=CARTESIAN_POINT('',(-4.75,0.35,-2.73));
#8059=VECTOR('',#8989,3.03);
#8060=CARTESIAN_POINT('',(-4.75,0.35,-2.73));
#8061=VECTOR('',#8990,0.5);
#8062=CARTESIAN_POINT('',(-4.75,-0.15,5.95));
#8063=CARTESIAN_POINT('',(-4.75,0.35,5.95));
#8064=VECTOR('',#8991,0.5);
#8065=CARTESIAN_POINT('',(-4.75,-0.15,5.95));
#8066=VECTOR('',#8992,3.8);
#8067=CARTESIAN_POINT('',(-4.75,-0.15,-2.73));
#8068=CARTESIAN_POINT('',(-4.75,-0.15,0.3));
#8069=VECTOR('',#8993,3.03);
#8070=CARTESIAN_POINT('',(-4.75,-0.15,-2.73));
#8071=VECTOR('',#8994,0.5);
#8072=CARTESIAN_POINT('',(-5.25,-0.15,5.95));
#8073=VECTOR('',#8995,0.5);
#8074=CARTESIAN_POINT('',(-4.75,-0.15,-2.73));
#8075=VECTOR('',#8996,0.5);
#8076=CARTESIAN_POINT('',(-5.125,-0.02499999999998,-3.2));
#8077=CARTESIAN_POINT('',(-5.125,-0.02499999999998,-3.2));
#8078=VECTOR('',#8997,0.5021453972706);
#8079=CARTESIAN_POINT('',(-4.875,-0.02499999999998,-3.2));
#8080=CARTESIAN_POINT('',(-4.875,-0.02499999999998,-3.2));
#8081=VECTOR('',#8998,0.25);
#8082=CARTESIAN_POINT('',(-4.875,-0.02499999999998,-3.2));
#8083=VECTOR('',#8999,0.5021453972706);
#8084=CARTESIAN_POINT('',(-4.875,0.225,-3.2));
#8085=CARTESIAN_POINT('',(-4.75,0.35,-2.73));
#8086=VECTOR('',#9000,0.5021453972706);
#8087=CARTESIAN_POINT('',(-4.875,-0.02499999999998,-3.2));
#8088=VECTOR('',#9001,0.25);
#8089=CARTESIAN_POINT('',(-5.125,0.225,-3.2));
#8090=CARTESIAN_POINT('',(-5.125,0.225,-3.2));
#8091=VECTOR('',#9002,0.25);
#8092=CARTESIAN_POINT('',(-4.875,0.225,-3.2));
#8093=VECTOR('',#9003,0.25);
#8094=CARTESIAN_POINT('',(-5.125,0.225,-3.2));
#8095=VECTOR('',#9004,0.5021453972706);
#8096=CARTESIAN_POINT('',(8.25,-0.8,0.0));
#8097=CARTESIAN_POINT('',(8.25,-0.8,0.3));
#8098=VECTOR('',#9005,0.3);
#8099=CARTESIAN_POINT('',(8.25,0.6,0.0));
#8100=CARTESIAN_POINT('',(8.25,0.6,0.0));
#8101=VECTOR('',#9006,1.4);
#8102=CARTESIAN_POINT('',(8.25,0.6,0.3));
#8103=VECTOR('',#9007,0.3);
#8104=CARTESIAN_POINT('',(7.75,0.6,0.0));
#8105=CARTESIAN_POINT('',(7.75,0.6,0.0));
#8106=VECTOR('',#9008,0.5);
#8107=CARTESIAN_POINT('',(7.75,0.6,0.3));
#8108=VECTOR('',#9009,0.3);
#8109=CARTESIAN_POINT('',(7.75,-0.8,0.0));
#8110=CARTESIAN_POINT('',(7.75,-0.8,0.0));
#8111=VECTOR('',#9010,1.4);
#8112=CARTESIAN_POINT('',(7.75,-0.8,0.3));
#8113=VECTOR('',#9011,0.3);
#8114=CARTESIAN_POINT('',(8.25,-0.8,0.0));
#8115=VECTOR('',#9012,0.5);
#8116=CARTESIAN_POINT('',(6.25,-0.8,0.0));
#8117=CARTESIAN_POINT('',(6.25,-0.8,0.3));
#8118=VECTOR('',#9013,0.3);
#8119=CARTESIAN_POINT('',(6.25,0.6,0.0));
#8120=CARTESIAN_POINT('',(6.25,0.6,0.0));
#8121=VECTOR('',#9014,1.4);
#8122=CARTESIAN_POINT('',(6.25,0.6,0.3));
#8123=VECTOR('',#9015,0.3);
#8124=CARTESIAN_POINT('',(5.75,0.6,0.0));
#8125=CARTESIAN_POINT('',(5.75,0.6,0.0));
#8126=VECTOR('',#9016,0.5);
#8127=CARTESIAN_POINT('',(5.75,0.6,0.3));
#8128=VECTOR('',#9017,0.3);
#8129=CARTESIAN_POINT('',(5.75,-0.8,0.0));
#8130=CARTESIAN_POINT('',(5.75,-0.8,0.0));
#8131=VECTOR('',#9018,1.4);
#8132=CARTESIAN_POINT('',(5.75,-0.8,0.3));
#8133=VECTOR('',#9019,0.3);
#8134=CARTESIAN_POINT('',(6.25,-0.8,0.0));
#8135=VECTOR('',#9020,0.5);
#8136=CARTESIAN_POINT('',(4.25,-0.8,0.0));
#8137=CARTESIAN_POINT('',(4.25,-0.8,0.3));
#8138=VECTOR('',#9021,0.3);
#8139=CARTESIAN_POINT('',(4.25,0.6,0.0));
#8140=CARTESIAN_POINT('',(4.25,0.6,0.0));
#8141=VECTOR('',#9022,1.4);
#8142=CARTESIAN_POINT('',(4.25,0.6,0.3));
#8143=VECTOR('',#9023,0.3);
#8144=CARTESIAN_POINT('',(3.75,0.6,0.0));
#8145=CARTESIAN_POINT('',(3.75,0.6,0.0));
#8146=VECTOR('',#9024,0.5);
#8147=CARTESIAN_POINT('',(3.75,0.6,0.3));
#8148=VECTOR('',#9025,0.3);
#8149=CARTESIAN_POINT('',(3.75,-0.8,0.0));
#8150=CARTESIAN_POINT('',(3.75,-0.8,0.0));
#8151=VECTOR('',#9026,1.4);
#8152=CARTESIAN_POINT('',(3.75,-0.8,0.3));
#8153=VECTOR('',#9027,0.3);
#8154=CARTESIAN_POINT('',(4.25,-0.8,0.0));
#8155=VECTOR('',#9028,0.5);
#8156=CARTESIAN_POINT('',(2.25,-0.8,0.0));
#8157=CARTESIAN_POINT('',(2.25,-0.8,0.3));
#8158=VECTOR('',#9029,0.3);
#8159=CARTESIAN_POINT('',(2.25,0.6,0.0));
#8160=CARTESIAN_POINT('',(2.25,0.6,0.0));
#8161=VECTOR('',#9030,1.4);
#8162=CARTESIAN_POINT('',(2.25,0.6,0.3));
#8163=VECTOR('',#9031,0.3);
#8164=CARTESIAN_POINT('',(1.75,0.6,0.0));
#8165=CARTESIAN_POINT('',(1.75,0.6,0.0));
#8166=VECTOR('',#9032,0.5);
#8167=CARTESIAN_POINT('',(1.75,0.6,0.3));
#8168=VECTOR('',#9033,0.3);
#8169=CARTESIAN_POINT('',(1.75,-0.8,0.0));
#8170=CARTESIAN_POINT('',(1.75,-0.8,0.0));
#8171=VECTOR('',#9034,1.4);
#8172=CARTESIAN_POINT('',(1.75,-0.8,0.3));
#8173=VECTOR('',#9035,0.3);
#8174=CARTESIAN_POINT('',(2.25,-0.8,0.0));
#8175=VECTOR('',#9036,0.5);
#8176=CARTESIAN_POINT('',(0.25,-0.8,0.0));
#8177=CARTESIAN_POINT('',(0.25,-0.8,0.3));
#8178=VECTOR('',#9037,0.3);
#8179=CARTESIAN_POINT('',(0.25,0.6,0.0));
#8180=CARTESIAN_POINT('',(0.25,0.6,0.0));
#8181=VECTOR('',#9038,1.4);
#8182=CARTESIAN_POINT('',(0.25,0.6,0.3));
#8183=VECTOR('',#9039,0.3);
#8184=CARTESIAN_POINT('',(-0.25,0.6,0.0));
#8185=CARTESIAN_POINT('',(-0.25,0.6,0.0));
#8186=VECTOR('',#9040,0.5);
#8187=CARTESIAN_POINT('',(-0.25,0.6,0.3));
#8188=VECTOR('',#9041,0.3);
#8189=CARTESIAN_POINT('',(-0.25,-0.8,0.0));
#8190=CARTESIAN_POINT('',(-0.25,-0.8,0.0));
#8191=VECTOR('',#9042,1.4);
#8192=CARTESIAN_POINT('',(-0.25,-0.8,0.3));
#8193=VECTOR('',#9043,0.3);
#8194=CARTESIAN_POINT('',(0.25,-0.8,0.0));
#8195=VECTOR('',#9044,0.5);
#8196=CARTESIAN_POINT('',(-1.75,-0.8,0.0));
#8197=CARTESIAN_POINT('',(-1.75,-0.8,0.3));
#8198=VECTOR('',#9045,0.3);
#8199=CARTESIAN_POINT('',(-1.75,0.6,0.0));
#8200=CARTESIAN_POINT('',(-1.75,0.6,0.0));
#8201=VECTOR('',#9046,1.4);
#8202=CARTESIAN_POINT('',(-1.75,0.6,0.3));
#8203=VECTOR('',#9047,0.3);
#8204=CARTESIAN_POINT('',(-2.25,0.6,0.0));
#8205=CARTESIAN_POINT('',(-2.25,0.6,0.0));
#8206=VECTOR('',#9048,0.5);
#8207=CARTESIAN_POINT('',(-2.25,0.6,0.3));
#8208=VECTOR('',#9049,0.3);
#8209=CARTESIAN_POINT('',(-2.25,-0.8,0.0));
#8210=CARTESIAN_POINT('',(-2.25,-0.8,0.0));
#8211=VECTOR('',#9050,1.4);
#8212=CARTESIAN_POINT('',(-2.25,-0.8,0.3));
#8213=VECTOR('',#9051,0.3);
#8214=CARTESIAN_POINT('',(-1.75,-0.8,0.0));
#8215=VECTOR('',#9052,0.5);
#8216=CARTESIAN_POINT('',(-3.75,-0.8,0.0));
#8217=CARTESIAN_POINT('',(-3.75,-0.8,0.3));
#8218=VECTOR('',#9053,0.3);
#8219=CARTESIAN_POINT('',(-3.75,0.6,0.0));
#8220=CARTESIAN_POINT('',(-3.75,0.6,0.0));
#8221=VECTOR('',#9054,1.4);
#8222=CARTESIAN_POINT('',(-3.75,0.6,0.3));
#8223=VECTOR('',#9055,0.3);
#8224=CARTESIAN_POINT('',(-4.25,0.6,0.0));
#8225=CARTESIAN_POINT('',(-4.25,0.6,0.0));
#8226=VECTOR('',#9056,0.5);
#8227=CARTESIAN_POINT('',(-4.25,0.6,0.3));
#8228=VECTOR('',#9057,0.3);
#8229=CARTESIAN_POINT('',(-4.25,-0.8,0.0));
#8230=CARTESIAN_POINT('',(-4.25,-0.8,0.0));
#8231=VECTOR('',#9058,1.4);
#8232=CARTESIAN_POINT('',(-4.25,-0.8,0.3));
#8233=VECTOR('',#9059,0.3);
#8234=CARTESIAN_POINT('',(-3.75,-0.8,0.0));
#8235=VECTOR('',#9060,0.5);
#8236=CARTESIAN_POINT('',(-5.75,-0.8,0.0));
#8237=CARTESIAN_POINT('',(-5.75,-0.8,0.3));
#8238=VECTOR('',#9061,0.3);
#8239=CARTESIAN_POINT('',(-5.75,0.6,0.0));
#8240=CARTESIAN_POINT('',(-5.75,0.6,0.0));
#8241=VECTOR('',#9062,1.4);
#8242=CARTESIAN_POINT('',(-5.75,0.6,0.3));
#8243=VECTOR('',#9063,0.3);
#8244=CARTESIAN_POINT('',(-6.25,0.6,0.0));
#8245=CARTESIAN_POINT('',(-6.25,0.6,0.0));
#8246=VECTOR('',#9064,0.5);
#8247=CARTESIAN_POINT('',(-6.25,0.6,0.3));
#8248=VECTOR('',#9065,0.3);
#8249=CARTESIAN_POINT('',(-6.25,-0.8,0.0));
#8250=CARTESIAN_POINT('',(-6.25,-0.8,0.0));
#8251=VECTOR('',#9066,1.4);
#8252=CARTESIAN_POINT('',(-6.25,-0.8,0.3));
#8253=VECTOR('',#9067,0.3);
#8254=CARTESIAN_POINT('',(-5.75,-0.8,0.0));
#8255=VECTOR('',#9068,0.5);
#8256=CARTESIAN_POINT('',(-7.75,-0.8,0.0));
#8257=CARTESIAN_POINT('',(-7.75,-0.8,0.3));
#8258=VECTOR('',#9069,0.3);
#8259=CARTESIAN_POINT('',(-7.75,0.6,0.0));
#8260=CARTESIAN_POINT('',(-7.75,0.6,0.0));
#8261=VECTOR('',#9070,1.4);
#8262=CARTESIAN_POINT('',(-7.75,0.6,0.3));
#8263=VECTOR('',#9071,0.3);
#8264=CARTESIAN_POINT('',(-8.25,0.6,0.0));
#8265=CARTESIAN_POINT('',(-8.25,0.6,0.0));
#8266=VECTOR('',#9072,0.5);
#8267=CARTESIAN_POINT('',(-8.25,0.6,0.3));
#8268=VECTOR('',#9073,0.3);
#8269=CARTESIAN_POINT('',(-8.25,-0.8,0.0));
#8270=CARTESIAN_POINT('',(-8.25,-0.8,0.0));
#8271=VECTOR('',#9074,1.4);
#8272=CARTESIAN_POINT('',(-8.25,-0.8,0.3));
#8273=VECTOR('',#9075,0.3);
#8274=CARTESIAN_POINT('',(-7.75,-0.8,0.0));
#8275=VECTOR('',#9076,0.5);
#8276=DIRECTION('',(-0.0,-0.447213595499911,0.89442719099994));
#8277=CARTESIAN_POINT('',(9.0,2.0,-1.3));
#8278=DIRECTION('',(0.0,0.0,-1.0));
#8279=DIRECTION('',(1.0,0.0,0.0));
#8280=DIRECTION('',(0.447213595499998,3.52453119466398E-09,0.894427190999896));
#8281=CARTESIAN_POINT('',(9.0,2.0,-0.9));
#8282=DIRECTION('',(0.0,0.0,-1.0));
#8283=DIRECTION('',(1.0,0.0,0.0));
#8284=DIRECTION('',(0.0,-0.447213595499911,-0.89442719099994));
#8285=CARTESIAN_POINT('',(9.0,2.0,-0.9));
#8286=DIRECTION('',(0.0,0.0,-1.0));
#8287=DIRECTION('',(-1.0,0.0,0.0));
#8288=CARTESIAN_POINT('',(9.0,2.0,-1.3));
#8289=DIRECTION('',(0.0,0.0,-1.0));
#8290=DIRECTION('',(-1.0,0.0,0.0));
#8291=DIRECTION('',(0.0,-1.0,0.0));
#8292=DIRECTION('',(0.0,0.0,1.0));
#8293=DIRECTION('',(0.0,1.0,0.0));
#8294=DIRECTION('',(0.0,0.0,-1.0));
#8295=DIRECTION('',(0.0,-1.0,0.0));
#8296=DIRECTION('',(0.0,0.0,1.0));
#8297=DIRECTION('',(0.0,-1.0,0.0));
#8298=DIRECTION('',(0.0,0.0,-1.0));
#8299=DIRECTION('',(0.0,-1.0,0.0));
#8300=DIRECTION('',(0.0,0.0,1.0));
#8301=DIRECTION('',(0.0,1.0,0.0));
#8302=DIRECTION('',(0.0,0.0,1.0));
#8303=DIRECTION('',(0.0,0.0,1.0));
#8304=DIRECTION('',(1.0,0.0,0.0));
#8305=DIRECTION('',(0.0,0.0,1.0));
#8306=DIRECTION('',(-1.0,0.0,0.0));
#8307=DIRECTION('',(1.0,0.0,0.0));
#8308=DIRECTION('',(0.0,0.0,1.0));
#8309=DIRECTION('',(-1.0,0.0,0.0));
#8310=DIRECTION('',(0.0,-1.0,0.0));
#8311=DIRECTION('',(0.0,-1.0,0.0));
#8312=DIRECTION('',(-1.0,0.0,0.0));
#8313=DIRECTION('',(0.0,-1.0,0.0));
#8314=DIRECTION('',(1.0,0.0,0.0));
#8315=DIRECTION('',(0.0,-1.0,0.0));
#8316=DIRECTION('',(-1.0,0.0,0.0));
#8317=DIRECTION('',(0.0,-1.0,0.0));
#8318=DIRECTION('',(-1.0,0.0,0.0));
#8319=DIRECTION('',(0.0,-1.0,0.0));
#8320=DIRECTION('',(1.0,0.0,0.0));
#8321=DIRECTION('',(0.0,-1.0,0.0));
#8322=DIRECTION('',(1.0,0.0,0.0));
#8323=DIRECTION('',(1.0,0.0,0.0));
#8324=DIRECTION('',(0.0,1.0,0.0));
#8325=DIRECTION('',(-1.0,0.0,0.0));
#8326=DIRECTION('',(0.0,-1.0,0.0));
#8327=DIRECTION('',(1.0,0.0,0.0));
#8328=DIRECTION('',(0.0,1.0,0.0));
#8329=DIRECTION('',(-1.0,0.0,0.0));
#8330=DIRECTION('',(0.0,-1.0,0.0));
#8331=DIRECTION('',(1.0,0.0,0.0));
#8332=DIRECTION('',(0.0,1.0,0.0));
#8333=DIRECTION('',(-1.0,0.0,0.0));
#8334=DIRECTION('',(0.0,-1.0,0.0));
#8335=DIRECTION('',(1.0,0.0,0.0));
#8336=DIRECTION('',(0.0,1.0,0.0));
#8337=DIRECTION('',(-1.0,0.0,0.0));
#8338=DIRECTION('',(0.0,-1.0,0.0));
#8339=DIRECTION('',(1.0,0.0,0.0));
#8340=DIRECTION('',(0.0,1.0,0.0));
#8341=DIRECTION('',(-1.0,0.0,0.0));
#8342=DIRECTION('',(0.0,-1.0,0.0));
#8343=DIRECTION('',(1.0,0.0,0.0));
#8344=DIRECTION('',(0.0,1.0,0.0));
#8345=DIRECTION('',(-1.0,0.0,0.0));
#8346=DIRECTION('',(0.0,-1.0,0.0));
#8347=DIRECTION('',(1.0,0.0,0.0));
#8348=DIRECTION('',(0.0,1.0,0.0));
#8349=DIRECTION('',(-1.0,0.0,0.0));
#8350=DIRECTION('',(0.0,-1.0,0.0));
#8351=DIRECTION('',(1.0,0.0,0.0));
#8352=DIRECTION('',(0.0,1.0,0.0));
#8353=DIRECTION('',(-1.0,0.0,0.0));
#8354=DIRECTION('',(0.0,-1.0,0.0));
#8355=DIRECTION('',(1.0,0.0,0.0));
#8356=DIRECTION('',(0.0,1.0,0.0));
#8357=DIRECTION('',(-1.0,0.0,0.0));
#8358=DIRECTION('',(0.0,-1.0,0.0));
#8359=DIRECTION('',(1.0,0.0,0.0));
#8360=DIRECTION('',(0.0,1.0,0.0));
#8361=DIRECTION('',(1.0,0.0,0.0));
#8362=DIRECTION('',(0.0,1.0,0.0));
#8363=DIRECTION('',(1.0,0.0,0.0));
#8364=DIRECTION('',(0.0,1.0,0.0));
#8365=DIRECTION('',(1.0,0.0,0.0));
#8366=DIRECTION('',(0.0,1.0,0.0));
#8367=DIRECTION('',(1.0,0.0,0.0));
#8368=DIRECTION('',(0.0,1.0,0.0));
#8369=DIRECTION('',(1.0,0.0,0.0));
#8370=DIRECTION('',(0.0,1.0,0.0));
#8371=DIRECTION('',(1.0,0.0,0.0));
#8372=DIRECTION('',(0.0,1.0,0.0));
#8373=DIRECTION('',(1.0,0.0,0.0));
#8374=DIRECTION('',(0.0,1.0,0.0));
#8375=DIRECTION('',(1.0,0.0,0.0));
#8376=DIRECTION('',(0.0,1.0,0.0));
#8377=DIRECTION('',(1.0,0.0,0.0));
#8378=DIRECTION('',(0.0,1.0,0.0));
#8379=DIRECTION('',(1.0,0.0,0.0));
#8380=DIRECTION('',(0.0,1.0,0.0));
#8381=DIRECTION('',(1.0,0.0,0.0));
#8382=DIRECTION('',(0.0,1.0,0.0));
#8383=DIRECTION('',(1.0,0.0,0.0));
#8384=DIRECTION('',(0.0,1.0,0.0));
#8385=DIRECTION('',(1.0,0.0,0.0));
#8386=DIRECTION('',(0.0,1.0,0.0));
#8387=DIRECTION('',(1.0,0.0,0.0));
#8388=DIRECTION('',(0.0,1.0,0.0));
#8389=DIRECTION('',(1.0,0.0,0.0));
#8390=DIRECTION('',(0.0,1.0,0.0));
#8391=DIRECTION('',(0.0,0.0,1.0));
#8392=DIRECTION('',(-1.0,0.0,0.0));
#8393=DIRECTION('',(0.0,0.0,1.0));
#8394=DIRECTION('',(0.0,-1.0,0.0));
#8395=DIRECTION('',(0.0,0.0,1.0));
#8396=DIRECTION('',(0.0,0.0,-1.0));
#8397=DIRECTION('',(0.0,1.0,0.0));
#8398=DIRECTION('',(0.0,0.0,-1.0));
#8399=DIRECTION('',(0.0,1.0,0.0));
#8400=DIRECTION('',(0.0,-1.0,0.0));
#8401=DIRECTION('',(0.0,0.0,1.0));
#8402=DIRECTION('',(0.0,0.0,-1.0));
#8403=DIRECTION('',(1.0,0.0,0.0));
#8404=DIRECTION('',(1.0,0.0,0.0));
#8405=DIRECTION('',(0.0,0.0,-1.0));
#8406=DIRECTION('',(1.0,0.0,0.0));
#8407=DIRECTION('',(1.0,0.0,0.0));
#8408=DIRECTION('',(0.0,0.0,-1.0));
#8409=DIRECTION('',(1.0,0.0,0.0));
#8410=DIRECTION('',(0.0,0.0,-1.0));
#8411=DIRECTION('',(1.0,0.0,0.0));
#8412=DIRECTION('',(0.0,1.0,0.0));
#8413=DIRECTION('',(1.0,0.0,0.0));
#8414=DIRECTION('',(0.0,-1.0,0.0));
#8415=DIRECTION('',(0.0,1.0,0.0));
#8416=DIRECTION('',(0.0,0.0,-1.0));
#8417=DIRECTION('',(0.0,-0.707106781186548,0.707106781186548));
#8418=DIRECTION('',(-0.577350269189626,-0.577350269189626,0.577350269189626));
#8419=DIRECTION('',(-1.0,0.0,0.0));
#8420=DIRECTION('',(-1.0,0.0,0.0));
#8421=DIRECTION('',(0.0,0.0,-1.0));
#8422=DIRECTION('',(1.0,0.0,0.0));
#8423=DIRECTION('',(0.0,0.0,1.0));
#8424=DIRECTION('',(1.0,0.0,0.0));
#8425=DIRECTION('',(0.0,0.0,1.0));
#8426=DIRECTION('',(1.0,0.0,0.0));
#8427=DIRECTION('',(0.0,0.0,1.0));
#8428=DIRECTION('',(1.0,0.0,0.0));
#8429=DIRECTION('',(0.0,0.0,1.0));
#8430=DIRECTION('',(1.0,0.0,0.0));
#8431=DIRECTION('',(0.0,0.0,1.0));
#8432=DIRECTION('',(1.0,0.0,0.0));
#8433=DIRECTION('',(0.0,0.0,1.0));
#8434=DIRECTION('',(1.0,0.0,0.0));
#8435=DIRECTION('',(0.0,0.0,1.0));
#8436=DIRECTION('',(1.0,0.0,0.0));
#8437=DIRECTION('',(0.0,0.0,1.0));
#8438=DIRECTION('',(1.0,0.0,0.0));
#8439=DIRECTION('',(0.0,0.0,1.0));
#8440=DIRECTION('',(1.0,0.0,0.0));
#8441=DIRECTION('',(0.0,0.0,1.0));
#8442=DIRECTION('',(1.0,0.0,0.0));
#8443=DIRECTION('',(0.0,0.0,1.0));
#8444=DIRECTION('',(1.0,0.0,0.0));
#8445=DIRECTION('',(0.0,0.0,1.0));
#8446=DIRECTION('',(1.0,0.0,0.0));
#8447=DIRECTION('',(0.0,0.0,1.0));
#8448=DIRECTION('',(1.0,0.0,0.0));
#8449=DIRECTION('',(0.0,0.0,1.0));
#8450=DIRECTION('',(1.0,0.0,0.0));
#8451=DIRECTION('',(0.0,0.0,1.0));
#8452=DIRECTION('',(1.0,0.0,0.0));
#8453=DIRECTION('',(0.0,0.0,1.0));
#8454=DIRECTION('',(1.0,0.0,0.0));
#8455=DIRECTION('',(0.0,0.0,1.0));
#8456=DIRECTION('',(1.0,0.0,0.0));
#8457=DIRECTION('',(0.0,0.0,1.0));
#8458=DIRECTION('',(1.0,0.0,0.0));
#8459=DIRECTION('',(0.0,0.0,-1.0));
#8460=DIRECTION('',(0.0,0.0,-1.0));
#8461=DIRECTION('',(-1.0,0.0,0.0));
#8462=DIRECTION('',(0.577350269189626,-0.577350269189626,0.577350269189626));
#8463=DIRECTION('',(0.0,0.707106781186548,-0.707106781186548));
#8464=DIRECTION('',(-1.0,0.0,0.0));
#8465=DIRECTION('',(0.0,1.0,0.0));
#8466=DIRECTION('',(0.0,-1.0,0.0));
#8467=DIRECTION('',(1.0,0.0,0.0));
#8468=DIRECTION('',(0.0,-1.0,0.0));
#8469=DIRECTION('',(1.0,0.0,0.0));
#8470=DIRECTION('',(0.0,1.0,0.0));
#8471=DIRECTION('',(0.577350269189626,0.577350269189626,0.577350269189626));
#8472=DIRECTION('',(0.0,-1.0,0.0));
#8473=DIRECTION('',(0.0,0.0,1.0));
#8474=DIRECTION('',(0.0,-1.0,0.0));
#8475=DIRECTION('',(0.0,0.0,-1.0));
#8476=DIRECTION('',(0.0,1.0,0.0));
#8477=DIRECTION('',(-1.0,0.0,0.0));
#8478=DIRECTION('',(0.0,1.0,0.0));
#8479=DIRECTION('',(0.0,1.0,0.0));
#8480=DIRECTION('',(-1.0,0.0,0.0));
#8481=DIRECTION('',(0.0,1.0,0.0));
#8482=DIRECTION('',(0.0,1.0,0.0));
#8483=DIRECTION('',(-1.0,0.0,0.0));
#8484=DIRECTION('',(0.0,1.0,0.0));
#8485=DIRECTION('',(0.0,1.0,0.0));
#8486=DIRECTION('',(-1.0,0.0,0.0));
#8487=DIRECTION('',(0.0,1.0,0.0));
#8488=DIRECTION('',(0.0,1.0,0.0));
#8489=DIRECTION('',(-1.0,0.0,0.0));
#8490=DIRECTION('',(0.0,1.0,0.0));
#8491=DIRECTION('',(0.0,1.0,0.0));
#8492=DIRECTION('',(-1.0,0.0,0.0));
#8493=DIRECTION('',(0.0,1.0,0.0));
#8494=DIRECTION('',(0.0,1.0,0.0));
#8495=DIRECTION('',(-1.0,0.0,0.0));
#8496=DIRECTION('',(0.0,1.0,0.0));
#8497=DIRECTION('',(0.0,1.0,0.0));
#8498=DIRECTION('',(-1.0,0.0,0.0));
#8499=DIRECTION('',(0.0,1.0,0.0));
#8500=DIRECTION('',(0.0,1.0,0.0));
#8501=DIRECTION('',(-1.0,0.0,0.0));
#8502=DIRECTION('',(0.0,1.0,0.0));
#8503=DIRECTION('',(-1.0,0.0,0.0));
#8504=DIRECTION('',(0.0,-1.0,0.0));
#8505=DIRECTION('',(-1.0,0.0,0.0));
#8506=DIRECTION('',(0.0,-1.0,0.0));
#8507=DIRECTION('',(-1.0,0.0,0.0));
#8508=DIRECTION('',(0.0,1.0,0.0));
#8509=DIRECTION('',(-1.0,0.0,0.0));
#8510=DIRECTION('',(0.0,-1.0,0.0));
#8511=DIRECTION('',(1.0,0.0,0.0));
#8512=DIRECTION('',(0.0,-1.0,0.0));
#8513=DIRECTION('',(-1.0,0.0,0.0));
#8514=DIRECTION('',(0.0,-1.0,0.0));
#8515=DIRECTION('',(-1.0,0.0,0.0));
#8516=DIRECTION('',(0.0,1.0,0.0));
#8517=DIRECTION('',(-1.0,0.0,0.0));
#8518=DIRECTION('',(0.0,1.0,0.0));
#8519=DIRECTION('',(-1.0,0.0,0.0));
#8520=DIRECTION('',(0.0,-1.0,0.0));
#8521=DIRECTION('',(0.0,1.0,0.0));
#8522=DIRECTION('',(1.0,0.0,0.0));
#8523=DIRECTION('',(0.0,1.0,0.0));
#8524=DIRECTION('',(1.0,0.0,0.0));
#8525=DIRECTION('',(0.0,1.0,0.0));
#8526=DIRECTION('',(1.0,0.0,0.0));
#8527=DIRECTION('',(0.0,1.0,0.0));
#8528=DIRECTION('',(1.0,0.0,0.0));
#8529=DIRECTION('',(0.0,1.0,0.0));
#8530=DIRECTION('',(1.0,0.0,0.0));
#8531=DIRECTION('',(0.0,1.0,0.0));
#8532=DIRECTION('',(1.0,0.0,0.0));
#8533=DIRECTION('',(0.0,1.0,0.0));
#8534=DIRECTION('',(1.0,0.0,0.0));
#8535=DIRECTION('',(0.0,1.0,0.0));
#8536=DIRECTION('',(1.0,0.0,0.0));
#8537=DIRECTION('',(0.0,1.0,0.0));
#8538=DIRECTION('',(1.0,0.0,0.0));
#8539=DIRECTION('',(0.0,1.0,0.0));
#8540=DIRECTION('',(1.0,0.0,0.0));
#8541=DIRECTION('',(0.0,1.0,0.0));
#8542=DIRECTION('',(1.0,0.0,0.0));
#8543=DIRECTION('',(0.0,1.0,0.0));
#8544=DIRECTION('',(1.0,0.0,0.0));
#8545=DIRECTION('',(0.0,1.0,0.0));
#8546=DIRECTION('',(1.0,0.0,0.0));
#8547=DIRECTION('',(0.0,1.0,0.0));
#8548=DIRECTION('',(1.0,0.0,0.0));
#8549=DIRECTION('',(0.0,1.0,0.0));
#8550=DIRECTION('',(1.0,0.0,0.0));
#8551=DIRECTION('',(0.0,1.0,0.0));
#8552=DIRECTION('',(1.0,0.0,0.0));
#8553=DIRECTION('',(0.0,1.0,0.0));
#8554=DIRECTION('',(0.0,-1.0,0.0));
#8555=DIRECTION('',(0.0,0.0,1.0));
#8556=DIRECTION('',(-1.0,0.0,0.0));
#8557=DIRECTION('',(0.0,0.0,1.0));
#8558=DIRECTION('',(0.0,1.0,0.0));
#8559=DIRECTION('',(0.0,0.0,-1.0));
#8560=DIRECTION('',(0.0,1.0,0.0));
#8561=DIRECTION('',(0.0,0.0,-1.0));
#8562=DIRECTION('',(0.0,1.0,0.0));
#8563=DIRECTION('',(-0.577350269189626,0.577350269189626,0.577350269189626));
#8564=DIRECTION('',(-0.577350269189626,0.577350269189626,0.577350269189626));
#8565=DIRECTION('',(0.0,0.0,-1.0));
#8566=DIRECTION('',(1.0,0.0,0.0));
#8567=DIRECTION('',(0.0,0.0,1.0));
#8568=DIRECTION('',(1.0,0.0,0.0));
#8569=DIRECTION('',(0.0,0.0,1.0));
#8570=DIRECTION('',(1.0,0.0,0.0));
#8571=DIRECTION('',(0.0,1.0,0.0));
#8572=DIRECTION('',(1.0,0.0,0.0));
#8573=DIRECTION('',(0.0,1.0,0.0));
#8574=DIRECTION('',(0.0,-1.0,0.0));
#8575=DIRECTION('',(1.0,0.0,0.0));
#8576=DIRECTION('',(0.0,-1.0,0.0));
#8577=DIRECTION('',(1.0,0.0,0.0));
#8578=DIRECTION('',(0.0,-1.0,0.0));
#8579=DIRECTION('',(-0.577350269189626,0.577350269189626,0.577350269189626));
#8580=DIRECTION('',(1.0,0.0,0.0));
#8581=DIRECTION('',(-0.577350269189626,0.577350269189626,0.577350269189626));
#8582=DIRECTION('',(0.0,1.0,0.0));
#8583=DIRECTION('',(-0.577350269189626,-0.577350269189626,0.577350269189626));
#8584=DIRECTION('',(-0.577350269189626,-0.577350269189626,0.577350269189626));
#8585=DIRECTION('',(0.0,0.0,1.0));
#8586=DIRECTION('',(0.0,0.0,1.0));
#8587=DIRECTION('',(0.0,0.0,-1.0));
#8588=DIRECTION('',(0.0,0.0,-1.0));
#8589=DIRECTION('',(0.0,-1.0,0.0));
#8590=DIRECTION('',(-0.577350269189626,0.577350269189626,0.577350269189626));
#8591=DIRECTION('',(0.0,-1.0,0.0));
#8592=DIRECTION('',(1.0,0.0,0.0));
#8593=DIRECTION('',(0.0,-0.999999995294311,9.70122552200511E-05));
#8594=DIRECTION('',(0.999999999886876,-1.50415639987296E-05,0.0));
#8595=DIRECTION('',(0.0,-0.999999999423097,3.39677177113799E-05));
#8596=DIRECTION('',(1.0,0.0,0.0));
#8597=DIRECTION('',(1.0,0.0,0.0));
#8598=DIRECTION('',(1.0,0.0,0.0));
#8599=DIRECTION('',(0.0,-1.0,0.0));
#8600=DIRECTION('',(1.0,0.0,0.0));
#8601=DIRECTION('',(0.0,-0.999999999423097,3.39677177113799E-05));
#8602=DIRECTION('',(0.999999999886876,1.50415639987296E-05,0.0));
#8603=DIRECTION('',(0.0,0.999999995294311,-9.70122552200511E-05));
#8604=DIRECTION('',(1.0,0.0,0.0));
#8605=DIRECTION('',(0.0,1.0,0.0));
#8606=DIRECTION('',(0.0,0.0,-1.0));
#8607=DIRECTION('',(0.0,0.0,-1.0));
#8608=DIRECTION('',(0.577350269189626,-0.577350269189626,0.577350269189626));
#8609=DIRECTION('',(0.0,0.0,-1.0));
#8610=DIRECTION('',(0.577350269189626,-0.577350269189626,0.577350269189626));
#8611=DIRECTION('',(0.577350269189626,0.577350269189626,0.577350269189626));
#8612=DIRECTION('',(0.0,-1.0,0.0));
#8613=DIRECTION('',(0.0,1.0,0.0));
#8614=DIRECTION('',(0.0,0.0,-1.0));
#8615=DIRECTION('',(0.0,0.0,-1.0));
#8616=DIRECTION('',(1.0,0.0,0.0));
#8617=DIRECTION('',(0.577350269189626,0.577350269189626,0.577350269189626));
#8618=DIRECTION('',(0.577350269189626,0.577350269189626,0.577350269189626));
#8619=DIRECTION('',(0.0,0.0,-1.0));
#8620=DIRECTION('',(1.0,0.0,0.0));
#8621=DIRECTION('',(0.0,0.707106781186548,0.707106781186548));
#8622=DIRECTION('',(0.577350269189626,0.577350269189626,0.577350269189626));
#8623=DIRECTION('',(0.0,-0.4745593987143,-0.8802234813341));
#8624=DIRECTION('',(0.0,-0.0387215476720991,-0.999250039652678));
#8625=DIRECTION('',(0.0,0.0,1.0));
#8626=DIRECTION('',(0.0,0.0,-1.0));
#8627=DIRECTION('',(-1.0,0.0,0.0));
#8628=DIRECTION('',(0.0,-0.0387215476720991,-0.999250039652678));
#8629=DIRECTION('',(-1.0,0.0,0.0));
#8630=DIRECTION('',(0.0,0.0387306080819815,0.999249688515138));
#8631=DIRECTION('',(-0.999999997326278,-1.29942254479597E-05,-7.19624519276484E-05));
#8632=DIRECTION('',(0.0,0.0387306080819815,0.999249688515138));
#8633=DIRECTION('',(-0.999999997326278,1.29942254478697E-05,7.19624519269184E-05));
#8634=DIRECTION('',(0.0,-0.4745593987143,-0.8802234813341));
#8635=DIRECTION('',(1.0,0.0,0.0));
#8636=DIRECTION('',(0.0,0.474474039200829,0.880269496304654));
#8637=DIRECTION('',(0.0,0.4745593987143,0.8802234813341));
#8638=DIRECTION('',(0.0,0.0,1.0));
#8639=DIRECTION('',(0.0,-0.707106781186548,-0.707106781186548));
#8640=DIRECTION('',(0.0,0.0,-1.0));
#8641=DIRECTION('',(1.0,0.0,0.0));
#8642=DIRECTION('',(0.0,0.0,-1.0));
#8643=DIRECTION('',(0.0,0.0,-1.0));
#8644=DIRECTION('',(0.0,0.363850527140503,0.931457349479609));
#8645=DIRECTION('',(0.0,1.0,0.0));
#8646=DIRECTION('',(-1.0,0.0,0.0));
#8647=DIRECTION('',(0.0,-1.0,0.0));
#8648=DIRECTION('',(1.0,0.0,0.0));
#8649=DIRECTION('',(0.0,1.0,0.0));
#8650=DIRECTION('',(-1.0,0.0,0.0));
#8651=DIRECTION('',(0.0,-1.0,0.0));
#8652=DIRECTION('',(0.0,0.0,-1.0));
#8653=CARTESIAN_POINT('',(-3.39,3.2,1.7));
#8654=DIRECTION('',(-1.0,0.0,0.0));
#8655=DIRECTION('',(0.0,1.0,0.0));
#8656=DIRECTION('',(0.0,1.0,0.0));
#8657=DIRECTION('',(0.0,0.0,1.0));
#8658=DIRECTION('',(0.0,0.0,1.0));
#8659=DIRECTION('',(0.0,-1.0,0.0));
#8660=DIRECTION('',(0.0,0.0,-1.0));
#8661=DIRECTION('',(-1.0,0.0,0.0));
#8662=DIRECTION('',(0.0,0.0,-1.0));
#8663=DIRECTION('',(0.0,0.0,1.0));
#8664=DIRECTION('',(1.0,0.0,0.0));
#8665=DIRECTION('',(0.0,0.0,-1.0));
#8666=DIRECTION('',(1.0,0.0,0.0));
#8667=DIRECTION('',(-1.0,0.0,0.0));
#8668=DIRECTION('',(1.0,0.0,0.0));
#8669=DIRECTION('',(0.0,1.0,0.0));
#8670=DIRECTION('',(1.0,0.0,0.0));
#8671=DIRECTION('',(0.0,1.0,0.0));
#8672=DIRECTION('',(0.0,1.0,0.0));
#8673=DIRECTION('',(0.0,1.0,0.0));
#8674=CARTESIAN_POINT('',(9.0,2.0,0.0));
#8675=DIRECTION('',(0.0,0.0,-1.0));
#8676=DIRECTION('',(1.0,0.0,0.0));
#8677=CARTESIAN_POINT('',(9.0,2.0,0.0));
#8678=DIRECTION('',(0.0,0.0,-1.0));
#8679=DIRECTION('',(-1.0,0.0,0.0));
#8680=DIRECTION('',(0.0,0.0,-1.0));
#8681=DIRECTION('',(0.0,0.0,1.0));
#8682=DIRECTION('',(0.0,-1.0,0.0));
#8683=DIRECTION('',(0.0,1.0,0.0));
#8684=DIRECTION('',(0.0,0.0,1.0));
#8685=DIRECTION('',(1.0,0.0,0.0));
#8686=DIRECTION('',(0.0,0.0,1.0));
#8687=DIRECTION('',(-1.0,0.0,0.0));
#8688=DIRECTION('',(0.0,1.0,0.0));
#8689=DIRECTION('',(0.0,0.0,1.0));
#8690=DIRECTION('',(0.0,-1.0,0.0));
#8691=CARTESIAN_POINT('',(3.39,3.2,1.7));
#8692=DIRECTION('',(1.0,0.0,0.0));
#8693=DIRECTION('',(0.0,0.0,-1.0));
#8694=DIRECTION('',(0.0,0.0,-1.0));
#8695=DIRECTION('',(0.0,-0.474474039200907,-0.880269496304613));
#8696=DIRECTION('',(0.0,0.4745593987143,0.8802234813341));
#8697=DIRECTION('',(0.0,-0.363850527140503,-0.931457349479609));
#8698=DIRECTION('',(0.0,0.0,-1.0));
#8699=DIRECTION('',(1.0,0.0,0.0));
#8700=DIRECTION('',(0.0,0.0,1.0));
#8701=DIRECTION('',(0.0,0.0,-1.0));
#8702=DIRECTION('',(0.0,0.0,1.0));
#8703=DIRECTION('',(1.0,0.0,0.0));
#8704=DIRECTION('',(0.0,0.0,-1.0));
#8705=DIRECTION('',(0.0,0.994441160657238,0.105293769951904));
#8706=DIRECTION('',(0.0,0.0,-1.0));
#8707=DIRECTION('',(0.0,0.363850527140503,0.931457349479609));
#8708=DIRECTION('',(-1.0,0.0,0.0));
#8709=DIRECTION('',(0.0,-0.363850527140503,-0.931457349479609));
#8710=DIRECTION('',(0.0,0.0,-1.0));
#8711=DIRECTION('',(0.0,0.994441160657238,0.105293769951904));
#8712=DIRECTION('',(0.0,-0.994441160657238,-0.105293769951904));
#8713=DIRECTION('',(1.0,0.0,0.0));
#8714=DIRECTION('',(0.0,-0.994441160657238,-0.105293769951904));
#8715=DIRECTION('',(1.0,0.0,0.0));
#8716=DIRECTION('',(0.0,0.0,1.0));
#8717=DIRECTION('',(0.0,0.0,1.0));
#8718=DIRECTION('',(-1.0,0.0,0.0));
#8719=DIRECTION('',(-1.0,0.0,0.0));
#8720=DIRECTION('',(-1.0,0.0,0.0));
#8721=CARTESIAN_POINT('',(1.05,3.2,1.7));
#8722=DIRECTION('',(-1.0,0.0,0.0));
#8723=DIRECTION('',(0.0,1.0,0.0));
#8724=DIRECTION('',(0.0,-1.0,0.0));
#8725=DIRECTION('',(0.0,0.0,-1.0));
#8726=DIRECTION('',(1.0,0.0,0.0));
#8727=DIRECTION('',(0.0,0.0,-1.0));
#8728=DIRECTION('',(1.0,0.0,0.0));
#8729=DIRECTION('',(0.0,-1.0,0.0));
#8730=DIRECTION('',(-1.0,0.0,0.0));
#8731=CARTESIAN_POINT('',(-1.05,3.2,1.7));
#8732=DIRECTION('',(1.0,0.0,0.0));
#8733=DIRECTION('',(0.0,0.0,-1.0));
#8734=DIRECTION('',(7.041596925255E-10,-8.75676690419E-09,-1.0));
#8735=DIRECTION('',(-7.041596925255E-10,8.756766657474E-09,-1.0));
#8736=CARTESIAN_POINT('',(9.0,2.0,-0.9));
#8737=DIRECTION('',(0.0,0.0,-1.0));
#8738=DIRECTION('',(-1.0,0.0,0.0));
#8739=CARTESIAN_POINT('',(9.0,2.0,-1.3));
#8740=DIRECTION('',(0.0,0.0,-1.0));
#8741=DIRECTION('',(-1.0,0.0,0.0));
#8742=DIRECTION('',(-0.447213595499998,-3.52453069815798E-09,0.894427190999896));
#8743=CARTESIAN_POINT('',(9.0,2.0,-1.3));
#8744=DIRECTION('',(0.0,0.0,-1.0));
#8745=DIRECTION('',(1.0,0.0,0.0));
#8746=CARTESIAN_POINT('',(9.0,2.0,-0.9));
#8747=DIRECTION('',(0.0,0.0,-1.0));
#8748=DIRECTION('',(1.0,0.0,0.0));
#8749=DIRECTION('',(0.0,0.0,1.0));
#8750=DIRECTION('',(0.0,1.0,0.0));
#8751=DIRECTION('',(-1.0,0.0,0.0));
#8752=DIRECTION('',(0.0,-1.0,0.0));
#8753=DIRECTION('',(0.0,0.0,1.0));
#8754=DIRECTION('',(0.0,0.0,1.0));
#8755=DIRECTION('',(0.0,1.0,0.0));
#8756=DIRECTION('',(-1.0,0.0,0.0));
#8757=DIRECTION('',(0.0,-1.0,0.0));
#8758=DIRECTION('',(0.0,0.0,1.0));
#8759=DIRECTION('',(0.0,0.0,1.0));
#8760=DIRECTION('',(0.0,1.0,0.0));
#8761=DIRECTION('',(-1.0,0.0,0.0));
#8762=DIRECTION('',(0.0,-1.0,0.0));
#8763=DIRECTION('',(0.0,0.0,1.0));
#8764=DIRECTION('',(0.0,0.0,1.0));
#8765=DIRECTION('',(0.0,1.0,0.0));
#8766=DIRECTION('',(-1.0,0.0,0.0));
#8767=DIRECTION('',(0.0,-1.0,0.0));
#8768=DIRECTION('',(0.0,0.0,1.0));
#8769=DIRECTION('',(0.0,0.0,1.0));
#8770=DIRECTION('',(0.0,1.0,0.0));
#8771=DIRECTION('',(-1.0,0.0,0.0));
#8772=DIRECTION('',(0.0,-1.0,0.0));
#8773=DIRECTION('',(0.0,0.0,1.0));
#8774=DIRECTION('',(0.0,0.0,1.0));
#8775=DIRECTION('',(0.0,1.0,0.0));
#8776=DIRECTION('',(-1.0,0.0,0.0));
#8777=DIRECTION('',(0.0,-1.0,0.0));
#8778=DIRECTION('',(0.0,0.0,1.0));
#8779=DIRECTION('',(0.0,0.0,1.0));
#8780=DIRECTION('',(0.0,1.0,0.0));
#8781=DIRECTION('',(-1.0,0.0,0.0));
#8782=DIRECTION('',(0.0,-1.0,0.0));
#8783=DIRECTION('',(0.0,0.0,1.0));
#8784=DIRECTION('',(0.0,0.0,1.0));
#8785=DIRECTION('',(0.0,1.0,0.0));
#8786=DIRECTION('',(-1.0,0.0,0.0));
#8787=DIRECTION('',(0.0,-1.0,0.0));
#8788=DIRECTION('',(0.0,0.0,1.0));
#8789=DIRECTION('',(0.0,0.0,-1.0));
#8790=DIRECTION('',(0.0,-1.0,0.0));
#8791=DIRECTION('',(0.0,0.0,1.0));
#8792=DIRECTION('',(0.0,1.0,0.0));
#8793=DIRECTION('',(0.0,0.0,-1.0));
#8794=DIRECTION('',(0.0,0.0,1.0));
#8795=DIRECTION('',(0.0,0.0,1.0));
#8796=DIRECTION('',(1.0,0.0,0.0));
#8797=DIRECTION('',(0.0,0.0,1.0));
#8798=DIRECTION('',(1.0,0.0,0.0));
#8799=DIRECTION('',(0.0,0.0,1.0));
#8800=DIRECTION('',(0.0890485640487635,0.0,0.996027285389739));
#8801=DIRECTION('',(-0.146410792227899,0.0,0.989223877552093));
#8802=DIRECTION('',(0.0,0.0,1.0));
#8803=DIRECTION('',(0.148340452930201,0.0,-0.988936352868304));
#8804=DIRECTION('',(-0.0890485640487635,0.0,-0.996027285389739));
#8805=DIRECTION('',(-0.996027285389739,0.0,0.0890485640487635));
#8806=DIRECTION('',(-0.0890485640487734,0.0,0.996027285389739));
#8807=DIRECTION('',(0.148340452930201,0.0,0.988936352868304));
#8808=DIRECTION('',(0.0,0.0,1.0));
#8809=DIRECTION('',(0.0,0.0,1.0));
#8810=DIRECTION('',(-0.146410792227899,0.0,-0.989223877552093));
#8811=DIRECTION('',(0.0890485640487635,0.0,-0.996027285389739));
#8812=DIRECTION('',(-0.996027285389739,0.0,-0.0890485640487635));
#8813=DIRECTION('',(0.0,-1.0,0.0));
#8814=DIRECTION('',(0.0,0.0,-1.0));
#8815=DIRECTION('',(0.0,1.0,0.0));
#8816=DIRECTION('',(0.0,0.0,-1.0));
#8817=DIRECTION('',(1.0,0.0,0.0));
#8818=DIRECTION('',(0.0,0.0,-1.0));
#8819=DIRECTION('',(0.0,0.0,-1.0));
#8820=DIRECTION('',(1.0,0.0,0.0));
#8821=DIRECTION('',(-0.0890485640487635,0.0,-0.996027285389739));
#8822=DIRECTION('',(0.148340452930201,0.0,-0.988936352868304));
#8823=DIRECTION('',(0.0,0.0,-1.0));
#8824=DIRECTION('',(-0.146410792227899,0.0,0.989223877552093));
#8825=DIRECTION('',(0.0890485640487635,0.0,0.996027285389739));
#8826=DIRECTION('',(0.996027285389739,0.0,-0.0890485640487734));
#8827=DIRECTION('',(0.0890485640487635,0.0,-0.996027285389739));
#8828=DIRECTION('',(-0.146410792227899,0.0,-0.989223877552093));
#8829=DIRECTION('',(0.0,0.0,-1.0));
#8830=DIRECTION('',(0.148340452930201,0.0,0.988936352868304));
#8831=DIRECTION('',(-0.0890485640487734,0.0,0.996027285389739));
#8832=DIRECTION('',(0.996027285389739,0.0,0.0890485640487635));
#8833=DIRECTION('',(0.0,-1.0,0.0));
#8834=DIRECTION('',(0.0,1.0,0.0));
#8835=DIRECTION('',(0.0,-1.0,0.0));
#8836=DIRECTION('',(0.0,-1.0,0.0));
#8837=DIRECTION('',(0.331290970067383,-0.248931884429188,-0.910098461742654));
#8838=DIRECTION('',(0.0,-1.0,0.0));
#8839=DIRECTION('',(-0.331290970067383,-0.248931884429188,0.910098461742654));
#8840=DIRECTION('',(0.996027285389739,0.0,0.0890485640487734));
#8841=DIRECTION('',(0.164594928122499,-0.248931884429199,0.954432515451395));
#8842=DIRECTION('',(0.0,-1.0,0.0));
#8843=DIRECTION('',(0.164594928122499,0.248931884429199,0.954432515451395));
#8844=DIRECTION('',(0.0,-1.0,0.0));
#8845=DIRECTION('',(0.0,-1.0,0.0));
#8846=DIRECTION('',(-0.996027285389739,0.0,-0.0890485640487635));
#8847=DIRECTION('',(0.0,-1.0,0.0));
#8848=DIRECTION('',(0.0,1.0,0.0));
#8849=DIRECTION('',(0.0,-1.0,0.0));
#8850=DIRECTION('',(0.0,-1.0,0.0));
#8851=DIRECTION('',(0.331290970067383,-0.248931884429188,0.910098461742654));
#8852=DIRECTION('',(0.0,-1.0,0.0));
#8853=DIRECTION('',(0.331290970067383,0.248931884429188,0.910098461742654));
#8854=DIRECTION('',(0.164594928122499,-0.248931884429199,-0.954432515451395));
#8855=DIRECTION('',(-0.996027285389739,0.0,0.0890485640487734));
#8856=DIRECTION('',(0.996027285389739,0.0,-0.0890485640487734));
#8857=DIRECTION('',(0.0,-1.0,0.0));
#8858=DIRECTION('',(-0.164594928122499,-0.248931884429199,0.954432515451395));
#8859=DIRECTION('',(0.0,-1.0,0.0));
#8860=DIRECTION('',(0.0,-1.0,0.0));
#8861=DIRECTION('',(0.0,0.0,-1.0));
#8862=DIRECTION('',(0.0,-1.0,0.0));
#8863=DIRECTION('',(0.0,0.0,1.0));
#8864=DIRECTION('',(0.0,0.0,-1.0));
#8865=DIRECTION('',(0.0,0.0,1.0));
#8866=DIRECTION('',(0.0,-1.0,0.0));
#8867=DIRECTION('',(1.0,0.0,0.0));
#8868=DIRECTION('',(0.0,0.0,1.0));
#8869=DIRECTION('',(0.0,0.0,1.0));
#8870=DIRECTION('',(-1.0,0.0,0.0));
#8871=DIRECTION('',(0.0,-1.0,0.0));
#8872=DIRECTION('',(0.0,0.0,-1.0));
#8873=DIRECTION('',(0.0,0.0,-1.0));
#8874=DIRECTION('',(0.0,1.0,0.0));
#8875=DIRECTION('',(1.0,0.0,0.0));
#8876=DIRECTION('',(-1.0,0.0,0.0));
#8877=DIRECTION('',(-0.248931884429206,-0.248931884429206,0.935983885453723));
#8878=DIRECTION('',(-1.0,0.0,0.0));
#8879=DIRECTION('',(0.248931884429206,-0.248931884429206,0.935983885453723));
#8880=DIRECTION('',(-0.248931884429206,-0.248931884429206,-0.935983885453723));
#8881=DIRECTION('',(0.0,1.0,0.0));
#8882=DIRECTION('',(0.0,-1.0,0.0));
#8883=DIRECTION('',(-1.0,0.0,0.0));
#8884=DIRECTION('',(-0.248931884429206,0.248931884429206,0.935983885453723));
#8885=DIRECTION('',(0.0,0.0,-1.0));
#8886=DIRECTION('',(0.0,-1.0,0.0));
#8887=DIRECTION('',(0.0,0.0,1.0));
#8888=DIRECTION('',(0.0,0.0,-1.0));
#8889=DIRECTION('',(0.0,0.0,1.0));
#8890=DIRECTION('',(0.0,-1.0,0.0));
#8891=DIRECTION('',(1.0,0.0,0.0));
#8892=DIRECTION('',(0.0,0.0,1.0));
#8893=DIRECTION('',(0.0,0.0,1.0));
#8894=DIRECTION('',(-1.0,0.0,0.0));
#8895=DIRECTION('',(0.0,-1.0,0.0));
#8896=DIRECTION('',(0.0,0.0,-1.0));
#8897=DIRECTION('',(0.0,0.0,-1.0));
#8898=DIRECTION('',(0.0,1.0,0.0));
#8899=DIRECTION('',(1.0,0.0,0.0));
#8900=DIRECTION('',(-1.0,0.0,0.0));
#8901=DIRECTION('',(-0.248931884429206,-0.248931884429206,0.935983885453723));
#8902=DIRECTION('',(-1.0,0.0,0.0));
#8903=DIRECTION('',(0.248931884429206,-0.248931884429206,0.935983885453723));
#8904=DIRECTION('',(-0.248931884429206,-0.248931884429206,-0.935983885453723));
#8905=DIRECTION('',(0.0,1.0,0.0));
#8906=DIRECTION('',(0.0,-1.0,0.0));
#8907=DIRECTION('',(-1.0,0.0,0.0));
#8908=DIRECTION('',(-0.248931884429206,0.248931884429206,0.935983885453723));
#8909=DIRECTION('',(0.0,0.0,-1.0));
#8910=DIRECTION('',(0.0,-1.0,0.0));
#8911=DIRECTION('',(0.0,0.0,1.0));
#8912=DIRECTION('',(0.0,0.0,-1.0));
#8913=DIRECTION('',(0.0,0.0,1.0));
#8914=DIRECTION('',(0.0,-1.0,0.0));
#8915=DIRECTION('',(1.0,0.0,0.0));
#8916=DIRECTION('',(0.0,0.0,1.0));
#8917=DIRECTION('',(0.0,0.0,1.0));
#8918=DIRECTION('',(-1.0,0.0,0.0));
#8919=DIRECTION('',(0.0,-1.0,0.0));
#8920=DIRECTION('',(0.0,0.0,-1.0));
#8921=DIRECTION('',(0.0,0.0,-1.0));
#8922=DIRECTION('',(0.0,1.0,0.0));
#8923=DIRECTION('',(1.0,0.0,0.0));
#8924=DIRECTION('',(-1.0,0.0,0.0));
#8925=DIRECTION('',(-0.248931884429206,-0.248931884429206,0.935983885453723));
#8926=DIRECTION('',(-1.0,0.0,0.0));
#8927=DIRECTION('',(0.248931884429206,-0.248931884429206,0.935983885453723));
#8928=DIRECTION('',(-0.248931884429206,-0.248931884429206,-0.935983885453723));
#8929=DIRECTION('',(0.0,1.0,0.0));
#8930=DIRECTION('',(0.0,-1.0,0.0));
#8931=DIRECTION('',(-1.0,0.0,0.0));
#8932=DIRECTION('',(-0.248931884429206,0.248931884429206,0.935983885453723));
#8933=DIRECTION('',(0.0,0.0,-1.0));
#8934=DIRECTION('',(0.0,-1.0,0.0));
#8935=DIRECTION('',(0.0,0.0,1.0));
#8936=DIRECTION('',(0.0,0.0,-1.0));
#8937=DIRECTION('',(0.0,0.0,1.0));
#8938=DIRECTION('',(0.0,-1.0,0.0));
#8939=DIRECTION('',(1.0,0.0,0.0));
#8940=DIRECTION('',(0.0,0.0,1.0));
#8941=DIRECTION('',(0.0,0.0,1.0));
#8942=DIRECTION('',(-1.0,0.0,0.0));
#8943=DIRECTION('',(0.0,-1.0,0.0));
#8944=DIRECTION('',(0.0,0.0,-1.0));
#8945=DIRECTION('',(0.0,0.0,-1.0));
#8946=DIRECTION('',(0.0,1.0,0.0));
#8947=DIRECTION('',(1.0,0.0,0.0));
#8948=DIRECTION('',(-1.0,0.0,0.0));
#8949=DIRECTION('',(-0.248931884429206,-0.248931884429206,0.935983885453723));
#8950=DIRECTION('',(-1.0,0.0,0.0));
#8951=DIRECTION('',(0.248931884429206,-0.248931884429206,0.935983885453723));
#8952=DIRECTION('',(-0.248931884429206,-0.248931884429206,-0.935983885453723));
#8953=DIRECTION('',(0.0,1.0,0.0));
#8954=DIRECTION('',(0.0,-1.0,0.0));
#8955=DIRECTION('',(-1.0,0.0,0.0));
#8956=DIRECTION('',(-0.248931884429206,0.248931884429206,0.935983885453723));
#8957=DIRECTION('',(0.0,0.0,-1.0));
#8958=DIRECTION('',(0.0,-1.0,0.0));
#8959=DIRECTION('',(0.0,0.0,1.0));
#8960=DIRECTION('',(0.0,0.0,-1.0));
#8961=DIRECTION('',(0.0,0.0,1.0));
#8962=DIRECTION('',(0.0,-1.0,0.0));
#8963=DIRECTION('',(1.0,0.0,0.0));
#8964=DIRECTION('',(0.0,0.0,1.0));
#8965=DIRECTION('',(0.0,0.0,1.0));
#8966=DIRECTION('',(-1.0,0.0,0.0));
#8967=DIRECTION('',(0.0,-1.0,0.0));
#8968=DIRECTION('',(0.0,0.0,-1.0));
#8969=DIRECTION('',(0.0,0.0,-1.0));
#8970=DIRECTION('',(0.0,1.0,0.0));
#8971=DIRECTION('',(1.0,0.0,0.0));
#8972=DIRECTION('',(-1.0,0.0,0.0));
#8973=DIRECTION('',(-0.248931884429206,-0.248931884429206,0.935983885453723));
#8974=DIRECTION('',(-1.0,0.0,0.0));
#8975=DIRECTION('',(0.248931884429206,-0.248931884429206,0.935983885453723));
#8976=DIRECTION('',(-0.248931884429206,-0.248931884429206,-0.935983885453723));
#8977=DIRECTION('',(0.0,1.0,0.0));
#8978=DIRECTION('',(0.0,-1.0,0.0));
#8979=DIRECTION('',(-1.0,0.0,0.0));
#8980=DIRECTION('',(-0.248931884429206,0.248931884429206,0.935983885453723));
#8981=DIRECTION('',(0.0,0.0,-1.0));
#8982=DIRECTION('',(0.0,-1.0,0.0));
#8983=DIRECTION('',(0.0,0.0,1.0));
#8984=DIRECTION('',(0.0,0.0,-1.0));
#8985=DIRECTION('',(0.0,0.0,1.0));
#8986=DIRECTION('',(0.0,-1.0,0.0));
#8987=DIRECTION('',(1.0,0.0,0.0));
#8988=DIRECTION('',(0.0,0.0,1.0));
#8989=DIRECTION('',(0.0,0.0,1.0));
#8990=DIRECTION('',(-1.0,0.0,0.0));
#8991=DIRECTION('',(0.0,-1.0,0.0));
#8992=DIRECTION('',(0.0,0.0,-1.0));
#8993=DIRECTION('',(0.0,0.0,-1.0));
#8994=DIRECTION('',(0.0,1.0,0.0));
#8995=DIRECTION('',(1.0,0.0,0.0));
#8996=DIRECTION('',(-1.0,0.0,0.0));
#8997=DIRECTION('',(-0.248931884429206,-0.248931884429206,0.935983885453723));
#8998=DIRECTION('',(-1.0,0.0,0.0));
#8999=DIRECTION('',(0.248931884429206,-0.248931884429206,0.935983885453723));
#9000=DIRECTION('',(-0.248931884429206,-0.248931884429206,-0.935983885453723));
#9001=DIRECTION('',(0.0,1.0,0.0));
#9002=DIRECTION('',(0.0,-1.0,0.0));
#9003=DIRECTION('',(-1.0,0.0,0.0));
#9004=DIRECTION('',(-0.248931884429206,0.248931884429206,0.935983885453723));
#9005=DIRECTION('',(0.0,0.0,-1.0));
#9006=DIRECTION('',(0.0,-1.0,0.0));
#9007=DIRECTION('',(0.0,0.0,-1.0));
#9008=DIRECTION('',(1.0,0.0,0.0));
#9009=DIRECTION('',(0.0,0.0,-1.0));
#9010=DIRECTION('',(0.0,1.0,0.0));
#9011=DIRECTION('',(0.0,0.0,-1.0));
#9012=DIRECTION('',(-1.0,0.0,0.0));
#9013=DIRECTION('',(0.0,0.0,-1.0));
#9014=DIRECTION('',(0.0,-1.0,0.0));
#9015=DIRECTION('',(0.0,0.0,-1.0));
#9016=DIRECTION('',(1.0,0.0,0.0));
#9017=DIRECTION('',(0.0,0.0,-1.0));
#9018=DIRECTION('',(0.0,1.0,0.0));
#9019=DIRECTION('',(0.0,0.0,-1.0));
#9020=DIRECTION('',(-1.0,0.0,0.0));
#9021=DIRECTION('',(0.0,0.0,-1.0));
#9022=DIRECTION('',(0.0,-1.0,0.0));
#9023=DIRECTION('',(0.0,0.0,-1.0));
#9024=DIRECTION('',(1.0,0.0,0.0));
#9025=DIRECTION('',(0.0,0.0,-1.0));
#9026=DIRECTION('',(0.0,1.0,0.0));
#9027=DIRECTION('',(0.0,0.0,-1.0));
#9028=DIRECTION('',(-1.0,0.0,0.0));
#9029=DIRECTION('',(0.0,0.0,-1.0));
#9030=DIRECTION('',(0.0,-1.0,0.0));
#9031=DIRECTION('',(0.0,0.0,-1.0));
#9032=DIRECTION('',(1.0,0.0,0.0));
#9033=DIRECTION('',(0.0,0.0,-1.0));
#9034=DIRECTION('',(0.0,1.0,0.0));
#9035=DIRECTION('',(0.0,0.0,-1.0));
#9036=DIRECTION('',(-1.0,0.0,0.0));
#9037=DIRECTION('',(0.0,0.0,-1.0));
#9038=DIRECTION('',(0.0,-1.0,0.0));
#9039=DIRECTION('',(0.0,0.0,-1.0));
#9040=DIRECTION('',(1.0,0.0,0.0));
#9041=DIRECTION('',(0.0,0.0,-1.0));
#9042=DIRECTION('',(0.0,1.0,0.0));
#9043=DIRECTION('',(0.0,0.0,-1.0));
#9044=DIRECTION('',(-1.0,0.0,0.0));
#9045=DIRECTION('',(0.0,0.0,-1.0));
#9046=DIRECTION('',(0.0,-1.0,0.0));
#9047=DIRECTION('',(0.0,0.0,-1.0));
#9048=DIRECTION('',(1.0,0.0,0.0));
#9049=DIRECTION('',(0.0,0.0,-1.0));
#9050=DIRECTION('',(0.0,1.0,0.0));
#9051=DIRECTION('',(0.0,0.0,-1.0));
#9052=DIRECTION('',(-1.0,0.0,0.0));
#9053=DIRECTION('',(0.0,0.0,-1.0));
#9054=DIRECTION('',(0.0,-1.0,0.0));
#9055=DIRECTION('',(0.0,0.0,-1.0));
#9056=DIRECTION('',(1.0,0.0,0.0));
#9057=DIRECTION('',(0.0,0.0,-1.0));
#9058=DIRECTION('',(0.0,1.0,0.0));
#9059=DIRECTION('',(0.0,0.0,-1.0));
#9060=DIRECTION('',(-1.0,0.0,0.0));
#9061=DIRECTION('',(0.0,0.0,-1.0));
#9062=DIRECTION('',(0.0,-1.0,0.0));
#9063=DIRECTION('',(0.0,0.0,-1.0));
#9064=DIRECTION('',(1.0,0.0,0.0));
#9065=DIRECTION('',(0.0,0.0,-1.0));
#9066=DIRECTION('',(0.0,1.0,0.0));
#9067=DIRECTION('',(0.0,0.0,-1.0));
#9068=DIRECTION('',(-1.0,0.0,0.0));
#9069=DIRECTION('',(0.0,0.0,-1.0));
#9070=DIRECTION('',(0.0,-1.0,0.0));
#9071=DIRECTION('',(0.0,0.0,-1.0));
#9072=DIRECTION('',(1.0,0.0,0.0));
#9073=DIRECTION('',(0.0,0.0,-1.0));
#9074=DIRECTION('',(0.0,1.0,0.0));
#9075=DIRECTION('',(0.0,0.0,-1.0));
#9076=DIRECTION('',(-1.0,0.0,0.0));
#9077=PRESENTATION_LAYER_ASSIGNMENT('','',(#26,#49,#50,#51,#52,#53,#54,#55,#56,#57,#58,#63,#64,#65,#66,#67,#68,#69,#70,#71,#72,#73,#74,#75,#76,#77,#78,#79,#80,#81,#82,#83,#84,#85,#86,#87,#88,#89,#90,#91,#92,#93,#94,#95,#96,#97,#98,#99,#100,#101,#102,#103,#104,#105,#106,#107,#108,#109,#110,#111,#112,#113,#114,#115,#116,#117,#118,#119,#120,#121,#122,#123,#124,#125,#126,#127,#128,#129,#130,#131,#132,#133,#134,#135,#136,#137,#138,#139,#140,#141,#142,#143,#144,#145,#146,#147,#148,#149,#150,#151,#152,#153,#154,#155,#156,#157,#158,#159,#160,#161,#162,#163,#164,#165,#166,#167,#168,#169,#170,#171,#172,#173,#174,#175,#176,#177,#178,#179,#180,#181,#182,#183,#184,#185,#186,#187,#188,#189,#190,#191,#192,#193,#194,#195,#196,#197,#198,#199,#200,#201,#202,#203,#204,#205,#206,#207,#208,#209,#210,#211,#212,#213,#214,#215,#216,#217,#218,#219,#220,#221,#222,#223,#224,#225,#226,#227,#228,#229,#230,#231,#232,#233,#234,#235,#236,#237,#238,#239,#240,#241,#242,#243,#244,#245,#246,#247,#248,#249,#250,#251,#252,#253,#254,#255,#256,#257,#258,#259,#260,#261,#262,#263,#264,#265,#266,#267,#268,#269,#270,#271,#272,#273,#274,#275,#276,#277,#278,#279,#280,#281,#282,#283,#284,#285,#286,#287,#288,#289,#290,#291,#292,#293,#294,#295,#296,#297,#298,#299,#300,#301,#302,#303,#304,#305,#306,#307,#308,#309,#310,#311,#312,#313,#314,#315,#316,#317,#318,#319,#320,#321,#322,#323,#324,#325,#326,#327,#328,#329,#330,#331,#332,#333,#334,#335,#336,#337,#338,#339,#340,#341,#342,#343,#344,#345,#346,#347,#348,#349,#350,#351,#352,#353,#354,#355,#356,#357,#358,#359,#360,#361,#362,#363,#1012,#1013,#1014,#1015,#1016,#1017,#1018,#1019,#1020,#1021,#1022,#1023,#1024,#1025,#1026,#1027,#1028,#1029,#1030,#4148,#4149,#4150,#4152,#4153,#4154,#4155,#4156,#4157,#4158,#4159,#4160,#4161,#4162,#4163,#4164,#4165,#4166,#4167,#4168,#4169,#4170,#4171,#4172,#4173,#4174,#4175,#4176,#4177,#4178,#4179,#4180,#4181,#4182,#4183,#4184,#4185,#4186,#4187,#4188,#4189,#4190,#4191,#4192,#4193,#4194,#4195,#4196,#4197,#4198,#4199,#4200,#4201,#4202,#4203,#4204,#4205,#4206,#4207,#4208,#4209,#4210,#4211,#4212,#4213,#4214,#4215,#4216,#4217,#4218,#4219,#4220,#4221,#4222,#4223,#4224,#4225,#4226,#4227,#4228,#4229,#4230,#4231,#4232,#4233,#4234,#4235,#4236,#4237,#4238,#4239,#4240,#4241,#4242,#4243,#4244,#4245,#4246,#4247,#4248,#4249,#4250,#4251,#4252,#4253,#4254,#4255,#4256,#4257,#4258,#4259,#4260,#4261,#4262,#4263,#4264,#4265,#4266,#4267,#4268,#4269,#4270,#4271,#4272,#4273,#4274,#4275,#4276,#4277,#4278,#4279,#4280,#4281,#4282,#4283,#4284,#4285,#4286,#4287,#4288,#4289,#4290,#4291,#4292,#4293,#4294,#4295,#4296,#4297,#4298,#4299,#4300,#4301,#4302,#4303,#4304,#4305,#4306,#4307,#4308,#4309,#4310,#4311,#4312,#4313,#4314,#4315,#4316,#4317,#4318,#4319,#4320,#4321,#4322,#4323,#4324,#4325,#4326,#4327,#4328,#4329,#4330,#4331,#4332,#4333,#4334,#4335,#4336,#4337,#4338,#4339,#4340,#4341,#4342,#4343,#4344,#4345,#4346,#4347,#4348,#4349,#4350,#4351,#4352,#4353,#4354,#4355,#4356,#4357,#4358,#4359,#4360,#4361,#4362,#4363,#4364,#4365,#4366,#4367,#4368,#4369,#4370,#4371,#4372,#4373,#4374,#4375,#4376,#4377,#4378,#4379,#4380,#4381,#4382,#4383,#4384,#4385,#4386,#4387,#4388,#4389,#4390,#4391,#4392,#4393,#4394,#4395,#4396,#4397,#4398,#4399,#4400,#4401,#4402,#4403,#4404,#4405,#4406,#4407,#4408,#4409,#4410,#4411,#4412,#4413,#4414,#4415,#4416,#4417,#4418,#4419,#4420,#4421,#4422,#4423,#4424,#4425,#4426,#4427,#4428,#4429,#4430,#4431,#4432,#4433,#4434,#4435,#4436,#4437,#4438,#4439,#4440,#4441,#4442,#4443,#4444,#4445,#4446,#4447,#4448,#4449,#4450,#4451,#4452,#4453,#4454,#4455,#4456,#4457,#4458,#4459,#4460,#4461,#4462,#4463,#4464,#4465,#4466,#4467,#4468,#4469,#4470,#4471,#4472,#4473,#4474,#4475,#4476,#4477,#4478,#4479,#4480,#4481,#4482,#4483,#4484,#4485,#4486,#4487,#4488,#4489,#4490,#4491,#4492,#4493,#4494,#4495,#4496,#4497,#4498,#4499,#4500,#4501,#4502,#4503,#4504,#4505,#4506,#4507,#4508,#4509,#4510,#4511,#4512,#4513,#4514,#4515,#4516,#4517,#4518,#4519,#4520,#4521,#4522,#4523,#4524,#4525,#4526,#4527,#4528,#4529,#4530,#4531,#4532,#4533,#4534,#4535,#4536,#4537,#4538,#4539,#4540,#4541,#4542,#4543,#4544,#4545,#4546,#4547,#4548,#4549,#4550,#4551,#4552,#4553,#4554,#4555,#4556,#4557,#4558,#4559,#4560,#4561,#4562,#4563,#4564,#4565,#4566,#4567,#4568,#4569,#4570,#4571,#4572,#4573,#4574,#4575,#4576,#4577,#4578,#4579,#4580,#4581,#4582,#4583,#4584,#4585,#4586,#4587,#4588,#4589,#4590,#4591,#4592,#4593,#4594,#4595,#4596,#4597,#4598,#4599,#4600,#4601,#4602,#4603,#4604,#4605,#4606,#4607,#4608,#4609,#4610,#4611,#4612,#4613,#4614,#4615,#4616,#4617,#4618,#4619,#4620,#4621,#4622,#4623,#4624,#4625,#4626,#4627,#4628,#4629,#4630,#4631,#4632,#4633,#4634,#4635,#4636,#4637,#4638,#4639,#4640,#4641,#4642,#4643,#4644,#4645,#4646,#4647,#4648,#4649,#4650,#4651,#4652,#4653,#4654,#4655,#4656,#4657,#4658,#4659,#4660,#4661,#4662,#4663,#4664,#4665,#4666,#4667,#4668,#4669,#4670,#4671,#4672,#4673,#4674,#4675,#4676,#4677,#4678,#4679,#4680,#4681,#4682,#4683,#4684,#4685,#4686,#4687,#4688,#4689,#4690,#4691,#4692,#4693,#4694,#4695,#4696,#4697,#4698,#4699,#4700,#4701,#4702,#4703,#4704,#4705,#4706,#4707,#4708,#4709,#4710,#4711,#4712,#4713,#4714,#4715,#4716,#4717,#4718,#4719,#4720,#4721,#4722,#4723,#4724,#4725,#4726,#4727,#4728,#4729,#4730,#4731,#4732,#4733,#4734,#4735,#4736,#4737,#4738,#4739,#4740,#4741,#4742,#4743,#4744,#4745,#4746,#4747,#4748,#4749,#4750,#4751,#4752,#4753,#4754,#4755,#4756,#4757,#4758,#4759,#4760,#4761,#4762,#4763,#4764,#4765,#4766,#4767,#4768,#4769,#4770,#4771,#4772,#4773,#4774,#4775,#4776,#4777,#4778,#4779,#4780,#4781,#4782,#4783,#4784,#4785,#4786,#4787,#4788,#4789,#4790,#4791,#4792,#4793,#4794,#4795,#4796,#4797,#4798,#4799,#4800,#4801,#4802,#4803,#4804,#4805,#4806,#4807,#4808,#4809,#4810,#4811,#4812,#4813,#4814,#4815,#4816,#4817,#4818,#4819,#4820,#4821,#4822,#4823,#4824,#4825,#4826,#4827,#4828,#4829,#4830,#4831,#4832,#4833,#4834,#4835,#4836,#4837,#4838,#4839,#4840,#4841,#4842,#4843,#4844,#4845,#4846,#4847,#4848,#4849,#4850,#4851,#4852,#4853,#4854,#4855,#4856,#4857,#4858,#4859,#4860,#4861,#4862,#4863,#4864,#4865,#4866,#4867,#4868,#4869,#4870,#4871,#4872,#4873,#4874,#4875,#4876,#4877,#4878,#4879,#4880,#4881,#4882,#4883,#4884,#4885,#4886,#4887,#4888,#4889,#4890,#4891,#4892,#4893,#4894,#4895,#4896,#4897,#4898,#4899,#4900,#4901,#4902,#4903,#4904,#4905,#4906,#4907,#4908,#4909,#4910,#4911,#4912,#4913,#4914,#4915,#4916,#4917,#4918,#4919,#4978,#4980,#4988,#4989,#4991,#4993,#4995,#4997,#4999,#5001,#5003,#5005,#5007,#5009,#5012,#5013,#5015,#5017,#5020,#5022,#5025,#5027,#5029,#5031,#5033,#5035,#5038,#5040,#5042,#5044,#5046,#5049,#5050,#5052,#5054,#5057,#5058,#5060,#5062,#5065,#5066,#5068,#5070,#5073,#5074,#5076,#5078,#5081,#5082,#5084,#5086,#5089,#5090,#5092,#5094,#5097,#5098,#5100,#5102,#5105,#5106,#5108,#5110,#5113,#5114,#5116,#5118,#5121,#5122,#5124,#5126,#5129,#5130,#5132,#5134,#5137,#5138,#5140,#5142,#5145,#5146,#5148,#5150,#5153,#5154,#5156,#5158,#5161,#5162,#5164,#5166,#5169,#5170,#5172,#5174,#5177,#5178,#5180,#5182,#5185,#5187,#5190,#5191,#5194,#5196,#5199,#5201,#5204,#5205,#5208,#5210,#5213,#5215,#5217,#5219,#5222,#5224,#5227,#5229,#5232,#5233,#5237,#5238,#5240,#5242,#5244,#5246,#5248,#5250,#5252,#5254,#5256,#5258,#5260,#5262,#5264,#5266,#5268,#5270,#5272,#5274,#5276,#5278,#5280,#5282,#5284,#5286,#5288,#5290,#5292,#5294,#5296,#5298,#5300,#5302,#5304,#5306,#5308,#5310,#5312,#5315,#5318,#5320,#5324,#5326,#5329,#5332,#5335,#5337,#5339,#5342,#5343,#5346,#5348,#5351,#5353,#5356,#5358,#5361,#5363,#5366,#5368,#5371,#5373,#5376,#5378,#5381,#5383,#5386,#5388,#5390,#5392,#5394,#5396,#5398,#5400,#5402,#5404,#5406,#5408,#5410,#5412,#5414,#5416,#5418,#5422,#5423,#5425,#5427,#5430,#5431,#5433,#5435,#5438,#5439,#5441,#5443,#5446,#5447,#5449,#5451,#5454,#5455,#5457,#5459,#5462,#5463,#5465,#5467,#5470,#5471,#5473,#5475,#5478,#5479,#5481,#5483,#5486,#5489,#5493,#5495,#5497,#5501,#5505,#5507,#5510,#5511,#5513,#5517,#5519,#5521,#5523,#5527,#5530,#5533,#5534,#5539,#5542,#5545,#5547,#5549,#5551,#5555,#5556,#5558,#5560,#5562,#5564,#5566,#5568,#5573,#5575,#5578,#5581,#5588,#5593,#5595,#5598,#5601,#5602,#5604,#5606,#5609,#5612,#5614,#5619,#5624,#5626,#5629,#5631,#5633,#5635,#5637,#5640,#5642,#5644,#5647,#5649,#5652,#5655,#5658,#5659,#5663,#5666,#5671,#5672,#5676,#5679,#5686,#5688,#5690,#5695,#5698,#5700,#5703,#5705,#5708,#5710,#5713,#5716,#5719,#5722,#5725,#5727,#5731,#5734,#5737,#5741,#5745,#5749,#5754,#5757,#5761,#5764,#5768,#5771,#5775,#5778,#5782,#5785,#5789,#5792,#5796,#5799,#5803,#5806,#5810,#5812,#5815,#5816,#5820,#5822,#5825,#5828,#5829,#5832,#5834,#5836,#5839,#5840,#5842,#5845,#5847,#5849,#5852,#5855,#5858,#5861,#5864,#5865,#5867,#5870,#5872,#5875,#5876,#5879,#5881,#5883,#5890,#5892,#5895,#5898,#5908,#5910,#5913,#5916,#5922,#5924,#5927,#5929,#5932,#5935,#5938,#5941,#5946,#5948,#5951,#5954,#5958,#5960,#5963,#5965,#5968,#5971,#5974,#5977,#5982,#5984,#5987,#5990,#5994,#5996,#5999,#6001,#6004,#6007,#6010,#6013,#6018,#6020,#6023,#6026,#6030,#6032,#6035,#6037,#6040,#6043,#6046,#6049,#6054,#6056,#6059,#6062,#6066,#6068,#6071,#6073,#6076,#6079,#6082,#6085,#6090,#6092,#6095,#6098,#6102,#6104,#6107,#6109,#6112,#6115,#6118,#6121,#6126,#6128,#6131,#6134,#6138,#6140,#6143,#6146,#6150,#6152,#6155,#6158,#6162,#6164,#6167,#6170,#6174,#6176,#6179,#6182,#6186,#6188,#6191,#6194,#6198,#6200,#6203,#6206,#6210,#6212,#6215,#6218,#6222,#6224,#6227,#6230,#6234,#6236,#6239,#6242));
ENDSEC;
END-ISO-10303-21;
