ISO-10303-21;
HEADER;
FILE_DESCRIPTION(('STEP AP242'),'1');
FILE_NAME('0559320610.stp','2026-04-15T18:34:41',('TraceParts'),('TraceParts S.A.S.'),'Spatial InterOp 3D',' ',' ');
FILE_SCHEMA(('AP242_MANAGED_MODEL_BASED_3D_ENGINEERING_MIM_LF  {1 0 10303 442 1 1 4}'));
ENDSEC;
DATA;
#1=PRODUCT_DEFINITION_CONTEXT('',#10,'design');
#2=APPLICATION_PROTOCOL_DEFINITION('INTERNATIONAL STANDARD','ap242_managed_model_based_3d_engineering',2014,#10);
#3=PRODUCT_CATEGORY_RELATIONSHIP('NONE','NONE',#11,#12);
#4=SHAPE_DEFINITION_REPRESENTATION(#13,#14);
#5=SHAPE_DEFINITION_REPRESENTATION(#13,#15);
#6= (GEOMETRIC_REPRESENTATION_CONTEXT(3)GLOBAL_UNCERTAINTY_ASSIGNED_CONTEXT((#18))GLOBAL_UNIT_ASSIGNED_CONTEXT((#20,#21,#22))REPRESENTATION_CONTEXT('NONE','WORKSPACE'));
#10=APPLICATION_CONTEXT('managed model based 3d engineering');
#11=PRODUCT_CATEGORY('part','NONE');
#12=PRODUCT_RELATED_PRODUCT_CATEGORY('detail',' ',(#24));
#13=PRODUCT_DEFINITION_SHAPE('NONE','NONE',#25);
#14=ADVANCED_BREP_SHAPE_REPRESENTATION('1',(#26,#27),#6);
#15=GEOMETRICALLY_BOUNDED_SURFACE_SHAPE_REPRESENTATION('2',(#28,#29),#6);
#18=UNCERTAINTY_MEASURE_WITH_UNIT(LENGTH_MEASURE(1.0E-06),#20,'','');
#20= (CONVERSION_BASED_UNIT('MILLIMETRE',#32)LENGTH_UNIT()NAMED_UNIT(#35));
#21= (NAMED_UNIT(#37)PLANE_ANGLE_UNIT()SI_UNIT($,.RADIAN.));
#22= (NAMED_UNIT(#37)SOLID_ANGLE_UNIT()SI_UNIT($,.STERADIAN.));
#24=PRODUCT('1','','PART--DESC',(#43));
#25=PRODUCT_DEFINITION('','NONE',#44,#1);
#26=MANIFOLD_SOLID_BREP('1',#45);
#27=AXIS2_PLACEMENT_3D('',#46,#47,#48);
#28=GEOMETRIC_SET('2',(#49,#50,#51,#52,#53,#54,#55,#56));
#29=AXIS2_PLACEMENT_3D('',#57,#58,#59);
#32=LENGTH_MEASURE_WITH_UNIT(LENGTH_MEASURE(1.0),#60);
#35=DIMENSIONAL_EXPONENTS(1.0,0.0,0.0,0.0,0.0,0.0,0.0);
#37=DIMENSIONAL_EXPONENTS(0.0,0.0,0.0,0.0,0.0,0.0,0.0);
#43=PRODUCT_CONTEXT('',#10,'mechanical');
#44=PRODUCT_DEFINITION_FORMATION_WITH_SPECIFIED_SOURCE(' ','NONE',#24,.NOT_KNOWN.);
#45=CLOSED_SHELL('',(#61,#62,#63,#64,#65,#66,#67,#68,#69,#70,#71,#72,#73,#74,#75,#76,#77,#78,#79,#80,#81,#82,#83,#84,#85,#86,#87,#88,#89,#90,#91,#92,#93,#94,#95,#96,#97,#98,#99,#100,#101,#102,#103,#104,#105,#106,#107,#108,#109,#110,#111,#112,#113,#114,#115,#116,#117,#118,#119,#120,#121,#122,#123,#124,#125,#126,#127,#128,#129,#130,#131,#132,#133,#134,#135,#136,#137,#138,#139,#140,#141,#142,#143,#144,#145,#146,#147,#148,#149,#150,#151,#152,#153,#154,#155,#156,#157,#158,#159,#160,#161,#162,#163,#164,#165,#166,#167,#168,#169,#170,#171,#172,#173,#174,#175,#176,#177,#178,#179,#180,#181,#182,#183,#184,#185,#186,#187,#188,#189,#190,#191,#192,#193,#194,#195,#196,#197,#198,#199,#200,#201,#202,#203,#204,#205,#206,#207,#208,#209,#210,#211,#212,#213,#214,#215,#216,#217,#218,#219,#220,#221,#222,#223,#224,#225,#226,#227,#228,#229,#230,#231,#232,#233,#234,#235,#236,#237,#238,#239,#240,#241,#242,#243,#244,#245,#246,#247,#248,#249,#250,#251,#252,#253,#254,#255,#256,#257,#258,#259,#260,#261,#262,#263,#264,#265,#266,#267,#268,#269,#270,#271,#272,#273,#274,#275,#276,#277,#278,#279,#280,#281,#282,#283,#284,#285,#286,#287,#288,#289,#290,#291,#292,#293,#294,#295,#296,#297,#298,#299,#300,#301,#302,#303,#304,#305,#306,#307,#308,#309,#310,#311,#312,#313,#314,#315));
#46=CARTESIAN_POINT('',(0.0,0.0,0.0));
#47=DIRECTION('',(0.0,0.0,1.0));
#48=DIRECTION('',(1.0,0.0,0.0));
#49=COMPOSITE_CURVE('',(#316,#317),.U.);
#50=COMPOSITE_CURVE('',(#318,#319),.U.);
#51=COMPOSITE_CURVE('',(#320,#321),.U.);
#52=COMPOSITE_CURVE('',(#322,#323),.U.);
#53=COMPOSITE_CURVE('',(#324,#325),.U.);
#54=COMPOSITE_CURVE('',(#326,#327),.U.);
#55=COMPOSITE_CURVE('',(#328,#329),.U.);
#56=COMPOSITE_CURVE('',(#330),.U.);
#57=CARTESIAN_POINT('',(0.0,0.0,0.0));
#58=DIRECTION('',(0.0,0.0,1.0));
#59=DIRECTION('',(1.0,0.0,0.0));
#60= (NAMED_UNIT(#35)LENGTH_UNIT()SI_UNIT(.MILLI.,.METRE.));
#61=ADVANCED_FACE('',(#332),#333,.T.);
#62=ADVANCED_FACE('',(#334),#335,.T.);
#63=ADVANCED_FACE('',(#336),#337,.F.);
#64=ADVANCED_FACE('',(#338),#339,.F.);
#65=ADVANCED_FACE('',(#340),#341,.F.);
#66=ADVANCED_FACE('',(#342,#343,#344,#345,#346,#347,#348,#349,#350,#351,#352,#353,#354,#355),#356,.F.);
#67=ADVANCED_FACE('',(#357),#358,.F.);
#68=ADVANCED_FACE('',(#359),#360,.F.);
#69=ADVANCED_FACE('',(#361),#362,.F.);
#70=ADVANCED_FACE('',(#363),#364,.T.);
#71=ADVANCED_FACE('',(#365),#366,.T.);
#72=ADVANCED_FACE('',(#367),#368,.F.);
#73=ADVANCED_FACE('',(#369),#370,.T.);
#74=ADVANCED_FACE('',(#371),#372,.F.);
#75=ADVANCED_FACE('',(#373),#374,.T.);
#76=ADVANCED_FACE('',(#375),#376,.T.);
#77=ADVANCED_FACE('',(#377),#378,.T.);
#78=ADVANCED_FACE('',(#379),#380,.T.);
#79=ADVANCED_FACE('',(#381),#382,.F.);
#80=ADVANCED_FACE('',(#383,#384,#385,#386,#387,#388,#389),#390,.T.);
#81=ADVANCED_FACE('',(#391),#392,.T.);
#82=ADVANCED_FACE('',(#393),#394,.T.);
#83=ADVANCED_FACE('',(#395),#396,.T.);
#84=ADVANCED_FACE('',(#397),#398,.T.);
#85=ADVANCED_FACE('',(#399),#400,.F.);
#86=ADVANCED_FACE('',(#401),#402,.T.);
#87=ADVANCED_FACE('',(#403),#404,.T.);
#88=ADVANCED_FACE('',(#405),#406,.T.);
#89=ADVANCED_FACE('',(#407),#408,.T.);
#90=ADVANCED_FACE('',(#409),#410,.T.);
#91=ADVANCED_FACE('',(#411),#412,.T.);
#92=ADVANCED_FACE('',(#413),#414,.T.);
#93=ADVANCED_FACE('',(#415),#416,.T.);
#94=ADVANCED_FACE('',(#417),#418,.T.);
#95=ADVANCED_FACE('',(#419),#420,.T.);
#96=ADVANCED_FACE('',(#421),#422,.F.);
#97=ADVANCED_FACE('',(#423),#424,.T.);
#98=ADVANCED_FACE('',(#425),#426,.T.);
#99=ADVANCED_FACE('',(#427),#428,.T.);
#100=ADVANCED_FACE('',(#429),#430,.T.);
#101=ADVANCED_FACE('',(#431),#432,.T.);
#102=ADVANCED_FACE('',(#433),#434,.T.);
#103=ADVANCED_FACE('',(#435),#436,.T.);
#104=ADVANCED_FACE('',(#437),#438,.F.);
#105=ADVANCED_FACE('',(#439),#440,.F.);
#106=ADVANCED_FACE('',(#441),#442,.T.);
#107=ADVANCED_FACE('',(#443),#444,.T.);
#108=ADVANCED_FACE('',(#445),#446,.T.);
#109=ADVANCED_FACE('',(#447),#448,.F.);
#110=ADVANCED_FACE('',(#449),#450,.T.);
#111=ADVANCED_FACE('',(#451),#452,.T.);
#112=ADVANCED_FACE('',(#453),#454,.F.);
#113=ADVANCED_FACE('',(#455),#456,.F.);
#114=ADVANCED_FACE('',(#457),#458,.F.);
#115=ADVANCED_FACE('',(#459),#460,.F.);
#116=ADVANCED_FACE('',(#461),#462,.T.);
#117=ADVANCED_FACE('',(#463),#464,.F.);
#118=ADVANCED_FACE('',(#465),#466,.F.);
#119=ADVANCED_FACE('',(#467),#468,.T.);
#120=ADVANCED_FACE('',(#469),#470,.F.);
#121=ADVANCED_FACE('',(#471),#472,.F.);
#122=ADVANCED_FACE('',(#473),#474,.T.);
#123=ADVANCED_FACE('',(#475),#476,.T.);
#124=ADVANCED_FACE('',(#477),#478,.T.);
#125=ADVANCED_FACE('',(#479),#480,.T.);
#126=ADVANCED_FACE('',(#481),#482,.T.);
#127=ADVANCED_FACE('',(#483),#484,.T.);
#128=ADVANCED_FACE('',(#485),#486,.T.);
#129=ADVANCED_FACE('',(#487,#488),#489,.T.);
#130=ADVANCED_FACE('',(#490),#491,.T.);
#131=ADVANCED_FACE('',(#492),#493,.T.);
#132=ADVANCED_FACE('',(#494),#495,.F.);
#133=ADVANCED_FACE('',(#496),#497,.F.);
#134=ADVANCED_FACE('',(#498),#499,.F.);
#135=ADVANCED_FACE('',(#500),#501,.F.);
#136=ADVANCED_FACE('',(#502),#503,.T.);
#137=ADVANCED_FACE('',(#504),#505,.F.);
#138=ADVANCED_FACE('',(#506),#507,.T.);
#139=ADVANCED_FACE('',(#508),#509,.T.);
#140=ADVANCED_FACE('',(#510),#511,.T.);
#141=ADVANCED_FACE('',(#512),#513,.T.);
#142=ADVANCED_FACE('',(#514),#515,.F.);
#143=ADVANCED_FACE('',(#516),#517,.F.);
#144=ADVANCED_FACE('',(#518),#519,.F.);
#145=ADVANCED_FACE('',(#520),#521,.F.);
#146=ADVANCED_FACE('',(#522),#523,.T.);
#147=ADVANCED_FACE('',(#524),#525,.T.);
#148=ADVANCED_FACE('',(#526),#527,.F.);
#149=ADVANCED_FACE('',(#528),#529,.T.);
#150=ADVANCED_FACE('',(#530),#531,.T.);
#151=ADVANCED_FACE('',(#532),#533,.F.);
#152=ADVANCED_FACE('',(#534),#535,.F.);
#153=ADVANCED_FACE('',(#536),#537,.F.);
#154=ADVANCED_FACE('',(#538),#539,.F.);
#155=ADVANCED_FACE('',(#540),#541,.T.);
#156=ADVANCED_FACE('',(#542),#543,.T.);
#157=ADVANCED_FACE('',(#544),#545,.T.);
#158=ADVANCED_FACE('',(#546),#547,.T.);
#159=ADVANCED_FACE('',(#548),#549,.T.);
#160=ADVANCED_FACE('',(#550),#551,.T.);
#161=ADVANCED_FACE('',(#552),#553,.T.);
#162=ADVANCED_FACE('',(#554),#555,.T.);
#163=ADVANCED_FACE('',(#556),#557,.F.);
#164=ADVANCED_FACE('',(#558),#559,.T.);
#165=ADVANCED_FACE('',(#560),#561,.T.);
#166=ADVANCED_FACE('',(#562),#563,.T.);
#167=ADVANCED_FACE('',(#564),#565,.T.);
#168=ADVANCED_FACE('',(#566),#567,.T.);
#169=ADVANCED_FACE('',(#568),#569,.T.);
#170=ADVANCED_FACE('',(#570),#571,.T.);
#171=ADVANCED_FACE('',(#572),#573,.T.);
#172=ADVANCED_FACE('',(#574),#575,.T.);
#173=ADVANCED_FACE('',(#576),#577,.T.);
#174=ADVANCED_FACE('',(#578),#579,.T.);
#175=ADVANCED_FACE('',(#580),#581,.T.);
#176=ADVANCED_FACE('',(#582),#583,.T.);
#177=ADVANCED_FACE('',(#584),#585,.T.);
#178=ADVANCED_FACE('',(#586),#587,.T.);
#179=ADVANCED_FACE('',(#588),#589,.T.);
#180=ADVANCED_FACE('',(#590),#591,.T.);
#181=ADVANCED_FACE('',(#592),#593,.T.);
#182=ADVANCED_FACE('',(#594),#595,.T.);
#183=ADVANCED_FACE('',(#596),#597,.T.);
#184=ADVANCED_FACE('',(#598),#599,.T.);
#185=ADVANCED_FACE('',(#600),#601,.T.);
#186=ADVANCED_FACE('',(#602),#603,.T.);
#187=ADVANCED_FACE('',(#604),#605,.T.);
#188=ADVANCED_FACE('',(#606),#607,.F.);
#189=ADVANCED_FACE('',(#608),#609,.F.);
#190=ADVANCED_FACE('',(#610),#611,.T.);
#191=ADVANCED_FACE('',(#612),#613,.T.);
#192=ADVANCED_FACE('',(#614),#615,.T.);
#193=ADVANCED_FACE('',(#616),#617,.T.);
#194=ADVANCED_FACE('',(#618),#619,.T.);
#195=ADVANCED_FACE('',(#620),#621,.T.);
#196=ADVANCED_FACE('',(#622),#623,.T.);
#197=ADVANCED_FACE('',(#624),#625,.T.);
#198=ADVANCED_FACE('',(#626),#627,.T.);
#199=ADVANCED_FACE('',(#628),#629,.T.);
#200=ADVANCED_FACE('',(#630),#631,.F.);
#201=ADVANCED_FACE('',(#632),#633,.F.);
#202=ADVANCED_FACE('',(#634),#635,.T.);
#203=ADVANCED_FACE('',(#636),#637,.T.);
#204=ADVANCED_FACE('',(#638),#639,.T.);
#205=ADVANCED_FACE('',(#640),#641,.T.);
#206=ADVANCED_FACE('',(#642),#643,.T.);
#207=ADVANCED_FACE('',(#644),#645,.T.);
#208=ADVANCED_FACE('',(#646),#647,.T.);
#209=ADVANCED_FACE('',(#648),#649,.T.);
#210=ADVANCED_FACE('',(#650),#651,.T.);
#211=ADVANCED_FACE('',(#652),#653,.T.);
#212=ADVANCED_FACE('',(#654),#655,.T.);
#213=ADVANCED_FACE('',(#656),#657,.T.);
#214=ADVANCED_FACE('',(#658),#659,.T.);
#215=ADVANCED_FACE('',(#660),#661,.T.);
#216=ADVANCED_FACE('',(#662),#663,.T.);
#217=ADVANCED_FACE('',(#664),#665,.T.);
#218=ADVANCED_FACE('',(#666),#667,.T.);
#219=ADVANCED_FACE('',(#668),#669,.T.);
#220=ADVANCED_FACE('',(#670),#671,.T.);
#221=ADVANCED_FACE('',(#672),#673,.T.);
#222=ADVANCED_FACE('',(#674),#675,.T.);
#223=ADVANCED_FACE('',(#676),#677,.T.);
#224=ADVANCED_FACE('',(#678),#679,.F.);
#225=ADVANCED_FACE('',(#680),#681,.F.);
#226=ADVANCED_FACE('',(#682),#683,.T.);
#227=ADVANCED_FACE('',(#684),#685,.T.);
#228=ADVANCED_FACE('',(#686),#687,.T.);
#229=ADVANCED_FACE('',(#688),#689,.T.);
#230=ADVANCED_FACE('',(#690),#691,.T.);
#231=ADVANCED_FACE('',(#692),#693,.T.);
#232=ADVANCED_FACE('',(#694),#695,.T.);
#233=ADVANCED_FACE('',(#696),#697,.T.);
#234=ADVANCED_FACE('',(#698),#699,.T.);
#235=ADVANCED_FACE('',(#700),#701,.T.);
#236=ADVANCED_FACE('',(#702),#703,.T.);
#237=ADVANCED_FACE('',(#704),#705,.T.);
#238=ADVANCED_FACE('',(#706),#707,.F.);
#239=ADVANCED_FACE('',(#708),#709,.F.);
#240=ADVANCED_FACE('',(#710),#711,.T.);
#241=ADVANCED_FACE('',(#712),#713,.T.);
#242=ADVANCED_FACE('',(#714),#715,.T.);
#243=ADVANCED_FACE('',(#716),#717,.T.);
#244=ADVANCED_FACE('',(#718),#719,.T.);
#245=ADVANCED_FACE('',(#720),#721,.T.);
#246=ADVANCED_FACE('',(#722),#723,.T.);
#247=ADVANCED_FACE('',(#724),#725,.T.);
#248=ADVANCED_FACE('',(#726),#727,.T.);
#249=ADVANCED_FACE('',(#728),#729,.T.);
#250=ADVANCED_FACE('',(#730),#731,.T.);
#251=ADVANCED_FACE('',(#732),#733,.T.);
#252=ADVANCED_FACE('',(#734),#735,.F.);
#253=ADVANCED_FACE('',(#736),#737,.F.);
#254=ADVANCED_FACE('',(#738),#739,.T.);
#255=ADVANCED_FACE('',(#740),#741,.T.);
#256=ADVANCED_FACE('',(#742),#743,.T.);
#257=ADVANCED_FACE('',(#744),#745,.T.);
#258=ADVANCED_FACE('',(#746),#747,.T.);
#259=ADVANCED_FACE('',(#748),#749,.T.);
#260=ADVANCED_FACE('',(#750),#751,.T.);
#261=ADVANCED_FACE('',(#752),#753,.T.);
#262=ADVANCED_FACE('',(#754),#755,.T.);
#263=ADVANCED_FACE('',(#756),#757,.T.);
#264=ADVANCED_FACE('',(#758),#759,.T.);
#265=ADVANCED_FACE('',(#760),#761,.T.);
#266=ADVANCED_FACE('',(#762),#763,.F.);
#267=ADVANCED_FACE('',(#764),#765,.F.);
#268=ADVANCED_FACE('',(#766),#767,.T.);
#269=ADVANCED_FACE('',(#768),#769,.T.);
#270=ADVANCED_FACE('',(#770),#771,.T.);
#271=ADVANCED_FACE('',(#772),#773,.T.);
#272=ADVANCED_FACE('',(#774),#775,.T.);
#273=ADVANCED_FACE('',(#776),#777,.T.);
#274=ADVANCED_FACE('',(#778),#779,.T.);
#275=ADVANCED_FACE('',(#780),#781,.T.);
#276=ADVANCED_FACE('',(#782),#783,.T.);
#277=ADVANCED_FACE('',(#784),#785,.T.);
#278=ADVANCED_FACE('',(#786),#787,.T.);
#279=ADVANCED_FACE('',(#788),#789,.T.);
#280=ADVANCED_FACE('',(#790),#791,.F.);
#281=ADVANCED_FACE('',(#792),#793,.T.);
#282=ADVANCED_FACE('',(#794),#795,.T.);
#283=ADVANCED_FACE('',(#796),#797,.T.);
#284=ADVANCED_FACE('',(#798),#799,.T.);
#285=ADVANCED_FACE('',(#800),#801,.T.);
#286=ADVANCED_FACE('',(#802),#803,.T.);
#287=ADVANCED_FACE('',(#804),#805,.T.);
#288=ADVANCED_FACE('',(#806),#807,.T.);
#289=ADVANCED_FACE('',(#808),#809,.T.);
#290=ADVANCED_FACE('',(#810),#811,.T.);
#291=ADVANCED_FACE('',(#812),#813,.T.);
#292=ADVANCED_FACE('',(#814),#815,.T.);
#293=ADVANCED_FACE('',(#816),#817,.T.);
#294=ADVANCED_FACE('',(#818),#819,.T.);
#295=ADVANCED_FACE('',(#820),#821,.T.);
#296=ADVANCED_FACE('',(#822),#823,.T.);
#297=ADVANCED_FACE('',(#824),#825,.T.);
#298=ADVANCED_FACE('',(#826),#827,.T.);
#299=ADVANCED_FACE('',(#828),#829,.T.);
#300=ADVANCED_FACE('',(#830),#831,.T.);
#301=ADVANCED_FACE('',(#832),#833,.T.);
#302=ADVANCED_FACE('',(#834),#835,.T.);
#303=ADVANCED_FACE('',(#836),#837,.T.);
#304=ADVANCED_FACE('',(#838),#839,.T.);
#305=ADVANCED_FACE('',(#840),#841,.T.);
#306=ADVANCED_FACE('',(#842),#843,.T.);
#307=ADVANCED_FACE('',(#844),#845,.T.);
#308=ADVANCED_FACE('',(#846),#847,.T.);
#309=ADVANCED_FACE('',(#848),#849,.T.);
#310=ADVANCED_FACE('',(#850),#851,.T.);
#311=ADVANCED_FACE('',(#852),#853,.T.);
#312=ADVANCED_FACE('',(#854),#855,.T.);
#313=ADVANCED_FACE('',(#856),#857,.T.);
#314=ADVANCED_FACE('',(#858),#859,.T.);
#315=ADVANCED_FACE('',(#860),#861,.T.);
#316=COMPOSITE_CURVE_SEGMENT(.CONTINUOUS.,.T.,#862);
#317=COMPOSITE_CURVE_SEGMENT(.CONTINUOUS.,.T.,#863);
#318=COMPOSITE_CURVE_SEGMENT(.CONTINUOUS.,.T.,#864);
#319=COMPOSITE_CURVE_SEGMENT(.CONTINUOUS.,.T.,#865);
#320=COMPOSITE_CURVE_SEGMENT(.CONTINUOUS.,.T.,#866);
#321=COMPOSITE_CURVE_SEGMENT(.CONTINUOUS.,.T.,#867);
#322=COMPOSITE_CURVE_SEGMENT(.CONTINUOUS.,.T.,#868);
#323=COMPOSITE_CURVE_SEGMENT(.CONTINUOUS.,.T.,#869);
#324=COMPOSITE_CURVE_SEGMENT(.CONTINUOUS.,.T.,#870);
#325=COMPOSITE_CURVE_SEGMENT(.CONTINUOUS.,.T.,#871);
#326=COMPOSITE_CURVE_SEGMENT(.CONTINUOUS.,.T.,#872);
#327=COMPOSITE_CURVE_SEGMENT(.CONTINUOUS.,.T.,#873);
#328=COMPOSITE_CURVE_SEGMENT(.CONTINUOUS.,.T.,#874);
#329=COMPOSITE_CURVE_SEGMENT(.CONTINUOUS.,.T.,#875);
#330=COMPOSITE_CURVE_SEGMENT(.CONTINUOUS.,.T.,#876);
#332=FACE_OUTER_BOUND('',#877,.T.);
#333=CONICAL_SURFACE('',#878,0.399999999791,0.463647609000754);
#334=FACE_OUTER_BOUND('',#879,.T.);
#335=CONICAL_SURFACE('',#880,0.399999999791,0.463647609000754);
#336=FACE_OUTER_BOUND('',#881,.T.);
#337=PLANE('',#882);
#338=FACE_OUTER_BOUND('',#883,.T.);
#339=PLANE('',#884);
#340=FACE_OUTER_BOUND('',#885,.T.);
#341=PLANE('',#886);
#342=FACE_OUTER_BOUND('',#887,.T.);
#343=FACE_BOUND('',#888,.T.);
#344=FACE_BOUND('',#889,.T.);
#345=FACE_BOUND('',#890,.T.);
#346=FACE_BOUND('',#891,.T.);
#347=FACE_BOUND('',#892,.T.);
#348=FACE_BOUND('',#893,.T.);
#349=FACE_BOUND('',#894,.T.);
#350=FACE_BOUND('',#895,.T.);
#351=FACE_BOUND('',#896,.T.);
#352=FACE_BOUND('',#897,.T.);
#353=FACE_BOUND('',#898,.T.);
#354=FACE_BOUND('',#899,.T.);
#355=FACE_BOUND('',#900,.T.);
#356=PLANE('',#901);
#357=FACE_OUTER_BOUND('',#902,.T.);
#358=PLANE('',#903);
#359=FACE_OUTER_BOUND('',#904,.T.);
#360=PLANE('',#905);
#361=FACE_OUTER_BOUND('',#906,.T.);
#362=PLANE('',#907);
#363=FACE_OUTER_BOUND('',#908,.T.);
#364=PLANE('',#909);
#365=FACE_OUTER_BOUND('',#910,.T.);
#366=PLANE('',#911);
#367=FACE_OUTER_BOUND('',#912,.T.);
#368=PLANE('',#913);
#369=FACE_OUTER_BOUND('',#914,.T.);
#370=PLANE('',#915);
#371=FACE_OUTER_BOUND('',#916,.T.);
#372=PLANE('',#917);
#373=FACE_OUTER_BOUND('',#918,.T.);
#374=PLANE('',#919);
#375=FACE_OUTER_BOUND('',#920,.T.);
#376=PLANE('',#921);
#377=FACE_OUTER_BOUND('',#922,.T.);
#378=PLANE('',#923);
#379=FACE_OUTER_BOUND('',#924,.T.);
#380=PLANE('',#925);
#381=FACE_OUTER_BOUND('',#926,.T.);
#382=PLANE('',#927);
#383=FACE_OUTER_BOUND('',#928,.T.);
#384=FACE_BOUND('',#929,.T.);
#385=FACE_BOUND('',#930,.T.);
#386=FACE_BOUND('',#931,.T.);
#387=FACE_BOUND('',#932,.T.);
#388=FACE_BOUND('',#933,.T.);
#389=FACE_BOUND('',#934,.T.);
#390=PLANE('',#935);
#391=FACE_OUTER_BOUND('',#936,.T.);
#392=PLANE('',#937);
#393=FACE_OUTER_BOUND('',#938,.T.);
#394=PLANE('',#939);
#395=FACE_OUTER_BOUND('',#940,.T.);
#396=PLANE('',#941);
#397=FACE_OUTER_BOUND('',#942,.T.);
#398=PLANE('',#943);
#399=FACE_OUTER_BOUND('',#944,.T.);
#400=PLANE('',#945);
#401=FACE_OUTER_BOUND('',#946,.T.);
#402=PLANE('',#947);
#403=FACE_OUTER_BOUND('',#948,.T.);
#404=PLANE('',#949);
#405=FACE_OUTER_BOUND('',#950,.T.);
#406=PLANE('',#951);
#407=FACE_OUTER_BOUND('',#952,.T.);
#408=PLANE('',#953);
#409=FACE_OUTER_BOUND('',#954,.T.);
#410=PLANE('',#955);
#411=FACE_OUTER_BOUND('',#956,.T.);
#412=PLANE('',#957);
#413=FACE_OUTER_BOUND('',#958,.T.);
#414=PLANE('',#959);
#415=FACE_OUTER_BOUND('',#960,.T.);
#416=PLANE('',#961);
#417=FACE_OUTER_BOUND('',#962,.T.);
#418=PLANE('',#963);
#419=FACE_OUTER_BOUND('',#964,.T.);
#420=PLANE('',#965);
#421=FACE_OUTER_BOUND('',#966,.T.);
#422=PLANE('',#967);
#423=FACE_OUTER_BOUND('',#968,.T.);
#424=PLANE('',#969);
#425=FACE_OUTER_BOUND('',#970,.T.);
#426=PLANE('',#971);
#427=FACE_OUTER_BOUND('',#972,.T.);
#428=PLANE('',#973);
#429=FACE_OUTER_BOUND('',#974,.T.);
#430=PLANE('',#975);
#431=FACE_OUTER_BOUND('',#976,.T.);
#432=PLANE('',#977);
#433=FACE_OUTER_BOUND('',#978,.T.);
#434=PLANE('',#979);
#435=FACE_OUTER_BOUND('',#980,.T.);
#436=PLANE('',#981);
#437=FACE_OUTER_BOUND('',#982,.T.);
#438=PLANE('',#983);
#439=FACE_OUTER_BOUND('',#984,.T.);
#440=PLANE('',#985);
#441=FACE_OUTER_BOUND('',#986,.T.);
#442=PLANE('',#987);
#443=FACE_OUTER_BOUND('',#988,.T.);
#444=PLANE('',#989);
#445=FACE_OUTER_BOUND('',#990,.T.);
#446=PLANE('',#991);
#447=FACE_OUTER_BOUND('',#992,.T.);
#448=PLANE('',#993);
#449=FACE_OUTER_BOUND('',#994,.T.);
#450=PLANE('',#995);
#451=FACE_OUTER_BOUND('',#996,.T.);
#452=PLANE('',#997);
#453=FACE_OUTER_BOUND('',#998,.T.);
#454=PLANE('',#999);
#455=FACE_OUTER_BOUND('',#1000,.T.);
#456=PLANE('',#1001);
#457=FACE_OUTER_BOUND('',#1002,.T.);
#458=PLANE('',#1003);
#459=FACE_OUTER_BOUND('',#1004,.T.);
#460=PLANE('',#1005);
#461=FACE_OUTER_BOUND('',#1006,.T.);
#462=PLANE('',#1007);
#463=FACE_OUTER_BOUND('',#1008,.T.);
#464=PLANE('',#1009);
#465=FACE_OUTER_BOUND('',#1010,.T.);
#466=PLANE('',#1011);
#467=FACE_OUTER_BOUND('',#1012,.T.);
#468=PLANE('',#1013);
#469=FACE_OUTER_BOUND('',#1014,.T.);
#470=PLANE('',#1015);
#471=FACE_OUTER_BOUND('',#1016,.T.);
#472=PLANE('',#1017);
#473=FACE_OUTER_BOUND('',#1018,.T.);
#474=PLANE('',#1019);
#475=FACE_OUTER_BOUND('',#1020,.T.);
#476=PLANE('',#1021);
#477=FACE_OUTER_BOUND('',#1022,.T.);
#478=PLANE('',#1023);
#479=FACE_OUTER_BOUND('',#1024,.T.);
#480=PLANE('',#1025);
#481=FACE_OUTER_BOUND('',#1026,.T.);
#482=PLANE('',#1027);
#483=FACE_OUTER_BOUND('',#1028,.T.);
#484=PLANE('',#1029);
#485=FACE_OUTER_BOUND('',#1030,.T.);
#486=PLANE('',#1031);
#487=FACE_OUTER_BOUND('',#1032,.T.);
#488=FACE_BOUND('',#1033,.T.);
#489=PLANE('',#1034);
#490=FACE_OUTER_BOUND('',#1035,.T.);
#491=PLANE('',#1036);
#492=FACE_OUTER_BOUND('',#1037,.T.);
#493=PLANE('',#1038);
#494=FACE_OUTER_BOUND('',#1039,.T.);
#495=PLANE('',#1040);
#496=FACE_OUTER_BOUND('',#1041,.T.);
#497=PLANE('',#1042);
#498=FACE_OUTER_BOUND('',#1043,.T.);
#499=PLANE('',#1044);
#500=FACE_OUTER_BOUND('',#1045,.T.);
#501=PLANE('',#1046);
#502=FACE_OUTER_BOUND('',#1047,.T.);
#503=PLANE('',#1048);
#504=FACE_OUTER_BOUND('',#1049,.T.);
#505=PLANE('',#1050);
#506=FACE_OUTER_BOUND('',#1051,.T.);
#507=PLANE('',#1052);
#508=FACE_OUTER_BOUND('',#1053,.T.);
#509=PLANE('',#1054);
#510=FACE_OUTER_BOUND('',#1055,.T.);
#511=PLANE('',#1056);
#512=FACE_OUTER_BOUND('',#1057,.T.);
#513=PLANE('',#1058);
#514=FACE_OUTER_BOUND('',#1059,.T.);
#515=PLANE('',#1060);
#516=FACE_OUTER_BOUND('',#1061,.T.);
#517=PLANE('',#1062);
#518=FACE_OUTER_BOUND('',#1063,.T.);
#519=PLANE('',#1064);
#520=FACE_OUTER_BOUND('',#1065,.T.);
#521=PLANE('',#1066);
#522=FACE_OUTER_BOUND('',#1067,.T.);
#523=PLANE('',#1068);
#524=FACE_OUTER_BOUND('',#1069,.T.);
#525=PLANE('',#1070);
#526=FACE_OUTER_BOUND('',#1071,.T.);
#527=PLANE('',#1072);
#528=FACE_OUTER_BOUND('',#1073,.T.);
#529=PLANE('',#1074);
#530=FACE_OUTER_BOUND('',#1075,.T.);
#531=CYLINDRICAL_SURFACE('',#1076,0.6);
#532=FACE_OUTER_BOUND('',#1077,.T.);
#533=PLANE('',#1078);
#534=FACE_OUTER_BOUND('',#1079,.T.);
#535=PLANE('',#1080);
#536=FACE_OUTER_BOUND('',#1081,.T.);
#537=PLANE('',#1082);
#538=FACE_OUTER_BOUND('',#1083,.T.);
#539=PLANE('',#1084);
#540=FACE_OUTER_BOUND('',#1085,.T.);
#541=CYLINDRICAL_SURFACE('',#1086,0.6);
#542=FACE_OUTER_BOUND('',#1087,.T.);
#543=PLANE('',#1088);
#544=FACE_OUTER_BOUND('',#1089,.T.);
#545=PLANE('',#1090);
#546=FACE_OUTER_BOUND('',#1091,.T.);
#547=CYLINDRICAL_SURFACE('',#1092,0.5);
#548=FACE_OUTER_BOUND('',#1093,.T.);
#549=CONICAL_SURFACE('',#1094,0.399999999791,0.463647609000754);
#550=FACE_OUTER_BOUND('',#1095,.T.);
#551=PLANE('',#1096);
#552=FACE_OUTER_BOUND('',#1097,.T.);
#553=CONICAL_SURFACE('',#1098,0.399999999791,0.463647609000754);
#554=FACE_OUTER_BOUND('',#1099,.T.);
#555=CYLINDRICAL_SURFACE('',#1100,0.5);
#556=FACE_OUTER_BOUND('',#1101,.T.);
#557=PLANE('',#1102);
#558=FACE_OUTER_BOUND('',#1103,.T.);
#559=PLANE('',#1104);
#560=FACE_OUTER_BOUND('',#1105,.T.);
#561=PLANE('',#1106);
#562=FACE_OUTER_BOUND('',#1107,.T.);
#563=PLANE('',#1108);
#564=FACE_OUTER_BOUND('',#1109,.T.);
#565=PLANE('',#1110);
#566=FACE_OUTER_BOUND('',#1111,.T.);
#567=PLANE('',#1112);
#568=FACE_OUTER_BOUND('',#1113,.T.);
#569=PLANE('',#1114);
#570=FACE_OUTER_BOUND('',#1115,.T.);
#571=PLANE('',#1116);
#572=FACE_OUTER_BOUND('',#1117,.T.);
#573=PLANE('',#1118);
#574=FACE_OUTER_BOUND('',#1119,.T.);
#575=PLANE('',#1120);
#576=FACE_OUTER_BOUND('',#1121,.T.);
#577=PLANE('',#1122);
#578=FACE_OUTER_BOUND('',#1123,.T.);
#579=PLANE('',#1124);
#580=FACE_OUTER_BOUND('',#1125,.T.);
#581=PLANE('',#1126);
#582=FACE_OUTER_BOUND('',#1127,.T.);
#583=PLANE('',#1128);
#584=FACE_OUTER_BOUND('',#1129,.T.);
#585=PLANE('',#1130);
#586=FACE_OUTER_BOUND('',#1131,.T.);
#587=PLANE('',#1132);
#588=FACE_OUTER_BOUND('',#1133,.T.);
#589=PLANE('',#1134);
#590=FACE_OUTER_BOUND('',#1135,.T.);
#591=PLANE('',#1136);
#592=FACE_OUTER_BOUND('',#1137,.T.);
#593=PLANE('',#1138);
#594=FACE_OUTER_BOUND('',#1139,.T.);
#595=PLANE('',#1140);
#596=FACE_OUTER_BOUND('',#1141,.T.);
#597=PLANE('',#1142);
#598=FACE_OUTER_BOUND('',#1143,.T.);
#599=PLANE('',#1144);
#600=FACE_OUTER_BOUND('',#1145,.T.);
#601=PLANE('',#1146);
#602=FACE_OUTER_BOUND('',#1147,.T.);
#603=PLANE('',#1148);
#604=FACE_OUTER_BOUND('',#1149,.T.);
#605=PLANE('',#1150);
#606=FACE_OUTER_BOUND('',#1151,.T.);
#607=PLANE('',#1152);
#608=FACE_OUTER_BOUND('',#1153,.T.);
#609=PLANE('',#1154);
#610=FACE_OUTER_BOUND('',#1155,.T.);
#611=PLANE('',#1156);
#612=FACE_OUTER_BOUND('',#1157,.T.);
#613=PLANE('',#1158);
#614=FACE_OUTER_BOUND('',#1159,.T.);
#615=PLANE('',#1160);
#616=FACE_OUTER_BOUND('',#1161,.T.);
#617=PLANE('',#1162);
#618=FACE_OUTER_BOUND('',#1163,.T.);
#619=PLANE('',#1164);
#620=FACE_OUTER_BOUND('',#1165,.T.);
#621=PLANE('',#1166);
#622=FACE_OUTER_BOUND('',#1167,.T.);
#623=PLANE('',#1168);
#624=FACE_OUTER_BOUND('',#1169,.T.);
#625=PLANE('',#1170);
#626=FACE_OUTER_BOUND('',#1171,.T.);
#627=PLANE('',#1172);
#628=FACE_OUTER_BOUND('',#1173,.T.);
#629=PLANE('',#1174);
#630=FACE_OUTER_BOUND('',#1175,.T.);
#631=PLANE('',#1176);
#632=FACE_OUTER_BOUND('',#1177,.T.);
#633=PLANE('',#1178);
#634=FACE_OUTER_BOUND('',#1179,.T.);
#635=PLANE('',#1180);
#636=FACE_OUTER_BOUND('',#1181,.T.);
#637=PLANE('',#1182);
#638=FACE_OUTER_BOUND('',#1183,.T.);
#639=PLANE('',#1184);
#640=FACE_OUTER_BOUND('',#1185,.T.);
#641=PLANE('',#1186);
#642=FACE_OUTER_BOUND('',#1187,.T.);
#643=PLANE('',#1188);
#644=FACE_OUTER_BOUND('',#1189,.T.);
#645=PLANE('',#1190);
#646=FACE_OUTER_BOUND('',#1191,.T.);
#647=PLANE('',#1192);
#648=FACE_OUTER_BOUND('',#1193,.T.);
#649=PLANE('',#1194);
#650=FACE_OUTER_BOUND('',#1195,.T.);
#651=PLANE('',#1196);
#652=FACE_OUTER_BOUND('',#1197,.T.);
#653=PLANE('',#1198);
#654=FACE_OUTER_BOUND('',#1199,.T.);
#655=PLANE('',#1200);
#656=FACE_OUTER_BOUND('',#1201,.T.);
#657=PLANE('',#1202);
#658=FACE_OUTER_BOUND('',#1203,.T.);
#659=PLANE('',#1204);
#660=FACE_OUTER_BOUND('',#1205,.T.);
#661=PLANE('',#1206);
#662=FACE_OUTER_BOUND('',#1207,.T.);
#663=PLANE('',#1208);
#664=FACE_OUTER_BOUND('',#1209,.T.);
#665=PLANE('',#1210);
#666=FACE_OUTER_BOUND('',#1211,.T.);
#667=PLANE('',#1212);
#668=FACE_OUTER_BOUND('',#1213,.T.);
#669=PLANE('',#1214);
#670=FACE_OUTER_BOUND('',#1215,.T.);
#671=PLANE('',#1216);
#672=FACE_OUTER_BOUND('',#1217,.T.);
#673=PLANE('',#1218);
#674=FACE_OUTER_BOUND('',#1219,.T.);
#675=PLANE('',#1220);
#676=FACE_OUTER_BOUND('',#1221,.T.);
#677=PLANE('',#1222);
#678=FACE_OUTER_BOUND('',#1223,.T.);
#679=PLANE('',#1224);
#680=FACE_OUTER_BOUND('',#1225,.T.);
#681=PLANE('',#1226);
#682=FACE_OUTER_BOUND('',#1227,.T.);
#683=PLANE('',#1228);
#684=FACE_OUTER_BOUND('',#1229,.T.);
#685=PLANE('',#1230);
#686=FACE_OUTER_BOUND('',#1231,.T.);
#687=PLANE('',#1232);
#688=FACE_OUTER_BOUND('',#1233,.T.);
#689=PLANE('',#1234);
#690=FACE_OUTER_BOUND('',#1235,.T.);
#691=PLANE('',#1236);
#692=FACE_OUTER_BOUND('',#1237,.T.);
#693=PLANE('',#1238);
#694=FACE_OUTER_BOUND('',#1239,.T.);
#695=PLANE('',#1240);
#696=FACE_OUTER_BOUND('',#1241,.T.);
#697=PLANE('',#1242);
#698=FACE_OUTER_BOUND('',#1243,.T.);
#699=PLANE('',#1244);
#700=FACE_OUTER_BOUND('',#1245,.T.);
#701=PLANE('',#1246);
#702=FACE_OUTER_BOUND('',#1247,.T.);
#703=PLANE('',#1248);
#704=FACE_OUTER_BOUND('',#1249,.T.);
#705=PLANE('',#1250);
#706=FACE_OUTER_BOUND('',#1251,.T.);
#707=PLANE('',#1252);
#708=FACE_OUTER_BOUND('',#1253,.T.);
#709=PLANE('',#1254);
#710=FACE_OUTER_BOUND('',#1255,.T.);
#711=PLANE('',#1256);
#712=FACE_OUTER_BOUND('',#1257,.T.);
#713=PLANE('',#1258);
#714=FACE_OUTER_BOUND('',#1259,.T.);
#715=PLANE('',#1260);
#716=FACE_OUTER_BOUND('',#1261,.T.);
#717=PLANE('',#1262);
#718=FACE_OUTER_BOUND('',#1263,.T.);
#719=PLANE('',#1264);
#720=FACE_OUTER_BOUND('',#1265,.T.);
#721=PLANE('',#1266);
#722=FACE_OUTER_BOUND('',#1267,.T.);
#723=PLANE('',#1268);
#724=FACE_OUTER_BOUND('',#1269,.T.);
#725=PLANE('',#1270);
#726=FACE_OUTER_BOUND('',#1271,.T.);
#727=PLANE('',#1272);
#728=FACE_OUTER_BOUND('',#1273,.T.);
#729=PLANE('',#1274);
#730=FACE_OUTER_BOUND('',#1275,.T.);
#731=PLANE('',#1276);
#732=FACE_OUTER_BOUND('',#1277,.T.);
#733=PLANE('',#1278);
#734=FACE_OUTER_BOUND('',#1279,.T.);
#735=PLANE('',#1280);
#736=FACE_OUTER_BOUND('',#1281,.T.);
#737=PLANE('',#1282);
#738=FACE_OUTER_BOUND('',#1283,.T.);
#739=PLANE('',#1284);
#740=FACE_OUTER_BOUND('',#1285,.T.);
#741=PLANE('',#1286);
#742=FACE_OUTER_BOUND('',#1287,.T.);
#743=PLANE('',#1288);
#744=FACE_OUTER_BOUND('',#1289,.T.);
#745=PLANE('',#1290);
#746=FACE_OUTER_BOUND('',#1291,.T.);
#747=PLANE('',#1292);
#748=FACE_OUTER_BOUND('',#1293,.T.);
#749=PLANE('',#1294);
#750=FACE_OUTER_BOUND('',#1295,.T.);
#751=PLANE('',#1296);
#752=FACE_OUTER_BOUND('',#1297,.T.);
#753=PLANE('',#1298);
#754=FACE_OUTER_BOUND('',#1299,.T.);
#755=PLANE('',#1300);
#756=FACE_OUTER_BOUND('',#1301,.T.);
#757=PLANE('',#1302);
#758=FACE_OUTER_BOUND('',#1303,.T.);
#759=PLANE('',#1304);
#760=FACE_OUTER_BOUND('',#1305,.T.);
#761=PLANE('',#1306);
#762=FACE_OUTER_BOUND('',#1307,.T.);
#763=PLANE('',#1308);
#764=FACE_OUTER_BOUND('',#1309,.T.);
#765=PLANE('',#1310);
#766=FACE_OUTER_BOUND('',#1311,.T.);
#767=PLANE('',#1312);
#768=FACE_OUTER_BOUND('',#1313,.T.);
#769=PLANE('',#1314);
#770=FACE_OUTER_BOUND('',#1315,.T.);
#771=PLANE('',#1316);
#772=FACE_OUTER_BOUND('',#1317,.T.);
#773=PLANE('',#1318);
#774=FACE_OUTER_BOUND('',#1319,.T.);
#775=PLANE('',#1320);
#776=FACE_OUTER_BOUND('',#1321,.T.);
#777=PLANE('',#1322);
#778=FACE_OUTER_BOUND('',#1323,.T.);
#779=PLANE('',#1324);
#780=FACE_OUTER_BOUND('',#1325,.T.);
#781=PLANE('',#1326);
#782=FACE_OUTER_BOUND('',#1327,.T.);
#783=PLANE('',#1328);
#784=FACE_OUTER_BOUND('',#1329,.T.);
#785=PLANE('',#1330);
#786=FACE_OUTER_BOUND('',#1331,.T.);
#787=PLANE('',#1332);
#788=FACE_OUTER_BOUND('',#1333,.T.);
#789=PLANE('',#1334);
#790=FACE_OUTER_BOUND('',#1335,.T.);
#791=PLANE('',#1336);
#792=FACE_OUTER_BOUND('',#1337,.T.);
#793=PLANE('',#1338);
#794=FACE_OUTER_BOUND('',#1339,.T.);
#795=PLANE('',#1340);
#796=FACE_OUTER_BOUND('',#1341,.T.);
#797=PLANE('',#1342);
#798=FACE_OUTER_BOUND('',#1343,.T.);
#799=PLANE('',#1344);
#800=FACE_OUTER_BOUND('',#1345,.T.);
#801=PLANE('',#1346);
#802=FACE_OUTER_BOUND('',#1347,.T.);
#803=PLANE('',#1348);
#804=FACE_OUTER_BOUND('',#1349,.T.);
#805=PLANE('',#1350);
#806=FACE_OUTER_BOUND('',#1351,.T.);
#807=PLANE('',#1352);
#808=FACE_OUTER_BOUND('',#1353,.T.);
#809=PLANE('',#1354);
#810=FACE_OUTER_BOUND('',#1355,.T.);
#811=PLANE('',#1356);
#812=FACE_OUTER_BOUND('',#1357,.T.);
#813=PLANE('',#1358);
#814=FACE_OUTER_BOUND('',#1359,.T.);
#815=PLANE('',#1360);
#816=FACE_OUTER_BOUND('',#1361,.T.);
#817=PLANE('',#1362);
#818=FACE_OUTER_BOUND('',#1363,.T.);
#819=PLANE('',#1364);
#820=FACE_OUTER_BOUND('',#1365,.T.);
#821=PLANE('',#1366);
#822=FACE_OUTER_BOUND('',#1367,.T.);
#823=PLANE('',#1368);
#824=FACE_OUTER_BOUND('',#1369,.T.);
#825=PLANE('',#1370);
#826=FACE_OUTER_BOUND('',#1371,.T.);
#827=PLANE('',#1372);
#828=FACE_OUTER_BOUND('',#1373,.T.);
#829=PLANE('',#1374);
#830=FACE_OUTER_BOUND('',#1375,.T.);
#831=PLANE('',#1376);
#832=FACE_OUTER_BOUND('',#1377,.T.);
#833=PLANE('',#1378);
#834=FACE_OUTER_BOUND('',#1379,.T.);
#835=PLANE('',#1380);
#836=FACE_OUTER_BOUND('',#1381,.T.);
#837=PLANE('',#1382);
#838=FACE_OUTER_BOUND('',#1383,.T.);
#839=PLANE('',#1384);
#840=FACE_OUTER_BOUND('',#1385,.T.);
#841=PLANE('',#1386);
#842=FACE_OUTER_BOUND('',#1387,.T.);
#843=PLANE('',#1388);
#844=FACE_OUTER_BOUND('',#1389,.T.);
#845=PLANE('',#1390);
#846=FACE_OUTER_BOUND('',#1391,.T.);
#847=PLANE('',#1392);
#848=FACE_OUTER_BOUND('',#1393,.T.);
#849=PLANE('',#1394);
#850=FACE_OUTER_BOUND('',#1395,.T.);
#851=PLANE('',#1396);
#852=FACE_OUTER_BOUND('',#1397,.T.);
#853=PLANE('',#1398);
#854=FACE_OUTER_BOUND('',#1399,.T.);
#855=PLANE('',#1400);
#856=FACE_OUTER_BOUND('',#1401,.T.);
#857=PLANE('',#1402);
#858=FACE_OUTER_BOUND('',#1403,.T.);
#859=PLANE('',#1404);
#860=FACE_OUTER_BOUND('',#1405,.T.);
#861=PLANE('',#1406);
#862=TRIMMED_CURVE('',#1407,(PARAMETER_VALUE(0.0)),(PARAMETER_VALUE(3.1415926535892)),.T.,.UNSPECIFIED.);
#863=TRIMMED_CURVE('',#1408,(PARAMETER_VALUE(0.0)),(PARAMETER_VALUE(3.1415926535892)),.T.,.UNSPECIFIED.);
#864=TRIMMED_CURVE('',#1409,(PARAMETER_VALUE(0.0)),(PARAMETER_VALUE(3.1415926535892)),.T.,.UNSPECIFIED.);
#865=TRIMMED_CURVE('',#1410,(PARAMETER_VALUE(0.0)),(PARAMETER_VALUE(3.1415926535892)),.T.,.UNSPECIFIED.);
#866=TRIMMED_CURVE('',#1411,(PARAMETER_VALUE(0.0)),(PARAMETER_VALUE(3.1415926535892)),.T.,.UNSPECIFIED.);
#867=TRIMMED_CURVE('',#1412,(PARAMETER_VALUE(0.0)),(PARAMETER_VALUE(3.1415926535892)),.T.,.UNSPECIFIED.);
#868=TRIMMED_CURVE('',#1413,(PARAMETER_VALUE(0.0)),(PARAMETER_VALUE(3.1415926535892)),.T.,.UNSPECIFIED.);
#869=TRIMMED_CURVE('',#1414,(PARAMETER_VALUE(0.0)),(PARAMETER_VALUE(3.1415926535892)),.T.,.UNSPECIFIED.);
#870=TRIMMED_CURVE('',#1415,(PARAMETER_VALUE(0.0)),(PARAMETER_VALUE(3.1415926535892)),.T.,.UNSPECIFIED.);
#871=TRIMMED_CURVE('',#1416,(PARAMETER_VALUE(0.0)),(PARAMETER_VALUE(3.1415926535892)),.T.,.UNSPECIFIED.);
#872=TRIMMED_CURVE('',#1417,(PARAMETER_VALUE(0.0)),(PARAMETER_VALUE(3.1415926535892)),.T.,.UNSPECIFIED.);
#873=TRIMMED_CURVE('',#1418,(PARAMETER_VALUE(0.0)),(PARAMETER_VALUE(3.1415926535892)),.T.,.UNSPECIFIED.);
#874=TRIMMED_CURVE('',#1419,(PARAMETER_VALUE(0.0)),(PARAMETER_VALUE(3.1415926535892)),.T.,.UNSPECIFIED.);
#875=TRIMMED_CURVE('',#1420,(PARAMETER_VALUE(0.0)),(PARAMETER_VALUE(3.1415926535892)),.T.,.UNSPECIFIED.);
#876=TRIMMED_CURVE('A_1',#1421,(PARAMETER_VALUE(0.0)),(PARAMETER_VALUE(1.0)),.T.,.UNSPECIFIED.);
#877=EDGE_LOOP('',(#1422,#1423,#1424,#1425));
#878=AXIS2_PLACEMENT_3D('',#1426,#1427,#1428);
#879=EDGE_LOOP('',(#1429,#1430,#1431,#1432));
#880=AXIS2_PLACEMENT_3D('',#1433,#1434,#1435);
#881=EDGE_LOOP('',(#1436,#1437,#1438,#1439,#1440,#1441,#1442,#1443,#1444,#1445,#1446,#1447));
#882=AXIS2_PLACEMENT_3D('',#1448,#1449,#1450);
#883=EDGE_LOOP('',(#1451,#1452,#1453,#1454));
#884=AXIS2_PLACEMENT_3D('',#1455,#1456,#1457);
#885=EDGE_LOOP('',(#1458,#1459,#1460,#1461));
#886=AXIS2_PLACEMENT_3D('',#1462,#1463,#1464);
#887=EDGE_LOOP('',(#1465,#1466,#1467,#1468,#1469,#1470,#1471,#1472,#1473,#1474,#1475,#1476,#1477,#1478,#1479,#1480));
#888=EDGE_LOOP('',(#1481,#1482,#1483,#1484));
#889=EDGE_LOOP('',(#1485,#1486,#1487,#1488));
#890=EDGE_LOOP('',(#1489,#1490,#1491,#1492));
#891=EDGE_LOOP('',(#1493,#1494,#1495,#1496));
#892=EDGE_LOOP('',(#1497,#1498,#1499,#1500));
#893=EDGE_LOOP('',(#1501,#1502,#1503,#1504));
#894=EDGE_LOOP('',(#1505,#1506,#1507,#1508));
#895=EDGE_LOOP('',(#1509,#1510,#1511,#1512));
#896=EDGE_LOOP('',(#1513,#1514,#1515,#1516));
#897=EDGE_LOOP('',(#1517,#1518,#1519,#1520));
#898=EDGE_LOOP('',(#1521,#1522,#1523,#1524));
#899=EDGE_LOOP('',(#1525,#1526,#1527,#1528));
#900=EDGE_LOOP('',(#1529,#1530,#1531,#1532));
#901=AXIS2_PLACEMENT_3D('',#1533,#1534,#1535);
#902=EDGE_LOOP('',(#1536,#1537,#1538,#1539));
#903=AXIS2_PLACEMENT_3D('',#1540,#1541,#1542);
#904=EDGE_LOOP('',(#1543,#1544,#1545,#1546,#1547,#1548));
#905=AXIS2_PLACEMENT_3D('',#1549,#1550,#1551);
#906=EDGE_LOOP('',(#1552,#1553,#1554,#1555,#1556,#1557));
#907=AXIS2_PLACEMENT_3D('',#1558,#1559,#1560);
#908=EDGE_LOOP('',(#1561,#1562,#1563,#1564,#1565,#1566,#1567,#1568,#1569,#1570,#1571,#1572));
#909=AXIS2_PLACEMENT_3D('',#1573,#1574,#1575);
#910=EDGE_LOOP('',(#1576,#1577,#1578,#1579));
#911=AXIS2_PLACEMENT_3D('',#1580,#1581,#1582);
#912=EDGE_LOOP('',(#1583,#1584,#1585,#1586,#1587));
#913=AXIS2_PLACEMENT_3D('',#1588,#1589,#1590);
#914=EDGE_LOOP('',(#1591,#1592,#1593,#1594));
#915=AXIS2_PLACEMENT_3D('',#1595,#1596,#1597);
#916=EDGE_LOOP('',(#1598,#1599,#1600,#1601,#1602,#1603,#1604,#1605,#1606,#1607,#1608,#1609,#1610,#1611,#1612,#1613,#1614,#1615,#1616,#1617,#1618,#1619,#1620,#1621,#1622,#1623,#1624,#1625,#1626,#1627,#1628,#1629,#1630,#1631,#1632,#1633));
#917=AXIS2_PLACEMENT_3D('',#1634,#1635,#1636);
#918=EDGE_LOOP('',(#1637,#1638,#1639,#1640));
#919=AXIS2_PLACEMENT_3D('',#1641,#1642,#1643);
#920=EDGE_LOOP('',(#1644,#1645,#1646,#1647,#1648,#1649));
#921=AXIS2_PLACEMENT_3D('',#1650,#1651,#1652);
#922=EDGE_LOOP('',(#1653,#1654,#1655,#1656,#1657,#1658));
#923=AXIS2_PLACEMENT_3D('',#1659,#1660,#1661);
#924=EDGE_LOOP('',(#1662,#1663,#1664,#1665));
#925=AXIS2_PLACEMENT_3D('',#1666,#1667,#1668);
#926=EDGE_LOOP('',(#1669,#1670,#1671,#1672,#1673,#1674));
#927=AXIS2_PLACEMENT_3D('',#1675,#1676,#1677);
#928=EDGE_LOOP('',(#1678,#1679,#1680,#1681,#1682,#1683,#1684,#1685,#1686,#1687,#1688,#1689,#1690,#1691,#1692,#1693,#1694,#1695,#1696,#1697,#1698,#1699,#1700,#1701,#1702,#1703,#1704,#1705,#1706,#1707,#1708,#1709,#1710,#1711,#1712,#1713,#1714,#1715,#1716,#1717,#1718,#1719,#1720,#1721,#1722,#1723,#1724,#1725));
#929=EDGE_LOOP('',(#1726,#1727,#1728,#1729));
#930=EDGE_LOOP('',(#1730,#1731,#1732,#1733));
#931=EDGE_LOOP('',(#1734,#1735,#1736,#1737));
#932=EDGE_LOOP('',(#1738,#1739,#1740,#1741));
#933=EDGE_LOOP('',(#1742,#1743,#1744,#1745));
#934=EDGE_LOOP('',(#1746,#1747,#1748,#1749));
#935=AXIS2_PLACEMENT_3D('',#1750,#1751,#1752);
#936=EDGE_LOOP('',(#1753,#1754,#1755,#1756));
#937=AXIS2_PLACEMENT_3D('',#1757,#1758,#1759);
#938=EDGE_LOOP('',(#1760,#1761,#1762,#1763));
#939=AXIS2_PLACEMENT_3D('',#1764,#1765,#1766);
#940=EDGE_LOOP('',(#1767,#1768,#1769,#1770));
#941=AXIS2_PLACEMENT_3D('',#1771,#1772,#1773);
#942=EDGE_LOOP('',(#1774,#1775,#1776,#1777));
#943=AXIS2_PLACEMENT_3D('',#1778,#1779,#1780);
#944=EDGE_LOOP('',(#1781,#1782,#1783,#1784,#1785,#1786));
#945=AXIS2_PLACEMENT_3D('',#1787,#1788,#1789);
#946=EDGE_LOOP('',(#1790,#1791,#1792,#1793));
#947=AXIS2_PLACEMENT_3D('',#1794,#1795,#1796);
#948=EDGE_LOOP('',(#1797,#1798,#1799,#1800));
#949=AXIS2_PLACEMENT_3D('',#1801,#1802,#1803);
#950=EDGE_LOOP('',(#1804,#1805,#1806,#1807));
#951=AXIS2_PLACEMENT_3D('',#1808,#1809,#1810);
#952=EDGE_LOOP('',(#1811,#1812,#1813,#1814));
#953=AXIS2_PLACEMENT_3D('',#1815,#1816,#1817);
#954=EDGE_LOOP('',(#1818,#1819,#1820,#1821,#1822,#1823));
#955=AXIS2_PLACEMENT_3D('',#1824,#1825,#1826);
#956=EDGE_LOOP('',(#1827,#1828,#1829,#1830,#1831,#1832));
#957=AXIS2_PLACEMENT_3D('',#1833,#1834,#1835);
#958=EDGE_LOOP('',(#1836,#1837,#1838,#1839));
#959=AXIS2_PLACEMENT_3D('',#1840,#1841,#1842);
#960=EDGE_LOOP('',(#1843,#1844,#1845,#1846));
#961=AXIS2_PLACEMENT_3D('',#1847,#1848,#1849);
#962=EDGE_LOOP('',(#1850,#1851,#1852,#1853));
#963=AXIS2_PLACEMENT_3D('',#1854,#1855,#1856);
#964=EDGE_LOOP('',(#1857,#1858,#1859,#1860));
#965=AXIS2_PLACEMENT_3D('',#1861,#1862,#1863);
#966=EDGE_LOOP('',(#1864,#1865,#1866,#1867,#1868,#1869));
#967=AXIS2_PLACEMENT_3D('',#1870,#1871,#1872);
#968=EDGE_LOOP('',(#1873,#1874,#1875,#1876));
#969=AXIS2_PLACEMENT_3D('',#1877,#1878,#1879);
#970=EDGE_LOOP('',(#1880,#1881,#1882,#1883,#1884,#1885,#1886,#1887));
#971=AXIS2_PLACEMENT_3D('',#1888,#1889,#1890);
#972=EDGE_LOOP('',(#1891,#1892,#1893,#1894,#1895,#1896,#1897,#1898));
#973=AXIS2_PLACEMENT_3D('',#1899,#1900,#1901);
#974=EDGE_LOOP('',(#1902,#1903,#1904,#1905));
#975=AXIS2_PLACEMENT_3D('',#1906,#1907,#1908);
#976=EDGE_LOOP('',(#1909,#1910,#1911,#1912));
#977=AXIS2_PLACEMENT_3D('',#1913,#1914,#1915);
#978=EDGE_LOOP('',(#1916,#1917,#1918,#1919));
#979=AXIS2_PLACEMENT_3D('',#1920,#1921,#1922);
#980=EDGE_LOOP('',(#1923,#1924,#1925,#1926));
#981=AXIS2_PLACEMENT_3D('',#1927,#1928,#1929);
#982=EDGE_LOOP('',(#1930,#1931,#1932,#1933,#1934,#1935));
#983=AXIS2_PLACEMENT_3D('',#1936,#1937,#1938);
#984=EDGE_LOOP('',(#1939,#1940,#1941,#1942));
#985=AXIS2_PLACEMENT_3D('',#1943,#1944,#1945);
#986=EDGE_LOOP('',(#1946,#1947,#1948,#1949));
#987=AXIS2_PLACEMENT_3D('',#1950,#1951,#1952);
#988=EDGE_LOOP('',(#1953,#1954,#1955,#1956));
#989=AXIS2_PLACEMENT_3D('',#1957,#1958,#1959);
#990=EDGE_LOOP('',(#1960,#1961,#1962,#1963));
#991=AXIS2_PLACEMENT_3D('',#1964,#1965,#1966);
#992=EDGE_LOOP('',(#1967,#1968,#1969,#1970));
#993=AXIS2_PLACEMENT_3D('',#1971,#1972,#1973);
#994=EDGE_LOOP('',(#1974,#1975,#1976,#1977));
#995=AXIS2_PLACEMENT_3D('',#1978,#1979,#1980);
#996=EDGE_LOOP('',(#1981,#1982,#1983,#1984));
#997=AXIS2_PLACEMENT_3D('',#1985,#1986,#1987);
#998=EDGE_LOOP('',(#1988,#1989,#1990,#1991,#1992,#1993,#1994));
#999=AXIS2_PLACEMENT_3D('',#1995,#1996,#1997);
#1000=EDGE_LOOP('',(#1998,#1999,#2000,#2001));
#1001=AXIS2_PLACEMENT_3D('',#2002,#2003,#2004);
#1002=EDGE_LOOP('',(#2005,#2006,#2007,#2008));
#1003=AXIS2_PLACEMENT_3D('',#2009,#2010,#2011);
#1004=EDGE_LOOP('',(#2012,#2013,#2014,#2015));
#1005=AXIS2_PLACEMENT_3D('',#2016,#2017,#2018);
#1006=EDGE_LOOP('',(#2019,#2020,#2021,#2022,#2023,#2024));
#1007=AXIS2_PLACEMENT_3D('',#2025,#2026,#2027);
#1008=EDGE_LOOP('',(#2028,#2029,#2030,#2031,#2032,#2033,#2034));
#1009=AXIS2_PLACEMENT_3D('',#2035,#2036,#2037);
#1010=EDGE_LOOP('',(#2038,#2039,#2040,#2041));
#1011=AXIS2_PLACEMENT_3D('',#2042,#2043,#2044);
#1012=EDGE_LOOP('',(#2045,#2046,#2047,#2048));
#1013=AXIS2_PLACEMENT_3D('',#2049,#2050,#2051);
#1014=EDGE_LOOP('',(#2052,#2053,#2054,#2055));
#1015=AXIS2_PLACEMENT_3D('',#2056,#2057,#2058);
#1016=EDGE_LOOP('',(#2059,#2060,#2061,#2062,#2063,#2064,#2065));
#1017=AXIS2_PLACEMENT_3D('',#2066,#2067,#2068);
#1018=EDGE_LOOP('',(#2069,#2070,#2071,#2072,#2073,#2074,#2075,#2076));
#1019=AXIS2_PLACEMENT_3D('',#2077,#2078,#2079);
#1020=EDGE_LOOP('',(#2080,#2081,#2082,#2083,#2084,#2085,#2086,#2087,#2088,#2089,#2090));
#1021=AXIS2_PLACEMENT_3D('',#2091,#2092,#2093);
#1022=EDGE_LOOP('',(#2094,#2095,#2096,#2097,#2098,#2099));
#1023=AXIS2_PLACEMENT_3D('',#2100,#2101,#2102);
#1024=EDGE_LOOP('',(#2103,#2104,#2105,#2106,#2107,#2108));
#1025=AXIS2_PLACEMENT_3D('',#2109,#2110,#2111);
#1026=EDGE_LOOP('',(#2112,#2113,#2114,#2115));
#1027=AXIS2_PLACEMENT_3D('',#2116,#2117,#2118);
#1028=EDGE_LOOP('',(#2119,#2120,#2121,#2122));
#1029=AXIS2_PLACEMENT_3D('',#2123,#2124,#2125);
#1030=EDGE_LOOP('',(#2126,#2127,#2128,#2129));
#1031=AXIS2_PLACEMENT_3D('',#2130,#2131,#2132);
#1032=EDGE_LOOP('',(#2133,#2134,#2135,#2136));
#1033=EDGE_LOOP('',(#2137,#2138));
#1034=AXIS2_PLACEMENT_3D('',#2139,#2140,#2141);
#1035=EDGE_LOOP('',(#2142,#2143,#2144,#2145,#2146,#2147));
#1036=AXIS2_PLACEMENT_3D('',#2148,#2149,#2150);
#1037=EDGE_LOOP('',(#2151,#2152,#2153,#2154,#2155,#2156));
#1038=AXIS2_PLACEMENT_3D('',#2157,#2158,#2159);
#1039=EDGE_LOOP('',(#2160,#2161,#2162,#2163));
#1040=AXIS2_PLACEMENT_3D('',#2164,#2165,#2166);
#1041=EDGE_LOOP('',(#2167,#2168,#2169,#2170));
#1042=AXIS2_PLACEMENT_3D('',#2171,#2172,#2173);
#1043=EDGE_LOOP('',(#2174,#2175,#2176,#2177));
#1044=AXIS2_PLACEMENT_3D('',#2178,#2179,#2180);
#1045=EDGE_LOOP('',(#2181,#2182,#2183,#2184));
#1046=AXIS2_PLACEMENT_3D('',#2185,#2186,#2187);
#1047=EDGE_LOOP('',(#2188,#2189,#2190,#2191,#2192,#2193,#2194,#2195,#2196,#2197,#2198,#2199));
#1048=AXIS2_PLACEMENT_3D('',#2200,#2201,#2202);
#1049=EDGE_LOOP('',(#2203,#2204,#2205,#2206));
#1050=AXIS2_PLACEMENT_3D('',#2207,#2208,#2209);
#1051=EDGE_LOOP('',(#2210,#2211,#2212,#2213));
#1052=AXIS2_PLACEMENT_3D('',#2214,#2215,#2216);
#1053=EDGE_LOOP('',(#2217,#2218,#2219,#2220));
#1054=AXIS2_PLACEMENT_3D('',#2221,#2222,#2223);
#1055=EDGE_LOOP('',(#2224,#2225,#2226,#2227,#2228,#2229,#2230,#2231,#2232,#2233,#2234));
#1056=AXIS2_PLACEMENT_3D('',#2235,#2236,#2237);
#1057=EDGE_LOOP('',(#2238,#2239,#2240,#2241,#2242,#2243));
#1058=AXIS2_PLACEMENT_3D('',#2244,#2245,#2246);
#1059=EDGE_LOOP('',(#2247,#2248,#2249,#2250,#2251,#2252,#2253));
#1060=AXIS2_PLACEMENT_3D('',#2254,#2255,#2256);
#1061=EDGE_LOOP('',(#2257,#2258,#2259,#2260,#2261));
#1062=AXIS2_PLACEMENT_3D('',#2262,#2263,#2264);
#1063=EDGE_LOOP('',(#2265,#2266,#2267,#2268,#2269));
#1064=AXIS2_PLACEMENT_3D('',#2270,#2271,#2272);
#1065=EDGE_LOOP('',(#2273,#2274,#2275,#2276));
#1066=AXIS2_PLACEMENT_3D('',#2277,#2278,#2279);
#1067=EDGE_LOOP('',(#2280,#2281,#2282,#2283,#2284,#2285,#2286,#2287));
#1068=AXIS2_PLACEMENT_3D('',#2288,#2289,#2290);
#1069=EDGE_LOOP('',(#2291,#2292,#2293,#2294));
#1070=AXIS2_PLACEMENT_3D('',#2295,#2296,#2297);
#1071=EDGE_LOOP('',(#2298,#2299,#2300,#2301,#2302,#2303));
#1072=AXIS2_PLACEMENT_3D('',#2304,#2305,#2306);
#1073=EDGE_LOOP('',(#2307,#2308,#2309,#2310,#2311,#2312,#2313,#2314));
#1074=AXIS2_PLACEMENT_3D('',#2315,#2316,#2317);
#1075=EDGE_LOOP('',(#2318,#2319,#2320,#2321));
#1076=AXIS2_PLACEMENT_3D('',#2322,#2323,#2324);
#1077=EDGE_LOOP('',(#2325,#2326,#2327,#2328,#2329,#2330,#2331));
#1078=AXIS2_PLACEMENT_3D('',#2332,#2333,#2334);
#1079=EDGE_LOOP('',(#2335,#2336,#2337,#2338,#2339,#2340,#2341,#2342));
#1080=AXIS2_PLACEMENT_3D('',#2343,#2344,#2345);
#1081=EDGE_LOOP('',(#2346,#2347,#2348,#2349));
#1082=AXIS2_PLACEMENT_3D('',#2350,#2351,#2352);
#1083=EDGE_LOOP('',(#2353,#2354,#2355,#2356));
#1084=AXIS2_PLACEMENT_3D('',#2357,#2358,#2359);
#1085=EDGE_LOOP('',(#2360,#2361,#2362,#2363));
#1086=AXIS2_PLACEMENT_3D('',#2364,#2365,#2366);
#1087=EDGE_LOOP('',(#2367,#2368,#2369,#2370,#2371,#2372,#2373));
#1088=AXIS2_PLACEMENT_3D('',#2374,#2375,#2376);
#1089=EDGE_LOOP('',(#2377,#2378,#2379,#2380));
#1090=AXIS2_PLACEMENT_3D('',#2381,#2382,#2383);
#1091=EDGE_LOOP('',(#2384,#2385,#2386,#2387,#2388));
#1092=AXIS2_PLACEMENT_3D('',#2389,#2390,#2391);
#1093=EDGE_LOOP('',(#2392,#2393,#2394,#2395));
#1094=AXIS2_PLACEMENT_3D('',#2396,#2397,#2398);
#1095=EDGE_LOOP('',(#2399,#2400,#2401,#2402));
#1096=AXIS2_PLACEMENT_3D('',#2403,#2404,#2405);
#1097=EDGE_LOOP('',(#2406,#2407,#2408,#2409));
#1098=AXIS2_PLACEMENT_3D('',#2410,#2411,#2412);
#1099=EDGE_LOOP('',(#2413,#2414,#2415,#2416,#2417));
#1100=AXIS2_PLACEMENT_3D('',#2418,#2419,#2420);
#1101=EDGE_LOOP('',(#2421,#2422,#2423,#2424));
#1102=AXIS2_PLACEMENT_3D('',#2425,#2426,#2427);
#1103=EDGE_LOOP('',(#2428,#2429,#2430,#2431));
#1104=AXIS2_PLACEMENT_3D('',#2432,#2433,#2434);
#1105=EDGE_LOOP('',(#2435,#2436,#2437,#2438));
#1106=AXIS2_PLACEMENT_3D('',#2439,#2440,#2441);
#1107=EDGE_LOOP('',(#2442,#2443,#2444,#2445));
#1108=AXIS2_PLACEMENT_3D('',#2446,#2447,#2448);
#1109=EDGE_LOOP('',(#2449,#2450,#2451,#2452));
#1110=AXIS2_PLACEMENT_3D('',#2453,#2454,#2455);
#1111=EDGE_LOOP('',(#2456,#2457,#2458,#2459));
#1112=AXIS2_PLACEMENT_3D('',#2460,#2461,#2462);
#1113=EDGE_LOOP('',(#2463,#2464,#2465,#2466));
#1114=AXIS2_PLACEMENT_3D('',#2467,#2468,#2469);
#1115=EDGE_LOOP('',(#2470,#2471,#2472,#2473));
#1116=AXIS2_PLACEMENT_3D('',#2474,#2475,#2476);
#1117=EDGE_LOOP('',(#2477,#2478,#2479,#2480));
#1118=AXIS2_PLACEMENT_3D('',#2481,#2482,#2483);
#1119=EDGE_LOOP('',(#2484,#2485,#2486,#2487));
#1120=AXIS2_PLACEMENT_3D('',#2488,#2489,#2490);
#1121=EDGE_LOOP('',(#2491,#2492,#2493,#2494));
#1122=AXIS2_PLACEMENT_3D('',#2495,#2496,#2497);
#1123=EDGE_LOOP('',(#2498,#2499,#2500,#2501));
#1124=AXIS2_PLACEMENT_3D('',#2502,#2503,#2504);
#1125=EDGE_LOOP('',(#2505,#2506,#2507,#2508));
#1126=AXIS2_PLACEMENT_3D('',#2509,#2510,#2511);
#1127=EDGE_LOOP('',(#2512,#2513,#2514,#2515));
#1128=AXIS2_PLACEMENT_3D('',#2516,#2517,#2518);
#1129=EDGE_LOOP('',(#2519,#2520,#2521,#2522));
#1130=AXIS2_PLACEMENT_3D('',#2523,#2524,#2525);
#1131=EDGE_LOOP('',(#2526,#2527,#2528,#2529));
#1132=AXIS2_PLACEMENT_3D('',#2530,#2531,#2532);
#1133=EDGE_LOOP('',(#2533,#2534,#2535,#2536));
#1134=AXIS2_PLACEMENT_3D('',#2537,#2538,#2539);
#1135=EDGE_LOOP('',(#2540,#2541,#2542,#2543));
#1136=AXIS2_PLACEMENT_3D('',#2544,#2545,#2546);
#1137=EDGE_LOOP('',(#2547,#2548,#2549,#2550));
#1138=AXIS2_PLACEMENT_3D('',#2551,#2552,#2553);
#1139=EDGE_LOOP('',(#2554,#2555,#2556,#2557));
#1140=AXIS2_PLACEMENT_3D('',#2558,#2559,#2560);
#1141=EDGE_LOOP('',(#2561,#2562,#2563,#2564));
#1142=AXIS2_PLACEMENT_3D('',#2565,#2566,#2567);
#1143=EDGE_LOOP('',(#2568,#2569,#2570,#2571));
#1144=AXIS2_PLACEMENT_3D('',#2572,#2573,#2574);
#1145=EDGE_LOOP('',(#2575,#2576,#2577,#2578));
#1146=AXIS2_PLACEMENT_3D('',#2579,#2580,#2581);
#1147=EDGE_LOOP('',(#2582,#2583,#2584,#2585));
#1148=AXIS2_PLACEMENT_3D('',#2586,#2587,#2588);
#1149=EDGE_LOOP('',(#2589,#2590,#2591,#2592));
#1150=AXIS2_PLACEMENT_3D('',#2593,#2594,#2595);
#1151=EDGE_LOOP('',(#2596,#2597,#2598,#2599));
#1152=AXIS2_PLACEMENT_3D('',#2600,#2601,#2602);
#1153=EDGE_LOOP('',(#2603,#2604,#2605,#2606));
#1154=AXIS2_PLACEMENT_3D('',#2607,#2608,#2609);
#1155=EDGE_LOOP('',(#2610,#2611,#2612,#2613));
#1156=AXIS2_PLACEMENT_3D('',#2614,#2615,#2616);
#1157=EDGE_LOOP('',(#2617,#2618,#2619,#2620));
#1158=AXIS2_PLACEMENT_3D('',#2621,#2622,#2623);
#1159=EDGE_LOOP('',(#2624,#2625,#2626,#2627,#2628,#2629,#2630,#2631));
#1160=AXIS2_PLACEMENT_3D('',#2632,#2633,#2634);
#1161=EDGE_LOOP('',(#2635,#2636,#2637,#2638,#2639,#2640,#2641,#2642));
#1162=AXIS2_PLACEMENT_3D('',#2643,#2644,#2645);
#1163=EDGE_LOOP('',(#2646,#2647,#2648,#2649));
#1164=AXIS2_PLACEMENT_3D('',#2650,#2651,#2652);
#1165=EDGE_LOOP('',(#2653,#2654,#2655,#2656));
#1166=AXIS2_PLACEMENT_3D('',#2657,#2658,#2659);
#1167=EDGE_LOOP('',(#2660,#2661,#2662,#2663));
#1168=AXIS2_PLACEMENT_3D('',#2664,#2665,#2666);
#1169=EDGE_LOOP('',(#2667,#2668,#2669,#2670));
#1170=AXIS2_PLACEMENT_3D('',#2671,#2672,#2673);
#1171=EDGE_LOOP('',(#2674,#2675,#2676,#2677,#2678,#2679,#2680,#2681));
#1172=AXIS2_PLACEMENT_3D('',#2682,#2683,#2684);
#1173=EDGE_LOOP('',(#2685,#2686,#2687,#2688,#2689,#2690,#2691,#2692));
#1174=AXIS2_PLACEMENT_3D('',#2693,#2694,#2695);
#1175=EDGE_LOOP('',(#2696,#2697,#2698,#2699));
#1176=AXIS2_PLACEMENT_3D('',#2700,#2701,#2702);
#1177=EDGE_LOOP('',(#2703,#2704,#2705,#2706));
#1178=AXIS2_PLACEMENT_3D('',#2707,#2708,#2709);
#1179=EDGE_LOOP('',(#2710,#2711,#2712,#2713));
#1180=AXIS2_PLACEMENT_3D('',#2714,#2715,#2716);
#1181=EDGE_LOOP('',(#2717,#2718,#2719,#2720));
#1182=AXIS2_PLACEMENT_3D('',#2721,#2722,#2723);
#1183=EDGE_LOOP('',(#2724,#2725,#2726,#2727));
#1184=AXIS2_PLACEMENT_3D('',#2728,#2729,#2730);
#1185=EDGE_LOOP('',(#2731,#2732,#2733,#2734));
#1186=AXIS2_PLACEMENT_3D('',#2735,#2736,#2737);
#1187=EDGE_LOOP('',(#2738,#2739,#2740,#2741));
#1188=AXIS2_PLACEMENT_3D('',#2742,#2743,#2744);
#1189=EDGE_LOOP('',(#2745,#2746,#2747,#2748));
#1190=AXIS2_PLACEMENT_3D('',#2749,#2750,#2751);
#1191=EDGE_LOOP('',(#2752,#2753,#2754,#2755));
#1192=AXIS2_PLACEMENT_3D('',#2756,#2757,#2758);
#1193=EDGE_LOOP('',(#2759,#2760,#2761,#2762));
#1194=AXIS2_PLACEMENT_3D('',#2763,#2764,#2765);
#1195=EDGE_LOOP('',(#2766,#2767,#2768,#2769));
#1196=AXIS2_PLACEMENT_3D('',#2770,#2771,#2772);
#1197=EDGE_LOOP('',(#2773,#2774,#2775,#2776));
#1198=AXIS2_PLACEMENT_3D('',#2777,#2778,#2779);
#1199=EDGE_LOOP('',(#2780,#2781,#2782,#2783));
#1200=AXIS2_PLACEMENT_3D('',#2784,#2785,#2786);
#1201=EDGE_LOOP('',(#2787,#2788,#2789,#2790));
#1202=AXIS2_PLACEMENT_3D('',#2791,#2792,#2793);
#1203=EDGE_LOOP('',(#2794,#2795,#2796,#2797));
#1204=AXIS2_PLACEMENT_3D('',#2798,#2799,#2800);
#1205=EDGE_LOOP('',(#2801,#2802,#2803,#2804));
#1206=AXIS2_PLACEMENT_3D('',#2805,#2806,#2807);
#1207=EDGE_LOOP('',(#2808,#2809,#2810,#2811));
#1208=AXIS2_PLACEMENT_3D('',#2812,#2813,#2814);
#1209=EDGE_LOOP('',(#2815,#2816,#2817,#2818));
#1210=AXIS2_PLACEMENT_3D('',#2819,#2820,#2821);
#1211=EDGE_LOOP('',(#2822,#2823,#2824,#2825));
#1212=AXIS2_PLACEMENT_3D('',#2826,#2827,#2828);
#1213=EDGE_LOOP('',(#2829,#2830,#2831,#2832));
#1214=AXIS2_PLACEMENT_3D('',#2833,#2834,#2835);
#1215=EDGE_LOOP('',(#2836,#2837,#2838,#2839));
#1216=AXIS2_PLACEMENT_3D('',#2840,#2841,#2842);
#1217=EDGE_LOOP('',(#2843,#2844,#2845,#2846));
#1218=AXIS2_PLACEMENT_3D('',#2847,#2848,#2849);
#1219=EDGE_LOOP('',(#2850,#2851,#2852,#2853));
#1220=AXIS2_PLACEMENT_3D('',#2854,#2855,#2856);
#1221=EDGE_LOOP('',(#2857,#2858,#2859,#2860));
#1222=AXIS2_PLACEMENT_3D('',#2861,#2862,#2863);
#1223=EDGE_LOOP('',(#2864,#2865,#2866,#2867));
#1224=AXIS2_PLACEMENT_3D('',#2868,#2869,#2870);
#1225=EDGE_LOOP('',(#2871,#2872,#2873,#2874));
#1226=AXIS2_PLACEMENT_3D('',#2875,#2876,#2877);
#1227=EDGE_LOOP('',(#2878,#2879,#2880,#2881));
#1228=AXIS2_PLACEMENT_3D('',#2882,#2883,#2884);
#1229=EDGE_LOOP('',(#2885,#2886,#2887,#2888));
#1230=AXIS2_PLACEMENT_3D('',#2889,#2890,#2891);
#1231=EDGE_LOOP('',(#2892,#2893,#2894,#2895));
#1232=AXIS2_PLACEMENT_3D('',#2896,#2897,#2898);
#1233=EDGE_LOOP('',(#2899,#2900,#2901,#2902));
#1234=AXIS2_PLACEMENT_3D('',#2903,#2904,#2905);
#1235=EDGE_LOOP('',(#2906,#2907,#2908,#2909));
#1236=AXIS2_PLACEMENT_3D('',#2910,#2911,#2912);
#1237=EDGE_LOOP('',(#2913,#2914,#2915,#2916));
#1238=AXIS2_PLACEMENT_3D('',#2917,#2918,#2919);
#1239=EDGE_LOOP('',(#2920,#2921,#2922,#2923));
#1240=AXIS2_PLACEMENT_3D('',#2924,#2925,#2926);
#1241=EDGE_LOOP('',(#2927,#2928,#2929,#2930));
#1242=AXIS2_PLACEMENT_3D('',#2931,#2932,#2933);
#1243=EDGE_LOOP('',(#2934,#2935,#2936,#2937));
#1244=AXIS2_PLACEMENT_3D('',#2938,#2939,#2940);
#1245=EDGE_LOOP('',(#2941,#2942,#2943,#2944));
#1246=AXIS2_PLACEMENT_3D('',#2945,#2946,#2947);
#1247=EDGE_LOOP('',(#2948,#2949,#2950,#2951));
#1248=AXIS2_PLACEMENT_3D('',#2952,#2953,#2954);
#1249=EDGE_LOOP('',(#2955,#2956,#2957,#2958));
#1250=AXIS2_PLACEMENT_3D('',#2959,#2960,#2961);
#1251=EDGE_LOOP('',(#2962,#2963,#2964,#2965));
#1252=AXIS2_PLACEMENT_3D('',#2966,#2967,#2968);
#1253=EDGE_LOOP('',(#2969,#2970,#2971,#2972));
#1254=AXIS2_PLACEMENT_3D('',#2973,#2974,#2975);
#1255=EDGE_LOOP('',(#2976,#2977,#2978,#2979));
#1256=AXIS2_PLACEMENT_3D('',#2980,#2981,#2982);
#1257=EDGE_LOOP('',(#2983,#2984,#2985,#2986));
#1258=AXIS2_PLACEMENT_3D('',#2987,#2988,#2989);
#1259=EDGE_LOOP('',(#2990,#2991,#2992,#2993));
#1260=AXIS2_PLACEMENT_3D('',#2994,#2995,#2996);
#1261=EDGE_LOOP('',(#2997,#2998,#2999,#3000));
#1262=AXIS2_PLACEMENT_3D('',#3001,#3002,#3003);
#1263=EDGE_LOOP('',(#3004,#3005,#3006,#3007));
#1264=AXIS2_PLACEMENT_3D('',#3008,#3009,#3010);
#1265=EDGE_LOOP('',(#3011,#3012,#3013,#3014));
#1266=AXIS2_PLACEMENT_3D('',#3015,#3016,#3017);
#1267=EDGE_LOOP('',(#3018,#3019,#3020,#3021));
#1268=AXIS2_PLACEMENT_3D('',#3022,#3023,#3024);
#1269=EDGE_LOOP('',(#3025,#3026,#3027,#3028));
#1270=AXIS2_PLACEMENT_3D('',#3029,#3030,#3031);
#1271=EDGE_LOOP('',(#3032,#3033,#3034,#3035));
#1272=AXIS2_PLACEMENT_3D('',#3036,#3037,#3038);
#1273=EDGE_LOOP('',(#3039,#3040,#3041,#3042));
#1274=AXIS2_PLACEMENT_3D('',#3043,#3044,#3045);
#1275=EDGE_LOOP('',(#3046,#3047,#3048,#3049));
#1276=AXIS2_PLACEMENT_3D('',#3050,#3051,#3052);
#1277=EDGE_LOOP('',(#3053,#3054,#3055,#3056));
#1278=AXIS2_PLACEMENT_3D('',#3057,#3058,#3059);
#1279=EDGE_LOOP('',(#3060,#3061,#3062,#3063));
#1280=AXIS2_PLACEMENT_3D('',#3064,#3065,#3066);
#1281=EDGE_LOOP('',(#3067,#3068,#3069,#3070));
#1282=AXIS2_PLACEMENT_3D('',#3071,#3072,#3073);
#1283=EDGE_LOOP('',(#3074,#3075,#3076,#3077));
#1284=AXIS2_PLACEMENT_3D('',#3078,#3079,#3080);
#1285=EDGE_LOOP('',(#3081,#3082,#3083,#3084));
#1286=AXIS2_PLACEMENT_3D('',#3085,#3086,#3087);
#1287=EDGE_LOOP('',(#3088,#3089,#3090,#3091));
#1288=AXIS2_PLACEMENT_3D('',#3092,#3093,#3094);
#1289=EDGE_LOOP('',(#3095,#3096,#3097,#3098));
#1290=AXIS2_PLACEMENT_3D('',#3099,#3100,#3101);
#1291=EDGE_LOOP('',(#3102,#3103,#3104,#3105));
#1292=AXIS2_PLACEMENT_3D('',#3106,#3107,#3108);
#1293=EDGE_LOOP('',(#3109,#3110,#3111,#3112));
#1294=AXIS2_PLACEMENT_3D('',#3113,#3114,#3115);
#1295=EDGE_LOOP('',(#3116,#3117,#3118,#3119));
#1296=AXIS2_PLACEMENT_3D('',#3120,#3121,#3122);
#1297=EDGE_LOOP('',(#3123,#3124,#3125,#3126));
#1298=AXIS2_PLACEMENT_3D('',#3127,#3128,#3129);
#1299=EDGE_LOOP('',(#3130,#3131,#3132,#3133));
#1300=AXIS2_PLACEMENT_3D('',#3134,#3135,#3136);
#1301=EDGE_LOOP('',(#3137,#3138,#3139,#3140));
#1302=AXIS2_PLACEMENT_3D('',#3141,#3142,#3143);
#1303=EDGE_LOOP('',(#3144,#3145,#3146,#3147));
#1304=AXIS2_PLACEMENT_3D('',#3148,#3149,#3150);
#1305=EDGE_LOOP('',(#3151,#3152,#3153,#3154));
#1306=AXIS2_PLACEMENT_3D('',#3155,#3156,#3157);
#1307=EDGE_LOOP('',(#3158,#3159,#3160,#3161));
#1308=AXIS2_PLACEMENT_3D('',#3162,#3163,#3164);
#1309=EDGE_LOOP('',(#3165,#3166,#3167,#3168));
#1310=AXIS2_PLACEMENT_3D('',#3169,#3170,#3171);
#1311=EDGE_LOOP('',(#3172,#3173,#3174,#3175));
#1312=AXIS2_PLACEMENT_3D('',#3176,#3177,#3178);
#1313=EDGE_LOOP('',(#3179,#3180,#3181,#3182));
#1314=AXIS2_PLACEMENT_3D('',#3183,#3184,#3185);
#1315=EDGE_LOOP('',(#3186,#3187,#3188,#3189));
#1316=AXIS2_PLACEMENT_3D('',#3190,#3191,#3192);
#1317=EDGE_LOOP('',(#3193,#3194,#3195,#3196));
#1318=AXIS2_PLACEMENT_3D('',#3197,#3198,#3199);
#1319=EDGE_LOOP('',(#3200,#3201,#3202,#3203));
#1320=AXIS2_PLACEMENT_3D('',#3204,#3205,#3206);
#1321=EDGE_LOOP('',(#3207,#3208,#3209,#3210));
#1322=AXIS2_PLACEMENT_3D('',#3211,#3212,#3213);
#1323=EDGE_LOOP('',(#3214,#3215,#3216,#3217));
#1324=AXIS2_PLACEMENT_3D('',#3218,#3219,#3220);
#1325=EDGE_LOOP('',(#3221,#3222,#3223,#3224));
#1326=AXIS2_PLACEMENT_3D('',#3225,#3226,#3227);
#1327=EDGE_LOOP('',(#3228,#3229,#3230,#3231));
#1328=AXIS2_PLACEMENT_3D('',#3232,#3233,#3234);
#1329=EDGE_LOOP('',(#3235,#3236,#3237,#3238));
#1330=AXIS2_PLACEMENT_3D('',#3239,#3240,#3241);
#1331=EDGE_LOOP('',(#3242,#3243,#3244,#3245));
#1332=AXIS2_PLACEMENT_3D('',#3246,#3247,#3248);
#1333=EDGE_LOOP('',(#3249,#3250,#3251,#3252));
#1334=AXIS2_PLACEMENT_3D('',#3253,#3254,#3255);
#1335=EDGE_LOOP('',(#3256,#3257,#3258,#3259,#3260));
#1336=AXIS2_PLACEMENT_3D('',#3261,#3262,#3263);
#1337=EDGE_LOOP('',(#3264,#3265,#3266,#3267));
#1338=AXIS2_PLACEMENT_3D('',#3268,#3269,#3270);
#1339=EDGE_LOOP('',(#3271,#3272,#3273,#3274));
#1340=AXIS2_PLACEMENT_3D('',#3275,#3276,#3277);
#1341=EDGE_LOOP('',(#3278,#3279,#3280,#3281));
#1342=AXIS2_PLACEMENT_3D('',#3282,#3283,#3284);
#1343=EDGE_LOOP('',(#3285,#3286,#3287,#3288));
#1344=AXIS2_PLACEMENT_3D('',#3289,#3290,#3291);
#1345=EDGE_LOOP('',(#3292,#3293,#3294,#3295));
#1346=AXIS2_PLACEMENT_3D('',#3296,#3297,#3298);
#1347=EDGE_LOOP('',(#3299,#3300,#3301,#3302));
#1348=AXIS2_PLACEMENT_3D('',#3303,#3304,#3305);
#1349=EDGE_LOOP('',(#3306,#3307,#3308,#3309));
#1350=AXIS2_PLACEMENT_3D('',#3310,#3311,#3312);
#1351=EDGE_LOOP('',(#3313,#3314,#3315,#3316));
#1352=AXIS2_PLACEMENT_3D('',#3317,#3318,#3319);
#1353=EDGE_LOOP('',(#3320,#3321,#3322,#3323));
#1354=AXIS2_PLACEMENT_3D('',#3324,#3325,#3326);
#1355=EDGE_LOOP('',(#3327,#3328,#3329,#3330));
#1356=AXIS2_PLACEMENT_3D('',#3331,#3332,#3333);
#1357=EDGE_LOOP('',(#3334,#3335,#3336,#3337));
#1358=AXIS2_PLACEMENT_3D('',#3338,#3339,#3340);
#1359=EDGE_LOOP('',(#3341,#3342,#3343,#3344));
#1360=AXIS2_PLACEMENT_3D('',#3345,#3346,#3347);
#1361=EDGE_LOOP('',(#3348,#3349,#3350,#3351));
#1362=AXIS2_PLACEMENT_3D('',#3352,#3353,#3354);
#1363=EDGE_LOOP('',(#3355,#3356,#3357,#3358));
#1364=AXIS2_PLACEMENT_3D('',#3359,#3360,#3361);
#1365=EDGE_LOOP('',(#3362,#3363,#3364,#3365));
#1366=AXIS2_PLACEMENT_3D('',#3366,#3367,#3368);
#1367=EDGE_LOOP('',(#3369,#3370,#3371,#3372));
#1368=AXIS2_PLACEMENT_3D('',#3373,#3374,#3375);
#1369=EDGE_LOOP('',(#3376,#3377,#3378,#3379));
#1370=AXIS2_PLACEMENT_3D('',#3380,#3381,#3382);
#1371=EDGE_LOOP('',(#3383,#3384,#3385,#3386));
#1372=AXIS2_PLACEMENT_3D('',#3387,#3388,#3389);
#1373=EDGE_LOOP('',(#3390,#3391,#3392,#3393));
#1374=AXIS2_PLACEMENT_3D('',#3394,#3395,#3396);
#1375=EDGE_LOOP('',(#3397,#3398,#3399,#3400));
#1376=AXIS2_PLACEMENT_3D('',#3401,#3402,#3403);
#1377=EDGE_LOOP('',(#3404,#3405,#3406,#3407));
#1378=AXIS2_PLACEMENT_3D('',#3408,#3409,#3410);
#1379=EDGE_LOOP('',(#3411,#3412,#3413,#3414));
#1380=AXIS2_PLACEMENT_3D('',#3415,#3416,#3417);
#1381=EDGE_LOOP('',(#3418,#3419,#3420,#3421));
#1382=AXIS2_PLACEMENT_3D('',#3422,#3423,#3424);
#1383=EDGE_LOOP('',(#3425,#3426,#3427,#3428));
#1384=AXIS2_PLACEMENT_3D('',#3429,#3430,#3431);
#1385=EDGE_LOOP('',(#3432,#3433,#3434,#3435));
#1386=AXIS2_PLACEMENT_3D('',#3436,#3437,#3438);
#1387=EDGE_LOOP('',(#3439,#3440,#3441,#3442));
#1388=AXIS2_PLACEMENT_3D('',#3443,#3444,#3445);
#1389=EDGE_LOOP('',(#3446,#3447,#3448,#3449));
#1390=AXIS2_PLACEMENT_3D('',#3450,#3451,#3452);
#1391=EDGE_LOOP('',(#3453,#3454,#3455,#3456));
#1392=AXIS2_PLACEMENT_3D('',#3457,#3458,#3459);
#1393=EDGE_LOOP('',(#3460,#3461,#3462,#3463));
#1394=AXIS2_PLACEMENT_3D('',#3464,#3465,#3466);
#1395=EDGE_LOOP('',(#3467,#3468,#3469,#3470));
#1396=AXIS2_PLACEMENT_3D('',#3471,#3472,#3473);
#1397=EDGE_LOOP('',(#3474,#3475,#3476,#3477));
#1398=AXIS2_PLACEMENT_3D('',#3478,#3479,#3480);
#1399=EDGE_LOOP('',(#3481,#3482,#3483,#3484));
#1400=AXIS2_PLACEMENT_3D('',#3485,#3486,#3487);
#1401=EDGE_LOOP('',(#3488,#3489,#3490,#3491));
#1402=AXIS2_PLACEMENT_3D('',#3492,#3493,#3494);
#1403=EDGE_LOOP('',(#3495,#3496,#3497,#3498));
#1404=AXIS2_PLACEMENT_3D('',#3499,#3500,#3501);
#1405=EDGE_LOOP('',(#3502,#3503,#3504,#3505));
#1406=AXIS2_PLACEMENT_3D('',#3506,#3507,#3508);
#1407=CIRCLE('',#3509,0.65);
#1408=CIRCLE('',#3510,0.65);
#1409=CIRCLE('',#3511,0.4);
#1410=CIRCLE('',#3512,0.4);
#1411=CIRCLE('',#3513,0.4);
#1412=CIRCLE('',#3514,0.4);
#1413=CIRCLE('',#3515,0.4);
#1414=CIRCLE('',#3516,0.4);
#1415=CIRCLE('',#3517,0.4);
#1416=CIRCLE('',#3518,0.4);
#1417=CIRCLE('',#3519,0.4);
#1418=CIRCLE('',#3520,0.4);
#1419=CIRCLE('',#3521,0.4);
#1420=CIRCLE('',#3522,0.4);
#1421=LINE('',#3523,#3524);
#1422=ORIENTED_EDGE('',*,*,#3525,.F.);
#1423=ORIENTED_EDGE('',*,*,#3526,.F.);
#1424=ORIENTED_EDGE('',*,*,#3527,.T.);
#1425=ORIENTED_EDGE('',*,*,#3528,.T.);
#1426=CARTESIAN_POINT('',(7.0,2.0,-1.100000000418));
#1427=DIRECTION('',(-0.0,0.0,1.0));
#1428=DIRECTION('',(0.0,-1.0,0.0));
#1429=ORIENTED_EDGE('',*,*,#3529,.F.);
#1430=ORIENTED_EDGE('',*,*,#3530,.T.);
#1431=ORIENTED_EDGE('',*,*,#3527,.F.);
#1432=ORIENTED_EDGE('',*,*,#3531,.F.);
#1433=CARTESIAN_POINT('',(7.0,2.0,-1.100000000418));
#1434=DIRECTION('',(-0.0,0.0,1.0));
#1435=DIRECTION('',(0.0,-1.0,0.0));
#1436=ORIENTED_EDGE('',*,*,#3532,.T.);
#1437=ORIENTED_EDGE('',*,*,#3533,.F.);
#1438=ORIENTED_EDGE('',*,*,#3534,.F.);
#1439=ORIENTED_EDGE('',*,*,#3535,.F.);
#1440=ORIENTED_EDGE('',*,*,#3536,.F.);
#1441=ORIENTED_EDGE('',*,*,#3537,.F.);
#1442=ORIENTED_EDGE('',*,*,#3538,.F.);
#1443=ORIENTED_EDGE('',*,*,#3539,.F.);
#1444=ORIENTED_EDGE('',*,*,#3540,.F.);
#1445=ORIENTED_EDGE('',*,*,#3541,.F.);
#1446=ORIENTED_EDGE('',*,*,#3542,.F.);
#1447=ORIENTED_EDGE('',*,*,#3543,.T.);
#1448=CARTESIAN_POINT('',(-8.0,0.0,0.0));
#1449=DIRECTION('',(1.0,0.0,0.0));
#1450=DIRECTION('',(0.0,1.0,0.0));
#1451=ORIENTED_EDGE('',*,*,#3544,.F.);
#1452=ORIENTED_EDGE('',*,*,#3545,.T.);
#1453=ORIENTED_EDGE('',*,*,#3546,.T.);
#1454=ORIENTED_EDGE('',*,*,#3547,.T.);
#1455=CARTESIAN_POINT('',(8.0,1.3,0.0));
#1456=DIRECTION('',(-0.0,1.0,0.0));
#1457=DIRECTION('',(1.0,0.0,0.0));
#1458=ORIENTED_EDGE('',*,*,#3543,.F.);
#1459=ORIENTED_EDGE('',*,*,#3548,.T.);
#1460=ORIENTED_EDGE('',*,*,#3549,.T.);
#1461=ORIENTED_EDGE('',*,*,#3550,.T.);
#1462=CARTESIAN_POINT('',(8.0,1.3,0.0));
#1463=DIRECTION('',(-0.0,1.0,0.0));
#1464=DIRECTION('',(1.0,0.0,0.0));
#1465=ORIENTED_EDGE('',*,*,#3551,.T.);
#1466=ORIENTED_EDGE('',*,*,#3547,.F.);
#1467=ORIENTED_EDGE('',*,*,#3552,.T.);
#1468=ORIENTED_EDGE('',*,*,#3553,.T.);
#1469=ORIENTED_EDGE('',*,*,#3554,.F.);
#1470=ORIENTED_EDGE('',*,*,#3555,.F.);
#1471=ORIENTED_EDGE('',*,*,#3556,.T.);
#1472=ORIENTED_EDGE('',*,*,#3557,.T.);
#1473=ORIENTED_EDGE('',*,*,#3532,.F.);
#1474=ORIENTED_EDGE('',*,*,#3550,.F.);
#1475=ORIENTED_EDGE('',*,*,#3558,.F.);
#1476=ORIENTED_EDGE('',*,*,#3559,.F.);
#1477=ORIENTED_EDGE('',*,*,#3560,.F.);
#1478=ORIENTED_EDGE('',*,*,#3561,.T.);
#1479=ORIENTED_EDGE('',*,*,#3562,.T.);
#1480=ORIENTED_EDGE('',*,*,#3563,.T.);
#1481=ORIENTED_EDGE('',*,*,#3564,.F.);
#1482=ORIENTED_EDGE('',*,*,#3565,.F.);
#1483=ORIENTED_EDGE('',*,*,#3566,.F.);
#1484=ORIENTED_EDGE('',*,*,#3567,.F.);
#1485=ORIENTED_EDGE('',*,*,#3568,.F.);
#1486=ORIENTED_EDGE('',*,*,#3569,.F.);
#1487=ORIENTED_EDGE('',*,*,#3570,.F.);
#1488=ORIENTED_EDGE('',*,*,#3571,.F.);
#1489=ORIENTED_EDGE('',*,*,#3572,.F.);
#1490=ORIENTED_EDGE('',*,*,#3573,.F.);
#1491=ORIENTED_EDGE('',*,*,#3574,.F.);
#1492=ORIENTED_EDGE('',*,*,#3575,.F.);
#1493=ORIENTED_EDGE('',*,*,#3576,.F.);
#1494=ORIENTED_EDGE('',*,*,#3577,.F.);
#1495=ORIENTED_EDGE('',*,*,#3578,.F.);
#1496=ORIENTED_EDGE('',*,*,#3579,.F.);
#1497=ORIENTED_EDGE('',*,*,#3580,.F.);
#1498=ORIENTED_EDGE('',*,*,#3581,.F.);
#1499=ORIENTED_EDGE('',*,*,#3582,.F.);
#1500=ORIENTED_EDGE('',*,*,#3583,.F.);
#1501=ORIENTED_EDGE('',*,*,#3584,.F.);
#1502=ORIENTED_EDGE('',*,*,#3585,.F.);
#1503=ORIENTED_EDGE('',*,*,#3586,.F.);
#1504=ORIENTED_EDGE('',*,*,#3587,.F.);
#1505=ORIENTED_EDGE('',*,*,#3588,.F.);
#1506=ORIENTED_EDGE('',*,*,#3589,.F.);
#1507=ORIENTED_EDGE('',*,*,#3590,.F.);
#1508=ORIENTED_EDGE('',*,*,#3591,.F.);
#1509=ORIENTED_EDGE('',*,*,#3592,.T.);
#1510=ORIENTED_EDGE('',*,*,#3593,.T.);
#1511=ORIENTED_EDGE('',*,*,#3594,.F.);
#1512=ORIENTED_EDGE('',*,*,#3595,.F.);
#1513=ORIENTED_EDGE('',*,*,#3596,.T.);
#1514=ORIENTED_EDGE('',*,*,#3597,.T.);
#1515=ORIENTED_EDGE('',*,*,#3598,.F.);
#1516=ORIENTED_EDGE('',*,*,#3599,.F.);
#1517=ORIENTED_EDGE('',*,*,#3600,.T.);
#1518=ORIENTED_EDGE('',*,*,#3601,.T.);
#1519=ORIENTED_EDGE('',*,*,#3602,.F.);
#1520=ORIENTED_EDGE('',*,*,#3603,.F.);
#1521=ORIENTED_EDGE('',*,*,#3604,.T.);
#1522=ORIENTED_EDGE('',*,*,#3605,.T.);
#1523=ORIENTED_EDGE('',*,*,#3606,.F.);
#1524=ORIENTED_EDGE('',*,*,#3607,.F.);
#1525=ORIENTED_EDGE('',*,*,#3608,.T.);
#1526=ORIENTED_EDGE('',*,*,#3609,.T.);
#1527=ORIENTED_EDGE('',*,*,#3610,.F.);
#1528=ORIENTED_EDGE('',*,*,#3611,.F.);
#1529=ORIENTED_EDGE('',*,*,#3612,.T.);
#1530=ORIENTED_EDGE('',*,*,#3613,.T.);
#1531=ORIENTED_EDGE('',*,*,#3614,.F.);
#1532=ORIENTED_EDGE('',*,*,#3615,.F.);
#1533=CARTESIAN_POINT('',(-6.25,2.65,0.3));
#1534=DIRECTION('',(0.0,0.0,1.0));
#1535=DIRECTION('',(1.0,0.0,0.0));
#1536=ORIENTED_EDGE('',*,*,#3616,.T.);
#1537=ORIENTED_EDGE('',*,*,#3617,.F.);
#1538=ORIENTED_EDGE('',*,*,#3618,.F.);
#1539=ORIENTED_EDGE('',*,*,#3563,.F.);
#1540=CARTESIAN_POINT('',(6.25,2.1,0.0));
#1541=DIRECTION('',(0.0,-1.0,0.0));
#1542=DIRECTION('',(0.0,0.0,-1.0));
#1543=ORIENTED_EDGE('',*,*,#3619,.F.);
#1544=ORIENTED_EDGE('',*,*,#3620,.F.);
#1545=ORIENTED_EDGE('',*,*,#3554,.T.);
#1546=ORIENTED_EDGE('',*,*,#3621,.T.);
#1547=ORIENTED_EDGE('',*,*,#3622,.F.);
#1548=ORIENTED_EDGE('',*,*,#3623,.F.);
#1549=CARTESIAN_POINT('',(6.25,0.0,0.0));
#1550=DIRECTION('',(1.0,0.0,0.0));
#1551=DIRECTION('',(0.0,1.0,0.0));
#1552=ORIENTED_EDGE('',*,*,#3624,.F.);
#1553=ORIENTED_EDGE('',*,*,#3544,.T.);
#1554=ORIENTED_EDGE('',*,*,#3551,.F.);
#1555=ORIENTED_EDGE('',*,*,#3618,.T.);
#1556=ORIENTED_EDGE('',*,*,#3625,.F.);
#1557=ORIENTED_EDGE('',*,*,#3626,.F.);
#1558=CARTESIAN_POINT('',(6.25,0.0,0.0));
#1559=DIRECTION('',(1.0,0.0,0.0));
#1560=DIRECTION('',(0.0,1.0,0.0));
#1561=ORIENTED_EDGE('',*,*,#3627,.F.);
#1562=ORIENTED_EDGE('',*,*,#3628,.F.);
#1563=ORIENTED_EDGE('',*,*,#3535,.T.);
#1564=ORIENTED_EDGE('',*,*,#3629,.T.);
#1565=ORIENTED_EDGE('',*,*,#3630,.F.);
#1566=ORIENTED_EDGE('',*,*,#3631,.T.);
#1567=ORIENTED_EDGE('',*,*,#3623,.T.);
#1568=ORIENTED_EDGE('',*,*,#3632,.T.);
#1569=ORIENTED_EDGE('',*,*,#3633,.F.);
#1570=ORIENTED_EDGE('',*,*,#3634,.F.);
#1571=ORIENTED_EDGE('',*,*,#3635,.T.);
#1572=ORIENTED_EDGE('',*,*,#3636,.F.);
#1573=CARTESIAN_POINT('',(-8.0,-2.9,9.25));
#1574=DIRECTION('',(0.0,-1.0,0.0));
#1575=DIRECTION('',(0.0,0.0,-1.0));
#1576=ORIENTED_EDGE('',*,*,#3637,.T.);
#1577=ORIENTED_EDGE('',*,*,#3638,.F.);
#1578=ORIENTED_EDGE('',*,*,#3639,.T.);
#1579=ORIENTED_EDGE('',*,*,#3636,.T.);
#1580=CARTESIAN_POINT('',(-8.0,0.0,8.95));
#1581=DIRECTION('',(0.0,0.0,1.0));
#1582=DIRECTION('',(1.0,0.0,0.0));
#1583=ORIENTED_EDGE('',*,*,#3640,.F.);
#1584=ORIENTED_EDGE('',*,*,#3627,.T.);
#1585=ORIENTED_EDGE('',*,*,#3639,.F.);
#1586=ORIENTED_EDGE('',*,*,#3641,.F.);
#1587=ORIENTED_EDGE('',*,*,#3642,.T.);
#1588=CARTESIAN_POINT('',(-5.0,-2.15,9.25));
#1589=DIRECTION('',(-1.0,0.0,0.0));
#1590=DIRECTION('',(0.0,0.0,1.0));
#1591=ORIENTED_EDGE('',*,*,#3643,.T.);
#1592=ORIENTED_EDGE('',*,*,#3644,.F.);
#1593=ORIENTED_EDGE('',*,*,#3642,.F.);
#1594=ORIENTED_EDGE('',*,*,#3645,.T.);
#1595=CARTESIAN_POINT('',(-6.1,-2.25,9.15));
#1596=DIRECTION('',(0.0,0.707106781186548,0.707106781186548));
#1597=DIRECTION('',(1.0,0.0,-0.0));
#1598=ORIENTED_EDGE('',*,*,#3646,.T.);
#1599=ORIENTED_EDGE('',*,*,#3647,.F.);
#1600=ORIENTED_EDGE('',*,*,#3648,.T.);
#1601=ORIENTED_EDGE('',*,*,#3649,.F.);
#1602=ORIENTED_EDGE('',*,*,#3650,.F.);
#1603=ORIENTED_EDGE('',*,*,#3651,.F.);
#1604=ORIENTED_EDGE('',*,*,#3652,.T.);
#1605=ORIENTED_EDGE('',*,*,#3653,.F.);
#1606=ORIENTED_EDGE('',*,*,#3654,.F.);
#1607=ORIENTED_EDGE('',*,*,#3655,.F.);
#1608=ORIENTED_EDGE('',*,*,#3656,.T.);
#1609=ORIENTED_EDGE('',*,*,#3657,.F.);
#1610=ORIENTED_EDGE('',*,*,#3658,.F.);
#1611=ORIENTED_EDGE('',*,*,#3659,.F.);
#1612=ORIENTED_EDGE('',*,*,#3660,.T.);
#1613=ORIENTED_EDGE('',*,*,#3661,.F.);
#1614=ORIENTED_EDGE('',*,*,#3662,.F.);
#1615=ORIENTED_EDGE('',*,*,#3663,.F.);
#1616=ORIENTED_EDGE('',*,*,#3664,.T.);
#1617=ORIENTED_EDGE('',*,*,#3665,.F.);
#1618=ORIENTED_EDGE('',*,*,#3666,.F.);
#1619=ORIENTED_EDGE('',*,*,#3667,.F.);
#1620=ORIENTED_EDGE('',*,*,#3668,.T.);
#1621=ORIENTED_EDGE('',*,*,#3669,.F.);
#1622=ORIENTED_EDGE('',*,*,#3670,.F.);
#1623=ORIENTED_EDGE('',*,*,#3671,.F.);
#1624=ORIENTED_EDGE('',*,*,#3672,.T.);
#1625=ORIENTED_EDGE('',*,*,#3673,.F.);
#1626=ORIENTED_EDGE('',*,*,#3674,.F.);
#1627=ORIENTED_EDGE('',*,*,#3675,.F.);
#1628=ORIENTED_EDGE('',*,*,#3676,.F.);
#1629=ORIENTED_EDGE('',*,*,#3645,.F.);
#1630=ORIENTED_EDGE('',*,*,#3641,.T.);
#1631=ORIENTED_EDGE('',*,*,#3638,.T.);
#1632=ORIENTED_EDGE('',*,*,#3677,.F.);
#1633=ORIENTED_EDGE('',*,*,#3678,.F.);
#1634=CARTESIAN_POINT('',(-7.2,-2.15,9.75));
#1635=DIRECTION('',(0.0,-1.0,0.0));
#1636=DIRECTION('',(0.0,0.0,-1.0));
#1637=ORIENTED_EDGE('',*,*,#3679,.F.);
#1638=ORIENTED_EDGE('',*,*,#3678,.T.);
#1639=ORIENTED_EDGE('',*,*,#3680,.F.);
#1640=ORIENTED_EDGE('',*,*,#3681,.F.);
#1641=CARTESIAN_POINT('',(6.1,-2.25,9.15));
#1642=DIRECTION('',(0.0,0.707106781186548,0.707106781186548));
#1643=DIRECTION('',(1.0,0.0,-0.0));
#1644=ORIENTED_EDGE('',*,*,#3682,.F.);
#1645=ORIENTED_EDGE('',*,*,#3634,.T.);
#1646=ORIENTED_EDGE('',*,*,#3683,.F.);
#1647=ORIENTED_EDGE('',*,*,#3684,.F.);
#1648=ORIENTED_EDGE('',*,*,#3685,.T.);
#1649=ORIENTED_EDGE('',*,*,#3681,.T.);
#1650=CARTESIAN_POINT('',(-8.0,-1.7,9.25));
#1651=DIRECTION('',(0.0,0.0,1.0));
#1652=DIRECTION('',(1.0,0.0,0.0));
#1653=ORIENTED_EDGE('',*,*,#3686,.F.);
#1654=ORIENTED_EDGE('',*,*,#3536,.T.);
#1655=ORIENTED_EDGE('',*,*,#3628,.T.);
#1656=ORIENTED_EDGE('',*,*,#3640,.T.);
#1657=ORIENTED_EDGE('',*,*,#3644,.T.);
#1658=ORIENTED_EDGE('',*,*,#3687,.T.);
#1659=CARTESIAN_POINT('',(-8.0,-1.7,9.25));
#1660=DIRECTION('',(0.0,0.0,1.0));
#1661=DIRECTION('',(1.0,0.0,0.0));
#1662=ORIENTED_EDGE('',*,*,#3688,.F.);
#1663=ORIENTED_EDGE('',*,*,#3689,.T.);
#1664=ORIENTED_EDGE('',*,*,#3679,.T.);
#1665=ORIENTED_EDGE('',*,*,#3685,.F.);
#1666=CARTESIAN_POINT('',(7.3,-1.925,9.15));
#1667=DIRECTION('',(-0.707106781186548,0.0,0.707106781186548));
#1668=DIRECTION('',(0.0,1.0,0.0));
#1669=ORIENTED_EDGE('',*,*,#3690,.F.);
#1670=ORIENTED_EDGE('',*,*,#3691,.F.);
#1671=ORIENTED_EDGE('',*,*,#3692,.T.);
#1672=ORIENTED_EDGE('',*,*,#3693,.F.);
#1673=ORIENTED_EDGE('',*,*,#3646,.F.);
#1674=ORIENTED_EDGE('',*,*,#3689,.F.);
#1675=CARTESIAN_POINT('',(7.2,-2.15,9.75));
#1676=DIRECTION('',(1.0,0.0,0.0));
#1677=DIRECTION('',(0.0,1.0,0.0));
#1678=ORIENTED_EDGE('',*,*,#3694,.F.);
#1679=ORIENTED_EDGE('',*,*,#3695,.F.);
#1680=ORIENTED_EDGE('',*,*,#3671,.T.);
#1681=ORIENTED_EDGE('',*,*,#3696,.T.);
#1682=ORIENTED_EDGE('',*,*,#3697,.F.);
#1683=ORIENTED_EDGE('',*,*,#3698,.F.);
#1684=ORIENTED_EDGE('',*,*,#3667,.T.);
#1685=ORIENTED_EDGE('',*,*,#3699,.T.);
#1686=ORIENTED_EDGE('',*,*,#3700,.F.);
#1687=ORIENTED_EDGE('',*,*,#3701,.F.);
#1688=ORIENTED_EDGE('',*,*,#3663,.T.);
#1689=ORIENTED_EDGE('',*,*,#3702,.T.);
#1690=ORIENTED_EDGE('',*,*,#3703,.F.);
#1691=ORIENTED_EDGE('',*,*,#3704,.F.);
#1692=ORIENTED_EDGE('',*,*,#3659,.T.);
#1693=ORIENTED_EDGE('',*,*,#3705,.T.);
#1694=ORIENTED_EDGE('',*,*,#3706,.F.);
#1695=ORIENTED_EDGE('',*,*,#3707,.F.);
#1696=ORIENTED_EDGE('',*,*,#3655,.T.);
#1697=ORIENTED_EDGE('',*,*,#3708,.T.);
#1698=ORIENTED_EDGE('',*,*,#3709,.F.);
#1699=ORIENTED_EDGE('',*,*,#3710,.F.);
#1700=ORIENTED_EDGE('',*,*,#3651,.T.);
#1701=ORIENTED_EDGE('',*,*,#3711,.T.);
#1702=ORIENTED_EDGE('',*,*,#3712,.F.);
#1703=ORIENTED_EDGE('',*,*,#3713,.F.);
#1704=ORIENTED_EDGE('',*,*,#3647,.T.);
#1705=ORIENTED_EDGE('',*,*,#3693,.T.);
#1706=ORIENTED_EDGE('',*,*,#3714,.T.);
#1707=ORIENTED_EDGE('',*,*,#3715,.F.);
#1708=ORIENTED_EDGE('',*,*,#3716,.T.);
#1709=ORIENTED_EDGE('',*,*,#3717,.T.);
#1710=ORIENTED_EDGE('',*,*,#3718,.T.);
#1711=ORIENTED_EDGE('',*,*,#3719,.T.);
#1712=ORIENTED_EDGE('',*,*,#3720,.T.);
#1713=ORIENTED_EDGE('',*,*,#3721,.T.);
#1714=ORIENTED_EDGE('',*,*,#3722,.F.);
#1715=ORIENTED_EDGE('',*,*,#3723,.F.);
#1716=ORIENTED_EDGE('',*,*,#3724,.T.);
#1717=ORIENTED_EDGE('',*,*,#3725,.T.);
#1718=ORIENTED_EDGE('',*,*,#3726,.T.);
#1719=ORIENTED_EDGE('',*,*,#3727,.T.);
#1720=ORIENTED_EDGE('',*,*,#3728,.T.);
#1721=ORIENTED_EDGE('',*,*,#3729,.F.);
#1722=ORIENTED_EDGE('',*,*,#3730,.T.);
#1723=ORIENTED_EDGE('',*,*,#3731,.T.);
#1724=ORIENTED_EDGE('',*,*,#3675,.T.);
#1725=ORIENTED_EDGE('',*,*,#3732,.T.);
#1726=ORIENTED_EDGE('',*,*,#3733,.T.);
#1727=ORIENTED_EDGE('',*,*,#3734,.F.);
#1728=ORIENTED_EDGE('',*,*,#3735,.F.);
#1729=ORIENTED_EDGE('',*,*,#3736,.T.);
#1730=ORIENTED_EDGE('',*,*,#3737,.T.);
#1731=ORIENTED_EDGE('',*,*,#3738,.F.);
#1732=ORIENTED_EDGE('',*,*,#3739,.F.);
#1733=ORIENTED_EDGE('',*,*,#3740,.T.);
#1734=ORIENTED_EDGE('',*,*,#3741,.T.);
#1735=ORIENTED_EDGE('',*,*,#3742,.F.);
#1736=ORIENTED_EDGE('',*,*,#3743,.F.);
#1737=ORIENTED_EDGE('',*,*,#3744,.T.);
#1738=ORIENTED_EDGE('',*,*,#3745,.T.);
#1739=ORIENTED_EDGE('',*,*,#3746,.F.);
#1740=ORIENTED_EDGE('',*,*,#3747,.F.);
#1741=ORIENTED_EDGE('',*,*,#3748,.T.);
#1742=ORIENTED_EDGE('',*,*,#3749,.T.);
#1743=ORIENTED_EDGE('',*,*,#3750,.F.);
#1744=ORIENTED_EDGE('',*,*,#3751,.F.);
#1745=ORIENTED_EDGE('',*,*,#3752,.T.);
#1746=ORIENTED_EDGE('',*,*,#3753,.T.);
#1747=ORIENTED_EDGE('',*,*,#3754,.F.);
#1748=ORIENTED_EDGE('',*,*,#3755,.F.);
#1749=ORIENTED_EDGE('',*,*,#3756,.T.);
#1750=CARTESIAN_POINT('',(-8.0,0.0,2.15));
#1751=DIRECTION('',(0.0,0.0,1.0));
#1752=DIRECTION('',(1.0,0.0,0.0));
#1753=ORIENTED_EDGE('',*,*,#3674,.T.);
#1754=ORIENTED_EDGE('',*,*,#3757,.F.);
#1755=ORIENTED_EDGE('',*,*,#3758,.F.);
#1756=ORIENTED_EDGE('',*,*,#3732,.F.);
#1757=CARTESIAN_POINT('',(-6.25,1.15,2.15));
#1758=DIRECTION('',(-1.0,0.0,0.0));
#1759=DIRECTION('',(0.0,0.0,1.0));
#1760=ORIENTED_EDGE('',*,*,#3758,.T.);
#1761=ORIENTED_EDGE('',*,*,#3759,.F.);
#1762=ORIENTED_EDGE('',*,*,#3760,.F.);
#1763=ORIENTED_EDGE('',*,*,#3694,.T.);
#1764=CARTESIAN_POINT('',(-5.75,1.15,2.15));
#1765=DIRECTION('',(-0.0,1.0,0.0));
#1766=DIRECTION('',(1.0,0.0,0.0));
#1767=ORIENTED_EDGE('',*,*,#3760,.T.);
#1768=ORIENTED_EDGE('',*,*,#3761,.F.);
#1769=ORIENTED_EDGE('',*,*,#3672,.F.);
#1770=ORIENTED_EDGE('',*,*,#3695,.T.);
#1771=CARTESIAN_POINT('',(-5.75,-2.15,2.15));
#1772=DIRECTION('',(1.0,0.0,0.0));
#1773=DIRECTION('',(0.0,1.0,0.0));
#1774=ORIENTED_EDGE('',*,*,#3761,.T.);
#1775=ORIENTED_EDGE('',*,*,#3759,.T.);
#1776=ORIENTED_EDGE('',*,*,#3757,.T.);
#1777=ORIENTED_EDGE('',*,*,#3673,.T.);
#1778=CARTESIAN_POINT('',(-8.0,0.0,2.3));
#1779=DIRECTION('',(0.0,0.0,1.0));
#1780=DIRECTION('',(1.0,0.0,0.0));
#1781=ORIENTED_EDGE('',*,*,#3676,.T.);
#1782=ORIENTED_EDGE('',*,*,#3731,.F.);
#1783=ORIENTED_EDGE('',*,*,#3762,.F.);
#1784=ORIENTED_EDGE('',*,*,#3763,.F.);
#1785=ORIENTED_EDGE('',*,*,#3764,.F.);
#1786=ORIENTED_EDGE('',*,*,#3765,.F.);
#1787=CARTESIAN_POINT('',(-7.2,-0.95,9.75));
#1788=DIRECTION('',(-1.0,0.0,0.0));
#1789=DIRECTION('',(0.0,0.0,1.0));
#1790=ORIENTED_EDGE('',*,*,#3643,.F.);
#1791=ORIENTED_EDGE('',*,*,#3765,.T.);
#1792=ORIENTED_EDGE('',*,*,#3766,.T.);
#1793=ORIENTED_EDGE('',*,*,#3687,.F.);
#1794=CARTESIAN_POINT('',(-7.3,-1.925,9.15));
#1795=DIRECTION('',(0.707106781186548,0.0,0.707106781186548));
#1796=DIRECTION('',(0.0,-1.0,0.0));
#1797=ORIENTED_EDGE('',*,*,#3766,.F.);
#1798=ORIENTED_EDGE('',*,*,#3764,.T.);
#1799=ORIENTED_EDGE('',*,*,#3767,.T.);
#1800=ORIENTED_EDGE('',*,*,#3768,.F.);
#1801=CARTESIAN_POINT('',(-7.3,-1.8,8.18));
#1802=DIRECTION('',(0.707106781186548,0.707106781186548,0.0));
#1803=DIRECTION('',(0.0,0.0,-1.0));
#1804=ORIENTED_EDGE('',*,*,#3769,.F.);
#1805=ORIENTED_EDGE('',*,*,#3537,.T.);
#1806=ORIENTED_EDGE('',*,*,#3686,.T.);
#1807=ORIENTED_EDGE('',*,*,#3768,.T.);
#1808=CARTESIAN_POINT('',(-8.0,-1.7,7.11));
#1809=DIRECTION('',(-0.0,1.0,0.0));
#1810=DIRECTION('',(1.0,0.0,0.0));
#1811=ORIENTED_EDGE('',*,*,#3684,.T.);
#1812=ORIENTED_EDGE('',*,*,#3770,.F.);
#1813=ORIENTED_EDGE('',*,*,#3771,.F.);
#1814=ORIENTED_EDGE('',*,*,#3772,.T.);
#1815=CARTESIAN_POINT('',(-8.0,-1.7,7.11));
#1816=DIRECTION('',(-0.0,1.0,0.0));
#1817=DIRECTION('',(1.0,0.0,0.0));
#1818=ORIENTED_EDGE('',*,*,#3773,.T.);
#1819=ORIENTED_EDGE('',*,*,#3774,.T.);
#1820=ORIENTED_EDGE('',*,*,#3775,.F.);
#1821=ORIENTED_EDGE('',*,*,#3538,.T.);
#1822=ORIENTED_EDGE('',*,*,#3769,.T.);
#1823=ORIENTED_EDGE('',*,*,#3776,.T.);
#1824=CARTESIAN_POINT('',(-8.0,1.2,7.11));
#1825=DIRECTION('',(0.0,0.0,1.0));
#1826=DIRECTION('',(1.0,0.0,0.0));
#1827=ORIENTED_EDGE('',*,*,#3771,.T.);
#1828=ORIENTED_EDGE('',*,*,#3777,.F.);
#1829=ORIENTED_EDGE('',*,*,#3778,.F.);
#1830=ORIENTED_EDGE('',*,*,#3779,.T.);
#1831=ORIENTED_EDGE('',*,*,#3780,.T.);
#1832=ORIENTED_EDGE('',*,*,#3781,.T.);
#1833=CARTESIAN_POINT('',(-8.0,1.2,7.11));
#1834=DIRECTION('',(0.0,0.0,1.0));
#1835=DIRECTION('',(1.0,0.0,0.0));
#1836=ORIENTED_EDGE('',*,*,#3782,.T.);
#1837=ORIENTED_EDGE('',*,*,#3776,.F.);
#1838=ORIENTED_EDGE('',*,*,#3767,.F.);
#1839=ORIENTED_EDGE('',*,*,#3763,.T.);
#1840=CARTESIAN_POINT('',(-7.3,-1.325,7.01));
#1841=DIRECTION('',(0.707106781186548,0.0,0.707106781186548));
#1842=DIRECTION('',(0.0,-1.0,0.0));
#1843=ORIENTED_EDGE('',*,*,#3782,.F.);
#1844=ORIENTED_EDGE('',*,*,#3783,.T.);
#1845=ORIENTED_EDGE('',*,*,#3784,.T.);
#1846=ORIENTED_EDGE('',*,*,#3773,.F.);
#1847=CARTESIAN_POINT('',(-6.85,-0.85,7.01));
#1848=DIRECTION('',(0.0,-0.707106781186548,0.707106781186548));
#1849=DIRECTION('',(-1.0,0.0,0.0));
#1850=ORIENTED_EDGE('',*,*,#3784,.F.);
#1851=ORIENTED_EDGE('',*,*,#3785,.T.);
#1852=ORIENTED_EDGE('',*,*,#3786,.T.);
#1853=ORIENTED_EDGE('',*,*,#3774,.F.);
#1854=CARTESIAN_POINT('',(-6.6,0.125,7.01));
#1855=DIRECTION('',(0.707106781186548,0.0,0.707106781186548));
#1856=DIRECTION('',(0.0,-1.0,0.0));
#1857=ORIENTED_EDGE('',*,*,#3787,.T.);
#1858=ORIENTED_EDGE('',*,*,#3788,.F.);
#1859=ORIENTED_EDGE('',*,*,#3786,.F.);
#1860=ORIENTED_EDGE('',*,*,#3789,.T.);
#1861=CARTESIAN_POINT('',(-6.6,1.3,8.18));
#1862=DIRECTION('',(0.707106781186548,-0.707106781186548,0.0));
#1863=DIRECTION('',(0.0,0.0,-1.0));
#1864=ORIENTED_EDGE('',*,*,#3790,.T.);
#1865=ORIENTED_EDGE('',*,*,#3729,.T.);
#1866=ORIENTED_EDGE('',*,*,#3791,.F.);
#1867=ORIENTED_EDGE('',*,*,#3792,.T.);
#1868=ORIENTED_EDGE('',*,*,#3789,.F.);
#1869=ORIENTED_EDGE('',*,*,#3785,.F.);
#1870=CARTESIAN_POINT('',(-6.5,1.65,9.75));
#1871=DIRECTION('',(-1.0,0.0,0.0));
#1872=DIRECTION('',(0.0,0.0,1.0));
#1873=ORIENTED_EDGE('',*,*,#3787,.F.);
#1874=ORIENTED_EDGE('',*,*,#3792,.F.);
#1875=ORIENTED_EDGE('',*,*,#3793,.T.);
#1876=ORIENTED_EDGE('',*,*,#3794,.T.);
#1877=CARTESIAN_POINT('',(-6.6,1.7,9.15));
#1878=DIRECTION('',(0.707106781186548,0.0,0.707106781186548));
#1879=DIRECTION('',(0.0,-1.0,0.0));
#1880=ORIENTED_EDGE('',*,*,#3795,.T.);
#1881=ORIENTED_EDGE('',*,*,#3796,.T.);
#1882=ORIENTED_EDGE('',*,*,#3797,.T.);
#1883=ORIENTED_EDGE('',*,*,#3798,.F.);
#1884=ORIENTED_EDGE('',*,*,#3799,.F.);
#1885=ORIENTED_EDGE('',*,*,#3540,.T.);
#1886=ORIENTED_EDGE('',*,*,#3800,.T.);
#1887=ORIENTED_EDGE('',*,*,#3794,.F.);
#1888=CARTESIAN_POINT('',(-8.0,2.9,9.25));
#1889=DIRECTION('',(0.0,0.0,1.0));
#1890=DIRECTION('',(1.0,0.0,0.0));
#1891=ORIENTED_EDGE('',*,*,#3801,.T.);
#1892=ORIENTED_EDGE('',*,*,#3802,.F.);
#1893=ORIENTED_EDGE('',*,*,#3803,.F.);
#1894=ORIENTED_EDGE('',*,*,#3804,.T.);
#1895=ORIENTED_EDGE('',*,*,#3805,.T.);
#1896=ORIENTED_EDGE('',*,*,#3806,.T.);
#1897=ORIENTED_EDGE('',*,*,#3807,.T.);
#1898=ORIENTED_EDGE('',*,*,#3808,.F.);
#1899=CARTESIAN_POINT('',(-8.0,2.9,9.25));
#1900=DIRECTION('',(0.0,0.0,1.0));
#1901=DIRECTION('',(1.0,0.0,0.0));
#1902=ORIENTED_EDGE('',*,*,#3800,.F.);
#1903=ORIENTED_EDGE('',*,*,#3539,.T.);
#1904=ORIENTED_EDGE('',*,*,#3775,.T.);
#1905=ORIENTED_EDGE('',*,*,#3788,.T.);
#1906=CARTESIAN_POINT('',(-8.0,1.2,9.25));
#1907=DIRECTION('',(0.0,-1.0,0.0));
#1908=DIRECTION('',(0.0,0.0,-1.0));
#1909=ORIENTED_EDGE('',*,*,#3778,.T.);
#1910=ORIENTED_EDGE('',*,*,#3809,.F.);
#1911=ORIENTED_EDGE('',*,*,#3801,.F.);
#1912=ORIENTED_EDGE('',*,*,#3810,.T.);
#1913=CARTESIAN_POINT('',(-8.0,1.2,9.25));
#1914=DIRECTION('',(0.0,-1.0,0.0));
#1915=DIRECTION('',(0.0,0.0,-1.0));
#1916=ORIENTED_EDGE('',*,*,#3811,.F.);
#1917=ORIENTED_EDGE('',*,*,#3812,.T.);
#1918=ORIENTED_EDGE('',*,*,#3813,.T.);
#1919=ORIENTED_EDGE('',*,*,#3810,.F.);
#1920=CARTESIAN_POINT('',(6.6,1.3,8.18));
#1921=DIRECTION('',(-0.707106781186548,-0.707106781186548,0.0));
#1922=DIRECTION('',(-0.707106781186548,0.707106781186548,0.0));
#1923=ORIENTED_EDGE('',*,*,#3814,.T.);
#1924=ORIENTED_EDGE('',*,*,#3779,.F.);
#1925=ORIENTED_EDGE('',*,*,#3813,.F.);
#1926=ORIENTED_EDGE('',*,*,#3815,.T.);
#1927=CARTESIAN_POINT('',(6.6,0.125,7.01));
#1928=DIRECTION('',(-0.707106781186548,0.0,0.707106781186548));
#1929=DIRECTION('',(0.0,1.0,0.0));
#1930=ORIENTED_EDGE('',*,*,#3812,.F.);
#1931=ORIENTED_EDGE('',*,*,#3816,.T.);
#1932=ORIENTED_EDGE('',*,*,#3817,.T.);
#1933=ORIENTED_EDGE('',*,*,#3715,.T.);
#1934=ORIENTED_EDGE('',*,*,#3818,.F.);
#1935=ORIENTED_EDGE('',*,*,#3815,.F.);
#1936=CARTESIAN_POINT('',(6.5,-0.95,9.75));
#1937=DIRECTION('',(1.0,0.0,0.0));
#1938=DIRECTION('',(0.0,1.0,0.0));
#1939=ORIENTED_EDGE('',*,*,#3818,.T.);
#1940=ORIENTED_EDGE('',*,*,#3714,.F.);
#1941=ORIENTED_EDGE('',*,*,#3692,.F.);
#1942=ORIENTED_EDGE('',*,*,#3819,.F.);
#1943=CARTESIAN_POINT('',(7.2,-0.95,9.75));
#1944=DIRECTION('',(-0.0,1.0,0.0));
#1945=DIRECTION('',(1.0,0.0,0.0));
#1946=ORIENTED_EDGE('',*,*,#3814,.F.);
#1947=ORIENTED_EDGE('',*,*,#3819,.T.);
#1948=ORIENTED_EDGE('',*,*,#3820,.T.);
#1949=ORIENTED_EDGE('',*,*,#3780,.F.);
#1950=CARTESIAN_POINT('',(6.85,-0.85,7.01));
#1951=DIRECTION('',(0.0,-0.707106781186548,0.707106781186548));
#1952=DIRECTION('',(-1.0,0.0,0.0));
#1953=ORIENTED_EDGE('',*,*,#3820,.F.);
#1954=ORIENTED_EDGE('',*,*,#3691,.T.);
#1955=ORIENTED_EDGE('',*,*,#3821,.T.);
#1956=ORIENTED_EDGE('',*,*,#3781,.F.);
#1957=CARTESIAN_POINT('',(7.3,-1.325,7.01));
#1958=DIRECTION('',(-0.707106781186548,0.0,0.707106781186548));
#1959=DIRECTION('',(0.0,1.0,0.0));
#1960=ORIENTED_EDGE('',*,*,#3688,.T.);
#1961=ORIENTED_EDGE('',*,*,#3772,.F.);
#1962=ORIENTED_EDGE('',*,*,#3821,.F.);
#1963=ORIENTED_EDGE('',*,*,#3690,.T.);
#1964=CARTESIAN_POINT('',(7.3,-1.8,8.18));
#1965=DIRECTION('',(-0.707106781186548,0.707106781186548,0.0));
#1966=DIRECTION('',(0.0,0.0,1.0));
#1967=ORIENTED_EDGE('',*,*,#3822,.T.);
#1968=ORIENTED_EDGE('',*,*,#3716,.F.);
#1969=ORIENTED_EDGE('',*,*,#3817,.F.);
#1970=ORIENTED_EDGE('',*,*,#3823,.F.);
#1971=CARTESIAN_POINT('',(6.5,2.2,9.25));
#1972=DIRECTION('',(-0.0,1.0,0.0));
#1973=DIRECTION('',(1.0,0.0,0.0));
#1974=ORIENTED_EDGE('',*,*,#3824,.F.);
#1975=ORIENTED_EDGE('',*,*,#3823,.T.);
#1976=ORIENTED_EDGE('',*,*,#3825,.T.);
#1977=ORIENTED_EDGE('',*,*,#3807,.F.);
#1978=CARTESIAN_POINT('',(6.025,2.3,9.15));
#1979=DIRECTION('',(0.0,-0.707106781186548,0.707106781186548));
#1980=DIRECTION('',(-1.0,0.0,0.0));
#1981=ORIENTED_EDGE('',*,*,#3825,.F.);
#1982=ORIENTED_EDGE('',*,*,#3816,.F.);
#1983=ORIENTED_EDGE('',*,*,#3811,.T.);
#1984=ORIENTED_EDGE('',*,*,#3808,.T.);
#1985=CARTESIAN_POINT('',(6.6,1.7,9.15));
#1986=DIRECTION('',(-0.707106781186548,0.0,0.707106781186548));
#1987=DIRECTION('',(0.0,1.0,0.0));
#1988=ORIENTED_EDGE('',*,*,#3826,.T.);
#1989=ORIENTED_EDGE('',*,*,#3827,.T.);
#1990=ORIENTED_EDGE('',*,*,#3828,.F.);
#1991=ORIENTED_EDGE('',*,*,#3717,.F.);
#1992=ORIENTED_EDGE('',*,*,#3822,.F.);
#1993=ORIENTED_EDGE('',*,*,#3824,.T.);
#1994=ORIENTED_EDGE('',*,*,#3806,.F.);
#1995=CARTESIAN_POINT('',(5.55,2.2,9.25));
#1996=DIRECTION('',(-1.0,0.0,0.0));
#1997=DIRECTION('',(0.0,0.0,1.0));
#1998=ORIENTED_EDGE('',*,*,#3829,.T.);
#1999=ORIENTED_EDGE('',*,*,#3718,.F.);
#2000=ORIENTED_EDGE('',*,*,#3828,.T.);
#2001=ORIENTED_EDGE('',*,*,#3830,.T.);
#2002=CARTESIAN_POINT('',(6.5,1.65,9.75));
#2003=DIRECTION('',(-0.0,1.0,0.0));
#2004=DIRECTION('',(1.0,0.0,0.0));
#2005=ORIENTED_EDGE('',*,*,#3831,.T.);
#2006=ORIENTED_EDGE('',*,*,#3832,.F.);
#2007=ORIENTED_EDGE('',*,*,#3833,.T.);
#2008=ORIENTED_EDGE('',*,*,#3834,.T.);
#2009=CARTESIAN_POINT('',(-5.55,1.65,3.3));
#2010=DIRECTION('',(0.0,0.999249688515138,-0.0387306080819815));
#2011=DIRECTION('',(-1.0,0.0,0.0));
#2012=ORIENTED_EDGE('',*,*,#3835,.F.);
#2013=ORIENTED_EDGE('',*,*,#3830,.F.);
#2014=ORIENTED_EDGE('',*,*,#3827,.F.);
#2015=ORIENTED_EDGE('',*,*,#3836,.T.);
#2016=CARTESIAN_POINT('',(-5.55,1.65,3.3));
#2017=DIRECTION('',(0.0,0.999249688515138,-0.0387306080819815));
#2018=DIRECTION('',(-1.0,0.0,0.0));
#2019=ORIENTED_EDGE('',*,*,#3837,.F.);
#2020=ORIENTED_EDGE('',*,*,#3838,.F.);
#2021=ORIENTED_EDGE('',*,*,#3839,.F.);
#2022=ORIENTED_EDGE('',*,*,#3797,.F.);
#2023=ORIENTED_EDGE('',*,*,#3840,.F.);
#2024=ORIENTED_EDGE('',*,*,#3834,.F.);
#2025=CARTESIAN_POINT('',(-3.045,2.130634695959,9.250375155742));
#2026=DIRECTION('',(0.0,-0.8802234813341,0.4745593987143));
#2027=DIRECTION('',(-1.0,0.0,0.0));
#2028=ORIENTED_EDGE('',*,*,#3727,.F.);
#2029=ORIENTED_EDGE('',*,*,#3841,.T.);
#2030=ORIENTED_EDGE('',*,*,#3831,.F.);
#2031=ORIENTED_EDGE('',*,*,#3840,.T.);
#2032=ORIENTED_EDGE('',*,*,#3796,.F.);
#2033=ORIENTED_EDGE('',*,*,#3842,.T.);
#2034=ORIENTED_EDGE('',*,*,#3843,.T.);
#2035=CARTESIAN_POINT('',(-5.55,1.65,9.25));
#2036=DIRECTION('',(1.0,0.0,0.0));
#2037=DIRECTION('',(0.0,1.0,0.0));
#2038=ORIENTED_EDGE('',*,*,#3791,.T.);
#2039=ORIENTED_EDGE('',*,*,#3728,.F.);
#2040=ORIENTED_EDGE('',*,*,#3843,.F.);
#2041=ORIENTED_EDGE('',*,*,#3844,.F.);
#2042=CARTESIAN_POINT('',(-5.55,2.2,9.25));
#2043=DIRECTION('',(-0.0,1.0,0.0));
#2044=DIRECTION('',(1.0,0.0,0.0));
#2045=ORIENTED_EDGE('',*,*,#3842,.F.);
#2046=ORIENTED_EDGE('',*,*,#3795,.F.);
#2047=ORIENTED_EDGE('',*,*,#3793,.F.);
#2048=ORIENTED_EDGE('',*,*,#3844,.T.);
#2049=CARTESIAN_POINT('',(-6.025,2.3,9.15));
#2050=DIRECTION('',(0.0,-0.707106781186548,0.707106781186548));
#2051=DIRECTION('',(-1.0,0.0,0.0));
#2052=ORIENTED_EDGE('',*,*,#3841,.F.);
#2053=ORIENTED_EDGE('',*,*,#3726,.F.);
#2054=ORIENTED_EDGE('',*,*,#3845,.F.);
#2055=ORIENTED_EDGE('',*,*,#3832,.T.);
#2056=CARTESIAN_POINT('',(-2.7,1.65,9.75));
#2057=DIRECTION('',(-0.0,1.0,0.0));
#2058=DIRECTION('',(1.0,0.0,0.0));
#2059=ORIENTED_EDGE('',*,*,#3833,.F.);
#2060=ORIENTED_EDGE('',*,*,#3845,.T.);
#2061=ORIENTED_EDGE('',*,*,#3725,.F.);
#2062=ORIENTED_EDGE('',*,*,#3846,.F.);
#2063=ORIENTED_EDGE('',*,*,#3847,.T.);
#2064=ORIENTED_EDGE('',*,*,#3848,.F.);
#2065=ORIENTED_EDGE('',*,*,#3837,.T.);
#2066=CARTESIAN_POINT('',(-2.7,3.15,9.75));
#2067=DIRECTION('',(-1.0,0.0,0.0));
#2068=DIRECTION('',(0.0,0.0,1.0));
#2069=ORIENTED_EDGE('',*,*,#3848,.T.);
#2070=ORIENTED_EDGE('',*,*,#3849,.F.);
#2071=ORIENTED_EDGE('',*,*,#3850,.T.);
#2072=ORIENTED_EDGE('',*,*,#3851,.T.);
#2073=ORIENTED_EDGE('',*,*,#3852,.T.);
#2074=ORIENTED_EDGE('',*,*,#3853,.T.);
#2075=ORIENTED_EDGE('',*,*,#3854,.T.);
#2076=ORIENTED_EDGE('',*,*,#3838,.T.);
#2077=CARTESIAN_POINT('',(-8.0,0.0,9.75));
#2078=DIRECTION('',(0.0,0.0,1.0));
#2079=DIRECTION('',(1.0,0.0,0.0));
#2080=ORIENTED_EDGE('',*,*,#3854,.F.);
#2081=ORIENTED_EDGE('',*,*,#3855,.T.);
#2082=ORIENTED_EDGE('',*,*,#3856,.T.);
#2083=ORIENTED_EDGE('',*,*,#3857,.F.);
#2084=ORIENTED_EDGE('',*,*,#3858,.F.);
#2085=ORIENTED_EDGE('',*,*,#3560,.T.);
#2086=ORIENTED_EDGE('',*,*,#3859,.T.);
#2087=ORIENTED_EDGE('',*,*,#3860,.F.);
#2088=ORIENTED_EDGE('',*,*,#3861,.F.);
#2089=ORIENTED_EDGE('',*,*,#3798,.T.);
#2090=ORIENTED_EDGE('',*,*,#3839,.T.);
#2091=CARTESIAN_POINT('',(-3.39,3.8,9.75));
#2092=DIRECTION('',(-1.0,0.0,0.0));
#2093=DIRECTION('',(0.0,0.0,1.0));
#2094=ORIENTED_EDGE('',*,*,#3862,.T.);
#2095=ORIENTED_EDGE('',*,*,#3863,.F.);
#2096=ORIENTED_EDGE('',*,*,#3803,.T.);
#2097=ORIENTED_EDGE('',*,*,#3864,.F.);
#2098=ORIENTED_EDGE('',*,*,#3865,.F.);
#2099=ORIENTED_EDGE('',*,*,#3626,.T.);
#2100=CARTESIAN_POINT('',(-8.0,2.9,0.0));
#2101=DIRECTION('',(-0.0,1.0,0.0));
#2102=DIRECTION('',(1.0,0.0,0.0));
#2103=ORIENTED_EDGE('',*,*,#3866,.T.);
#2104=ORIENTED_EDGE('',*,*,#3867,.F.);
#2105=ORIENTED_EDGE('',*,*,#3541,.T.);
#2106=ORIENTED_EDGE('',*,*,#3799,.T.);
#2107=ORIENTED_EDGE('',*,*,#3861,.T.);
#2108=ORIENTED_EDGE('',*,*,#3868,.T.);
#2109=CARTESIAN_POINT('',(-8.0,2.9,0.0));
#2110=DIRECTION('',(-0.0,1.0,0.0));
#2111=DIRECTION('',(1.0,0.0,0.0));
#2112=ORIENTED_EDGE('',*,*,#3629,.F.);
#2113=ORIENTED_EDGE('',*,*,#3534,.T.);
#2114=ORIENTED_EDGE('',*,*,#3869,.T.);
#2115=ORIENTED_EDGE('',*,*,#3870,.F.);
#2116=CARTESIAN_POINT('',(-8.0,-2.9,0.0));
#2117=DIRECTION('',(0.0,0.0,-1.0));
#2118=DIRECTION('',(0.0,-1.0,0.0));
#2119=ORIENTED_EDGE('',*,*,#3871,.T.);
#2120=ORIENTED_EDGE('',*,*,#3872,.F.);
#2121=ORIENTED_EDGE('',*,*,#3632,.F.);
#2122=ORIENTED_EDGE('',*,*,#3622,.T.);
#2123=CARTESIAN_POINT('',(-8.0,-2.9,0.0));
#2124=DIRECTION('',(0.0,0.0,-1.0));
#2125=DIRECTION('',(0.0,-1.0,0.0));
#2126=ORIENTED_EDGE('',*,*,#3873,.F.);
#2127=ORIENTED_EDGE('',*,*,#3548,.F.);
#2128=ORIENTED_EDGE('',*,*,#3542,.T.);
#2129=ORIENTED_EDGE('',*,*,#3867,.T.);
#2130=CARTESIAN_POINT('',(-8.0,-2.9,0.0));
#2131=DIRECTION('',(0.0,0.0,-1.0));
#2132=DIRECTION('',(0.0,-1.0,0.0));
#2133=ORIENTED_EDGE('',*,*,#3874,.F.);
#2134=ORIENTED_EDGE('',*,*,#3545,.F.);
#2135=ORIENTED_EDGE('',*,*,#3624,.T.);
#2136=ORIENTED_EDGE('',*,*,#3865,.T.);
#2137=ORIENTED_EDGE('',*,*,#3875,.F.);
#2138=ORIENTED_EDGE('',*,*,#3876,.F.);
#2139=CARTESIAN_POINT('',(-8.0,-2.9,0.0));
#2140=DIRECTION('',(0.0,0.0,-1.0));
#2141=DIRECTION('',(0.0,-1.0,0.0));
#2142=ORIENTED_EDGE('',*,*,#3870,.T.);
#2143=ORIENTED_EDGE('',*,*,#3877,.F.);
#2144=ORIENTED_EDGE('',*,*,#3556,.F.);
#2145=ORIENTED_EDGE('',*,*,#3878,.T.);
#2146=ORIENTED_EDGE('',*,*,#3879,.T.);
#2147=ORIENTED_EDGE('',*,*,#3630,.T.);
#2148=CARTESIAN_POINT('',(-6.25,0.0,0.0));
#2149=DIRECTION('',(1.0,0.0,0.0));
#2150=DIRECTION('',(0.0,1.0,0.0));
#2151=ORIENTED_EDGE('',*,*,#3549,.F.);
#2152=ORIENTED_EDGE('',*,*,#3873,.T.);
#2153=ORIENTED_EDGE('',*,*,#3866,.F.);
#2154=ORIENTED_EDGE('',*,*,#3880,.F.);
#2155=ORIENTED_EDGE('',*,*,#3881,.F.);
#2156=ORIENTED_EDGE('',*,*,#3558,.T.);
#2157=CARTESIAN_POINT('',(-6.25,0.0,0.0));
#2158=DIRECTION('',(1.0,0.0,0.0));
#2159=DIRECTION('',(0.0,1.0,0.0));
#2160=ORIENTED_EDGE('',*,*,#3879,.F.);
#2161=ORIENTED_EDGE('',*,*,#3882,.T.);
#2162=ORIENTED_EDGE('',*,*,#3619,.T.);
#2163=ORIENTED_EDGE('',*,*,#3631,.F.);
#2164=CARTESIAN_POINT('',(-6.25,-1.6,1.15));
#2165=DIRECTION('',(0.0,0.0,1.0));
#2166=DIRECTION('',(1.0,0.0,0.0));
#2167=ORIENTED_EDGE('',*,*,#3620,.T.);
#2168=ORIENTED_EDGE('',*,*,#3882,.F.);
#2169=ORIENTED_EDGE('',*,*,#3878,.F.);
#2170=ORIENTED_EDGE('',*,*,#3555,.T.);
#2171=CARTESIAN_POINT('',(-6.25,-1.6,0.3));
#2172=DIRECTION('',(-0.0,1.0,0.0));
#2173=DIRECTION('',(1.0,0.0,0.0));
#2174=ORIENTED_EDGE('',*,*,#3883,.F.);
#2175=ORIENTED_EDGE('',*,*,#3871,.F.);
#2176=ORIENTED_EDGE('',*,*,#3621,.F.);
#2177=ORIENTED_EDGE('',*,*,#3553,.F.);
#2178=CARTESIAN_POINT('',(8.0,-1.65,0.3));
#2179=DIRECTION('',(0.0,-1.0,0.0));
#2180=DIRECTION('',(0.0,0.0,-1.0));
#2181=ORIENTED_EDGE('',*,*,#3877,.T.);
#2182=ORIENTED_EDGE('',*,*,#3869,.F.);
#2183=ORIENTED_EDGE('',*,*,#3533,.T.);
#2184=ORIENTED_EDGE('',*,*,#3557,.F.);
#2185=CARTESIAN_POINT('',(8.0,-1.65,0.3));
#2186=DIRECTION('',(0.0,-1.0,0.0));
#2187=DIRECTION('',(0.0,0.0,-1.0));
#2188=ORIENTED_EDGE('',*,*,#3874,.T.);
#2189=ORIENTED_EDGE('',*,*,#3864,.T.);
#2190=ORIENTED_EDGE('',*,*,#3802,.T.);
#2191=ORIENTED_EDGE('',*,*,#3809,.T.);
#2192=ORIENTED_EDGE('',*,*,#3777,.T.);
#2193=ORIENTED_EDGE('',*,*,#3770,.T.);
#2194=ORIENTED_EDGE('',*,*,#3683,.T.);
#2195=ORIENTED_EDGE('',*,*,#3633,.T.);
#2196=ORIENTED_EDGE('',*,*,#3872,.T.);
#2197=ORIENTED_EDGE('',*,*,#3883,.T.);
#2198=ORIENTED_EDGE('',*,*,#3552,.F.);
#2199=ORIENTED_EDGE('',*,*,#3546,.F.);
#2200=CARTESIAN_POINT('',(8.0,0.0,0.0));
#2201=DIRECTION('',(1.0,0.0,0.0));
#2202=DIRECTION('',(0.0,1.0,0.0));
#2203=ORIENTED_EDGE('',*,*,#3884,.F.);
#2204=ORIENTED_EDGE('',*,*,#3859,.F.);
#2205=ORIENTED_EDGE('',*,*,#3559,.T.);
#2206=ORIENTED_EDGE('',*,*,#3881,.T.);
#2207=CARTESIAN_POINT('',(-3.39,2.1,0.0));
#2208=DIRECTION('',(0.0,-1.0,0.0));
#2209=DIRECTION('',(0.0,0.0,-1.0));
#2210=ORIENTED_EDGE('',*,*,#3617,.T.);
#2211=ORIENTED_EDGE('',*,*,#3885,.T.);
#2212=ORIENTED_EDGE('',*,*,#3862,.F.);
#2213=ORIENTED_EDGE('',*,*,#3625,.T.);
#2214=CARTESIAN_POINT('',(-6.25,0.0,1.95));
#2215=DIRECTION('',(0.0,0.0,-1.0));
#2216=DIRECTION('',(0.0,-1.0,0.0));
#2217=ORIENTED_EDGE('',*,*,#3860,.T.);
#2218=ORIENTED_EDGE('',*,*,#3884,.T.);
#2219=ORIENTED_EDGE('',*,*,#3880,.T.);
#2220=ORIENTED_EDGE('',*,*,#3868,.F.);
#2221=CARTESIAN_POINT('',(-6.25,0.0,1.95));
#2222=DIRECTION('',(0.0,0.0,-1.0));
#2223=DIRECTION('',(0.0,-1.0,0.0));
#2224=ORIENTED_EDGE('',*,*,#3804,.F.);
#2225=ORIENTED_EDGE('',*,*,#3863,.T.);
#2226=ORIENTED_EDGE('',*,*,#3885,.F.);
#2227=ORIENTED_EDGE('',*,*,#3616,.F.);
#2228=ORIENTED_EDGE('',*,*,#3562,.F.);
#2229=ORIENTED_EDGE('',*,*,#3886,.T.);
#2230=ORIENTED_EDGE('',*,*,#3887,.F.);
#2231=ORIENTED_EDGE('',*,*,#3888,.T.);
#2232=ORIENTED_EDGE('',*,*,#3889,.F.);
#2233=ORIENTED_EDGE('',*,*,#3852,.F.);
#2234=ORIENTED_EDGE('',*,*,#3890,.T.);
#2235=CARTESIAN_POINT('',(3.39,1.2,9.75));
#2236=DIRECTION('',(1.0,0.0,0.0));
#2237=DIRECTION('',(0.0,1.0,0.0));
#2238=ORIENTED_EDGE('',*,*,#3851,.F.);
#2239=ORIENTED_EDGE('',*,*,#3891,.F.);
#2240=ORIENTED_EDGE('',*,*,#3836,.F.);
#2241=ORIENTED_EDGE('',*,*,#3826,.F.);
#2242=ORIENTED_EDGE('',*,*,#3805,.F.);
#2243=ORIENTED_EDGE('',*,*,#3890,.F.);
#2244=CARTESIAN_POINT('',(3.045,2.130634695959,9.250375155742));
#2245=DIRECTION('',(0.0,-0.8802234813341,0.4745593987143));
#2246=DIRECTION('',(-1.0,0.0,0.0));
#2247=ORIENTED_EDGE('',*,*,#3850,.F.);
#2248=ORIENTED_EDGE('',*,*,#3892,.T.);
#2249=ORIENTED_EDGE('',*,*,#3893,.T.);
#2250=ORIENTED_EDGE('',*,*,#3719,.F.);
#2251=ORIENTED_EDGE('',*,*,#3829,.F.);
#2252=ORIENTED_EDGE('',*,*,#3835,.T.);
#2253=ORIENTED_EDGE('',*,*,#3891,.T.);
#2254=CARTESIAN_POINT('',(2.7,1.65,9.75));
#2255=DIRECTION('',(1.0,0.0,0.0));
#2256=DIRECTION('',(0.0,1.0,0.0));
#2257=ORIENTED_EDGE('',*,*,#3894,.F.);
#2258=ORIENTED_EDGE('',*,*,#3846,.T.);
#2259=ORIENTED_EDGE('',*,*,#3724,.F.);
#2260=ORIENTED_EDGE('',*,*,#3895,.T.);
#2261=ORIENTED_EDGE('',*,*,#3896,.F.);
#2262=CARTESIAN_POINT('',(2.7,3.15,9.75));
#2263=DIRECTION('',(-0.0,1.0,0.0));
#2264=DIRECTION('',(1.0,0.0,0.0));
#2265=ORIENTED_EDGE('',*,*,#3897,.F.);
#2266=ORIENTED_EDGE('',*,*,#3720,.F.);
#2267=ORIENTED_EDGE('',*,*,#3893,.F.);
#2268=ORIENTED_EDGE('',*,*,#3898,.F.);
#2269=ORIENTED_EDGE('',*,*,#3899,.T.);
#2270=CARTESIAN_POINT('',(2.7,3.15,9.75));
#2271=DIRECTION('',(-0.0,1.0,0.0));
#2272=DIRECTION('',(1.0,0.0,0.0));
#2273=ORIENTED_EDGE('',*,*,#3896,.T.);
#2274=ORIENTED_EDGE('',*,*,#3900,.F.);
#2275=ORIENTED_EDGE('',*,*,#3901,.F.);
#2276=ORIENTED_EDGE('',*,*,#3902,.T.);
#2277=CARTESIAN_POINT('',(-1.05,0.0,0.0));
#2278=DIRECTION('',(1.0,0.0,0.0));
#2279=DIRECTION('',(0.0,1.0,0.0));
#2280=ORIENTED_EDGE('',*,*,#3903,.F.);
#2281=ORIENTED_EDGE('',*,*,#3904,.F.);
#2282=ORIENTED_EDGE('',*,*,#3898,.T.);
#2283=ORIENTED_EDGE('',*,*,#3892,.F.);
#2284=ORIENTED_EDGE('',*,*,#3849,.T.);
#2285=ORIENTED_EDGE('',*,*,#3847,.F.);
#2286=ORIENTED_EDGE('',*,*,#3894,.T.);
#2287=ORIENTED_EDGE('',*,*,#3902,.F.);
#2288=CARTESIAN_POINT('',(0.0,3.2,9.11));
#2289=DIRECTION('',(0.0,-0.931457349479609,0.363850527140503));
#2290=DIRECTION('',(-1.0,0.0,0.0));
#2291=ORIENTED_EDGE('',*,*,#3905,.T.);
#2292=ORIENTED_EDGE('',*,*,#3906,.T.);
#2293=ORIENTED_EDGE('',*,*,#3899,.F.);
#2294=ORIENTED_EDGE('',*,*,#3904,.T.);
#2295=CARTESIAN_POINT('',(1.05,0.0,0.0));
#2296=DIRECTION('',(1.0,0.0,0.0));
#2297=DIRECTION('',(0.0,1.0,0.0));
#2298=ORIENTED_EDGE('',*,*,#3907,.T.);
#2299=ORIENTED_EDGE('',*,*,#3906,.F.);
#2300=ORIENTED_EDGE('',*,*,#3908,.F.);
#2301=ORIENTED_EDGE('',*,*,#3900,.T.);
#2302=ORIENTED_EDGE('',*,*,#3909,.F.);
#2303=ORIENTED_EDGE('',*,*,#3910,.T.);
#2304=CARTESIAN_POINT('',(-1.05,3.8,7.74));
#2305=DIRECTION('',(0.0,-0.105293769951904,0.994441160657238));
#2306=DIRECTION('',(-1.0,0.0,0.0));
#2307=ORIENTED_EDGE('',*,*,#3911,.T.);
#2308=ORIENTED_EDGE('',*,*,#3910,.F.);
#2309=ORIENTED_EDGE('',*,*,#3912,.F.);
#2310=ORIENTED_EDGE('',*,*,#3913,.T.);
#2311=ORIENTED_EDGE('',*,*,#3855,.F.);
#2312=ORIENTED_EDGE('',*,*,#3853,.F.);
#2313=ORIENTED_EDGE('',*,*,#3889,.T.);
#2314=ORIENTED_EDGE('',*,*,#3914,.T.);
#2315=CARTESIAN_POINT('',(3.39,3.8,9.75));
#2316=DIRECTION('',(-0.0,1.0,0.0));
#2317=DIRECTION('',(1.0,0.0,0.0));
#2318=ORIENTED_EDGE('',*,*,#3914,.F.);
#2319=ORIENTED_EDGE('',*,*,#3888,.F.);
#2320=ORIENTED_EDGE('',*,*,#3915,.T.);
#2321=ORIENTED_EDGE('',*,*,#3916,.F.);
#2322=CARTESIAN_POINT('',(28.8576,3.2,1.7));
#2323=DIRECTION('',(1.0,-0.0,0.0));
#2324=DIRECTION('',(0.0,1.0,0.0));
#2325=ORIENTED_EDGE('',*,*,#3917,.T.);
#2326=ORIENTED_EDGE('',*,*,#3918,.F.);
#2327=ORIENTED_EDGE('',*,*,#3721,.F.);
#2328=ORIENTED_EDGE('',*,*,#3897,.T.);
#2329=ORIENTED_EDGE('',*,*,#3907,.F.);
#2330=ORIENTED_EDGE('',*,*,#3911,.F.);
#2331=ORIENTED_EDGE('',*,*,#3916,.T.);
#2332=CARTESIAN_POINT('',(1.05,0.0,0.0));
#2333=DIRECTION('',(1.0,0.0,0.0));
#2334=DIRECTION('',(0.0,1.0,0.0));
#2335=ORIENTED_EDGE('',*,*,#3886,.F.);
#2336=ORIENTED_EDGE('',*,*,#3561,.F.);
#2337=ORIENTED_EDGE('',*,*,#3858,.T.);
#2338=ORIENTED_EDGE('',*,*,#3919,.T.);
#2339=ORIENTED_EDGE('',*,*,#3920,.F.);
#2340=ORIENTED_EDGE('',*,*,#3722,.T.);
#2341=ORIENTED_EDGE('',*,*,#3918,.T.);
#2342=ORIENTED_EDGE('',*,*,#3921,.T.);
#2343=CARTESIAN_POINT('',(-6.25,2.65,1.1));
#2344=DIRECTION('',(0.0,-1.0,0.0));
#2345=DIRECTION('',(0.0,0.0,-1.0));
#2346=ORIENTED_EDGE('',*,*,#3887,.T.);
#2347=ORIENTED_EDGE('',*,*,#3921,.F.);
#2348=ORIENTED_EDGE('',*,*,#3917,.F.);
#2349=ORIENTED_EDGE('',*,*,#3915,.F.);
#2350=CARTESIAN_POINT('',(-6.25,2.9,1.1));
#2351=DIRECTION('',(0.0,0.0,1.0));
#2352=DIRECTION('',(1.0,0.0,0.0));
#2353=ORIENTED_EDGE('',*,*,#3922,.T.);
#2354=ORIENTED_EDGE('',*,*,#3919,.F.);
#2355=ORIENTED_EDGE('',*,*,#3857,.T.);
#2356=ORIENTED_EDGE('',*,*,#3923,.F.);
#2357=CARTESIAN_POINT('',(-6.25,2.9,1.1));
#2358=DIRECTION('',(0.0,0.0,1.0));
#2359=DIRECTION('',(1.0,0.0,0.0));
#2360=ORIENTED_EDGE('',*,*,#3913,.F.);
#2361=ORIENTED_EDGE('',*,*,#3924,.F.);
#2362=ORIENTED_EDGE('',*,*,#3923,.T.);
#2363=ORIENTED_EDGE('',*,*,#3856,.F.);
#2364=CARTESIAN_POINT('',(28.8576,3.2,1.7));
#2365=DIRECTION('',(1.0,-0.0,0.0));
#2366=DIRECTION('',(0.0,1.0,0.0));
#2367=ORIENTED_EDGE('',*,*,#3912,.T.);
#2368=ORIENTED_EDGE('',*,*,#3909,.T.);
#2369=ORIENTED_EDGE('',*,*,#3895,.F.);
#2370=ORIENTED_EDGE('',*,*,#3723,.T.);
#2371=ORIENTED_EDGE('',*,*,#3920,.T.);
#2372=ORIENTED_EDGE('',*,*,#3922,.F.);
#2373=ORIENTED_EDGE('',*,*,#3924,.T.);
#2374=CARTESIAN_POINT('',(-1.05,0.0,0.0));
#2375=DIRECTION('',(1.0,0.0,0.0));
#2376=DIRECTION('',(0.0,1.0,0.0));
#2377=ORIENTED_EDGE('',*,*,#3901,.T.);
#2378=ORIENTED_EDGE('',*,*,#3908,.T.);
#2379=ORIENTED_EDGE('',*,*,#3905,.F.);
#2380=ORIENTED_EDGE('',*,*,#3903,.T.);
#2381=CARTESIAN_POINT('',(-1.05,2.95,9.75));
#2382=DIRECTION('',(0.0,-1.0,0.0));
#2383=DIRECTION('',(0.0,0.0,-1.0));
#2384=ORIENTED_EDGE('',*,*,#3925,.F.);
#2385=ORIENTED_EDGE('',*,*,#3876,.T.);
#2386=ORIENTED_EDGE('',*,*,#3926,.T.);
#2387=ORIENTED_EDGE('',*,*,#3530,.F.);
#2388=ORIENTED_EDGE('',*,*,#3927,.F.);
#2389=CARTESIAN_POINT('',(7.0,2.0,0.3));
#2390=DIRECTION('',(0.0,0.0,1.0));
#2391=DIRECTION('',(-1.0,0.0,0.0));
#2392=ORIENTED_EDGE('',*,*,#3529,.T.);
#2393=ORIENTED_EDGE('',*,*,#3928,.F.);
#2394=ORIENTED_EDGE('',*,*,#3929,.T.);
#2395=ORIENTED_EDGE('',*,*,#3927,.T.);
#2396=CARTESIAN_POINT('',(7.0,2.0,-1.100000000418));
#2397=DIRECTION('',(-0.0,0.0,1.0));
#2398=DIRECTION('',(0.0,-1.0,0.0));
#2399=ORIENTED_EDGE('',*,*,#3526,.T.);
#2400=ORIENTED_EDGE('',*,*,#3930,.T.);
#2401=ORIENTED_EDGE('',*,*,#3928,.T.);
#2402=ORIENTED_EDGE('',*,*,#3531,.T.);
#2403=CARTESIAN_POINT('',(-8.0,0.0,-1.3));
#2404=DIRECTION('',(0.0,0.0,-1.0));
#2405=DIRECTION('',(0.0,-1.0,0.0));
#2406=ORIENTED_EDGE('',*,*,#3525,.T.);
#2407=ORIENTED_EDGE('',*,*,#3931,.T.);
#2408=ORIENTED_EDGE('',*,*,#3929,.F.);
#2409=ORIENTED_EDGE('',*,*,#3930,.F.);
#2410=CARTESIAN_POINT('',(7.0,2.0,-1.100000000418));
#2411=DIRECTION('',(-0.0,0.0,1.0));
#2412=DIRECTION('',(0.0,-1.0,0.0));
#2413=ORIENTED_EDGE('',*,*,#3926,.F.);
#2414=ORIENTED_EDGE('',*,*,#3875,.T.);
#2415=ORIENTED_EDGE('',*,*,#3925,.T.);
#2416=ORIENTED_EDGE('',*,*,#3931,.F.);
#2417=ORIENTED_EDGE('',*,*,#3528,.F.);
#2418=CARTESIAN_POINT('',(7.0,2.0,0.3));
#2419=DIRECTION('',(0.0,0.0,1.0));
#2420=DIRECTION('',(-1.0,0.0,0.0));
#2421=ORIENTED_EDGE('',*,*,#3762,.T.);
#2422=ORIENTED_EDGE('',*,*,#3730,.F.);
#2423=ORIENTED_EDGE('',*,*,#3790,.F.);
#2424=ORIENTED_EDGE('',*,*,#3783,.F.);
#2425=CARTESIAN_POINT('',(-6.5,-0.95,9.75));
#2426=DIRECTION('',(-0.0,1.0,0.0));
#2427=DIRECTION('',(1.0,0.0,0.0));
#2428=ORIENTED_EDGE('',*,*,#3932,.T.);
#2429=ORIENTED_EDGE('',*,*,#3933,.F.);
#2430=ORIENTED_EDGE('',*,*,#3648,.F.);
#2431=ORIENTED_EDGE('',*,*,#3713,.T.);
#2432=CARTESIAN_POINT('',(6.25,-2.15,2.15));
#2433=DIRECTION('',(1.0,0.0,0.0));
#2434=DIRECTION('',(0.0,1.0,0.0));
#2435=ORIENTED_EDGE('',*,*,#3933,.T.);
#2436=ORIENTED_EDGE('',*,*,#3934,.T.);
#2437=ORIENTED_EDGE('',*,*,#3935,.T.);
#2438=ORIENTED_EDGE('',*,*,#3649,.T.);
#2439=CARTESIAN_POINT('',(-8.0,0.0,2.3));
#2440=DIRECTION('',(0.0,0.0,1.0));
#2441=DIRECTION('',(1.0,0.0,0.0));
#2442=ORIENTED_EDGE('',*,*,#3650,.T.);
#2443=ORIENTED_EDGE('',*,*,#3935,.F.);
#2444=ORIENTED_EDGE('',*,*,#3936,.F.);
#2445=ORIENTED_EDGE('',*,*,#3711,.F.);
#2446=CARTESIAN_POINT('',(5.75,1.15,2.15));
#2447=DIRECTION('',(-1.0,0.0,0.0));
#2448=DIRECTION('',(0.0,0.0,1.0));
#2449=ORIENTED_EDGE('',*,*,#3936,.T.);
#2450=ORIENTED_EDGE('',*,*,#3934,.F.);
#2451=ORIENTED_EDGE('',*,*,#3932,.F.);
#2452=ORIENTED_EDGE('',*,*,#3712,.T.);
#2453=CARTESIAN_POINT('',(6.25,1.15,2.15));
#2454=DIRECTION('',(-0.0,1.0,0.0));
#2455=DIRECTION('',(1.0,0.0,0.0));
#2456=ORIENTED_EDGE('',*,*,#3937,.T.);
#2457=ORIENTED_EDGE('',*,*,#3938,.F.);
#2458=ORIENTED_EDGE('',*,*,#3652,.F.);
#2459=ORIENTED_EDGE('',*,*,#3710,.T.);
#2460=CARTESIAN_POINT('',(4.25,-2.15,2.15));
#2461=DIRECTION('',(1.0,0.0,0.0));
#2462=DIRECTION('',(0.0,1.0,0.0));
#2463=ORIENTED_EDGE('',*,*,#3938,.T.);
#2464=ORIENTED_EDGE('',*,*,#3939,.T.);
#2465=ORIENTED_EDGE('',*,*,#3940,.T.);
#2466=ORIENTED_EDGE('',*,*,#3653,.T.);
#2467=CARTESIAN_POINT('',(-8.0,0.0,2.3));
#2468=DIRECTION('',(0.0,0.0,1.0));
#2469=DIRECTION('',(1.0,0.0,0.0));
#2470=ORIENTED_EDGE('',*,*,#3654,.T.);
#2471=ORIENTED_EDGE('',*,*,#3940,.F.);
#2472=ORIENTED_EDGE('',*,*,#3941,.F.);
#2473=ORIENTED_EDGE('',*,*,#3708,.F.);
#2474=CARTESIAN_POINT('',(3.75,1.15,2.15));
#2475=DIRECTION('',(-1.0,0.0,0.0));
#2476=DIRECTION('',(0.0,0.0,1.0));
#2477=ORIENTED_EDGE('',*,*,#3941,.T.);
#2478=ORIENTED_EDGE('',*,*,#3939,.F.);
#2479=ORIENTED_EDGE('',*,*,#3937,.F.);
#2480=ORIENTED_EDGE('',*,*,#3709,.T.);
#2481=CARTESIAN_POINT('',(4.25,1.15,2.15));
#2482=DIRECTION('',(-0.0,1.0,0.0));
#2483=DIRECTION('',(1.0,0.0,0.0));
#2484=ORIENTED_EDGE('',*,*,#3942,.T.);
#2485=ORIENTED_EDGE('',*,*,#3943,.F.);
#2486=ORIENTED_EDGE('',*,*,#3656,.F.);
#2487=ORIENTED_EDGE('',*,*,#3707,.T.);
#2488=CARTESIAN_POINT('',(2.25,-2.15,2.15));
#2489=DIRECTION('',(1.0,0.0,0.0));
#2490=DIRECTION('',(0.0,1.0,0.0));
#2491=ORIENTED_EDGE('',*,*,#3943,.T.);
#2492=ORIENTED_EDGE('',*,*,#3944,.T.);
#2493=ORIENTED_EDGE('',*,*,#3945,.T.);
#2494=ORIENTED_EDGE('',*,*,#3657,.T.);
#2495=CARTESIAN_POINT('',(-8.0,0.0,2.3));
#2496=DIRECTION('',(0.0,0.0,1.0));
#2497=DIRECTION('',(1.0,0.0,0.0));
#2498=ORIENTED_EDGE('',*,*,#3658,.T.);
#2499=ORIENTED_EDGE('',*,*,#3945,.F.);
#2500=ORIENTED_EDGE('',*,*,#3946,.F.);
#2501=ORIENTED_EDGE('',*,*,#3705,.F.);
#2502=CARTESIAN_POINT('',(1.75,1.15,2.15));
#2503=DIRECTION('',(-1.0,0.0,0.0));
#2504=DIRECTION('',(0.0,0.0,1.0));
#2505=ORIENTED_EDGE('',*,*,#3946,.T.);
#2506=ORIENTED_EDGE('',*,*,#3944,.F.);
#2507=ORIENTED_EDGE('',*,*,#3942,.F.);
#2508=ORIENTED_EDGE('',*,*,#3706,.T.);
#2509=CARTESIAN_POINT('',(2.25,1.15,2.15));
#2510=DIRECTION('',(-0.0,1.0,0.0));
#2511=DIRECTION('',(1.0,0.0,0.0));
#2512=ORIENTED_EDGE('',*,*,#3947,.T.);
#2513=ORIENTED_EDGE('',*,*,#3948,.F.);
#2514=ORIENTED_EDGE('',*,*,#3660,.F.);
#2515=ORIENTED_EDGE('',*,*,#3704,.T.);
#2516=CARTESIAN_POINT('',(0.25,-2.15,2.15));
#2517=DIRECTION('',(1.0,0.0,0.0));
#2518=DIRECTION('',(0.0,1.0,0.0));
#2519=ORIENTED_EDGE('',*,*,#3948,.T.);
#2520=ORIENTED_EDGE('',*,*,#3949,.T.);
#2521=ORIENTED_EDGE('',*,*,#3950,.T.);
#2522=ORIENTED_EDGE('',*,*,#3661,.T.);
#2523=CARTESIAN_POINT('',(-8.0,0.0,2.3));
#2524=DIRECTION('',(0.0,0.0,1.0));
#2525=DIRECTION('',(1.0,0.0,0.0));
#2526=ORIENTED_EDGE('',*,*,#3662,.T.);
#2527=ORIENTED_EDGE('',*,*,#3950,.F.);
#2528=ORIENTED_EDGE('',*,*,#3951,.F.);
#2529=ORIENTED_EDGE('',*,*,#3702,.F.);
#2530=CARTESIAN_POINT('',(-0.25,1.15,2.15));
#2531=DIRECTION('',(-1.0,0.0,0.0));
#2532=DIRECTION('',(0.0,0.0,1.0));
#2533=ORIENTED_EDGE('',*,*,#3951,.T.);
#2534=ORIENTED_EDGE('',*,*,#3949,.F.);
#2535=ORIENTED_EDGE('',*,*,#3947,.F.);
#2536=ORIENTED_EDGE('',*,*,#3703,.T.);
#2537=CARTESIAN_POINT('',(0.25,1.15,2.15));
#2538=DIRECTION('',(-0.0,1.0,0.0));
#2539=DIRECTION('',(1.0,0.0,0.0));
#2540=ORIENTED_EDGE('',*,*,#3952,.T.);
#2541=ORIENTED_EDGE('',*,*,#3953,.F.);
#2542=ORIENTED_EDGE('',*,*,#3664,.F.);
#2543=ORIENTED_EDGE('',*,*,#3701,.T.);
#2544=CARTESIAN_POINT('',(-1.75,-2.15,2.15));
#2545=DIRECTION('',(1.0,0.0,0.0));
#2546=DIRECTION('',(0.0,1.0,0.0));
#2547=ORIENTED_EDGE('',*,*,#3953,.T.);
#2548=ORIENTED_EDGE('',*,*,#3954,.T.);
#2549=ORIENTED_EDGE('',*,*,#3955,.T.);
#2550=ORIENTED_EDGE('',*,*,#3665,.T.);
#2551=CARTESIAN_POINT('',(-8.0,0.0,2.3));
#2552=DIRECTION('',(0.0,0.0,1.0));
#2553=DIRECTION('',(1.0,0.0,0.0));
#2554=ORIENTED_EDGE('',*,*,#3666,.T.);
#2555=ORIENTED_EDGE('',*,*,#3955,.F.);
#2556=ORIENTED_EDGE('',*,*,#3956,.F.);
#2557=ORIENTED_EDGE('',*,*,#3699,.F.);
#2558=CARTESIAN_POINT('',(-2.25,1.15,2.15));
#2559=DIRECTION('',(-1.0,0.0,0.0));
#2560=DIRECTION('',(0.0,0.0,1.0));
#2561=ORIENTED_EDGE('',*,*,#3956,.T.);
#2562=ORIENTED_EDGE('',*,*,#3954,.F.);
#2563=ORIENTED_EDGE('',*,*,#3952,.F.);
#2564=ORIENTED_EDGE('',*,*,#3700,.T.);
#2565=CARTESIAN_POINT('',(-1.75,1.15,2.15));
#2566=DIRECTION('',(-0.0,1.0,0.0));
#2567=DIRECTION('',(1.0,0.0,0.0));
#2568=ORIENTED_EDGE('',*,*,#3957,.T.);
#2569=ORIENTED_EDGE('',*,*,#3958,.F.);
#2570=ORIENTED_EDGE('',*,*,#3668,.F.);
#2571=ORIENTED_EDGE('',*,*,#3698,.T.);
#2572=CARTESIAN_POINT('',(-3.75,-2.15,2.15));
#2573=DIRECTION('',(1.0,0.0,0.0));
#2574=DIRECTION('',(0.0,1.0,0.0));
#2575=ORIENTED_EDGE('',*,*,#3958,.T.);
#2576=ORIENTED_EDGE('',*,*,#3959,.T.);
#2577=ORIENTED_EDGE('',*,*,#3960,.T.);
#2578=ORIENTED_EDGE('',*,*,#3669,.T.);
#2579=CARTESIAN_POINT('',(-8.0,0.0,2.3));
#2580=DIRECTION('',(0.0,0.0,1.0));
#2581=DIRECTION('',(1.0,0.0,0.0));
#2582=ORIENTED_EDGE('',*,*,#3670,.T.);
#2583=ORIENTED_EDGE('',*,*,#3960,.F.);
#2584=ORIENTED_EDGE('',*,*,#3961,.F.);
#2585=ORIENTED_EDGE('',*,*,#3696,.F.);
#2586=CARTESIAN_POINT('',(-4.25,1.15,2.15));
#2587=DIRECTION('',(-1.0,0.0,0.0));
#2588=DIRECTION('',(0.0,0.0,1.0));
#2589=ORIENTED_EDGE('',*,*,#3961,.T.);
#2590=ORIENTED_EDGE('',*,*,#3959,.F.);
#2591=ORIENTED_EDGE('',*,*,#3957,.F.);
#2592=ORIENTED_EDGE('',*,*,#3697,.T.);
#2593=CARTESIAN_POINT('',(-3.75,1.15,2.15));
#2594=DIRECTION('',(-0.0,1.0,0.0));
#2595=DIRECTION('',(1.0,0.0,0.0));
#2596=ORIENTED_EDGE('',*,*,#3962,.F.);
#2597=ORIENTED_EDGE('',*,*,#3963,.F.);
#2598=ORIENTED_EDGE('',*,*,#3964,.F.);
#2599=ORIENTED_EDGE('',*,*,#3736,.F.);
#2600=CARTESIAN_POINT('',(4.75,0.0,0.0));
#2601=DIRECTION('',(1.0,0.0,0.0));
#2602=DIRECTION('',(0.0,1.0,0.0));
#2603=ORIENTED_EDGE('',*,*,#3965,.F.);
#2604=ORIENTED_EDGE('',*,*,#3966,.F.);
#2605=ORIENTED_EDGE('',*,*,#3595,.T.);
#2606=ORIENTED_EDGE('',*,*,#3967,.F.);
#2607=CARTESIAN_POINT('',(4.75,0.0,0.0));
#2608=DIRECTION('',(1.0,0.0,0.0));
#2609=DIRECTION('',(0.0,1.0,0.0));
#2610=ORIENTED_EDGE('',*,*,#3968,.T.);
#2611=ORIENTED_EDGE('',*,*,#3969,.T.);
#2612=ORIENTED_EDGE('',*,*,#3970,.F.);
#2613=ORIENTED_EDGE('',*,*,#3753,.F.);
#2614=CARTESIAN_POINT('',(4.75,0.35,-3.2));
#2615=DIRECTION('',(-0.0,1.0,0.0));
#2616=DIRECTION('',(1.0,0.0,0.0));
#2617=ORIENTED_EDGE('',*,*,#3964,.T.);
#2618=ORIENTED_EDGE('',*,*,#3971,.T.);
#2619=ORIENTED_EDGE('',*,*,#3972,.F.);
#2620=ORIENTED_EDGE('',*,*,#3733,.F.);
#2621=CARTESIAN_POINT('',(4.75,0.35,-3.2));
#2622=DIRECTION('',(-0.0,1.0,0.0));
#2623=DIRECTION('',(1.0,0.0,0.0));
#2624=ORIENTED_EDGE('',*,*,#3973,.T.);
#2625=ORIENTED_EDGE('',*,*,#3974,.T.);
#2626=ORIENTED_EDGE('',*,*,#3967,.T.);
#2627=ORIENTED_EDGE('',*,*,#3594,.T.);
#2628=ORIENTED_EDGE('',*,*,#3975,.F.);
#2629=ORIENTED_EDGE('',*,*,#3976,.T.);
#2630=ORIENTED_EDGE('',*,*,#3977,.T.);
#2631=ORIENTED_EDGE('',*,*,#3978,.T.);
#2632=CARTESIAN_POINT('',(4.75,0.35,-3.2));
#2633=DIRECTION('',(-0.0,1.0,0.0));
#2634=DIRECTION('',(1.0,0.0,0.0));
#2635=ORIENTED_EDGE('',*,*,#3979,.T.);
#2636=ORIENTED_EDGE('',*,*,#3980,.T.);
#2637=ORIENTED_EDGE('',*,*,#3981,.T.);
#2638=ORIENTED_EDGE('',*,*,#3614,.T.);
#2639=ORIENTED_EDGE('',*,*,#3982,.F.);
#2640=ORIENTED_EDGE('',*,*,#3983,.T.);
#2641=ORIENTED_EDGE('',*,*,#3984,.T.);
#2642=ORIENTED_EDGE('',*,*,#3985,.T.);
#2643=CARTESIAN_POINT('',(4.75,0.35,-3.2));
#2644=DIRECTION('',(-0.0,1.0,0.0));
#2645=DIRECTION('',(1.0,0.0,0.0));
#2646=ORIENTED_EDGE('',*,*,#3970,.T.);
#2647=ORIENTED_EDGE('',*,*,#3986,.T.);
#2648=ORIENTED_EDGE('',*,*,#3987,.T.);
#2649=ORIENTED_EDGE('',*,*,#3754,.T.);
#2650=CARTESIAN_POINT('',(-4.75,0.0,0.0));
#2651=DIRECTION('',(1.0,0.0,0.0));
#2652=DIRECTION('',(0.0,1.0,0.0));
#2653=ORIENTED_EDGE('',*,*,#3988,.T.);
#2654=ORIENTED_EDGE('',*,*,#3982,.T.);
#2655=ORIENTED_EDGE('',*,*,#3613,.F.);
#2656=ORIENTED_EDGE('',*,*,#3989,.T.);
#2657=CARTESIAN_POINT('',(-4.75,0.0,0.0));
#2658=DIRECTION('',(1.0,0.0,0.0));
#2659=DIRECTION('',(0.0,1.0,0.0));
#2660=ORIENTED_EDGE('',*,*,#3987,.F.);
#2661=ORIENTED_EDGE('',*,*,#3990,.F.);
#2662=ORIENTED_EDGE('',*,*,#3991,.T.);
#2663=ORIENTED_EDGE('',*,*,#3755,.T.);
#2664=CARTESIAN_POINT('',(4.75,-0.15,5.95));
#2665=DIRECTION('',(0.0,-1.0,0.0));
#2666=DIRECTION('',(0.0,0.0,-1.0));
#2667=ORIENTED_EDGE('',*,*,#3992,.F.);
#2668=ORIENTED_EDGE('',*,*,#3993,.F.);
#2669=ORIENTED_EDGE('',*,*,#3962,.T.);
#2670=ORIENTED_EDGE('',*,*,#3735,.T.);
#2671=CARTESIAN_POINT('',(4.75,-0.15,5.95));
#2672=DIRECTION('',(0.0,-1.0,0.0));
#2673=DIRECTION('',(0.0,0.0,-1.0));
#2674=ORIENTED_EDGE('',*,*,#3994,.F.);
#2675=ORIENTED_EDGE('',*,*,#3995,.F.);
#2676=ORIENTED_EDGE('',*,*,#3996,.F.);
#2677=ORIENTED_EDGE('',*,*,#3592,.F.);
#2678=ORIENTED_EDGE('',*,*,#3966,.T.);
#2679=ORIENTED_EDGE('',*,*,#3997,.F.);
#2680=ORIENTED_EDGE('',*,*,#3998,.F.);
#2681=ORIENTED_EDGE('',*,*,#3999,.T.);
#2682=CARTESIAN_POINT('',(4.75,-0.15,5.95));
#2683=DIRECTION('',(0.0,-1.0,0.0));
#2684=DIRECTION('',(0.0,0.0,-1.0));
#2685=ORIENTED_EDGE('',*,*,#4000,.F.);
#2686=ORIENTED_EDGE('',*,*,#4001,.F.);
#2687=ORIENTED_EDGE('',*,*,#3989,.F.);
#2688=ORIENTED_EDGE('',*,*,#3612,.F.);
#2689=ORIENTED_EDGE('',*,*,#4002,.T.);
#2690=ORIENTED_EDGE('',*,*,#4003,.F.);
#2691=ORIENTED_EDGE('',*,*,#4004,.F.);
#2692=ORIENTED_EDGE('',*,*,#4005,.T.);
#2693=CARTESIAN_POINT('',(4.75,-0.15,5.95));
#2694=DIRECTION('',(0.0,-1.0,0.0));
#2695=DIRECTION('',(0.0,0.0,-1.0));
#2696=ORIENTED_EDGE('',*,*,#3991,.F.);
#2697=ORIENTED_EDGE('',*,*,#4006,.F.);
#2698=ORIENTED_EDGE('',*,*,#3968,.F.);
#2699=ORIENTED_EDGE('',*,*,#3756,.F.);
#2700=CARTESIAN_POINT('',(-5.25,0.0,0.0));
#2701=DIRECTION('',(1.0,0.0,0.0));
#2702=DIRECTION('',(0.0,1.0,0.0));
#2703=ORIENTED_EDGE('',*,*,#4007,.F.);
#2704=ORIENTED_EDGE('',*,*,#4002,.F.);
#2705=ORIENTED_EDGE('',*,*,#3615,.T.);
#2706=ORIENTED_EDGE('',*,*,#3981,.F.);
#2707=CARTESIAN_POINT('',(-5.25,0.0,0.0));
#2708=DIRECTION('',(1.0,0.0,0.0));
#2709=DIRECTION('',(0.0,1.0,0.0));
#2710=ORIENTED_EDGE('',*,*,#3990,.T.);
#2711=ORIENTED_EDGE('',*,*,#3986,.F.);
#2712=ORIENTED_EDGE('',*,*,#3969,.F.);
#2713=ORIENTED_EDGE('',*,*,#4006,.T.);
#2714=CARTESIAN_POINT('',(-5.25,0.35,5.95));
#2715=DIRECTION('',(0.0,0.0,1.0));
#2716=DIRECTION('',(1.0,0.0,0.0));
#2717=ORIENTED_EDGE('',*,*,#4008,.T.);
#2718=ORIENTED_EDGE('',*,*,#4003,.T.);
#2719=ORIENTED_EDGE('',*,*,#4007,.T.);
#2720=ORIENTED_EDGE('',*,*,#3980,.F.);
#2721=CARTESIAN_POINT('',(-5.4,0.35,-1.5));
#2722=DIRECTION('',(-0.988936352868304,0.0,0.148340452930201));
#2723=DIRECTION('',(0.0,1.0,0.0));
#2724=ORIENTED_EDGE('',*,*,#4004,.T.);
#2725=ORIENTED_EDGE('',*,*,#4008,.F.);
#2726=ORIENTED_EDGE('',*,*,#3979,.F.);
#2727=ORIENTED_EDGE('',*,*,#4009,.T.);
#2728=CARTESIAN_POINT('',(-5.248013642695,0.35,-3.2));
#2729=DIRECTION('',(-0.996027285389739,0.0,-0.0890485640487734));
#2730=DIRECTION('',(-0.0890485640487734,0.0,0.996027285389739));
#2731=ORIENTED_EDGE('',*,*,#4010,.T.);
#2732=ORIENTED_EDGE('',*,*,#4011,.T.);
#2733=ORIENTED_EDGE('',*,*,#4012,.T.);
#2734=ORIENTED_EDGE('',*,*,#4009,.F.);
#2735=CARTESIAN_POINT('',(-5.206688349909,0.1,-2.96036805268));
#2736=DIRECTION('',(-0.939678609807264,0.0,-0.342058635720087));
#2737=DIRECTION('',(-0.342058635720087,0.0,0.939678609807264));
#2738=ORIENTED_EDGE('',*,*,#4012,.F.);
#2739=ORIENTED_EDGE('',*,*,#4013,.T.);
#2740=ORIENTED_EDGE('',*,*,#4014,.T.);
#2741=ORIENTED_EDGE('',*,*,#4005,.F.);
#2742=CARTESIAN_POINT('',(-5.019933233899,-0.08749999999998,-2.943671446921));
#2743=DIRECTION('',(0.0228875026754698,-0.966405365196492,-0.256001625660298));
#2744=DIRECTION('',(0.0,0.256068703676415,-0.96665858450514));
#2745=ORIENTED_EDGE('',*,*,#4014,.F.);
#2746=ORIENTED_EDGE('',*,*,#4015,.F.);
#2747=ORIENTED_EDGE('',*,*,#4016,.T.);
#2748=ORIENTED_EDGE('',*,*,#4017,.T.);
#2749=CARTESIAN_POINT('',(-4.833178117888,0.1,-2.926974841162));
#2750=DIRECTION('',(0.985453615158216,0.0,-0.169944615600503));
#2751=DIRECTION('',(0.0,-1.0,0.0));
#2752=ORIENTED_EDGE('',*,*,#3984,.F.);
#2753=ORIENTED_EDGE('',*,*,#4018,.T.);
#2754=ORIENTED_EDGE('',*,*,#4000,.T.);
#2755=ORIENTED_EDGE('',*,*,#4017,.F.);
#2756=CARTESIAN_POINT('',(-4.89800571999,0.35,-1.5));
#2757=DIRECTION('',(0.996027285389739,0.0,0.0890485640487734));
#2758=DIRECTION('',(0.0,-1.0,0.0));
#2759=ORIENTED_EDGE('',*,*,#3988,.F.);
#2760=ORIENTED_EDGE('',*,*,#4001,.T.);
#2761=ORIENTED_EDGE('',*,*,#4018,.F.);
#2762=ORIENTED_EDGE('',*,*,#3983,.F.);
#2763=CARTESIAN_POINT('',(-4.75,0.35,-0.5));
#2764=DIRECTION('',(0.989223877552093,0.0,-0.146410792227899));
#2765=DIRECTION('',(0.0,-1.0,0.0));
#2766=ORIENTED_EDGE('',*,*,#4010,.F.);
#2767=ORIENTED_EDGE('',*,*,#3985,.F.);
#2768=ORIENTED_EDGE('',*,*,#4016,.F.);
#2769=ORIENTED_EDGE('',*,*,#4019,.T.);
#2770=CARTESIAN_POINT('',(-5.019933233899,0.2875,-2.943671446921));
#2771=DIRECTION('',(0.0228875026754698,0.966405365196492,-0.256001625660298));
#2772=DIRECTION('',(-0.996027285389739,-3.35289214863259E-18,-0.0890485640487634));
#2773=ORIENTED_EDGE('',*,*,#4019,.F.);
#2774=ORIENTED_EDGE('',*,*,#4015,.T.);
#2775=ORIENTED_EDGE('',*,*,#4013,.F.);
#2776=ORIENTED_EDGE('',*,*,#4011,.F.);
#2777=CARTESIAN_POINT('',(-4.75,0.35,-3.155475717976));
#2778=DIRECTION('',(0.0890485640487734,0.0,-0.996027285389739));
#2779=DIRECTION('',(0.0,-1.0,0.0));
#2780=ORIENTED_EDGE('',*,*,#3993,.T.);
#2781=ORIENTED_EDGE('',*,*,#4020,.F.);
#2782=ORIENTED_EDGE('',*,*,#3971,.F.);
#2783=ORIENTED_EDGE('',*,*,#3963,.T.);
#2784=CARTESIAN_POINT('',(4.75,0.35,5.95));
#2785=DIRECTION('',(0.0,0.0,1.0));
#2786=DIRECTION('',(1.0,0.0,0.0));
#2787=ORIENTED_EDGE('',*,*,#3972,.T.);
#2788=ORIENTED_EDGE('',*,*,#4020,.T.);
#2789=ORIENTED_EDGE('',*,*,#3992,.T.);
#2790=ORIENTED_EDGE('',*,*,#3734,.T.);
#2791=CARTESIAN_POINT('',(5.25,0.0,0.0));
#2792=DIRECTION('',(1.0,0.0,0.0));
#2793=DIRECTION('',(0.0,1.0,0.0));
#2794=ORIENTED_EDGE('',*,*,#4021,.T.);
#2795=ORIENTED_EDGE('',*,*,#3975,.T.);
#2796=ORIENTED_EDGE('',*,*,#3593,.F.);
#2797=ORIENTED_EDGE('',*,*,#3996,.T.);
#2798=CARTESIAN_POINT('',(5.25,0.0,0.0));
#2799=DIRECTION('',(1.0,0.0,0.0));
#2800=DIRECTION('',(0.0,1.0,0.0));
#2801=ORIENTED_EDGE('',*,*,#3995,.T.);
#2802=ORIENTED_EDGE('',*,*,#4022,.F.);
#2803=ORIENTED_EDGE('',*,*,#3976,.F.);
#2804=ORIENTED_EDGE('',*,*,#4021,.F.);
#2805=CARTESIAN_POINT('',(5.25,0.35,-0.5));
#2806=DIRECTION('',(0.988936352868304,0.0,0.148340452930201));
#2807=DIRECTION('',(0.0,-1.0,0.0));
#2808=ORIENTED_EDGE('',*,*,#3977,.F.);
#2809=ORIENTED_EDGE('',*,*,#4022,.T.);
#2810=ORIENTED_EDGE('',*,*,#3994,.T.);
#2811=ORIENTED_EDGE('',*,*,#4023,.F.);
#2812=CARTESIAN_POINT('',(5.4,0.35,-1.5));
#2813=DIRECTION('',(0.996027285389739,0.0,-0.0890485640487734));
#2814=DIRECTION('',(0.0,-1.0,0.0));
#2815=ORIENTED_EDGE('',*,*,#4024,.F.);
#2816=ORIENTED_EDGE('',*,*,#4025,.F.);
#2817=ORIENTED_EDGE('',*,*,#4026,.T.);
#2818=ORIENTED_EDGE('',*,*,#4023,.T.);
#2819=CARTESIAN_POINT('',(5.206688349909,0.1,-2.96036805268));
#2820=DIRECTION('',(0.939678609807264,0.0,-0.342058635720087));
#2821=DIRECTION('',(0.0,-1.0,0.0));
#2822=ORIENTED_EDGE('',*,*,#4027,.F.);
#2823=ORIENTED_EDGE('',*,*,#3978,.F.);
#2824=ORIENTED_EDGE('',*,*,#4026,.F.);
#2825=ORIENTED_EDGE('',*,*,#4028,.T.);
#2826=CARTESIAN_POINT('',(5.019933233899,0.2875,-2.943671446921));
#2827=DIRECTION('',(-0.0228875026754698,0.966405365196492,-0.256001625660298));
#2828=DIRECTION('',(-0.996027285389739,3.35289214863259E-18,0.0890485640487634));
#2829=ORIENTED_EDGE('',*,*,#4028,.F.);
#2830=ORIENTED_EDGE('',*,*,#4025,.T.);
#2831=ORIENTED_EDGE('',*,*,#4029,.F.);
#2832=ORIENTED_EDGE('',*,*,#4030,.F.);
#2833=CARTESIAN_POINT('',(5.248013642695,0.35,-3.2));
#2834=DIRECTION('',(-0.0890485640487734,0.0,-0.996027285389739));
#2835=DIRECTION('',(-0.996027285389739,0.0,0.0890485640487734));
#2836=ORIENTED_EDGE('',*,*,#4027,.T.);
#2837=ORIENTED_EDGE('',*,*,#4030,.T.);
#2838=ORIENTED_EDGE('',*,*,#4031,.T.);
#2839=ORIENTED_EDGE('',*,*,#4032,.F.);
#2840=CARTESIAN_POINT('',(4.833178117888,0.1,-2.926974841162));
#2841=DIRECTION('',(-0.985453615158216,0.0,-0.169944615600503));
#2842=DIRECTION('',(-0.169944615600503,0.0,0.985453615158216));
#2843=ORIENTED_EDGE('',*,*,#3998,.T.);
#2844=ORIENTED_EDGE('',*,*,#4033,.F.);
#2845=ORIENTED_EDGE('',*,*,#3973,.F.);
#2846=ORIENTED_EDGE('',*,*,#4032,.T.);
#2847=CARTESIAN_POINT('',(4.75,0.35,-3.155475717976));
#2848=DIRECTION('',(-0.996027285389739,0.0,0.0890485640487734));
#2849=DIRECTION('',(0.0,1.0,0.0));
#2850=ORIENTED_EDGE('',*,*,#3974,.F.);
#2851=ORIENTED_EDGE('',*,*,#4033,.T.);
#2852=ORIENTED_EDGE('',*,*,#3997,.T.);
#2853=ORIENTED_EDGE('',*,*,#3965,.T.);
#2854=CARTESIAN_POINT('',(4.89800571999,0.35,-1.5));
#2855=DIRECTION('',(-0.989223877552093,0.0,-0.146410792227899));
#2856=DIRECTION('',(-0.146410792227899,0.0,0.989223877552093));
#2857=ORIENTED_EDGE('',*,*,#4031,.F.);
#2858=ORIENTED_EDGE('',*,*,#4029,.T.);
#2859=ORIENTED_EDGE('',*,*,#4024,.T.);
#2860=ORIENTED_EDGE('',*,*,#3999,.F.);
#2861=CARTESIAN_POINT('',(5.019933233899,-0.08749999999998,-2.943671446921));
#2862=DIRECTION('',(-0.0228875026754698,-0.966405365196492,-0.256001625660298));
#2863=DIRECTION('',(0.0,0.256068703676415,-0.96665858450514));
#2864=ORIENTED_EDGE('',*,*,#4034,.F.);
#2865=ORIENTED_EDGE('',*,*,#4035,.F.);
#2866=ORIENTED_EDGE('',*,*,#4036,.F.);
#2867=ORIENTED_EDGE('',*,*,#3740,.F.);
#2868=CARTESIAN_POINT('',(2.75,0.0,0.0));
#2869=DIRECTION('',(1.0,0.0,0.0));
#2870=DIRECTION('',(0.0,1.0,0.0));
#2871=ORIENTED_EDGE('',*,*,#4037,.F.);
#2872=ORIENTED_EDGE('',*,*,#3599,.T.);
#2873=ORIENTED_EDGE('',*,*,#4038,.F.);
#2874=ORIENTED_EDGE('',*,*,#4039,.T.);
#2875=CARTESIAN_POINT('',(2.75,0.0,0.0));
#2876=DIRECTION('',(1.0,0.0,0.0));
#2877=DIRECTION('',(0.0,1.0,0.0));
#2878=ORIENTED_EDGE('',*,*,#4036,.T.);
#2879=ORIENTED_EDGE('',*,*,#4040,.T.);
#2880=ORIENTED_EDGE('',*,*,#4041,.F.);
#2881=ORIENTED_EDGE('',*,*,#3737,.F.);
#2882=CARTESIAN_POINT('',(2.75,0.35,-3.2));
#2883=DIRECTION('',(-0.0,1.0,0.0));
#2884=DIRECTION('',(1.0,0.0,0.0));
#2885=ORIENTED_EDGE('',*,*,#4038,.T.);
#2886=ORIENTED_EDGE('',*,*,#3598,.T.);
#2887=ORIENTED_EDGE('',*,*,#4042,.F.);
#2888=ORIENTED_EDGE('',*,*,#4043,.T.);
#2889=CARTESIAN_POINT('',(2.75,0.35,-3.2));
#2890=DIRECTION('',(-0.0,1.0,0.0));
#2891=DIRECTION('',(1.0,0.0,0.0));
#2892=ORIENTED_EDGE('',*,*,#4041,.T.);
#2893=ORIENTED_EDGE('',*,*,#4044,.T.);
#2894=ORIENTED_EDGE('',*,*,#4045,.T.);
#2895=ORIENTED_EDGE('',*,*,#3738,.T.);
#2896=CARTESIAN_POINT('',(3.25,0.0,0.0));
#2897=DIRECTION('',(1.0,0.0,0.0));
#2898=DIRECTION('',(0.0,1.0,0.0));
#2899=ORIENTED_EDGE('',*,*,#4042,.T.);
#2900=ORIENTED_EDGE('',*,*,#3597,.F.);
#2901=ORIENTED_EDGE('',*,*,#4046,.T.);
#2902=ORIENTED_EDGE('',*,*,#4047,.T.);
#2903=CARTESIAN_POINT('',(3.25,0.0,0.0));
#2904=DIRECTION('',(1.0,0.0,0.0));
#2905=DIRECTION('',(0.0,1.0,0.0));
#2906=ORIENTED_EDGE('',*,*,#4045,.F.);
#2907=ORIENTED_EDGE('',*,*,#4048,.F.);
#2908=ORIENTED_EDGE('',*,*,#4034,.T.);
#2909=ORIENTED_EDGE('',*,*,#3739,.T.);
#2910=CARTESIAN_POINT('',(2.75,-0.15,5.95));
#2911=DIRECTION('',(0.0,-1.0,0.0));
#2912=DIRECTION('',(0.0,0.0,-1.0));
#2913=ORIENTED_EDGE('',*,*,#4046,.F.);
#2914=ORIENTED_EDGE('',*,*,#3596,.F.);
#2915=ORIENTED_EDGE('',*,*,#4037,.T.);
#2916=ORIENTED_EDGE('',*,*,#4049,.F.);
#2917=CARTESIAN_POINT('',(2.75,-0.15,5.95));
#2918=DIRECTION('',(0.0,-1.0,0.0));
#2919=DIRECTION('',(0.0,0.0,-1.0));
#2920=ORIENTED_EDGE('',*,*,#4048,.T.);
#2921=ORIENTED_EDGE('',*,*,#4044,.F.);
#2922=ORIENTED_EDGE('',*,*,#4040,.F.);
#2923=ORIENTED_EDGE('',*,*,#4035,.T.);
#2924=CARTESIAN_POINT('',(2.75,0.35,5.95));
#2925=DIRECTION('',(0.0,0.0,1.0));
#2926=DIRECTION('',(1.0,0.0,0.0));
#2927=ORIENTED_EDGE('',*,*,#4050,.F.);
#2928=ORIENTED_EDGE('',*,*,#4051,.F.);
#2929=ORIENTED_EDGE('',*,*,#4052,.T.);
#2930=ORIENTED_EDGE('',*,*,#4049,.T.);
#2931=CARTESIAN_POINT('',(3.0,-0.08749999999998,-2.965));
#2932=DIRECTION('',(0.0,-0.966405365196492,-0.257022703509698));
#2933=DIRECTION('',(0.0,0.257022703509698,-0.966405365196492));
#2934=ORIENTED_EDGE('',*,*,#4053,.F.);
#2935=ORIENTED_EDGE('',*,*,#4047,.F.);
#2936=ORIENTED_EDGE('',*,*,#4052,.F.);
#2937=ORIENTED_EDGE('',*,*,#4054,.T.);
#2938=CARTESIAN_POINT('',(3.1875,0.1,-2.965));
#2939=DIRECTION('',(0.966405365196492,0.0,-0.257022703509698));
#2940=DIRECTION('',(0.0,-1.0,0.0));
#2941=ORIENTED_EDGE('',*,*,#4054,.F.);
#2942=ORIENTED_EDGE('',*,*,#4051,.T.);
#2943=ORIENTED_EDGE('',*,*,#4055,.F.);
#2944=ORIENTED_EDGE('',*,*,#4056,.F.);
#2945=CARTESIAN_POINT('',(2.75,-0.15,-3.2));
#2946=DIRECTION('',(0.0,0.0,-1.0));
#2947=DIRECTION('',(0.0,-1.0,0.0));
#2948=ORIENTED_EDGE('',*,*,#4053,.T.);
#2949=ORIENTED_EDGE('',*,*,#4056,.T.);
#2950=ORIENTED_EDGE('',*,*,#4057,.T.);
#2951=ORIENTED_EDGE('',*,*,#4043,.F.);
#2952=CARTESIAN_POINT('',(3.0,0.2875,-2.965));
#2953=DIRECTION('',(0.0,0.966405365196492,-0.257022703509698));
#2954=DIRECTION('',(-1.0,0.0,0.0));
#2955=ORIENTED_EDGE('',*,*,#4057,.F.);
#2956=ORIENTED_EDGE('',*,*,#4055,.T.);
#2957=ORIENTED_EDGE('',*,*,#4050,.T.);
#2958=ORIENTED_EDGE('',*,*,#4039,.F.);
#2959=CARTESIAN_POINT('',(2.8125,0.1,-2.965));
#2960=DIRECTION('',(-0.966405365196492,0.0,-0.257022703509698));
#2961=DIRECTION('',(-0.257022703509698,0.0,0.966405365196492));
#2962=ORIENTED_EDGE('',*,*,#4058,.F.);
#2963=ORIENTED_EDGE('',*,*,#4059,.F.);
#2964=ORIENTED_EDGE('',*,*,#4060,.F.);
#2965=ORIENTED_EDGE('',*,*,#3744,.F.);
#2966=CARTESIAN_POINT('',(0.75,0.0,0.0));
#2967=DIRECTION('',(1.0,0.0,0.0));
#2968=DIRECTION('',(0.0,1.0,0.0));
#2969=ORIENTED_EDGE('',*,*,#4061,.F.);
#2970=ORIENTED_EDGE('',*,*,#3603,.T.);
#2971=ORIENTED_EDGE('',*,*,#4062,.F.);
#2972=ORIENTED_EDGE('',*,*,#4063,.T.);
#2973=CARTESIAN_POINT('',(0.75,0.0,0.0));
#2974=DIRECTION('',(1.0,0.0,0.0));
#2975=DIRECTION('',(0.0,1.0,0.0));
#2976=ORIENTED_EDGE('',*,*,#4060,.T.);
#2977=ORIENTED_EDGE('',*,*,#4064,.T.);
#2978=ORIENTED_EDGE('',*,*,#4065,.F.);
#2979=ORIENTED_EDGE('',*,*,#3741,.F.);
#2980=CARTESIAN_POINT('',(0.75,0.35,-3.2));
#2981=DIRECTION('',(-0.0,1.0,0.0));
#2982=DIRECTION('',(1.0,0.0,0.0));
#2983=ORIENTED_EDGE('',*,*,#4062,.T.);
#2984=ORIENTED_EDGE('',*,*,#3602,.T.);
#2985=ORIENTED_EDGE('',*,*,#4066,.F.);
#2986=ORIENTED_EDGE('',*,*,#4067,.T.);
#2987=CARTESIAN_POINT('',(0.75,0.35,-3.2));
#2988=DIRECTION('',(-0.0,1.0,0.0));
#2989=DIRECTION('',(1.0,0.0,0.0));
#2990=ORIENTED_EDGE('',*,*,#4065,.T.);
#2991=ORIENTED_EDGE('',*,*,#4068,.T.);
#2992=ORIENTED_EDGE('',*,*,#4069,.T.);
#2993=ORIENTED_EDGE('',*,*,#3742,.T.);
#2994=CARTESIAN_POINT('',(1.25,0.0,0.0));
#2995=DIRECTION('',(1.0,0.0,0.0));
#2996=DIRECTION('',(0.0,1.0,0.0));
#2997=ORIENTED_EDGE('',*,*,#4066,.T.);
#2998=ORIENTED_EDGE('',*,*,#3601,.F.);
#2999=ORIENTED_EDGE('',*,*,#4070,.T.);
#3000=ORIENTED_EDGE('',*,*,#4071,.T.);
#3001=CARTESIAN_POINT('',(1.25,0.0,0.0));
#3002=DIRECTION('',(1.0,0.0,0.0));
#3003=DIRECTION('',(0.0,1.0,0.0));
#3004=ORIENTED_EDGE('',*,*,#4069,.F.);
#3005=ORIENTED_EDGE('',*,*,#4072,.F.);
#3006=ORIENTED_EDGE('',*,*,#4058,.T.);
#3007=ORIENTED_EDGE('',*,*,#3743,.T.);
#3008=CARTESIAN_POINT('',(0.75,-0.15,5.95));
#3009=DIRECTION('',(0.0,-1.0,0.0));
#3010=DIRECTION('',(0.0,0.0,-1.0));
#3011=ORIENTED_EDGE('',*,*,#4070,.F.);
#3012=ORIENTED_EDGE('',*,*,#3600,.F.);
#3013=ORIENTED_EDGE('',*,*,#4061,.T.);
#3014=ORIENTED_EDGE('',*,*,#4073,.F.);
#3015=CARTESIAN_POINT('',(0.75,-0.15,5.95));
#3016=DIRECTION('',(0.0,-1.0,0.0));
#3017=DIRECTION('',(0.0,0.0,-1.0));
#3018=ORIENTED_EDGE('',*,*,#4072,.T.);
#3019=ORIENTED_EDGE('',*,*,#4068,.F.);
#3020=ORIENTED_EDGE('',*,*,#4064,.F.);
#3021=ORIENTED_EDGE('',*,*,#4059,.T.);
#3022=CARTESIAN_POINT('',(0.75,0.35,5.95));
#3023=DIRECTION('',(0.0,0.0,1.0));
#3024=DIRECTION('',(1.0,0.0,0.0));
#3025=ORIENTED_EDGE('',*,*,#4074,.F.);
#3026=ORIENTED_EDGE('',*,*,#4075,.F.);
#3027=ORIENTED_EDGE('',*,*,#4076,.T.);
#3028=ORIENTED_EDGE('',*,*,#4073,.T.);
#3029=CARTESIAN_POINT('',(1.0,-0.08749999999998,-2.965));
#3030=DIRECTION('',(0.0,-0.966405365196492,-0.257022703509698));
#3031=DIRECTION('',(0.0,0.257022703509698,-0.966405365196492));
#3032=ORIENTED_EDGE('',*,*,#4077,.F.);
#3033=ORIENTED_EDGE('',*,*,#4071,.F.);
#3034=ORIENTED_EDGE('',*,*,#4076,.F.);
#3035=ORIENTED_EDGE('',*,*,#4078,.T.);
#3036=CARTESIAN_POINT('',(1.1875,0.1,-2.965));
#3037=DIRECTION('',(0.966405365196492,0.0,-0.257022703509698));
#3038=DIRECTION('',(0.0,-1.0,0.0));
#3039=ORIENTED_EDGE('',*,*,#4078,.F.);
#3040=ORIENTED_EDGE('',*,*,#4075,.T.);
#3041=ORIENTED_EDGE('',*,*,#4079,.F.);
#3042=ORIENTED_EDGE('',*,*,#4080,.F.);
#3043=CARTESIAN_POINT('',(0.75,-0.15,-3.2));
#3044=DIRECTION('',(0.0,0.0,-1.0));
#3045=DIRECTION('',(0.0,-1.0,0.0));
#3046=ORIENTED_EDGE('',*,*,#4077,.T.);
#3047=ORIENTED_EDGE('',*,*,#4080,.T.);
#3048=ORIENTED_EDGE('',*,*,#4081,.T.);
#3049=ORIENTED_EDGE('',*,*,#4067,.F.);
#3050=CARTESIAN_POINT('',(1.0,0.2875,-2.965));
#3051=DIRECTION('',(0.0,0.966405365196492,-0.257022703509698));
#3052=DIRECTION('',(-1.0,0.0,0.0));
#3053=ORIENTED_EDGE('',*,*,#4081,.F.);
#3054=ORIENTED_EDGE('',*,*,#4079,.T.);
#3055=ORIENTED_EDGE('',*,*,#4074,.T.);
#3056=ORIENTED_EDGE('',*,*,#4063,.F.);
#3057=CARTESIAN_POINT('',(0.8125,0.1,-2.965));
#3058=DIRECTION('',(-0.966405365196492,0.0,-0.257022703509698));
#3059=DIRECTION('',(-0.257022703509698,0.0,0.966405365196492));
#3060=ORIENTED_EDGE('',*,*,#4082,.F.);
#3061=ORIENTED_EDGE('',*,*,#4083,.F.);
#3062=ORIENTED_EDGE('',*,*,#4084,.F.);
#3063=ORIENTED_EDGE('',*,*,#3748,.F.);
#3064=CARTESIAN_POINT('',(-1.25,0.0,0.0));
#3065=DIRECTION('',(1.0,0.0,0.0));
#3066=DIRECTION('',(0.0,1.0,0.0));
#3067=ORIENTED_EDGE('',*,*,#4085,.F.);
#3068=ORIENTED_EDGE('',*,*,#3607,.T.);
#3069=ORIENTED_EDGE('',*,*,#4086,.F.);
#3070=ORIENTED_EDGE('',*,*,#4087,.T.);
#3071=CARTESIAN_POINT('',(-1.25,0.0,0.0));
#3072=DIRECTION('',(1.0,0.0,0.0));
#3073=DIRECTION('',(0.0,1.0,0.0));
#3074=ORIENTED_EDGE('',*,*,#4084,.T.);
#3075=ORIENTED_EDGE('',*,*,#4088,.T.);
#3076=ORIENTED_EDGE('',*,*,#4089,.F.);
#3077=ORIENTED_EDGE('',*,*,#3745,.F.);
#3078=CARTESIAN_POINT('',(-1.25,0.35,-3.2));
#3079=DIRECTION('',(-0.0,1.0,0.0));
#3080=DIRECTION('',(1.0,0.0,0.0));
#3081=ORIENTED_EDGE('',*,*,#4086,.T.);
#3082=ORIENTED_EDGE('',*,*,#3606,.T.);
#3083=ORIENTED_EDGE('',*,*,#4090,.F.);
#3084=ORIENTED_EDGE('',*,*,#4091,.T.);
#3085=CARTESIAN_POINT('',(-1.25,0.35,-3.2));
#3086=DIRECTION('',(-0.0,1.0,0.0));
#3087=DIRECTION('',(1.0,0.0,0.0));
#3088=ORIENTED_EDGE('',*,*,#4089,.T.);
#3089=ORIENTED_EDGE('',*,*,#4092,.T.);
#3090=ORIENTED_EDGE('',*,*,#4093,.T.);
#3091=ORIENTED_EDGE('',*,*,#3746,.T.);
#3092=CARTESIAN_POINT('',(-0.75,0.0,0.0));
#3093=DIRECTION('',(1.0,0.0,0.0));
#3094=DIRECTION('',(0.0,1.0,0.0));
#3095=ORIENTED_EDGE('',*,*,#4090,.T.);
#3096=ORIENTED_EDGE('',*,*,#3605,.F.);
#3097=ORIENTED_EDGE('',*,*,#4094,.T.);
#3098=ORIENTED_EDGE('',*,*,#4095,.T.);
#3099=CARTESIAN_POINT('',(-0.75,0.0,0.0));
#3100=DIRECTION('',(1.0,0.0,0.0));
#3101=DIRECTION('',(0.0,1.0,0.0));
#3102=ORIENTED_EDGE('',*,*,#4093,.F.);
#3103=ORIENTED_EDGE('',*,*,#4096,.F.);
#3104=ORIENTED_EDGE('',*,*,#4082,.T.);
#3105=ORIENTED_EDGE('',*,*,#3747,.T.);
#3106=CARTESIAN_POINT('',(-1.25,-0.15,5.95));
#3107=DIRECTION('',(0.0,-1.0,0.0));
#3108=DIRECTION('',(0.0,0.0,-1.0));
#3109=ORIENTED_EDGE('',*,*,#4094,.F.);
#3110=ORIENTED_EDGE('',*,*,#3604,.F.);
#3111=ORIENTED_EDGE('',*,*,#4085,.T.);
#3112=ORIENTED_EDGE('',*,*,#4097,.F.);
#3113=CARTESIAN_POINT('',(-1.25,-0.15,5.95));
#3114=DIRECTION('',(0.0,-1.0,0.0));
#3115=DIRECTION('',(0.0,0.0,-1.0));
#3116=ORIENTED_EDGE('',*,*,#4096,.T.);
#3117=ORIENTED_EDGE('',*,*,#4092,.F.);
#3118=ORIENTED_EDGE('',*,*,#4088,.F.);
#3119=ORIENTED_EDGE('',*,*,#4083,.T.);
#3120=CARTESIAN_POINT('',(-1.25,0.35,5.95));
#3121=DIRECTION('',(0.0,0.0,1.0));
#3122=DIRECTION('',(1.0,0.0,0.0));
#3123=ORIENTED_EDGE('',*,*,#4098,.F.);
#3124=ORIENTED_EDGE('',*,*,#4099,.F.);
#3125=ORIENTED_EDGE('',*,*,#4100,.T.);
#3126=ORIENTED_EDGE('',*,*,#4097,.T.);
#3127=CARTESIAN_POINT('',(-1.0,-0.08749999999998,-2.965));
#3128=DIRECTION('',(0.0,-0.966405365196492,-0.257022703509698));
#3129=DIRECTION('',(0.0,0.257022703509698,-0.966405365196492));
#3130=ORIENTED_EDGE('',*,*,#4101,.F.);
#3131=ORIENTED_EDGE('',*,*,#4095,.F.);
#3132=ORIENTED_EDGE('',*,*,#4100,.F.);
#3133=ORIENTED_EDGE('',*,*,#4102,.T.);
#3134=CARTESIAN_POINT('',(-0.8125,0.1,-2.965));
#3135=DIRECTION('',(0.966405365196492,0.0,-0.257022703509698));
#3136=DIRECTION('',(0.0,-1.0,0.0));
#3137=ORIENTED_EDGE('',*,*,#4102,.F.);
#3138=ORIENTED_EDGE('',*,*,#4099,.T.);
#3139=ORIENTED_EDGE('',*,*,#4103,.F.);
#3140=ORIENTED_EDGE('',*,*,#4104,.F.);
#3141=CARTESIAN_POINT('',(-1.25,-0.15,-3.2));
#3142=DIRECTION('',(0.0,0.0,-1.0));
#3143=DIRECTION('',(0.0,-1.0,0.0));
#3144=ORIENTED_EDGE('',*,*,#4101,.T.);
#3145=ORIENTED_EDGE('',*,*,#4104,.T.);
#3146=ORIENTED_EDGE('',*,*,#4105,.T.);
#3147=ORIENTED_EDGE('',*,*,#4091,.F.);
#3148=CARTESIAN_POINT('',(-1.0,0.2875,-2.965));
#3149=DIRECTION('',(0.0,0.966405365196492,-0.257022703509698));
#3150=DIRECTION('',(-1.0,0.0,0.0));
#3151=ORIENTED_EDGE('',*,*,#4105,.F.);
#3152=ORIENTED_EDGE('',*,*,#4103,.T.);
#3153=ORIENTED_EDGE('',*,*,#4098,.T.);
#3154=ORIENTED_EDGE('',*,*,#4087,.F.);
#3155=CARTESIAN_POINT('',(-1.1875,0.1,-2.965));
#3156=DIRECTION('',(-0.966405365196492,0.0,-0.257022703509698));
#3157=DIRECTION('',(-0.257022703509698,0.0,0.966405365196492));
#3158=ORIENTED_EDGE('',*,*,#4106,.F.);
#3159=ORIENTED_EDGE('',*,*,#4107,.F.);
#3160=ORIENTED_EDGE('',*,*,#4108,.F.);
#3161=ORIENTED_EDGE('',*,*,#3752,.F.);
#3162=CARTESIAN_POINT('',(-3.25,0.0,0.0));
#3163=DIRECTION('',(1.0,0.0,0.0));
#3164=DIRECTION('',(0.0,1.0,0.0));
#3165=ORIENTED_EDGE('',*,*,#4109,.F.);
#3166=ORIENTED_EDGE('',*,*,#3611,.T.);
#3167=ORIENTED_EDGE('',*,*,#4110,.F.);
#3168=ORIENTED_EDGE('',*,*,#4111,.T.);
#3169=CARTESIAN_POINT('',(-3.25,0.0,0.0));
#3170=DIRECTION('',(1.0,0.0,0.0));
#3171=DIRECTION('',(0.0,1.0,0.0));
#3172=ORIENTED_EDGE('',*,*,#4108,.T.);
#3173=ORIENTED_EDGE('',*,*,#4112,.T.);
#3174=ORIENTED_EDGE('',*,*,#4113,.F.);
#3175=ORIENTED_EDGE('',*,*,#3749,.F.);
#3176=CARTESIAN_POINT('',(-3.25,0.35,-3.2));
#3177=DIRECTION('',(-0.0,1.0,0.0));
#3178=DIRECTION('',(1.0,0.0,0.0));
#3179=ORIENTED_EDGE('',*,*,#4110,.T.);
#3180=ORIENTED_EDGE('',*,*,#3610,.T.);
#3181=ORIENTED_EDGE('',*,*,#4114,.F.);
#3182=ORIENTED_EDGE('',*,*,#4115,.T.);
#3183=CARTESIAN_POINT('',(-3.25,0.35,-3.2));
#3184=DIRECTION('',(-0.0,1.0,0.0));
#3185=DIRECTION('',(1.0,0.0,0.0));
#3186=ORIENTED_EDGE('',*,*,#4113,.T.);
#3187=ORIENTED_EDGE('',*,*,#4116,.T.);
#3188=ORIENTED_EDGE('',*,*,#4117,.T.);
#3189=ORIENTED_EDGE('',*,*,#3750,.T.);
#3190=CARTESIAN_POINT('',(-2.75,0.0,0.0));
#3191=DIRECTION('',(1.0,0.0,0.0));
#3192=DIRECTION('',(0.0,1.0,0.0));
#3193=ORIENTED_EDGE('',*,*,#4114,.T.);
#3194=ORIENTED_EDGE('',*,*,#3609,.F.);
#3195=ORIENTED_EDGE('',*,*,#4118,.T.);
#3196=ORIENTED_EDGE('',*,*,#4119,.T.);
#3197=CARTESIAN_POINT('',(-2.75,0.0,0.0));
#3198=DIRECTION('',(1.0,0.0,0.0));
#3199=DIRECTION('',(0.0,1.0,0.0));
#3200=ORIENTED_EDGE('',*,*,#4117,.F.);
#3201=ORIENTED_EDGE('',*,*,#4120,.F.);
#3202=ORIENTED_EDGE('',*,*,#4106,.T.);
#3203=ORIENTED_EDGE('',*,*,#3751,.T.);
#3204=CARTESIAN_POINT('',(-3.25,-0.15,5.95));
#3205=DIRECTION('',(0.0,-1.0,0.0));
#3206=DIRECTION('',(0.0,0.0,-1.0));
#3207=ORIENTED_EDGE('',*,*,#4118,.F.);
#3208=ORIENTED_EDGE('',*,*,#3608,.F.);
#3209=ORIENTED_EDGE('',*,*,#4109,.T.);
#3210=ORIENTED_EDGE('',*,*,#4121,.F.);
#3211=CARTESIAN_POINT('',(-3.25,-0.15,5.95));
#3212=DIRECTION('',(0.0,-1.0,0.0));
#3213=DIRECTION('',(0.0,0.0,-1.0));
#3214=ORIENTED_EDGE('',*,*,#4120,.T.);
#3215=ORIENTED_EDGE('',*,*,#4116,.F.);
#3216=ORIENTED_EDGE('',*,*,#4112,.F.);
#3217=ORIENTED_EDGE('',*,*,#4107,.T.);
#3218=CARTESIAN_POINT('',(-3.25,0.35,5.95));
#3219=DIRECTION('',(0.0,0.0,1.0));
#3220=DIRECTION('',(1.0,0.0,0.0));
#3221=ORIENTED_EDGE('',*,*,#4122,.F.);
#3222=ORIENTED_EDGE('',*,*,#4123,.F.);
#3223=ORIENTED_EDGE('',*,*,#4124,.T.);
#3224=ORIENTED_EDGE('',*,*,#4121,.T.);
#3225=CARTESIAN_POINT('',(-3.0,-0.08749999999998,-2.965));
#3226=DIRECTION('',(0.0,-0.966405365196492,-0.257022703509698));
#3227=DIRECTION('',(0.0,0.257022703509698,-0.966405365196492));
#3228=ORIENTED_EDGE('',*,*,#4125,.F.);
#3229=ORIENTED_EDGE('',*,*,#4119,.F.);
#3230=ORIENTED_EDGE('',*,*,#4124,.F.);
#3231=ORIENTED_EDGE('',*,*,#4126,.T.);
#3232=CARTESIAN_POINT('',(-2.8125,0.1,-2.965));
#3233=DIRECTION('',(0.966405365196492,0.0,-0.257022703509698));
#3234=DIRECTION('',(0.0,-1.0,0.0));
#3235=ORIENTED_EDGE('',*,*,#4126,.F.);
#3236=ORIENTED_EDGE('',*,*,#4123,.T.);
#3237=ORIENTED_EDGE('',*,*,#4127,.F.);
#3238=ORIENTED_EDGE('',*,*,#4128,.F.);
#3239=CARTESIAN_POINT('',(-3.25,-0.15,-3.2));
#3240=DIRECTION('',(0.0,0.0,-1.0));
#3241=DIRECTION('',(0.0,-1.0,0.0));
#3242=ORIENTED_EDGE('',*,*,#4125,.T.);
#3243=ORIENTED_EDGE('',*,*,#4128,.T.);
#3244=ORIENTED_EDGE('',*,*,#4129,.T.);
#3245=ORIENTED_EDGE('',*,*,#4115,.F.);
#3246=CARTESIAN_POINT('',(-3.0,0.2875,-2.965));
#3247=DIRECTION('',(0.0,0.966405365196492,-0.257022703509698));
#3248=DIRECTION('',(-1.0,0.0,0.0));
#3249=ORIENTED_EDGE('',*,*,#4129,.F.);
#3250=ORIENTED_EDGE('',*,*,#4127,.T.);
#3251=ORIENTED_EDGE('',*,*,#4122,.T.);
#3252=ORIENTED_EDGE('',*,*,#4111,.F.);
#3253=CARTESIAN_POINT('',(-3.1875,0.1,-2.965));
#3254=DIRECTION('',(-0.966405365196492,0.0,-0.257022703509698));
#3255=DIRECTION('',(-0.257022703509698,0.0,0.966405365196492));
#3256=ORIENTED_EDGE('',*,*,#3677,.T.);
#3257=ORIENTED_EDGE('',*,*,#3637,.F.);
#3258=ORIENTED_EDGE('',*,*,#3635,.F.);
#3259=ORIENTED_EDGE('',*,*,#3682,.T.);
#3260=ORIENTED_EDGE('',*,*,#3680,.T.);
#3261=CARTESIAN_POINT('',(5.0,-2.9,9.25));
#3262=DIRECTION('',(1.0,0.0,0.0));
#3263=DIRECTION('',(0.0,1.0,0.0));
#3264=ORIENTED_EDGE('',*,*,#4130,.T.);
#3265=ORIENTED_EDGE('',*,*,#4131,.F.);
#3266=ORIENTED_EDGE('',*,*,#4132,.F.);
#3267=ORIENTED_EDGE('',*,*,#3567,.T.);
#3268=CARTESIAN_POINT('',(6.25,0.6,0.3));
#3269=DIRECTION('',(1.0,0.0,0.0));
#3270=DIRECTION('',(0.0,1.0,0.0));
#3271=ORIENTED_EDGE('',*,*,#4132,.T.);
#3272=ORIENTED_EDGE('',*,*,#4133,.F.);
#3273=ORIENTED_EDGE('',*,*,#4134,.F.);
#3274=ORIENTED_EDGE('',*,*,#3564,.T.);
#3275=CARTESIAN_POINT('',(5.75,0.6,0.3));
#3276=DIRECTION('',(-0.0,1.0,0.0));
#3277=DIRECTION('',(1.0,0.0,0.0));
#3278=ORIENTED_EDGE('',*,*,#4134,.T.);
#3279=ORIENTED_EDGE('',*,*,#4135,.F.);
#3280=ORIENTED_EDGE('',*,*,#4136,.F.);
#3281=ORIENTED_EDGE('',*,*,#3565,.T.);
#3282=CARTESIAN_POINT('',(5.75,-0.8,0.3));
#3283=DIRECTION('',(-1.0,0.0,0.0));
#3284=DIRECTION('',(0.0,0.0,1.0));
#3285=ORIENTED_EDGE('',*,*,#4136,.T.);
#3286=ORIENTED_EDGE('',*,*,#4137,.F.);
#3287=ORIENTED_EDGE('',*,*,#4130,.F.);
#3288=ORIENTED_EDGE('',*,*,#3566,.T.);
#3289=CARTESIAN_POINT('',(6.25,-0.8,0.3));
#3290=DIRECTION('',(0.0,-1.0,0.0));
#3291=DIRECTION('',(0.0,0.0,-1.0));
#3292=ORIENTED_EDGE('',*,*,#4137,.T.);
#3293=ORIENTED_EDGE('',*,*,#4135,.T.);
#3294=ORIENTED_EDGE('',*,*,#4133,.T.);
#3295=ORIENTED_EDGE('',*,*,#4131,.T.);
#3296=CARTESIAN_POINT('',(-8.0,-2.9,0.0));
#3297=DIRECTION('',(0.0,0.0,-1.0));
#3298=DIRECTION('',(0.0,-1.0,0.0));
#3299=ORIENTED_EDGE('',*,*,#4138,.T.);
#3300=ORIENTED_EDGE('',*,*,#4139,.F.);
#3301=ORIENTED_EDGE('',*,*,#4140,.F.);
#3302=ORIENTED_EDGE('',*,*,#3571,.T.);
#3303=CARTESIAN_POINT('',(4.25,0.6,0.3));
#3304=DIRECTION('',(1.0,0.0,0.0));
#3305=DIRECTION('',(0.0,1.0,0.0));
#3306=ORIENTED_EDGE('',*,*,#4140,.T.);
#3307=ORIENTED_EDGE('',*,*,#4141,.F.);
#3308=ORIENTED_EDGE('',*,*,#4142,.F.);
#3309=ORIENTED_EDGE('',*,*,#3568,.T.);
#3310=CARTESIAN_POINT('',(3.75,0.6,0.3));
#3311=DIRECTION('',(-0.0,1.0,0.0));
#3312=DIRECTION('',(1.0,0.0,0.0));
#3313=ORIENTED_EDGE('',*,*,#4142,.T.);
#3314=ORIENTED_EDGE('',*,*,#4143,.F.);
#3315=ORIENTED_EDGE('',*,*,#4144,.F.);
#3316=ORIENTED_EDGE('',*,*,#3569,.T.);
#3317=CARTESIAN_POINT('',(3.75,-0.8,0.3));
#3318=DIRECTION('',(-1.0,0.0,0.0));
#3319=DIRECTION('',(0.0,0.0,1.0));
#3320=ORIENTED_EDGE('',*,*,#4144,.T.);
#3321=ORIENTED_EDGE('',*,*,#4145,.F.);
#3322=ORIENTED_EDGE('',*,*,#4138,.F.);
#3323=ORIENTED_EDGE('',*,*,#3570,.T.);
#3324=CARTESIAN_POINT('',(4.25,-0.8,0.3));
#3325=DIRECTION('',(0.0,-1.0,0.0));
#3326=DIRECTION('',(0.0,0.0,-1.0));
#3327=ORIENTED_EDGE('',*,*,#4145,.T.);
#3328=ORIENTED_EDGE('',*,*,#4143,.T.);
#3329=ORIENTED_EDGE('',*,*,#4141,.T.);
#3330=ORIENTED_EDGE('',*,*,#4139,.T.);
#3331=CARTESIAN_POINT('',(-8.0,-2.9,0.0));
#3332=DIRECTION('',(0.0,0.0,-1.0));
#3333=DIRECTION('',(0.0,-1.0,0.0));
#3334=ORIENTED_EDGE('',*,*,#4146,.T.);
#3335=ORIENTED_EDGE('',*,*,#4147,.F.);
#3336=ORIENTED_EDGE('',*,*,#4148,.F.);
#3337=ORIENTED_EDGE('',*,*,#3575,.T.);
#3338=CARTESIAN_POINT('',(2.25,0.6,0.3));
#3339=DIRECTION('',(1.0,0.0,0.0));
#3340=DIRECTION('',(0.0,1.0,0.0));
#3341=ORIENTED_EDGE('',*,*,#4148,.T.);
#3342=ORIENTED_EDGE('',*,*,#4149,.F.);
#3343=ORIENTED_EDGE('',*,*,#4150,.F.);
#3344=ORIENTED_EDGE('',*,*,#3572,.T.);
#3345=CARTESIAN_POINT('',(1.75,0.6,0.3));
#3346=DIRECTION('',(-0.0,1.0,0.0));
#3347=DIRECTION('',(1.0,0.0,0.0));
#3348=ORIENTED_EDGE('',*,*,#4150,.T.);
#3349=ORIENTED_EDGE('',*,*,#4151,.F.);
#3350=ORIENTED_EDGE('',*,*,#4152,.F.);
#3351=ORIENTED_EDGE('',*,*,#3573,.T.);
#3352=CARTESIAN_POINT('',(1.75,-0.8,0.3));
#3353=DIRECTION('',(-1.0,0.0,0.0));
#3354=DIRECTION('',(0.0,0.0,1.0));
#3355=ORIENTED_EDGE('',*,*,#4152,.T.);
#3356=ORIENTED_EDGE('',*,*,#4153,.F.);
#3357=ORIENTED_EDGE('',*,*,#4146,.F.);
#3358=ORIENTED_EDGE('',*,*,#3574,.T.);
#3359=CARTESIAN_POINT('',(2.25,-0.8,0.3));
#3360=DIRECTION('',(0.0,-1.0,0.0));
#3361=DIRECTION('',(0.0,0.0,-1.0));
#3362=ORIENTED_EDGE('',*,*,#4153,.T.);
#3363=ORIENTED_EDGE('',*,*,#4151,.T.);
#3364=ORIENTED_EDGE('',*,*,#4149,.T.);
#3365=ORIENTED_EDGE('',*,*,#4147,.T.);
#3366=CARTESIAN_POINT('',(-8.0,-2.9,0.0));
#3367=DIRECTION('',(0.0,0.0,-1.0));
#3368=DIRECTION('',(0.0,-1.0,0.0));
#3369=ORIENTED_EDGE('',*,*,#4154,.T.);
#3370=ORIENTED_EDGE('',*,*,#4155,.F.);
#3371=ORIENTED_EDGE('',*,*,#4156,.F.);
#3372=ORIENTED_EDGE('',*,*,#3579,.T.);
#3373=CARTESIAN_POINT('',(0.25,0.6,0.3));
#3374=DIRECTION('',(1.0,0.0,0.0));
#3375=DIRECTION('',(0.0,1.0,0.0));
#3376=ORIENTED_EDGE('',*,*,#4156,.T.);
#3377=ORIENTED_EDGE('',*,*,#4157,.F.);
#3378=ORIENTED_EDGE('',*,*,#4158,.F.);
#3379=ORIENTED_EDGE('',*,*,#3576,.T.);
#3380=CARTESIAN_POINT('',(-0.25,0.6,0.3));
#3381=DIRECTION('',(-0.0,1.0,0.0));
#3382=DIRECTION('',(1.0,0.0,0.0));
#3383=ORIENTED_EDGE('',*,*,#4158,.T.);
#3384=ORIENTED_EDGE('',*,*,#4159,.F.);
#3385=ORIENTED_EDGE('',*,*,#4160,.F.);
#3386=ORIENTED_EDGE('',*,*,#3577,.T.);
#3387=CARTESIAN_POINT('',(-0.25,-0.8,0.3));
#3388=DIRECTION('',(-1.0,0.0,0.0));
#3389=DIRECTION('',(0.0,0.0,1.0));
#3390=ORIENTED_EDGE('',*,*,#4160,.T.);
#3391=ORIENTED_EDGE('',*,*,#4161,.F.);
#3392=ORIENTED_EDGE('',*,*,#4154,.F.);
#3393=ORIENTED_EDGE('',*,*,#3578,.T.);
#3394=CARTESIAN_POINT('',(0.25,-0.8,0.3));
#3395=DIRECTION('',(0.0,-1.0,0.0));
#3396=DIRECTION('',(0.0,0.0,-1.0));
#3397=ORIENTED_EDGE('',*,*,#4161,.T.);
#3398=ORIENTED_EDGE('',*,*,#4159,.T.);
#3399=ORIENTED_EDGE('',*,*,#4157,.T.);
#3400=ORIENTED_EDGE('',*,*,#4155,.T.);
#3401=CARTESIAN_POINT('',(-8.0,-2.9,0.0));
#3402=DIRECTION('',(0.0,0.0,-1.0));
#3403=DIRECTION('',(0.0,-1.0,0.0));
#3404=ORIENTED_EDGE('',*,*,#4162,.T.);
#3405=ORIENTED_EDGE('',*,*,#4163,.F.);
#3406=ORIENTED_EDGE('',*,*,#4164,.F.);
#3407=ORIENTED_EDGE('',*,*,#3583,.T.);
#3408=CARTESIAN_POINT('',(-1.75,0.6,0.3));
#3409=DIRECTION('',(1.0,0.0,0.0));
#3410=DIRECTION('',(0.0,1.0,0.0));
#3411=ORIENTED_EDGE('',*,*,#4164,.T.);
#3412=ORIENTED_EDGE('',*,*,#4165,.F.);
#3413=ORIENTED_EDGE('',*,*,#4166,.F.);
#3414=ORIENTED_EDGE('',*,*,#3580,.T.);
#3415=CARTESIAN_POINT('',(-2.25,0.6,0.3));
#3416=DIRECTION('',(-0.0,1.0,0.0));
#3417=DIRECTION('',(1.0,0.0,0.0));
#3418=ORIENTED_EDGE('',*,*,#4166,.T.);
#3419=ORIENTED_EDGE('',*,*,#4167,.F.);
#3420=ORIENTED_EDGE('',*,*,#4168,.F.);
#3421=ORIENTED_EDGE('',*,*,#3581,.T.);
#3422=CARTESIAN_POINT('',(-2.25,-0.8,0.3));
#3423=DIRECTION('',(-1.0,0.0,0.0));
#3424=DIRECTION('',(0.0,0.0,1.0));
#3425=ORIENTED_EDGE('',*,*,#4168,.T.);
#3426=ORIENTED_EDGE('',*,*,#4169,.F.);
#3427=ORIENTED_EDGE('',*,*,#4162,.F.);
#3428=ORIENTED_EDGE('',*,*,#3582,.T.);
#3429=CARTESIAN_POINT('',(-1.75,-0.8,0.3));
#3430=DIRECTION('',(0.0,-1.0,0.0));
#3431=DIRECTION('',(0.0,0.0,-1.0));
#3432=ORIENTED_EDGE('',*,*,#4169,.T.);
#3433=ORIENTED_EDGE('',*,*,#4167,.T.);
#3434=ORIENTED_EDGE('',*,*,#4165,.T.);
#3435=ORIENTED_EDGE('',*,*,#4163,.T.);
#3436=CARTESIAN_POINT('',(-8.0,-2.9,0.0));
#3437=DIRECTION('',(0.0,0.0,-1.0));
#3438=DIRECTION('',(0.0,-1.0,0.0));
#3439=ORIENTED_EDGE('',*,*,#4170,.T.);
#3440=ORIENTED_EDGE('',*,*,#4171,.F.);
#3441=ORIENTED_EDGE('',*,*,#4172,.F.);
#3442=ORIENTED_EDGE('',*,*,#3587,.T.);
#3443=CARTESIAN_POINT('',(-3.75,0.6,0.3));
#3444=DIRECTION('',(1.0,0.0,0.0));
#3445=DIRECTION('',(0.0,1.0,0.0));
#3446=ORIENTED_EDGE('',*,*,#4172,.T.);
#3447=ORIENTED_EDGE('',*,*,#4173,.F.);
#3448=ORIENTED_EDGE('',*,*,#4174,.F.);
#3449=ORIENTED_EDGE('',*,*,#3584,.T.);
#3450=CARTESIAN_POINT('',(-4.25,0.6,0.3));
#3451=DIRECTION('',(-0.0,1.0,0.0));
#3452=DIRECTION('',(1.0,0.0,0.0));
#3453=ORIENTED_EDGE('',*,*,#4174,.T.);
#3454=ORIENTED_EDGE('',*,*,#4175,.F.);
#3455=ORIENTED_EDGE('',*,*,#4176,.F.);
#3456=ORIENTED_EDGE('',*,*,#3585,.T.);
#3457=CARTESIAN_POINT('',(-4.25,-0.8,0.3));
#3458=DIRECTION('',(-1.0,0.0,0.0));
#3459=DIRECTION('',(0.0,0.0,1.0));
#3460=ORIENTED_EDGE('',*,*,#4176,.T.);
#3461=ORIENTED_EDGE('',*,*,#4177,.F.);
#3462=ORIENTED_EDGE('',*,*,#4170,.F.);
#3463=ORIENTED_EDGE('',*,*,#3586,.T.);
#3464=CARTESIAN_POINT('',(-3.75,-0.8,0.3));
#3465=DIRECTION('',(0.0,-1.0,0.0));
#3466=DIRECTION('',(0.0,0.0,-1.0));
#3467=ORIENTED_EDGE('',*,*,#4177,.T.);
#3468=ORIENTED_EDGE('',*,*,#4175,.T.);
#3469=ORIENTED_EDGE('',*,*,#4173,.T.);
#3470=ORIENTED_EDGE('',*,*,#4171,.T.);
#3471=CARTESIAN_POINT('',(-8.0,-2.9,0.0));
#3472=DIRECTION('',(0.0,0.0,-1.0));
#3473=DIRECTION('',(0.0,-1.0,0.0));
#3474=ORIENTED_EDGE('',*,*,#4178,.T.);
#3475=ORIENTED_EDGE('',*,*,#4179,.F.);
#3476=ORIENTED_EDGE('',*,*,#4180,.F.);
#3477=ORIENTED_EDGE('',*,*,#3591,.T.);
#3478=CARTESIAN_POINT('',(-5.75,0.6,0.3));
#3479=DIRECTION('',(1.0,0.0,0.0));
#3480=DIRECTION('',(0.0,1.0,0.0));
#3481=ORIENTED_EDGE('',*,*,#4180,.T.);
#3482=ORIENTED_EDGE('',*,*,#4181,.F.);
#3483=ORIENTED_EDGE('',*,*,#4182,.F.);
#3484=ORIENTED_EDGE('',*,*,#3588,.T.);
#3485=CARTESIAN_POINT('',(-6.25,0.6,0.3));
#3486=DIRECTION('',(-0.0,1.0,0.0));
#3487=DIRECTION('',(1.0,0.0,0.0));
#3488=ORIENTED_EDGE('',*,*,#4182,.T.);
#3489=ORIENTED_EDGE('',*,*,#4183,.F.);
#3490=ORIENTED_EDGE('',*,*,#4184,.F.);
#3491=ORIENTED_EDGE('',*,*,#3589,.T.);
#3492=CARTESIAN_POINT('',(-6.25,-0.8,0.3));
#3493=DIRECTION('',(-1.0,0.0,0.0));
#3494=DIRECTION('',(0.0,0.0,1.0));
#3495=ORIENTED_EDGE('',*,*,#4184,.T.);
#3496=ORIENTED_EDGE('',*,*,#4185,.F.);
#3497=ORIENTED_EDGE('',*,*,#4178,.F.);
#3498=ORIENTED_EDGE('',*,*,#3590,.T.);
#3499=CARTESIAN_POINT('',(-5.75,-0.8,0.3));
#3500=DIRECTION('',(0.0,-1.0,0.0));
#3501=DIRECTION('',(0.0,0.0,-1.0));
#3502=ORIENTED_EDGE('',*,*,#4185,.T.);
#3503=ORIENTED_EDGE('',*,*,#4183,.T.);
#3504=ORIENTED_EDGE('',*,*,#4181,.T.);
#3505=ORIENTED_EDGE('',*,*,#4179,.T.);
#3506=CARTESIAN_POINT('',(-8.0,-2.9,0.0));
#3507=DIRECTION('',(0.0,0.0,-1.0));
#3508=DIRECTION('',(0.0,-1.0,0.0));
#3509=AXIS2_PLACEMENT_3D('',#4186,#4187,#4188);
#3510=AXIS2_PLACEMENT_3D('',#4189,#4190,#4191);
#3511=AXIS2_PLACEMENT_3D('',#4192,#4193,#4194);
#3512=AXIS2_PLACEMENT_3D('',#4195,#4196,#4197);
#3513=AXIS2_PLACEMENT_3D('',#4198,#4199,#4200);
#3514=AXIS2_PLACEMENT_3D('',#4201,#4202,#4203);
#3515=AXIS2_PLACEMENT_3D('',#4204,#4205,#4206);
#3516=AXIS2_PLACEMENT_3D('',#4207,#4208,#4209);
#3517=AXIS2_PLACEMENT_3D('',#4210,#4211,#4212);
#3518=AXIS2_PLACEMENT_3D('',#4213,#4214,#4215);
#3519=AXIS2_PLACEMENT_3D('',#4216,#4217,#4218);
#3520=AXIS2_PLACEMENT_3D('',#4219,#4220,#4221);
#3521=AXIS2_PLACEMENT_3D('',#4222,#4223,#4224);
#3522=AXIS2_PLACEMENT_3D('',#4225,#4226,#4227);
#3523=CARTESIAN_POINT('',(7.0,2.0,0.0));
#3524=VECTOR('',#4228,0.9);
#3525=EDGE_CURVE('',#4229,#4230,#4231,.T.);
#3526=EDGE_CURVE('',#4232,#4229,#4233,.T.);
#3527=EDGE_CURVE('',#4232,#4234,#4235,.T.);
#3528=EDGE_CURVE('',#4234,#4230,#4236,.T.);
#3529=EDGE_CURVE('',#4237,#4238,#4239,.T.);
#3530=EDGE_CURVE('',#4237,#4234,#4240,.T.);
#3531=EDGE_CURVE('',#4238,#4232,#4241,.T.);
#3532=EDGE_CURVE('',#4242,#4243,#4244,.T.);
#3533=EDGE_CURVE('',#4245,#4243,#4246,.T.);
#3534=EDGE_CURVE('',#4247,#4245,#4248,.T.);
#3535=EDGE_CURVE('',#4249,#4247,#4250,.T.);
#3536=EDGE_CURVE('',#4251,#4249,#4252,.T.);
#3537=EDGE_CURVE('',#4253,#4251,#4254,.T.);
#3538=EDGE_CURVE('',#4255,#4253,#4256,.T.);
#3539=EDGE_CURVE('',#4257,#4255,#4258,.T.);
#3540=EDGE_CURVE('',#4259,#4257,#4260,.T.);
#3541=EDGE_CURVE('',#4261,#4259,#4262,.T.);
#3542=EDGE_CURVE('',#4263,#4261,#4264,.T.);
#3543=EDGE_CURVE('',#4263,#4242,#4265,.T.);
#3544=EDGE_CURVE('',#4266,#4267,#4268,.T.);
#3545=EDGE_CURVE('',#4266,#4269,#4270,.T.);
#3546=EDGE_CURVE('',#4269,#4271,#4272,.T.);
#3547=EDGE_CURVE('',#4271,#4267,#4273,.T.);
#3548=EDGE_CURVE('',#4263,#4274,#4275,.T.);
#3549=EDGE_CURVE('',#4274,#4276,#4277,.T.);
#3550=EDGE_CURVE('',#4276,#4242,#4278,.T.);
#3551=EDGE_CURVE('',#4279,#4267,#4280,.T.);
#3552=EDGE_CURVE('',#4271,#4281,#4282,.T.);
#3553=EDGE_CURVE('',#4281,#4283,#4284,.T.);
#3554=EDGE_CURVE('',#4285,#4283,#4286,.T.);
#3555=EDGE_CURVE('',#4287,#4285,#4288,.T.);
#3556=EDGE_CURVE('',#4287,#4289,#4290,.T.);
#3557=EDGE_CURVE('',#4289,#4243,#4291,.T.);
#3558=EDGE_CURVE('',#4292,#4276,#4293,.T.);
#3559=EDGE_CURVE('',#4294,#4292,#4295,.T.);
#3560=EDGE_CURVE('',#4296,#4294,#4297,.T.);
#3561=EDGE_CURVE('',#4296,#4298,#4299,.T.);
#3562=EDGE_CURVE('',#4298,#4300,#4301,.T.);
#3563=EDGE_CURVE('',#4300,#4279,#4302,.T.);
#3564=EDGE_CURVE('',#4303,#4304,#4305,.T.);
#3565=EDGE_CURVE('',#4306,#4303,#4307,.T.);
#3566=EDGE_CURVE('',#4308,#4306,#4309,.T.);
#3567=EDGE_CURVE('',#4304,#4308,#4310,.T.);
#3568=EDGE_CURVE('',#4311,#4312,#4313,.T.);
#3569=EDGE_CURVE('',#4314,#4311,#4315,.T.);
#3570=EDGE_CURVE('',#4316,#4314,#4317,.T.);
#3571=EDGE_CURVE('',#4312,#4316,#4318,.T.);
#3572=EDGE_CURVE('',#4319,#4320,#4321,.T.);
#3573=EDGE_CURVE('',#4322,#4319,#4323,.T.);
#3574=EDGE_CURVE('',#4324,#4322,#4325,.T.);
#3575=EDGE_CURVE('',#4320,#4324,#4326,.T.);
#3576=EDGE_CURVE('',#4327,#4328,#4329,.T.);
#3577=EDGE_CURVE('',#4330,#4327,#4331,.T.);
#3578=EDGE_CURVE('',#4332,#4330,#4333,.T.);
#3579=EDGE_CURVE('',#4328,#4332,#4334,.T.);
#3580=EDGE_CURVE('',#4335,#4336,#4337,.T.);
#3581=EDGE_CURVE('',#4338,#4335,#4339,.T.);
#3582=EDGE_CURVE('',#4340,#4338,#4341,.T.);
#3583=EDGE_CURVE('',#4336,#4340,#4342,.T.);
#3584=EDGE_CURVE('',#4343,#4344,#4345,.T.);
#3585=EDGE_CURVE('',#4346,#4343,#4347,.T.);
#3586=EDGE_CURVE('',#4348,#4346,#4349,.T.);
#3587=EDGE_CURVE('',#4344,#4348,#4350,.T.);
#3588=EDGE_CURVE('',#4351,#4352,#4353,.T.);
#3589=EDGE_CURVE('',#4354,#4351,#4355,.T.);
#3590=EDGE_CURVE('',#4356,#4354,#4357,.T.);
#3591=EDGE_CURVE('',#4352,#4356,#4358,.T.);
#3592=EDGE_CURVE('',#4359,#4360,#4361,.T.);
#3593=EDGE_CURVE('',#4360,#4362,#4363,.T.);
#3594=EDGE_CURVE('',#4364,#4362,#4365,.T.);
#3595=EDGE_CURVE('',#4359,#4364,#4366,.T.);
#3596=EDGE_CURVE('',#4367,#4368,#4369,.T.);
#3597=EDGE_CURVE('',#4368,#4370,#4371,.T.);
#3598=EDGE_CURVE('',#4372,#4370,#4373,.T.);
#3599=EDGE_CURVE('',#4367,#4372,#4374,.T.);
#3600=EDGE_CURVE('',#4375,#4376,#4377,.T.);
#3601=EDGE_CURVE('',#4376,#4378,#4379,.T.);
#3602=EDGE_CURVE('',#4380,#4378,#4381,.T.);
#3603=EDGE_CURVE('',#4375,#4380,#4382,.T.);
#3604=EDGE_CURVE('',#4383,#4384,#4385,.T.);
#3605=EDGE_CURVE('',#4384,#4386,#4387,.T.);
#3606=EDGE_CURVE('',#4388,#4386,#4389,.T.);
#3607=EDGE_CURVE('',#4383,#4388,#4390,.T.);
#3608=EDGE_CURVE('',#4391,#4392,#4393,.T.);
#3609=EDGE_CURVE('',#4392,#4394,#4395,.T.);
#3610=EDGE_CURVE('',#4396,#4394,#4397,.T.);
#3611=EDGE_CURVE('',#4391,#4396,#4398,.T.);
#3612=EDGE_CURVE('',#4399,#4400,#4401,.T.);
#3613=EDGE_CURVE('',#4400,#4402,#4403,.T.);
#3614=EDGE_CURVE('',#4404,#4402,#4405,.T.);
#3615=EDGE_CURVE('',#4399,#4404,#4406,.T.);
#3616=EDGE_CURVE('',#4300,#4407,#4408,.T.);
#3617=EDGE_CURVE('',#4409,#4407,#4410,.T.);
#3618=EDGE_CURVE('',#4279,#4409,#4411,.T.);
#3619=EDGE_CURVE('',#4412,#4413,#4414,.T.);
#3620=EDGE_CURVE('',#4285,#4412,#4415,.T.);
#3621=EDGE_CURVE('',#4283,#4416,#4417,.T.);
#3622=EDGE_CURVE('',#4418,#4416,#4419,.T.);
#3623=EDGE_CURVE('',#4413,#4418,#4420,.T.);
#3624=EDGE_CURVE('',#4266,#4421,#4422,.T.);
#3625=EDGE_CURVE('',#4423,#4409,#4424,.T.);
#3626=EDGE_CURVE('',#4421,#4423,#4425,.T.);
#3627=EDGE_CURVE('',#4426,#4427,#4428,.T.);
#3628=EDGE_CURVE('',#4249,#4426,#4429,.T.);
#3629=EDGE_CURVE('',#4247,#4430,#4431,.T.);
#3630=EDGE_CURVE('',#4432,#4430,#4433,.T.);
#3631=EDGE_CURVE('',#4432,#4413,#4434,.T.);
#3632=EDGE_CURVE('',#4418,#4435,#4436,.T.);
#3633=EDGE_CURVE('',#4437,#4435,#4438,.T.);
#3634=EDGE_CURVE('',#4439,#4437,#4440,.T.);
#3635=EDGE_CURVE('',#4439,#4441,#4442,.T.);
#3636=EDGE_CURVE('',#4427,#4441,#4443,.T.);
#3637=EDGE_CURVE('',#4441,#4444,#4445,.T.);
#3638=EDGE_CURVE('',#4446,#4444,#4447,.T.);
#3639=EDGE_CURVE('',#4446,#4427,#4448,.T.);
#3640=EDGE_CURVE('',#4426,#4449,#4450,.T.);
#3641=EDGE_CURVE('',#4451,#4446,#4452,.T.);
#3642=EDGE_CURVE('',#4451,#4449,#4453,.T.);
#3643=EDGE_CURVE('',#4454,#4455,#4456,.T.);
#3644=EDGE_CURVE('',#4449,#4455,#4457,.T.);
#3645=EDGE_CURVE('',#4451,#4454,#4458,.T.);
#3646=EDGE_CURVE('',#4459,#4460,#4461,.T.);
#3647=EDGE_CURVE('',#4462,#4460,#4463,.T.);
#3648=EDGE_CURVE('',#4462,#4464,#4465,.T.);
#3649=EDGE_CURVE('',#4466,#4464,#4467,.T.);
#3650=EDGE_CURVE('',#4468,#4466,#4469,.T.);
#3651=EDGE_CURVE('',#4470,#4468,#4471,.T.);
#3652=EDGE_CURVE('',#4470,#4472,#4473,.T.);
#3653=EDGE_CURVE('',#4474,#4472,#4475,.T.);
#3654=EDGE_CURVE('',#4476,#4474,#4477,.T.);
#3655=EDGE_CURVE('',#4478,#4476,#4479,.T.);
#3656=EDGE_CURVE('',#4478,#4480,#4481,.T.);
#3657=EDGE_CURVE('',#4482,#4480,#4483,.T.);
#3658=EDGE_CURVE('',#4484,#4482,#4485,.T.);
#3659=EDGE_CURVE('',#4486,#4484,#4487,.T.);
#3660=EDGE_CURVE('',#4486,#4488,#4489,.T.);
#3661=EDGE_CURVE('',#4490,#4488,#4491,.T.);
#3662=EDGE_CURVE('',#4492,#4490,#4493,.T.);
#3663=EDGE_CURVE('',#4494,#4492,#4495,.T.);
#3664=EDGE_CURVE('',#4494,#4496,#4497,.T.);
#3665=EDGE_CURVE('',#4498,#4496,#4499,.T.);
#3666=EDGE_CURVE('',#4500,#4498,#4501,.T.);
#3667=EDGE_CURVE('',#4502,#4500,#4503,.T.);
#3668=EDGE_CURVE('',#4502,#4504,#4505,.T.);
#3669=EDGE_CURVE('',#4506,#4504,#4507,.T.);
#3670=EDGE_CURVE('',#4508,#4506,#4509,.T.);
#3671=EDGE_CURVE('',#4510,#4508,#4511,.T.);
#3672=EDGE_CURVE('',#4510,#4512,#4513,.T.);
#3673=EDGE_CURVE('',#4514,#4512,#4515,.T.);
#3674=EDGE_CURVE('',#4516,#4514,#4517,.T.);
#3675=EDGE_CURVE('',#4518,#4516,#4519,.T.);
#3676=EDGE_CURVE('',#4454,#4518,#4520,.T.);
#3677=EDGE_CURVE('',#4521,#4444,#4522,.T.);
#3678=EDGE_CURVE('',#4459,#4521,#4523,.T.);
#3679=EDGE_CURVE('',#4459,#4524,#4525,.T.);
#3680=EDGE_CURVE('',#4526,#4521,#4527,.T.);
#3681=EDGE_CURVE('',#4524,#4526,#4528,.T.);
#3682=EDGE_CURVE('',#4439,#4526,#4529,.T.);
#3683=EDGE_CURVE('',#4530,#4437,#4531,.T.);
#3684=EDGE_CURVE('',#4532,#4530,#4533,.T.);
#3685=EDGE_CURVE('',#4532,#4524,#4534,.T.);
#3686=EDGE_CURVE('',#4251,#4535,#4536,.T.);
#3687=EDGE_CURVE('',#4455,#4535,#4537,.T.);
#3688=EDGE_CURVE('',#4538,#4532,#4539,.T.);
#3689=EDGE_CURVE('',#4538,#4459,#4540,.T.);
#3690=EDGE_CURVE('',#4541,#4538,#4542,.T.);
#3691=EDGE_CURVE('',#4543,#4541,#4544,.T.);
#3692=EDGE_CURVE('',#4543,#4545,#4546,.T.);
#3693=EDGE_CURVE('',#4460,#4545,#4547,.T.);
#3694=EDGE_CURVE('',#4548,#4549,#4550,.T.);
#3695=EDGE_CURVE('',#4510,#4548,#4551,.T.);
#3696=EDGE_CURVE('',#4508,#4552,#4553,.T.);
#3697=EDGE_CURVE('',#4554,#4552,#4555,.T.);
#3698=EDGE_CURVE('',#4502,#4554,#4556,.T.);
#3699=EDGE_CURVE('',#4500,#4557,#4558,.T.);
#3700=EDGE_CURVE('',#4559,#4557,#4560,.T.);
#3701=EDGE_CURVE('',#4494,#4559,#4561,.T.);
#3702=EDGE_CURVE('',#4492,#4562,#4563,.T.);
#3703=EDGE_CURVE('',#4564,#4562,#4565,.T.);
#3704=EDGE_CURVE('',#4486,#4564,#4566,.T.);
#3705=EDGE_CURVE('',#4484,#4567,#4568,.T.);
#3706=EDGE_CURVE('',#4569,#4567,#4570,.T.);
#3707=EDGE_CURVE('',#4478,#4569,#4571,.T.);
#3708=EDGE_CURVE('',#4476,#4572,#4573,.T.);
#3709=EDGE_CURVE('',#4574,#4572,#4575,.T.);
#3710=EDGE_CURVE('',#4470,#4574,#4576,.T.);
#3711=EDGE_CURVE('',#4468,#4577,#4578,.T.);
#3712=EDGE_CURVE('',#4579,#4577,#4580,.T.);
#3713=EDGE_CURVE('',#4462,#4579,#4581,.T.);
#3714=EDGE_CURVE('',#4545,#4582,#4583,.T.);
#3715=EDGE_CURVE('',#4584,#4582,#4585,.T.);
#3716=EDGE_CURVE('',#4584,#4586,#4587,.T.);
#3717=EDGE_CURVE('',#4586,#4588,#4589,.T.);
#3718=EDGE_CURVE('',#4588,#4590,#4591,.T.);
#3719=EDGE_CURVE('',#4590,#4592,#4593,.T.);
#3720=EDGE_CURVE('',#4592,#4594,#4595,.T.);
#3721=EDGE_CURVE('',#4594,#4596,#4597,.T.);
#3722=EDGE_CURVE('',#4598,#4596,#4599,.T.);
#3723=EDGE_CURVE('',#4600,#4598,#4601,.T.);
#3724=EDGE_CURVE('',#4600,#4602,#4603,.T.);
#3725=EDGE_CURVE('',#4602,#4604,#4605,.T.);
#3726=EDGE_CURVE('',#4604,#4606,#4607,.T.);
#3727=EDGE_CURVE('',#4606,#4608,#4609,.T.);
#3728=EDGE_CURVE('',#4608,#4610,#4611,.T.);
#3729=EDGE_CURVE('',#4612,#4610,#4613,.T.);
#3730=EDGE_CURVE('',#4612,#4614,#4615,.T.);
#3731=EDGE_CURVE('',#4614,#4518,#4616,.T.);
#3732=EDGE_CURVE('',#4516,#4549,#4617,.T.);
#3733=EDGE_CURVE('',#4618,#4619,#4620,.T.);
#3734=EDGE_CURVE('',#4621,#4619,#4622,.T.);
#3735=EDGE_CURVE('',#4623,#4621,#4624,.T.);
#3736=EDGE_CURVE('',#4623,#4618,#4625,.T.);
#3737=EDGE_CURVE('',#4626,#4627,#4628,.T.);
#3738=EDGE_CURVE('',#4629,#4627,#4630,.T.);
#3739=EDGE_CURVE('',#4631,#4629,#4632,.T.);
#3740=EDGE_CURVE('',#4631,#4626,#4633,.T.);
#3741=EDGE_CURVE('',#4634,#4635,#4636,.T.);
#3742=EDGE_CURVE('',#4637,#4635,#4638,.T.);
#3743=EDGE_CURVE('',#4639,#4637,#4640,.T.);
#3744=EDGE_CURVE('',#4639,#4634,#4641,.T.);
#3745=EDGE_CURVE('',#4642,#4643,#4644,.T.);
#3746=EDGE_CURVE('',#4645,#4643,#4646,.T.);
#3747=EDGE_CURVE('',#4647,#4645,#4648,.T.);
#3748=EDGE_CURVE('',#4647,#4642,#4649,.T.);
#3749=EDGE_CURVE('',#4650,#4651,#4652,.T.);
#3750=EDGE_CURVE('',#4653,#4651,#4654,.T.);
#3751=EDGE_CURVE('',#4655,#4653,#4656,.T.);
#3752=EDGE_CURVE('',#4655,#4650,#4657,.T.);
#3753=EDGE_CURVE('',#4658,#4659,#4660,.T.);
#3754=EDGE_CURVE('',#4661,#4659,#4662,.T.);
#3755=EDGE_CURVE('',#4663,#4661,#4664,.T.);
#3756=EDGE_CURVE('',#4663,#4658,#4665,.T.);
#3757=EDGE_CURVE('',#4666,#4514,#4667,.T.);
#3758=EDGE_CURVE('',#4549,#4666,#4668,.T.);
#3759=EDGE_CURVE('',#4669,#4666,#4670,.T.);
#3760=EDGE_CURVE('',#4548,#4669,#4671,.T.);
#3761=EDGE_CURVE('',#4512,#4669,#4672,.T.);
#3762=EDGE_CURVE('',#4673,#4614,#4674,.T.);
#3763=EDGE_CURVE('',#4675,#4673,#4676,.T.);
#3764=EDGE_CURVE('',#4677,#4675,#4678,.T.);
#3765=EDGE_CURVE('',#4454,#4677,#4679,.T.);
#3766=EDGE_CURVE('',#4677,#4535,#4680,.T.);
#3767=EDGE_CURVE('',#4675,#4681,#4682,.T.);
#3768=EDGE_CURVE('',#4535,#4681,#4683,.T.);
#3769=EDGE_CURVE('',#4253,#4681,#4684,.T.);
#3770=EDGE_CURVE('',#4685,#4530,#4686,.T.);
#3771=EDGE_CURVE('',#4687,#4685,#4688,.T.);
#3772=EDGE_CURVE('',#4687,#4532,#4689,.T.);
#3773=EDGE_CURVE('',#4690,#4691,#4692,.T.);
#3774=EDGE_CURVE('',#4691,#4693,#4694,.T.);
#3775=EDGE_CURVE('',#4255,#4693,#4695,.T.);
#3776=EDGE_CURVE('',#4681,#4690,#4696,.T.);
#3777=EDGE_CURVE('',#4697,#4685,#4698,.T.);
#3778=EDGE_CURVE('',#4699,#4697,#4700,.T.);
#3779=EDGE_CURVE('',#4699,#4701,#4702,.T.);
#3780=EDGE_CURVE('',#4701,#4703,#4704,.T.);
#3781=EDGE_CURVE('',#4703,#4687,#4705,.T.);
#3782=EDGE_CURVE('',#4673,#4690,#4706,.T.);
#3783=EDGE_CURVE('',#4673,#4707,#4708,.T.);
#3784=EDGE_CURVE('',#4707,#4691,#4709,.T.);
#3785=EDGE_CURVE('',#4707,#4710,#4711,.T.);
#3786=EDGE_CURVE('',#4710,#4693,#4712,.T.);
#3787=EDGE_CURVE('',#4713,#4714,#4715,.T.);
#3788=EDGE_CURVE('',#4693,#4714,#4716,.T.);
#3789=EDGE_CURVE('',#4710,#4713,#4717,.T.);
#3790=EDGE_CURVE('',#4707,#4612,#4718,.T.);
#3791=EDGE_CURVE('',#4719,#4610,#4720,.T.);
#3792=EDGE_CURVE('',#4719,#4713,#4721,.T.);
#3793=EDGE_CURVE('',#4719,#4722,#4723,.T.);
#3794=EDGE_CURVE('',#4722,#4714,#4724,.T.);
#3795=EDGE_CURVE('',#4722,#4725,#4726,.T.);
#3796=EDGE_CURVE('',#4725,#4727,#4728,.T.);
#3797=EDGE_CURVE('',#4727,#4729,#4730,.T.);
#3798=EDGE_CURVE('',#4731,#4729,#4732,.T.);
#3799=EDGE_CURVE('',#4259,#4731,#4733,.T.);
#3800=EDGE_CURVE('',#4257,#4714,#4734,.T.);
#3801=EDGE_CURVE('',#4735,#4736,#4737,.T.);
#3802=EDGE_CURVE('',#4738,#4736,#4739,.T.);
#3803=EDGE_CURVE('',#4740,#4738,#4741,.T.);
#3804=EDGE_CURVE('',#4740,#4742,#4743,.T.);
#3805=EDGE_CURVE('',#4742,#4744,#4745,.T.);
#3806=EDGE_CURVE('',#4744,#4746,#4747,.T.);
#3807=EDGE_CURVE('',#4746,#4748,#4749,.T.);
#3808=EDGE_CURVE('',#4735,#4748,#4750,.T.);
#3809=EDGE_CURVE('',#4736,#4697,#4751,.T.);
#3810=EDGE_CURVE('',#4735,#4699,#4752,.T.);
#3811=EDGE_CURVE('',#4753,#4735,#4754,.T.);
#3812=EDGE_CURVE('',#4753,#4755,#4756,.T.);
#3813=EDGE_CURVE('',#4755,#4699,#4757,.T.);
#3814=EDGE_CURVE('',#4758,#4701,#4759,.T.);
#3815=EDGE_CURVE('',#4755,#4758,#4760,.T.);
#3816=EDGE_CURVE('',#4753,#4761,#4762,.T.);
#3817=EDGE_CURVE('',#4761,#4584,#4763,.T.);
#3818=EDGE_CURVE('',#4758,#4582,#4764,.T.);
#3819=EDGE_CURVE('',#4758,#4543,#4765,.T.);
#3820=EDGE_CURVE('',#4543,#4703,#4766,.T.);
#3821=EDGE_CURVE('',#4541,#4687,#4767,.T.);
#3822=EDGE_CURVE('',#4768,#4586,#4769,.T.);
#3823=EDGE_CURVE('',#4768,#4761,#4770,.T.);
#3824=EDGE_CURVE('',#4768,#4746,#4771,.T.);
#3825=EDGE_CURVE('',#4761,#4748,#4772,.T.);
#3826=EDGE_CURVE('',#4744,#4773,#4774,.T.);
#3827=EDGE_CURVE('',#4773,#4775,#4776,.T.);
#3828=EDGE_CURVE('',#4588,#4775,#4777,.T.);
#3829=EDGE_CURVE('',#4778,#4590,#4779,.T.);
#3830=EDGE_CURVE('',#4775,#4778,#4780,.T.);
#3831=EDGE_CURVE('',#4781,#4782,#4783,.T.);
#3832=EDGE_CURVE('',#4784,#4782,#4785,.T.);
#3833=EDGE_CURVE('',#4784,#4786,#4787,.T.);
#3834=EDGE_CURVE('',#4786,#4781,#4788,.T.);
#3835=EDGE_CURVE('',#4778,#4789,#4790,.T.);
#3836=EDGE_CURVE('',#4773,#4789,#4791,.T.);
#3837=EDGE_CURVE('',#4792,#4786,#4793,.T.);
#3838=EDGE_CURVE('',#4794,#4792,#4795,.T.);
#3839=EDGE_CURVE('',#4729,#4794,#4796,.T.);
#3840=EDGE_CURVE('',#4781,#4727,#4797,.T.);
#3841=EDGE_CURVE('',#4606,#4782,#4798,.T.);
#3842=EDGE_CURVE('',#4725,#4799,#4800,.T.);
#3843=EDGE_CURVE('',#4799,#4608,#4801,.T.);
#3844=EDGE_CURVE('',#4719,#4799,#4802,.T.);
#3845=EDGE_CURVE('',#4784,#4604,#4803,.T.);
#3846=EDGE_CURVE('',#4804,#4602,#4805,.T.);
#3847=EDGE_CURVE('',#4804,#4806,#4807,.T.);
#3848=EDGE_CURVE('',#4792,#4806,#4808,.T.);
#3849=EDGE_CURVE('',#4809,#4806,#4810,.T.);
#3850=EDGE_CURVE('',#4809,#4811,#4812,.T.);
#3851=EDGE_CURVE('',#4811,#4813,#4814,.T.);
#3852=EDGE_CURVE('',#4813,#4815,#4816,.T.);
#3853=EDGE_CURVE('',#4815,#4817,#4818,.T.);
#3854=EDGE_CURVE('',#4817,#4794,#4819,.T.);
#3855=EDGE_CURVE('',#4817,#4820,#4821,.T.);
#3856=EDGE_CURVE('',#4820,#4822,#4823,.T.);
#3857=EDGE_CURVE('',#4824,#4822,#4825,.T.);
#3858=EDGE_CURVE('',#4296,#4824,#4826,.T.);
#3859=EDGE_CURVE('',#4294,#4827,#4828,.T.);
#3860=EDGE_CURVE('',#4829,#4827,#4830,.T.);
#3861=EDGE_CURVE('',#4731,#4829,#4831,.T.);
#3862=EDGE_CURVE('',#4423,#4832,#4833,.T.);
#3863=EDGE_CURVE('',#4740,#4832,#4834,.T.);
#3864=EDGE_CURVE('',#4835,#4738,#4836,.T.);
#3865=EDGE_CURVE('',#4421,#4835,#4837,.T.);
#3866=EDGE_CURVE('',#4838,#4839,#4840,.T.);
#3867=EDGE_CURVE('',#4261,#4839,#4841,.T.);
#3868=EDGE_CURVE('',#4829,#4838,#4842,.T.);
#3869=EDGE_CURVE('',#4245,#4843,#4844,.T.);
#3870=EDGE_CURVE('',#4430,#4843,#4845,.T.);
#3871=EDGE_CURVE('',#4416,#4846,#4847,.T.);
#3872=EDGE_CURVE('',#4435,#4846,#4848,.T.);
#3873=EDGE_CURVE('',#4274,#4839,#4849,.T.);
#3874=EDGE_CURVE('',#4269,#4835,#4850,.T.);
#3875=EDGE_CURVE('',#4851,#4852,#4853,.T.);
#3876=EDGE_CURVE('',#4852,#4851,#4854,.T.);
#3877=EDGE_CURVE('',#4289,#4843,#4855,.T.);
#3878=EDGE_CURVE('',#4287,#4856,#4857,.T.);
#3879=EDGE_CURVE('',#4856,#4432,#4858,.T.);
#3880=EDGE_CURVE('',#4859,#4838,#4860,.T.);
#3881=EDGE_CURVE('',#4292,#4859,#4861,.T.);
#3882=EDGE_CURVE('',#4856,#4412,#4862,.T.);
#3883=EDGE_CURVE('',#4846,#4281,#4863,.T.);
#3884=EDGE_CURVE('',#4827,#4859,#4864,.T.);
#3885=EDGE_CURVE('',#4407,#4832,#4865,.T.);
#3886=EDGE_CURVE('',#4298,#4866,#4867,.T.);
#3887=EDGE_CURVE('',#4868,#4866,#4869,.T.);
#3888=EDGE_CURVE('',#4868,#4870,#4871,.T.);
#3889=EDGE_CURVE('',#4815,#4870,#4872,.T.);
#3890=EDGE_CURVE('',#4813,#4742,#4873,.T.);
#3891=EDGE_CURVE('',#4789,#4811,#4874,.T.);
#3892=EDGE_CURVE('',#4809,#4875,#4876,.T.);
#3893=EDGE_CURVE('',#4875,#4592,#4877,.T.);
#3894=EDGE_CURVE('',#4804,#4878,#4879,.T.);
#3895=EDGE_CURVE('',#4600,#4880,#4881,.T.);
#3896=EDGE_CURVE('',#4878,#4880,#4882,.T.);
#3897=EDGE_CURVE('',#4594,#4883,#4884,.T.);
#3898=EDGE_CURVE('',#4885,#4875,#4886,.T.);
#3899=EDGE_CURVE('',#4885,#4883,#4887,.T.);
#3900=EDGE_CURVE('',#4888,#4880,#4889,.T.);
#3901=EDGE_CURVE('',#4890,#4888,#4891,.T.);
#3902=EDGE_CURVE('',#4890,#4878,#4892,.T.);
#3903=EDGE_CURVE('',#4893,#4890,#4894,.T.);
#3904=EDGE_CURVE('',#4885,#4893,#4895,.T.);
#3905=EDGE_CURVE('',#4893,#4896,#4897,.T.);
#3906=EDGE_CURVE('',#4896,#4883,#4898,.T.);
#3907=EDGE_CURVE('',#4899,#4883,#4900,.T.);
#3908=EDGE_CURVE('',#4888,#4896,#4901,.T.);
#3909=EDGE_CURVE('',#4902,#4880,#4903,.T.);
#3910=EDGE_CURVE('',#4902,#4899,#4904,.T.);
#3911=EDGE_CURVE('',#4905,#4899,#4906,.T.);
#3912=EDGE_CURVE('',#4907,#4902,#4908,.T.);
#3913=EDGE_CURVE('',#4907,#4820,#4909,.T.);
#3914=EDGE_CURVE('',#4870,#4905,#4910,.T.);
#3915=EDGE_CURVE('',#4868,#4911,#4912,.T.);
#3916=EDGE_CURVE('',#4905,#4911,#4913,.T.);
#3917=EDGE_CURVE('',#4911,#4914,#4915,.T.);
#3918=EDGE_CURVE('',#4596,#4914,#4916,.T.);
#3919=EDGE_CURVE('',#4824,#4917,#4918,.T.);
#3920=EDGE_CURVE('',#4598,#4917,#4919,.T.);
#3921=EDGE_CURVE('',#4914,#4866,#4920,.T.);
#3922=EDGE_CURVE('',#4921,#4917,#4922,.T.);
#3923=EDGE_CURVE('',#4921,#4822,#4923,.T.);
#3924=EDGE_CURVE('',#4921,#4907,#4924,.T.);
#3925=EDGE_CURVE('',#4852,#4925,#4926,.T.);
#3926=EDGE_CURVE('',#4851,#4234,#4927,.T.);
#3927=EDGE_CURVE('',#4925,#4237,#4928,.T.);
#3928=EDGE_CURVE('',#4929,#4238,#4930,.T.);
#3929=EDGE_CURVE('',#4929,#4925,#4931,.T.);
#3930=EDGE_CURVE('',#4229,#4929,#4932,.T.);
#3931=EDGE_CURVE('',#4230,#4925,#4933,.T.);
#3932=EDGE_CURVE('',#4579,#4934,#4935,.T.);
#3933=EDGE_CURVE('',#4464,#4934,#4936,.T.);
#3934=EDGE_CURVE('',#4934,#4937,#4938,.T.);
#3935=EDGE_CURVE('',#4937,#4466,#4939,.T.);
#3936=EDGE_CURVE('',#4577,#4937,#4940,.T.);
#3937=EDGE_CURVE('',#4574,#4941,#4942,.T.);
#3938=EDGE_CURVE('',#4472,#4941,#4943,.T.);
#3939=EDGE_CURVE('',#4941,#4944,#4945,.T.);
#3940=EDGE_CURVE('',#4944,#4474,#4946,.T.);
#3941=EDGE_CURVE('',#4572,#4944,#4947,.T.);
#3942=EDGE_CURVE('',#4569,#4948,#4949,.T.);
#3943=EDGE_CURVE('',#4480,#4948,#4950,.T.);
#3944=EDGE_CURVE('',#4948,#4951,#4952,.T.);
#3945=EDGE_CURVE('',#4951,#4482,#4953,.T.);
#3946=EDGE_CURVE('',#4567,#4951,#4954,.T.);
#3947=EDGE_CURVE('',#4564,#4955,#4956,.T.);
#3948=EDGE_CURVE('',#4488,#4955,#4957,.T.);
#3949=EDGE_CURVE('',#4955,#4958,#4959,.T.);
#3950=EDGE_CURVE('',#4958,#4490,#4960,.T.);
#3951=EDGE_CURVE('',#4562,#4958,#4961,.T.);
#3952=EDGE_CURVE('',#4559,#4962,#4963,.T.);
#3953=EDGE_CURVE('',#4496,#4962,#4964,.T.);
#3954=EDGE_CURVE('',#4962,#4965,#4966,.T.);
#3955=EDGE_CURVE('',#4965,#4498,#4967,.T.);
#3956=EDGE_CURVE('',#4557,#4965,#4968,.T.);
#3957=EDGE_CURVE('',#4554,#4969,#4970,.T.);
#3958=EDGE_CURVE('',#4504,#4969,#4971,.T.);
#3959=EDGE_CURVE('',#4969,#4972,#4973,.T.);
#3960=EDGE_CURVE('',#4972,#4506,#4974,.T.);
#3961=EDGE_CURVE('',#4552,#4972,#4975,.T.);
#3962=EDGE_CURVE('',#4976,#4623,#4977,.T.);
#3963=EDGE_CURVE('',#4978,#4976,#4979,.T.);
#3964=EDGE_CURVE('',#4618,#4978,#4980,.T.);
#3965=EDGE_CURVE('',#4981,#4982,#4983,.T.);
#3966=EDGE_CURVE('',#4359,#4981,#4984,.T.);
#3967=EDGE_CURVE('',#4982,#4364,#4985,.T.);
#3968=EDGE_CURVE('',#4658,#4986,#4987,.T.);
#3969=EDGE_CURVE('',#4986,#4988,#4989,.T.);
#3970=EDGE_CURVE('',#4659,#4988,#4990,.T.);
#3971=EDGE_CURVE('',#4978,#4991,#4992,.T.);
#3972=EDGE_CURVE('',#4619,#4991,#4993,.T.);
#3973=EDGE_CURVE('',#4994,#4995,#4996,.T.);
#3974=EDGE_CURVE('',#4995,#4982,#4997,.T.);
#3975=EDGE_CURVE('',#4998,#4362,#4999,.T.);
#3976=EDGE_CURVE('',#4998,#5000,#5001,.T.);
#3977=EDGE_CURVE('',#5000,#5002,#5003,.T.);
#3978=EDGE_CURVE('',#5002,#4994,#5004,.T.);
#3979=EDGE_CURVE('',#5005,#5006,#5007,.T.);
#3980=EDGE_CURVE('',#5006,#5008,#5009,.T.);
#3981=EDGE_CURVE('',#5008,#4404,#5010,.T.);
#3982=EDGE_CURVE('',#5011,#4402,#5012,.T.);
#3983=EDGE_CURVE('',#5011,#5013,#5014,.T.);
#3984=EDGE_CURVE('',#5013,#5015,#5016,.T.);
#3985=EDGE_CURVE('',#5015,#5005,#5017,.T.);
#3986=EDGE_CURVE('',#4988,#5018,#5019,.T.);
#3987=EDGE_CURVE('',#5018,#4661,#5020,.T.);
#3988=EDGE_CURVE('',#5021,#5011,#5022,.T.);
#3989=EDGE_CURVE('',#4400,#5021,#5023,.T.);
#3990=EDGE_CURVE('',#5024,#5018,#5025,.T.);
#3991=EDGE_CURVE('',#5024,#4663,#5026,.T.);
#3992=EDGE_CURVE('',#5027,#4621,#5028,.T.);
#3993=EDGE_CURVE('',#4976,#5027,#5029,.T.);
#3994=EDGE_CURVE('',#5030,#5031,#5032,.T.);
#3995=EDGE_CURVE('',#5033,#5030,#5034,.T.);
#3996=EDGE_CURVE('',#4360,#5033,#5035,.T.);
#3997=EDGE_CURVE('',#5036,#4981,#5037,.T.);
#3998=EDGE_CURVE('',#5038,#5036,#5039,.T.);
#3999=EDGE_CURVE('',#5038,#5031,#5040,.T.);
#4000=EDGE_CURVE('',#5041,#5042,#5043,.T.);
#4001=EDGE_CURVE('',#5021,#5041,#5044,.T.);
#4002=EDGE_CURVE('',#4399,#5045,#5046,.T.);
#4003=EDGE_CURVE('',#5047,#5045,#5048,.T.);
#4004=EDGE_CURVE('',#5049,#5047,#5050,.T.);
#4005=EDGE_CURVE('',#5049,#5042,#5051,.T.);
#4006=EDGE_CURVE('',#4986,#5024,#5052,.T.);
#4007=EDGE_CURVE('',#5045,#5008,#5053,.T.);
#4008=EDGE_CURVE('',#5006,#5047,#5054,.T.);
#4009=EDGE_CURVE('',#5005,#5049,#5055,.T.);
#4010=EDGE_CURVE('',#5005,#5056,#5057,.T.);
#4011=EDGE_CURVE('',#5056,#5058,#5059,.T.);
#4012=EDGE_CURVE('',#5058,#5049,#5060,.T.);
#4013=EDGE_CURVE('',#5058,#5061,#5062,.T.);
#4014=EDGE_CURVE('',#5061,#5042,#5063,.T.);
#4015=EDGE_CURVE('',#5064,#5061,#5065,.T.);
#4016=EDGE_CURVE('',#5064,#5015,#5066,.T.);
#4017=EDGE_CURVE('',#5015,#5042,#5067,.T.);
#4018=EDGE_CURVE('',#5013,#5041,#5068,.T.);
#4019=EDGE_CURVE('',#5064,#5056,#5069,.T.);
#4020=EDGE_CURVE('',#4991,#5027,#5070,.T.);
#4021=EDGE_CURVE('',#5033,#4998,#5071,.T.);
#4022=EDGE_CURVE('',#5000,#5030,#5072,.T.);
#4023=EDGE_CURVE('',#5002,#5031,#5073,.T.);
#4024=EDGE_CURVE('',#5074,#5031,#5075,.T.);
#4025=EDGE_CURVE('',#5076,#5074,#5077,.T.);
#4026=EDGE_CURVE('',#5076,#5002,#5078,.T.);
#4027=EDGE_CURVE('',#4994,#5079,#5080,.T.);
#4028=EDGE_CURVE('',#5076,#5079,#5081,.T.);
#4029=EDGE_CURVE('',#5082,#5074,#5083,.T.);
#4030=EDGE_CURVE('',#5079,#5082,#5084,.T.);
#4031=EDGE_CURVE('',#5082,#5038,#5085,.T.);
#4032=EDGE_CURVE('',#4994,#5038,#5086,.T.);
#4033=EDGE_CURVE('',#4995,#5036,#5087,.T.);
#4034=EDGE_CURVE('',#5088,#4631,#5089,.T.);
#4035=EDGE_CURVE('',#5090,#5088,#5091,.T.);
#4036=EDGE_CURVE('',#4626,#5090,#5092,.T.);
#4037=EDGE_CURVE('',#4367,#5093,#5094,.T.);
#4038=EDGE_CURVE('',#5095,#4372,#5096,.T.);
#4039=EDGE_CURVE('',#5095,#5093,#5097,.T.);
#4040=EDGE_CURVE('',#5090,#5098,#5099,.T.);
#4041=EDGE_CURVE('',#4627,#5098,#5100,.T.);
#4042=EDGE_CURVE('',#5101,#4370,#5102,.T.);
#4043=EDGE_CURVE('',#5101,#5095,#5103,.T.);
#4044=EDGE_CURVE('',#5098,#5104,#5105,.T.);
#4045=EDGE_CURVE('',#5104,#4629,#5106,.T.);
#4046=EDGE_CURVE('',#4368,#5107,#5108,.T.);
#4047=EDGE_CURVE('',#5107,#5101,#5109,.T.);
#4048=EDGE_CURVE('',#5088,#5104,#5110,.T.);
#4049=EDGE_CURVE('',#5107,#5093,#5111,.T.);
#4050=EDGE_CURVE('',#5112,#5093,#5113,.T.);
#4051=EDGE_CURVE('',#5114,#5112,#5115,.T.);
#4052=EDGE_CURVE('',#5114,#5107,#5116,.T.);
#4053=EDGE_CURVE('',#5101,#5117,#5118,.T.);
#4054=EDGE_CURVE('',#5114,#5117,#5119,.T.);
#4055=EDGE_CURVE('',#5120,#5112,#5121,.T.);
#4056=EDGE_CURVE('',#5117,#5120,#5122,.T.);
#4057=EDGE_CURVE('',#5120,#5095,#5123,.T.);
#4058=EDGE_CURVE('',#5124,#4639,#5125,.T.);
#4059=EDGE_CURVE('',#5126,#5124,#5127,.T.);
#4060=EDGE_CURVE('',#4634,#5126,#5128,.T.);
#4061=EDGE_CURVE('',#4375,#5129,#5130,.T.);
#4062=EDGE_CURVE('',#5131,#4380,#5132,.T.);
#4063=EDGE_CURVE('',#5131,#5129,#5133,.T.);
#4064=EDGE_CURVE('',#5126,#5134,#5135,.T.);
#4065=EDGE_CURVE('',#4635,#5134,#5136,.T.);
#4066=EDGE_CURVE('',#5137,#4378,#5138,.T.);
#4067=EDGE_CURVE('',#5137,#5131,#5139,.T.);
#4068=EDGE_CURVE('',#5134,#5140,#5141,.T.);
#4069=EDGE_CURVE('',#5140,#4637,#5142,.T.);
#4070=EDGE_CURVE('',#4376,#5143,#5144,.T.);
#4071=EDGE_CURVE('',#5143,#5137,#5145,.T.);
#4072=EDGE_CURVE('',#5124,#5140,#5146,.T.);
#4073=EDGE_CURVE('',#5143,#5129,#5147,.T.);
#4074=EDGE_CURVE('',#5148,#5129,#5149,.T.);
#4075=EDGE_CURVE('',#5150,#5148,#5151,.T.);
#4076=EDGE_CURVE('',#5150,#5143,#5152,.T.);
#4077=EDGE_CURVE('',#5137,#5153,#5154,.T.);
#4078=EDGE_CURVE('',#5150,#5153,#5155,.T.);
#4079=EDGE_CURVE('',#5156,#5148,#5157,.T.);
#4080=EDGE_CURVE('',#5153,#5156,#5158,.T.);
#4081=EDGE_CURVE('',#5156,#5131,#5159,.T.);
#4082=EDGE_CURVE('',#5160,#4647,#5161,.T.);
#4083=EDGE_CURVE('',#5162,#5160,#5163,.T.);
#4084=EDGE_CURVE('',#4642,#5162,#5164,.T.);
#4085=EDGE_CURVE('',#4383,#5165,#5166,.T.);
#4086=EDGE_CURVE('',#5167,#4388,#5168,.T.);
#4087=EDGE_CURVE('',#5167,#5165,#5169,.T.);
#4088=EDGE_CURVE('',#5162,#5170,#5171,.T.);
#4089=EDGE_CURVE('',#4643,#5170,#5172,.T.);
#4090=EDGE_CURVE('',#5173,#4386,#5174,.T.);
#4091=EDGE_CURVE('',#5173,#5167,#5175,.T.);
#4092=EDGE_CURVE('',#5170,#5176,#5177,.T.);
#4093=EDGE_CURVE('',#5176,#4645,#5178,.T.);
#4094=EDGE_CURVE('',#4384,#5179,#5180,.T.);
#4095=EDGE_CURVE('',#5179,#5173,#5181,.T.);
#4096=EDGE_CURVE('',#5160,#5176,#5182,.T.);
#4097=EDGE_CURVE('',#5179,#5165,#5183,.T.);
#4098=EDGE_CURVE('',#5184,#5165,#5185,.T.);
#4099=EDGE_CURVE('',#5186,#5184,#5187,.T.);
#4100=EDGE_CURVE('',#5186,#5179,#5188,.T.);
#4101=EDGE_CURVE('',#5173,#5189,#5190,.T.);
#4102=EDGE_CURVE('',#5186,#5189,#5191,.T.);
#4103=EDGE_CURVE('',#5192,#5184,#5193,.T.);
#4104=EDGE_CURVE('',#5189,#5192,#5194,.T.);
#4105=EDGE_CURVE('',#5192,#5167,#5195,.T.);
#4106=EDGE_CURVE('',#5196,#4655,#5197,.T.);
#4107=EDGE_CURVE('',#5198,#5196,#5199,.T.);
#4108=EDGE_CURVE('',#4650,#5198,#5200,.T.);
#4109=EDGE_CURVE('',#4391,#5201,#5202,.T.);
#4110=EDGE_CURVE('',#5203,#4396,#5204,.T.);
#4111=EDGE_CURVE('',#5203,#5201,#5205,.T.);
#4112=EDGE_CURVE('',#5198,#5206,#5207,.T.);
#4113=EDGE_CURVE('',#4651,#5206,#5208,.T.);
#4114=EDGE_CURVE('',#5209,#4394,#5210,.T.);
#4115=EDGE_CURVE('',#5209,#5203,#5211,.T.);
#4116=EDGE_CURVE('',#5206,#5212,#5213,.T.);
#4117=EDGE_CURVE('',#5212,#4653,#5214,.T.);
#4118=EDGE_CURVE('',#4392,#5215,#5216,.T.);
#4119=EDGE_CURVE('',#5215,#5209,#5217,.T.);
#4120=EDGE_CURVE('',#5196,#5212,#5218,.T.);
#4121=EDGE_CURVE('',#5215,#5201,#5219,.T.);
#4122=EDGE_CURVE('',#5220,#5201,#5221,.T.);
#4123=EDGE_CURVE('',#5222,#5220,#5223,.T.);
#4124=EDGE_CURVE('',#5222,#5215,#5224,.T.);
#4125=EDGE_CURVE('',#5209,#5225,#5226,.T.);
#4126=EDGE_CURVE('',#5222,#5225,#5227,.T.);
#4127=EDGE_CURVE('',#5228,#5220,#5229,.T.);
#4128=EDGE_CURVE('',#5225,#5228,#5230,.T.);
#4129=EDGE_CURVE('',#5228,#5203,#5231,.T.);
#4130=EDGE_CURVE('',#4308,#5232,#5233,.T.);
#4131=EDGE_CURVE('',#5234,#5232,#5235,.T.);
#4132=EDGE_CURVE('',#4304,#5234,#5236,.T.);
#4133=EDGE_CURVE('',#5237,#5234,#5238,.T.);
#4134=EDGE_CURVE('',#4303,#5237,#5239,.T.);
#4135=EDGE_CURVE('',#5240,#5237,#5241,.T.);
#4136=EDGE_CURVE('',#4306,#5240,#5242,.T.);
#4137=EDGE_CURVE('',#5232,#5240,#5243,.T.);
#4138=EDGE_CURVE('',#4316,#5244,#5245,.T.);
#4139=EDGE_CURVE('',#5246,#5244,#5247,.T.);
#4140=EDGE_CURVE('',#4312,#5246,#5248,.T.);
#4141=EDGE_CURVE('',#5249,#5246,#5250,.T.);
#4142=EDGE_CURVE('',#4311,#5249,#5251,.T.);
#4143=EDGE_CURVE('',#5252,#5249,#5253,.T.);
#4144=EDGE_CURVE('',#4314,#5252,#5254,.T.);
#4145=EDGE_CURVE('',#5244,#5252,#5255,.T.);
#4146=EDGE_CURVE('',#4324,#5256,#5257,.T.);
#4147=EDGE_CURVE('',#5258,#5256,#5259,.T.);
#4148=EDGE_CURVE('',#4320,#5258,#5260,.T.);
#4149=EDGE_CURVE('',#5261,#5258,#5262,.T.);
#4150=EDGE_CURVE('',#4319,#5261,#5263,.T.);
#4151=EDGE_CURVE('',#5264,#5261,#5265,.T.);
#4152=EDGE_CURVE('',#4322,#5264,#5266,.T.);
#4153=EDGE_CURVE('',#5256,#5264,#5267,.T.);
#4154=EDGE_CURVE('',#4332,#5268,#5269,.T.);
#4155=EDGE_CURVE('',#5270,#5268,#5271,.T.);
#4156=EDGE_CURVE('',#4328,#5270,#5272,.T.);
#4157=EDGE_CURVE('',#5273,#5270,#5274,.T.);
#4158=EDGE_CURVE('',#4327,#5273,#5275,.T.);
#4159=EDGE_CURVE('',#5276,#5273,#5277,.T.);
#4160=EDGE_CURVE('',#4330,#5276,#5278,.T.);
#4161=EDGE_CURVE('',#5268,#5276,#5279,.T.);
#4162=EDGE_CURVE('',#4340,#5280,#5281,.T.);
#4163=EDGE_CURVE('',#5282,#5280,#5283,.T.);
#4164=EDGE_CURVE('',#4336,#5282,#5284,.T.);
#4165=EDGE_CURVE('',#5285,#5282,#5286,.T.);
#4166=EDGE_CURVE('',#4335,#5285,#5287,.T.);
#4167=EDGE_CURVE('',#5288,#5285,#5289,.T.);
#4168=EDGE_CURVE('',#4338,#5288,#5290,.T.);
#4169=EDGE_CURVE('',#5280,#5288,#5291,.T.);
#4170=EDGE_CURVE('',#4348,#5292,#5293,.T.);
#4171=EDGE_CURVE('',#5294,#5292,#5295,.T.);
#4172=EDGE_CURVE('',#4344,#5294,#5296,.T.);
#4173=EDGE_CURVE('',#5297,#5294,#5298,.T.);
#4174=EDGE_CURVE('',#4343,#5297,#5299,.T.);
#4175=EDGE_CURVE('',#5300,#5297,#5301,.T.);
#4176=EDGE_CURVE('',#4346,#5300,#5302,.T.);
#4177=EDGE_CURVE('',#5292,#5300,#5303,.T.);
#4178=EDGE_CURVE('',#4356,#5304,#5305,.T.);
#4179=EDGE_CURVE('',#5306,#5304,#5307,.T.);
#4180=EDGE_CURVE('',#4352,#5306,#5308,.T.);
#4181=EDGE_CURVE('',#5309,#5306,#5310,.T.);
#4182=EDGE_CURVE('',#4351,#5309,#5311,.T.);
#4183=EDGE_CURVE('',#5312,#5309,#5313,.T.);
#4184=EDGE_CURVE('',#4354,#5312,#5314,.T.);
#4185=EDGE_CURVE('',#5304,#5312,#5315,.T.);
#4186=CARTESIAN_POINT('',(7.0,2.0,0.0));
#4187=DIRECTION('',(0.0,0.0,-1.0));
#4188=DIRECTION('',(-1.0,0.0,0.0));
#4189=CARTESIAN_POINT('',(7.0,2.0,0.0));
#4190=DIRECTION('',(0.0,0.0,-1.0));
#4191=DIRECTION('',(1.0,0.0,0.0));
#4192=CARTESIAN_POINT('',(5.0,0.1,0.0));
#4193=DIRECTION('',(0.0,0.0,-1.0));
#4194=DIRECTION('',(0.0,1.0,0.0));
#4195=CARTESIAN_POINT('',(5.0,0.1,0.0));
#4196=DIRECTION('',(0.0,0.0,-1.0));
#4197=DIRECTION('',(0.0,-1.0,0.0));
#4198=CARTESIAN_POINT('',(3.0,0.1,0.0));
#4199=DIRECTION('',(0.0,0.0,-1.0));
#4200=DIRECTION('',(0.0,1.0,0.0));
#4201=CARTESIAN_POINT('',(3.0,0.1,0.0));
#4202=DIRECTION('',(0.0,0.0,-1.0));
#4203=DIRECTION('',(0.0,-1.0,0.0));
#4204=CARTESIAN_POINT('',(1.0,0.1,0.0));
#4205=DIRECTION('',(0.0,0.0,-1.0));
#4206=DIRECTION('',(0.0,1.0,0.0));
#4207=CARTESIAN_POINT('',(1.0,0.1,0.0));
#4208=DIRECTION('',(0.0,0.0,-1.0));
#4209=DIRECTION('',(0.0,-1.0,0.0));
#4210=CARTESIAN_POINT('',(-1.0,0.1,0.0));
#4211=DIRECTION('',(0.0,0.0,-1.0));
#4212=DIRECTION('',(0.0,1.0,0.0));
#4213=CARTESIAN_POINT('',(-1.0,0.1,0.0));
#4214=DIRECTION('',(0.0,0.0,-1.0));
#4215=DIRECTION('',(0.0,-1.0,0.0));
#4216=CARTESIAN_POINT('',(-3.0,0.1,0.0));
#4217=DIRECTION('',(0.0,0.0,-1.0));
#4218=DIRECTION('',(0.0,1.0,0.0));
#4219=CARTESIAN_POINT('',(-3.0,0.1,0.0));
#4220=DIRECTION('',(0.0,0.0,-1.0));
#4221=DIRECTION('',(0.0,-1.0,0.0));
#4222=CARTESIAN_POINT('',(-5.0,0.1,0.0));
#4223=DIRECTION('',(0.0,0.0,-1.0));
#4224=DIRECTION('',(0.0,1.0,0.0));
#4225=CARTESIAN_POINT('',(-5.0,0.1,0.0));
#4226=DIRECTION('',(0.0,0.0,-1.0));
#4227=DIRECTION('',(0.0,-1.0,0.0));
#4228=DIRECTION('',(0.0,0.0,-1.0));
#4229=VERTEX_POINT('',#5316);
#4230=VERTEX_POINT('',#5317);
#4231=LINE('',#5318,#5319);
#4232=VERTEX_POINT('',#5320);
#4233=CIRCLE('',#5321,0.3);
#4234=VERTEX_POINT('',#5322);
#4235=LINE('',#5323,#5324);
#4236=CIRCLE('',#5325,0.5);
#4237=VERTEX_POINT('',#5326);
#4238=VERTEX_POINT('',#5327);
#4239=LINE('',#5328,#5329);
#4240=CIRCLE('',#5330,0.5);
#4241=CIRCLE('',#5331,0.3);
#4242=VERTEX_POINT('',#5332);
#4243=VERTEX_POINT('',#5333);
#4244=LINE('',#5334,#5335);
#4245=VERTEX_POINT('',#5336);
#4246=LINE('',#5337,#5338);
#4247=VERTEX_POINT('',#5339);
#4248=LINE('',#5340,#5341);
#4249=VERTEX_POINT('',#5342);
#4250=LINE('',#5343,#5344);
#4251=VERTEX_POINT('',#5345);
#4252=LINE('',#5346,#5347);
#4253=VERTEX_POINT('',#5348);
#4254=LINE('',#5349,#5350);
#4255=VERTEX_POINT('',#5351);
#4256=LINE('',#5352,#5353);
#4257=VERTEX_POINT('',#5354);
#4258=LINE('',#5355,#5356);
#4259=VERTEX_POINT('',#5357);
#4260=LINE('',#5358,#5359);
#4261=VERTEX_POINT('',#5360);
#4262=LINE('',#5361,#5362);
#4263=VERTEX_POINT('',#5363);
#4264=LINE('',#5364,#5365);
#4265=LINE('',#5366,#5367);
#4266=VERTEX_POINT('',#5368);
#4267=VERTEX_POINT('',#5369);
#4268=LINE('',#5370,#5371);
#4269=VERTEX_POINT('',#5372);
#4270=LINE('',#5373,#5374);
#4271=VERTEX_POINT('',#5375);
#4272=LINE('',#5376,#5377);
#4273=LINE('',#5378,#5379);
#4274=VERTEX_POINT('',#5380);
#4275=LINE('',#5381,#5382);
#4276=VERTEX_POINT('',#5383);
#4277=LINE('',#5384,#5385);
#4278=LINE('',#5386,#5387);
#4279=VERTEX_POINT('',#5388);
#4280=LINE('',#5389,#5390);
#4281=VERTEX_POINT('',#5391);
#4282=LINE('',#5392,#5393);
#4283=VERTEX_POINT('',#5394);
#4284=LINE('',#5395,#5396);
#4285=VERTEX_POINT('',#5397);
#4286=LINE('',#5398,#5399);
#4287=VERTEX_POINT('',#5400);
#4288=LINE('',#5401,#5402);
#4289=VERTEX_POINT('',#5403);
#4290=LINE('',#5404,#5405);
#4291=LINE('',#5406,#5407);
#4292=VERTEX_POINT('',#5408);
#4293=LINE('',#5409,#5410);
#4294=VERTEX_POINT('',#5411);
#4295=LINE('',#5412,#5413);
#4296=VERTEX_POINT('',#5414);
#4297=LINE('',#5415,#5416);
#4298=VERTEX_POINT('',#5417);
#4299=LINE('',#5418,#5419);
#4300=VERTEX_POINT('',#5420);
#4301=LINE('',#5421,#5422);
#4302=LINE('',#5423,#5424);
#4303=VERTEX_POINT('',#5425);
#4304=VERTEX_POINT('',#5426);
#4305=LINE('',#5427,#5428);
#4306=VERTEX_POINT('',#5429);
#4307=LINE('',#5430,#5431);
#4308=VERTEX_POINT('',#5432);
#4309=LINE('',#5433,#5434);
#4310=LINE('',#5435,#5436);
#4311=VERTEX_POINT('',#5437);
#4312=VERTEX_POINT('',#5438);
#4313=LINE('',#5439,#5440);
#4314=VERTEX_POINT('',#5441);
#4315=LINE('',#5442,#5443);
#4316=VERTEX_POINT('',#5444);
#4317=LINE('',#5445,#5446);
#4318=LINE('',#5447,#5448);
#4319=VERTEX_POINT('',#5449);
#4320=VERTEX_POINT('',#5450);
#4321=LINE('',#5451,#5452);
#4322=VERTEX_POINT('',#5453);
#4323=LINE('',#5454,#5455);
#4324=VERTEX_POINT('',#5456);
#4325=LINE('',#5457,#5458);
#4326=LINE('',#5459,#5460);
#4327=VERTEX_POINT('',#5461);
#4328=VERTEX_POINT('',#5462);
#4329=LINE('',#5463,#5464);
#4330=VERTEX_POINT('',#5465);
#4331=LINE('',#5466,#5467);
#4332=VERTEX_POINT('',#5468);
#4333=LINE('',#5469,#5470);
#4334=LINE('',#5471,#5472);
#4335=VERTEX_POINT('',#5473);
#4336=VERTEX_POINT('',#5474);
#4337=LINE('',#5475,#5476);
#4338=VERTEX_POINT('',#5477);
#4339=LINE('',#5478,#5479);
#4340=VERTEX_POINT('',#5480);
#4341=LINE('',#5481,#5482);
#4342=LINE('',#5483,#5484);
#4343=VERTEX_POINT('',#5485);
#4344=VERTEX_POINT('',#5486);
#4345=LINE('',#5487,#5488);
#4346=VERTEX_POINT('',#5489);
#4347=LINE('',#5490,#5491);
#4348=VERTEX_POINT('',#5492);
#4349=LINE('',#5493,#5494);
#4350=LINE('',#5495,#5496);
#4351=VERTEX_POINT('',#5497);
#4352=VERTEX_POINT('',#5498);
#4353=LINE('',#5499,#5500);
#4354=VERTEX_POINT('',#5501);
#4355=LINE('',#5502,#5503);
#4356=VERTEX_POINT('',#5504);
#4357=LINE('',#5505,#5506);
#4358=LINE('',#5507,#5508);
#4359=VERTEX_POINT('',#5509);
#4360=VERTEX_POINT('',#5510);
#4361=LINE('',#5511,#5512);
#4362=VERTEX_POINT('',#5513);
#4363=LINE('',#5514,#5515);
#4364=VERTEX_POINT('',#5516);
#4365=LINE('',#5517,#5518);
#4366=LINE('',#5519,#5520);
#4367=VERTEX_POINT('',#5521);
#4368=VERTEX_POINT('',#5522);
#4369=LINE('',#5523,#5524);
#4370=VERTEX_POINT('',#5525);
#4371=LINE('',#5526,#5527);
#4372=VERTEX_POINT('',#5528);
#4373=LINE('',#5529,#5530);
#4374=LINE('',#5531,#5532);
#4375=VERTEX_POINT('',#5533);
#4376=VERTEX_POINT('',#5534);
#4377=LINE('',#5535,#5536);
#4378=VERTEX_POINT('',#5537);
#4379=LINE('',#5538,#5539);
#4380=VERTEX_POINT('',#5540);
#4381=LINE('',#5541,#5542);
#4382=LINE('',#5543,#5544);
#4383=VERTEX_POINT('',#5545);
#4384=VERTEX_POINT('',#5546);
#4385=LINE('',#5547,#5548);
#4386=VERTEX_POINT('',#5549);
#4387=LINE('',#5550,#5551);
#4388=VERTEX_POINT('',#5552);
#4389=LINE('',#5553,#5554);
#4390=LINE('',#5555,#5556);
#4391=VERTEX_POINT('',#5557);
#4392=VERTEX_POINT('',#5558);
#4393=LINE('',#5559,#5560);
#4394=VERTEX_POINT('',#5561);
#4395=LINE('',#5562,#5563);
#4396=VERTEX_POINT('',#5564);
#4397=LINE('',#5565,#5566);
#4398=LINE('',#5567,#5568);
#4399=VERTEX_POINT('',#5569);
#4400=VERTEX_POINT('',#5570);
#4401=LINE('',#5571,#5572);
#4402=VERTEX_POINT('',#5573);
#4403=LINE('',#5574,#5575);
#4404=VERTEX_POINT('',#5576);
#4405=LINE('',#5577,#5578);
#4406=LINE('',#5579,#5580);
#4407=VERTEX_POINT('',#5581);
#4408=LINE('',#5582,#5583);
#4409=VERTEX_POINT('',#5584);
#4410=LINE('',#5585,#5586);
#4411=LINE('',#5587,#5588);
#4412=VERTEX_POINT('',#5589);
#4413=VERTEX_POINT('',#5590);
#4414=LINE('',#5591,#5592);
#4415=LINE('',#5593,#5594);
#4416=VERTEX_POINT('',#5595);
#4417=LINE('',#5596,#5597);
#4418=VERTEX_POINT('',#5598);
#4419=LINE('',#5599,#5600);
#4420=LINE('',#5601,#5602);
#4421=VERTEX_POINT('',#5603);
#4422=LINE('',#5604,#5605);
#4423=VERTEX_POINT('',#5606);
#4424=LINE('',#5607,#5608);
#4425=LINE('',#5609,#5610);
#4426=VERTEX_POINT('',#5611);
#4427=VERTEX_POINT('',#5612);
#4428=LINE('',#5613,#5614);
#4429=LINE('',#5615,#5616);
#4430=VERTEX_POINT('',#5617);
#4431=LINE('',#5618,#5619);
#4432=VERTEX_POINT('',#5620);
#4433=LINE('',#5621,#5622);
#4434=LINE('',#5623,#5624);
#4435=VERTEX_POINT('',#5625);
#4436=LINE('',#5626,#5627);
#4437=VERTEX_POINT('',#5628);
#4438=LINE('',#5629,#5630);
#4439=VERTEX_POINT('',#5631);
#4440=LINE('',#5632,#5633);
#4441=VERTEX_POINT('',#5634);
#4442=LINE('',#5635,#5636);
#4443=LINE('',#5637,#5638);
#4444=VERTEX_POINT('',#5639);
#4445=LINE('',#5640,#5641);
#4446=VERTEX_POINT('',#5642);
#4447=LINE('',#5643,#5644);
#4448=LINE('',#5645,#5646);
#4449=VERTEX_POINT('',#5647);
#4450=LINE('',#5648,#5649);
#4451=VERTEX_POINT('',#5650);
#4452=LINE('',#5651,#5652);
#4453=LINE('',#5653,#5654);
#4454=VERTEX_POINT('',#5655);
#4455=VERTEX_POINT('',#5656);
#4456=LINE('',#5657,#5658);
#4457=LINE('',#5659,#5660);
#4458=LINE('',#5661,#5662);
#4459=VERTEX_POINT('',#5663);
#4460=VERTEX_POINT('',#5664);
#4461=LINE('',#5665,#5666);
#4462=VERTEX_POINT('',#5667);
#4463=LINE('',#5668,#5669);
#4464=VERTEX_POINT('',#5670);
#4465=LINE('',#5671,#5672);
#4466=VERTEX_POINT('',#5673);
#4467=LINE('',#5674,#5675);
#4468=VERTEX_POINT('',#5676);
#4469=LINE('',#5677,#5678);
#4470=VERTEX_POINT('',#5679);
#4471=LINE('',#5680,#5681);
#4472=VERTEX_POINT('',#5682);
#4473=LINE('',#5683,#5684);
#4474=VERTEX_POINT('',#5685);
#4475=LINE('',#5686,#5687);
#4476=VERTEX_POINT('',#5688);
#4477=LINE('',#5689,#5690);
#4478=VERTEX_POINT('',#5691);
#4479=LINE('',#5692,#5693);
#4480=VERTEX_POINT('',#5694);
#4481=LINE('',#5695,#5696);
#4482=VERTEX_POINT('',#5697);
#4483=LINE('',#5698,#5699);
#4484=VERTEX_POINT('',#5700);
#4485=LINE('',#5701,#5702);
#4486=VERTEX_POINT('',#5703);
#4487=LINE('',#5704,#5705);
#4488=VERTEX_POINT('',#5706);
#4489=LINE('',#5707,#5708);
#4490=VERTEX_POINT('',#5709);
#4491=LINE('',#5710,#5711);
#4492=VERTEX_POINT('',#5712);
#4493=LINE('',#5713,#5714);
#4494=VERTEX_POINT('',#5715);
#4495=LINE('',#5716,#5717);
#4496=VERTEX_POINT('',#5718);
#4497=LINE('',#5719,#5720);
#4498=VERTEX_POINT('',#5721);
#4499=LINE('',#5722,#5723);
#4500=VERTEX_POINT('',#5724);
#4501=LINE('',#5725,#5726);
#4502=VERTEX_POINT('',#5727);
#4503=LINE('',#5728,#5729);
#4504=VERTEX_POINT('',#5730);
#4505=LINE('',#5731,#5732);
#4506=VERTEX_POINT('',#5733);
#4507=LINE('',#5734,#5735);
#4508=VERTEX_POINT('',#5736);
#4509=LINE('',#5737,#5738);
#4510=VERTEX_POINT('',#5739);
#4511=LINE('',#5740,#5741);
#4512=VERTEX_POINT('',#5742);
#4513=LINE('',#5743,#5744);
#4514=VERTEX_POINT('',#5745);
#4515=LINE('',#5746,#5747);
#4516=VERTEX_POINT('',#5748);
#4517=LINE('',#5749,#5750);
#4518=VERTEX_POINT('',#5751);
#4519=LINE('',#5752,#5753);
#4520=LINE('',#5754,#5755);
#4521=VERTEX_POINT('',#5756);
#4522=LINE('',#5757,#5758);
#4523=LINE('',#5759,#5760);
#4524=VERTEX_POINT('',#5761);
#4525=LINE('',#5762,#5763);
#4526=VERTEX_POINT('',#5764);
#4527=LINE('',#5765,#5766);
#4528=LINE('',#5767,#5768);
#4529=LINE('',#5769,#5770);
#4530=VERTEX_POINT('',#5771);
#4531=LINE('',#5772,#5773);
#4532=VERTEX_POINT('',#5774);
#4533=LINE('',#5775,#5776);
#4534=LINE('',#5777,#5778);
#4535=VERTEX_POINT('',#5779);
#4536=LINE('',#5780,#5781);
#4537=LINE('',#5782,#5783);
#4538=VERTEX_POINT('',#5784);
#4539=LINE('',#5785,#5786);
#4540=LINE('',#5787,#5788);
#4541=VERTEX_POINT('',#5789);
#4542=LINE('',#5790,#5791);
#4543=VERTEX_POINT('',#5792);
#4544=LINE('',#5793,#5794);
#4545=VERTEX_POINT('',#5795);
#4546=LINE('',#5796,#5797);
#4547=LINE('',#5798,#5799);
#4548=VERTEX_POINT('',#5800);
#4549=VERTEX_POINT('',#5801);
#4550=LINE('',#5802,#5803);
#4551=LINE('',#5804,#5805);
#4552=VERTEX_POINT('',#5806);
#4553=LINE('',#5807,#5808);
#4554=VERTEX_POINT('',#5809);
#4555=LINE('',#5810,#5811);
#4556=LINE('',#5812,#5813);
#4557=VERTEX_POINT('',#5814);
#4558=LINE('',#5815,#5816);
#4559=VERTEX_POINT('',#5817);
#4560=LINE('',#5818,#5819);
#4561=LINE('',#5820,#5821);
#4562=VERTEX_POINT('',#5822);
#4563=LINE('',#5823,#5824);
#4564=VERTEX_POINT('',#5825);
#4565=LINE('',#5826,#5827);
#4566=LINE('',#5828,#5829);
#4567=VERTEX_POINT('',#5830);
#4568=LINE('',#5831,#5832);
#4569=VERTEX_POINT('',#5833);
#4570=LINE('',#5834,#5835);
#4571=LINE('',#5836,#5837);
#4572=VERTEX_POINT('',#5838);
#4573=LINE('',#5839,#5840);
#4574=VERTEX_POINT('',#5841);
#4575=LINE('',#5842,#5843);
#4576=LINE('',#5844,#5845);
#4577=VERTEX_POINT('',#5846);
#4578=LINE('',#5847,#5848);
#4579=VERTEX_POINT('',#5849);
#4580=LINE('',#5850,#5851);
#4581=LINE('',#5852,#5853);
#4582=VERTEX_POINT('',#5854);
#4583=LINE('',#5855,#5856);
#4584=VERTEX_POINT('',#5857);
#4585=LINE('',#5858,#5859);
#4586=VERTEX_POINT('',#5860);
#4587=LINE('',#5861,#5862);
#4588=VERTEX_POINT('',#5863);
#4589=LINE('',#5864,#5865);
#4590=VERTEX_POINT('',#5866);
#4591=LINE('',#5867,#5868);
#4592=VERTEX_POINT('',#5869);
#4593=LINE('',#5870,#5871);
#4594=VERTEX_POINT('',#5872);
#4595=LINE('',#5873,#5874);
#4596=VERTEX_POINT('',#5875);
#4597=LINE('',#5876,#5877);
#4598=VERTEX_POINT('',#5878);
#4599=LINE('',#5879,#5880);
#4600=VERTEX_POINT('',#5881);
#4601=LINE('',#5882,#5883);
#4602=VERTEX_POINT('',#5884);
#4603=LINE('',#5885,#5886);
#4604=VERTEX_POINT('',#5887);
#4605=LINE('',#5888,#5889);
#4606=VERTEX_POINT('',#5890);
#4607=LINE('',#5891,#5892);
#4608=VERTEX_POINT('',#5893);
#4609=LINE('',#5894,#5895);
#4610=VERTEX_POINT('',#5896);
#4611=LINE('',#5897,#5898);
#4612=VERTEX_POINT('',#5899);
#4613=LINE('',#5900,#5901);
#4614=VERTEX_POINT('',#5902);
#4615=LINE('',#5903,#5904);
#4616=LINE('',#5905,#5906);
#4617=LINE('',#5907,#5908);
#4618=VERTEX_POINT('',#5909);
#4619=VERTEX_POINT('',#5910);
#4620=LINE('',#5911,#5912);
#4621=VERTEX_POINT('',#5913);
#4622=LINE('',#5914,#5915);
#4623=VERTEX_POINT('',#5916);
#4624=LINE('',#5917,#5918);
#4625=LINE('',#5919,#5920);
#4626=VERTEX_POINT('',#5921);
#4627=VERTEX_POINT('',#5922);
#4628=LINE('',#5923,#5924);
#4629=VERTEX_POINT('',#5925);
#4630=LINE('',#5926,#5927);
#4631=VERTEX_POINT('',#5928);
#4632=LINE('',#5929,#5930);
#4633=LINE('',#5931,#5932);
#4634=VERTEX_POINT('',#5933);
#4635=VERTEX_POINT('',#5934);
#4636=LINE('',#5935,#5936);
#4637=VERTEX_POINT('',#5937);
#4638=LINE('',#5938,#5939);
#4639=VERTEX_POINT('',#5940);
#4640=LINE('',#5941,#5942);
#4641=LINE('',#5943,#5944);
#4642=VERTEX_POINT('',#5945);
#4643=VERTEX_POINT('',#5946);
#4644=LINE('',#5947,#5948);
#4645=VERTEX_POINT('',#5949);
#4646=LINE('',#5950,#5951);
#4647=VERTEX_POINT('',#5952);
#4648=LINE('',#5953,#5954);
#4649=LINE('',#5955,#5956);
#4650=VERTEX_POINT('',#5957);
#4651=VERTEX_POINT('',#5958);
#4652=LINE('',#5959,#5960);
#4653=VERTEX_POINT('',#5961);
#4654=LINE('',#5962,#5963);
#4655=VERTEX_POINT('',#5964);
#4656=LINE('',#5965,#5966);
#4657=LINE('',#5967,#5968);
#4658=VERTEX_POINT('',#5969);
#4659=VERTEX_POINT('',#5970);
#4660=LINE('',#5971,#5972);
#4661=VERTEX_POINT('',#5973);
#4662=LINE('',#5974,#5975);
#4663=VERTEX_POINT('',#5976);
#4664=LINE('',#5977,#5978);
#4665=LINE('',#5979,#5980);
#4666=VERTEX_POINT('',#5981);
#4667=LINE('',#5982,#5983);
#4668=LINE('',#5984,#5985);
#4669=VERTEX_POINT('',#5986);
#4670=LINE('',#5987,#5988);
#4671=LINE('',#5989,#5990);
#4672=LINE('',#5991,#5992);
#4673=VERTEX_POINT('',#5993);
#4674=LINE('',#5994,#5995);
#4675=VERTEX_POINT('',#5996);
#4676=LINE('',#5997,#5998);
#4677=VERTEX_POINT('',#5999);
#4678=LINE('',#6000,#6001);
#4679=LINE('',#6002,#6003);
#4680=LINE('',#6004,#6005);
#4681=VERTEX_POINT('',#6006);
#4682=LINE('',#6007,#6008);
#4683=LINE('',#6009,#6010);
#4684=LINE('',#6011,#6012);
#4685=VERTEX_POINT('',#6013);
#4686=LINE('',#6014,#6015);
#4687=VERTEX_POINT('',#6016);
#4688=LINE('',#6017,#6018);
#4689=LINE('',#6019,#6020);
#4690=VERTEX_POINT('',#6021);
#4691=VERTEX_POINT('',#6022);
#4692=LINE('',#6023,#6024);
#4693=VERTEX_POINT('',#6025);
#4694=LINE('',#6026,#6027);
#4695=LINE('',#6028,#6029);
#4696=LINE('',#6030,#6031);
#4697=VERTEX_POINT('',#6032);
#4698=LINE('',#6033,#6034);
#4699=VERTEX_POINT('',#6035);
#4700=LINE('',#6036,#6037);
#4701=VERTEX_POINT('',#6038);
#4702=LINE('',#6039,#6040);
#4703=VERTEX_POINT('',#6041);
#4704=LINE('',#6042,#6043);
#4705=LINE('',#6044,#6045);
#4706=LINE('',#6046,#6047);
#4707=VERTEX_POINT('',#6048);
#4708=LINE('',#6049,#6050);
#4709=LINE('',#6051,#6052);
#4710=VERTEX_POINT('',#6053);
#4711=LINE('',#6054,#6055);
#4712=LINE('',#6056,#6057);
#4713=VERTEX_POINT('',#6058);
#4714=VERTEX_POINT('',#6059);
#4715=LINE('',#6060,#6061);
#4716=LINE('',#6062,#6063);
#4717=LINE('',#6064,#6065);
#4718=LINE('',#6066,#6067);
#4719=VERTEX_POINT('',#6068);
#4720=LINE('',#6069,#6070);
#4721=LINE('',#6071,#6072);
#4722=VERTEX_POINT('',#6073);
#4723=LINE('',#6074,#6075);
#4724=LINE('',#6076,#6077);
#4725=VERTEX_POINT('',#6078);
#4726=LINE('',#6079,#6080);
#4727=VERTEX_POINT('',#6081);
#4728=LINE('',#6082,#6083);
#4729=VERTEX_POINT('',#6084);
#4730=LINE('',#6085,#6086);
#4731=VERTEX_POINT('',#6087);
#4732=LINE('',#6088,#6089);
#4733=LINE('',#6090,#6091);
#4734=LINE('',#6092,#6093);
#4735=VERTEX_POINT('',#6094);
#4736=VERTEX_POINT('',#6095);
#4737=LINE('',#6096,#6097);
#4738=VERTEX_POINT('',#6098);
#4739=LINE('',#6099,#6100);
#4740=VERTEX_POINT('',#6101);
#4741=LINE('',#6102,#6103);
#4742=VERTEX_POINT('',#6104);
#4743=LINE('',#6105,#6106);
#4744=VERTEX_POINT('',#6107);
#4745=LINE('',#6108,#6109);
#4746=VERTEX_POINT('',#6110);
#4747=LINE('',#6111,#6112);
#4748=VERTEX_POINT('',#6113);
#4749=LINE('',#6114,#6115);
#4750=LINE('',#6116,#6117);
#4751=LINE('',#6118,#6119);
#4752=LINE('',#6120,#6121);
#4753=VERTEX_POINT('',#6122);
#4754=LINE('',#6123,#6124);
#4755=VERTEX_POINT('',#6125);
#4756=LINE('',#6126,#6127);
#4757=LINE('',#6128,#6129);
#4758=VERTEX_POINT('',#6130);
#4759=LINE('',#6131,#6132);
#4760=LINE('',#6133,#6134);
#4761=VERTEX_POINT('',#6135);
#4762=LINE('',#6136,#6137);
#4763=LINE('',#6138,#6139);
#4764=LINE('',#6140,#6141);
#4765=LINE('',#6142,#6143);
#4766=LINE('',#6144,#6145);
#4767=LINE('',#6146,#6147);
#4768=VERTEX_POINT('',#6148);
#4769=LINE('',#6149,#6150);
#4770=LINE('',#6151,#6152);
#4771=LINE('',#6153,#6154);
#4772=LINE('',#6155,#6156);
#4773=VERTEX_POINT('',#6157);
#4774=LINE('',#6158,#6159);
#4775=VERTEX_POINT('',#6160);
#4776=LINE('',#6161,#6162);
#4777=LINE('',#6163,#6164);
#4778=VERTEX_POINT('',#6165);
#4779=LINE('',#6166,#6167);
#4780=LINE('',#6168,#6169);
#4781=VERTEX_POINT('',#6170);
#4782=VERTEX_POINT('',#6171);
#4783=LINE('',#6172,#6173);
#4784=VERTEX_POINT('',#6174);
#4785=LINE('',#6175,#6176);
#4786=VERTEX_POINT('',#6177);
#4787=LINE('',#6178,#6179);
#4788=LINE('',#6180,#6181);
#4789=VERTEX_POINT('',#6182);
#4790=LINE('',#6183,#6184);
#4791=LINE('',#6185,#6186);
#4792=VERTEX_POINT('',#6187);
#4793=LINE('',#6188,#6189);
#4794=VERTEX_POINT('',#6190);
#4795=LINE('',#6191,#6192);
#4796=LINE('',#6193,#6194);
#4797=LINE('',#6195,#6196);
#4798=LINE('',#6197,#6198);
#4799=VERTEX_POINT('',#6199);
#4800=LINE('',#6200,#6201);
#4801=LINE('',#6202,#6203);
#4802=LINE('',#6204,#6205);
#4803=LINE('',#6206,#6207);
#4804=VERTEX_POINT('',#6208);
#4805=LINE('',#6209,#6210);
#4806=VERTEX_POINT('',#6211);
#4807=LINE('',#6212,#6213);
#4808=LINE('',#6214,#6215);
#4809=VERTEX_POINT('',#6216);
#4810=LINE('',#6217,#6218);
#4811=VERTEX_POINT('',#6219);
#4812=LINE('',#6220,#6221);
#4813=VERTEX_POINT('',#6222);
#4814=LINE('',#6223,#6224);
#4815=VERTEX_POINT('',#6225);
#4816=LINE('',#6226,#6227);
#4817=VERTEX_POINT('',#6228);
#4818=LINE('',#6229,#6230);
#4819=LINE('',#6231,#6232);
#4820=VERTEX_POINT('',#6233);
#4821=LINE('',#6234,#6235);
#4822=VERTEX_POINT('',#6236);
#4823=CIRCLE('',#6237,0.6);
#4824=VERTEX_POINT('',#6238);
#4825=LINE('',#6239,#6240);
#4826=LINE('',#6241,#6242);
#4827=VERTEX_POINT('',#6243);
#4828=LINE('',#6244,#6245);
#4829=VERTEX_POINT('',#6246);
#4830=LINE('',#6247,#6248);
#4831=LINE('',#6249,#6250);
#4832=VERTEX_POINT('',#6251);
#4833=LINE('',#6252,#6253);
#4834=LINE('',#6254,#6255);
#4835=VERTEX_POINT('',#6256);
#4836=LINE('',#6257,#6258);
#4837=LINE('',#6259,#6260);
#4838=VERTEX_POINT('',#6261);
#4839=VERTEX_POINT('',#6262);
#4840=LINE('',#6263,#6264);
#4841=LINE('',#6265,#6266);
#4842=LINE('',#6267,#6268);
#4843=VERTEX_POINT('',#6269);
#4844=LINE('',#6270,#6271);
#4845=LINE('',#6272,#6273);
#4846=VERTEX_POINT('',#6274);
#4847=LINE('',#6275,#6276);
#4848=LINE('',#6277,#6278);
#4849=LINE('',#6279,#6280);
#4850=LINE('',#6281,#6282);
#4851=VERTEX_POINT('',#6283);
#4852=VERTEX_POINT('',#6284);
#4853=CIRCLE('',#6285,0.5);
#4854=CIRCLE('',#6286,0.5);
#4855=LINE('',#6287,#6288);
#4856=VERTEX_POINT('',#6289);
#4857=LINE('',#6290,#6291);
#4858=LINE('',#6292,#6293);
#4859=VERTEX_POINT('',#6294);
#4860=LINE('',#6295,#6296);
#4861=LINE('',#6297,#6298);
#4862=LINE('',#6299,#6300);
#4863=LINE('',#6301,#6302);
#4864=LINE('',#6303,#6304);
#4865=LINE('',#6305,#6306);
#4866=VERTEX_POINT('',#6307);
#4867=LINE('',#6308,#6309);
#4868=VERTEX_POINT('',#6310);
#4869=LINE('',#6311,#6312);
#4870=VERTEX_POINT('',#6313);
#4871=CIRCLE('',#6314,0.6);
#4872=LINE('',#6315,#6316);
#4873=LINE('',#6317,#6318);
#4874=LINE('',#6319,#6320);
#4875=VERTEX_POINT('',#6321);
#4876=LINE('',#6322,#6323);
#4877=LINE('',#6324,#6325);
#4878=VERTEX_POINT('',#6326);
#4879=LINE('',#6327,#6328);
#4880=VERTEX_POINT('',#6329);
#4881=LINE('',#6330,#6331);
#4882=LINE('',#6332,#6333);
#4883=VERTEX_POINT('',#6334);
#4884=LINE('',#6335,#6336);
#4885=VERTEX_POINT('',#6337);
#4886=LINE('',#6338,#6339);
#4887=LINE('',#6340,#6341);
#4888=VERTEX_POINT('',#6342);
#4889=LINE('',#6343,#6344);
#4890=VERTEX_POINT('',#6345);
#4891=LINE('',#6346,#6347);
#4892=LINE('',#6348,#6349);
#4893=VERTEX_POINT('',#6350);
#4894=LINE('',#6351,#6352);
#4895=LINE('',#6353,#6354);
#4896=VERTEX_POINT('',#6355);
#4897=LINE('',#6356,#6357);
#4898=LINE('',#6358,#6359);
#4899=VERTEX_POINT('',#6360);
#4900=LINE('',#6361,#6362);
#4901=LINE('',#6363,#6364);
#4902=VERTEX_POINT('',#6365);
#4903=LINE('',#6366,#6367);
#4904=LINE('',#6368,#6369);
#4905=VERTEX_POINT('',#6370);
#4906=LINE('',#6371,#6372);
#4907=VERTEX_POINT('',#6373);
#4908=LINE('',#6374,#6375);
#4909=LINE('',#6376,#6377);
#4910=LINE('',#6378,#6379);
#4911=VERTEX_POINT('',#6380);
#4912=LINE('',#6381,#6382);
#4913=CIRCLE('',#6383,0.6);
#4914=VERTEX_POINT('',#6384);
#4915=LINE('',#6385,#6386);
#4916=LINE('',#6387,#6388);
#4917=VERTEX_POINT('',#6389);
#4918=LINE('',#6390,#6391);
#4919=LINE('',#6392,#6393);
#4920=LINE('',#6394,#6395);
#4921=VERTEX_POINT('',#6396);
#4922=LINE('',#6397,#6398);
#4923=LINE('',#6399,#6400);
#4924=CIRCLE('',#6401,0.6);
#4925=VERTEX_POINT('',#6402);
#4926=LINE('',#6403,#6404);
#4927=LINE('',#6405,#6406);
#4928=CIRCLE('',#6407,0.5);
#4929=VERTEX_POINT('',#6408);
#4930=CIRCLE('',#6409,0.3);
#4931=LINE('',#6410,#6411);
#4932=CIRCLE('',#6412,0.3);
#4933=CIRCLE('',#6413,0.5);
#4934=VERTEX_POINT('',#6414);
#4935=LINE('',#6415,#6416);
#4936=LINE('',#6417,#6418);
#4937=VERTEX_POINT('',#6419);
#4938=LINE('',#6420,#6421);
#4939=LINE('',#6422,#6423);
#4940=LINE('',#6424,#6425);
#4941=VERTEX_POINT('',#6426);
#4942=LINE('',#6427,#6428);
#4943=LINE('',#6429,#6430);
#4944=VERTEX_POINT('',#6431);
#4945=LINE('',#6432,#6433);
#4946=LINE('',#6434,#6435);
#4947=LINE('',#6436,#6437);
#4948=VERTEX_POINT('',#6438);
#4949=LINE('',#6439,#6440);
#4950=LINE('',#6441,#6442);
#4951=VERTEX_POINT('',#6443);
#4952=LINE('',#6444,#6445);
#4953=LINE('',#6446,#6447);
#4954=LINE('',#6448,#6449);
#4955=VERTEX_POINT('',#6450);
#4956=LINE('',#6451,#6452);
#4957=LINE('',#6453,#6454);
#4958=VERTEX_POINT('',#6455);
#4959=LINE('',#6456,#6457);
#4960=LINE('',#6458,#6459);
#4961=LINE('',#6460,#6461);
#4962=VERTEX_POINT('',#6462);
#4963=LINE('',#6463,#6464);
#4964=LINE('',#6465,#6466);
#4965=VERTEX_POINT('',#6467);
#4966=LINE('',#6468,#6469);
#4967=LINE('',#6470,#6471);
#4968=LINE('',#6472,#6473);
#4969=VERTEX_POINT('',#6474);
#4970=LINE('',#6475,#6476);
#4971=LINE('',#6477,#6478);
#4972=VERTEX_POINT('',#6479);
#4973=LINE('',#6480,#6481);
#4974=LINE('',#6482,#6483);
#4975=LINE('',#6484,#6485);
#4976=VERTEX_POINT('',#6486);
#4977=LINE('',#6487,#6488);
#4978=VERTEX_POINT('',#6489);
#4979=LINE('',#6490,#6491);
#4980=LINE('',#6492,#6493);
#4981=VERTEX_POINT('',#6494);
#4982=VERTEX_POINT('',#6495);
#4983=LINE('',#6496,#6497);
#4984=LINE('',#6498,#6499);
#4985=LINE('',#6500,#6501);
#4986=VERTEX_POINT('',#6502);
#4987=LINE('',#6503,#6504);
#4988=VERTEX_POINT('',#6505);
#4989=LINE('',#6506,#6507);
#4990=LINE('',#6508,#6509);
#4991=VERTEX_POINT('',#6510);
#4992=LINE('',#6511,#6512);
#4993=LINE('',#6513,#6514);
#4994=VERTEX_POINT('',#6515);
#4995=VERTEX_POINT('',#6516);
#4996=LINE('',#6517,#6518);
#4997=LINE('',#6519,#6520);
#4998=VERTEX_POINT('',#6521);
#4999=LINE('',#6522,#6523);
#5000=VERTEX_POINT('',#6524);
#5001=LINE('',#6525,#6526);
#5002=VERTEX_POINT('',#6527);
#5003=LINE('',#6528,#6529);
#5004=LINE('',#6530,#6531);
#5005=VERTEX_POINT('',#6532);
#5006=VERTEX_POINT('',#6533);
#5007=LINE('',#6534,#6535);
#5008=VERTEX_POINT('',#6536);
#5009=LINE('',#6537,#6538);
#5010=LINE('',#6539,#6540);
#5011=VERTEX_POINT('',#6541);
#5012=LINE('',#6542,#6543);
#5013=VERTEX_POINT('',#6544);
#5014=LINE('',#6545,#6546);
#5015=VERTEX_POINT('',#6547);
#5016=LINE('',#6548,#6549);
#5017=LINE('',#6550,#6551);
#5018=VERTEX_POINT('',#6552);
#5019=LINE('',#6553,#6554);
#5020=LINE('',#6555,#6556);
#5021=VERTEX_POINT('',#6557);
#5022=LINE('',#6558,#6559);
#5023=LINE('',#6560,#6561);
#5024=VERTEX_POINT('',#6562);
#5025=LINE('',#6563,#6564);
#5026=LINE('',#6565,#6566);
#5027=VERTEX_POINT('',#6567);
#5028=LINE('',#6568,#6569);
#5029=LINE('',#6570,#6571);
#5030=VERTEX_POINT('',#6572);
#5031=VERTEX_POINT('',#6573);
#5032=LINE('',#6574,#6575);
#5033=VERTEX_POINT('',#6576);
#5034=LINE('',#6577,#6578);
#5035=LINE('',#6579,#6580);
#5036=VERTEX_POINT('',#6581);
#5037=LINE('',#6582,#6583);
#5038=VERTEX_POINT('',#6584);
#5039=LINE('',#6585,#6586);
#5040=LINE('',#6587,#6588);
#5041=VERTEX_POINT('',#6589);
#5042=VERTEX_POINT('',#6590);
#5043=LINE('',#6591,#6592);
#5044=LINE('',#6593,#6594);
#5045=VERTEX_POINT('',#6595);
#5046=LINE('',#6596,#6597);
#5047=VERTEX_POINT('',#6598);
#5048=LINE('',#6599,#6600);
#5049=VERTEX_POINT('',#6601);
#5050=LINE('',#6602,#6603);
#5051=LINE('',#6604,#6605);
#5052=LINE('',#6606,#6607);
#5053=LINE('',#6608,#6609);
#5054=LINE('',#6610,#6611);
#5055=LINE('',#6612,#6613);
#5056=VERTEX_POINT('',#6614);
#5057=LINE('',#6615,#6616);
#5058=VERTEX_POINT('',#6617);
#5059=LINE('',#6618,#6619);
#5060=LINE('',#6620,#6621);
#5061=VERTEX_POINT('',#6622);
#5062=LINE('',#6623,#6624);
#5063=LINE('',#6625,#6626);
#5064=VERTEX_POINT('',#6627);
#5065=LINE('',#6628,#6629);
#5066=LINE('',#6630,#6631);
#5067=LINE('',#6632,#6633);
#5068=LINE('',#6634,#6635);
#5069=LINE('',#6636,#6637);
#5070=LINE('',#6638,#6639);
#5071=LINE('',#6640,#6641);
#5072=LINE('',#6642,#6643);
#5073=LINE('',#6644,#6645);
#5074=VERTEX_POINT('',#6646);
#5075=LINE('',#6647,#6648);
#5076=VERTEX_POINT('',#6649);
#5077=LINE('',#6650,#6651);
#5078=LINE('',#6652,#6653);
#5079=VERTEX_POINT('',#6654);
#5080=LINE('',#6655,#6656);
#5081=LINE('',#6657,#6658);
#5082=VERTEX_POINT('',#6659);
#5083=LINE('',#6660,#6661);
#5084=LINE('',#6662,#6663);
#5085=LINE('',#6664,#6665);
#5086=LINE('',#6666,#6667);
#5087=LINE('',#6668,#6669);
#5088=VERTEX_POINT('',#6670);
#5089=LINE('',#6671,#6672);
#5090=VERTEX_POINT('',#6673);
#5091=LINE('',#6674,#6675);
#5092=LINE('',#6676,#6677);
#5093=VERTEX_POINT('',#6678);
#5094=LINE('',#6679,#6680);
#5095=VERTEX_POINT('',#6681);
#5096=LINE('',#6682,#6683);
#5097=LINE('',#6684,#6685);
#5098=VERTEX_POINT('',#6686);
#5099=LINE('',#6687,#6688);
#5100=LINE('',#6689,#6690);
#5101=VERTEX_POINT('',#6691);
#5102=LINE('',#6692,#6693);
#5103=LINE('',#6694,#6695);
#5104=VERTEX_POINT('',#6696);
#5105=LINE('',#6697,#6698);
#5106=LINE('',#6699,#6700);
#5107=VERTEX_POINT('',#6701);
#5108=LINE('',#6702,#6703);
#5109=LINE('',#6704,#6705);
#5110=LINE('',#6706,#6707);
#5111=LINE('',#6708,#6709);
#5112=VERTEX_POINT('',#6710);
#5113=LINE('',#6711,#6712);
#5114=VERTEX_POINT('',#6713);
#5115=LINE('',#6714,#6715);
#5116=LINE('',#6716,#6717);
#5117=VERTEX_POINT('',#6718);
#5118=LINE('',#6719,#6720);
#5119=LINE('',#6721,#6722);
#5120=VERTEX_POINT('',#6723);
#5121=LINE('',#6724,#6725);
#5122=LINE('',#6726,#6727);
#5123=LINE('',#6728,#6729);
#5124=VERTEX_POINT('',#6730);
#5125=LINE('',#6731,#6732);
#5126=VERTEX_POINT('',#6733);
#5127=LINE('',#6734,#6735);
#5128=LINE('',#6736,#6737);
#5129=VERTEX_POINT('',#6738);
#5130=LINE('',#6739,#6740);
#5131=VERTEX_POINT('',#6741);
#5132=LINE('',#6742,#6743);
#5133=LINE('',#6744,#6745);
#5134=VERTEX_POINT('',#6746);
#5135=LINE('',#6747,#6748);
#5136=LINE('',#6749,#6750);
#5137=VERTEX_POINT('',#6751);
#5138=LINE('',#6752,#6753);
#5139=LINE('',#6754,#6755);
#5140=VERTEX_POINT('',#6756);
#5141=LINE('',#6757,#6758);
#5142=LINE('',#6759,#6760);
#5143=VERTEX_POINT('',#6761);
#5144=LINE('',#6762,#6763);
#5145=LINE('',#6764,#6765);
#5146=LINE('',#6766,#6767);
#5147=LINE('',#6768,#6769);
#5148=VERTEX_POINT('',#6770);
#5149=LINE('',#6771,#6772);
#5150=VERTEX_POINT('',#6773);
#5151=LINE('',#6774,#6775);
#5152=LINE('',#6776,#6777);
#5153=VERTEX_POINT('',#6778);
#5154=LINE('',#6779,#6780);
#5155=LINE('',#6781,#6782);
#5156=VERTEX_POINT('',#6783);
#5157=LINE('',#6784,#6785);
#5158=LINE('',#6786,#6787);
#5159=LINE('',#6788,#6789);
#5160=VERTEX_POINT('',#6790);
#5161=LINE('',#6791,#6792);
#5162=VERTEX_POINT('',#6793);
#5163=LINE('',#6794,#6795);
#5164=LINE('',#6796,#6797);
#5165=VERTEX_POINT('',#6798);
#5166=LINE('',#6799,#6800);
#5167=VERTEX_POINT('',#6801);
#5168=LINE('',#6802,#6803);
#5169=LINE('',#6804,#6805);
#5170=VERTEX_POINT('',#6806);
#5171=LINE('',#6807,#6808);
#5172=LINE('',#6809,#6810);
#5173=VERTEX_POINT('',#6811);
#5174=LINE('',#6812,#6813);
#5175=LINE('',#6814,#6815);
#5176=VERTEX_POINT('',#6816);
#5177=LINE('',#6817,#6818);
#5178=LINE('',#6819,#6820);
#5179=VERTEX_POINT('',#6821);
#5180=LINE('',#6822,#6823);
#5181=LINE('',#6824,#6825);
#5182=LINE('',#6826,#6827);
#5183=LINE('',#6828,#6829);
#5184=VERTEX_POINT('',#6830);
#5185=LINE('',#6831,#6832);
#5186=VERTEX_POINT('',#6833);
#5187=LINE('',#6834,#6835);
#5188=LINE('',#6836,#6837);
#5189=VERTEX_POINT('',#6838);
#5190=LINE('',#6839,#6840);
#5191=LINE('',#6841,#6842);
#5192=VERTEX_POINT('',#6843);
#5193=LINE('',#6844,#6845);
#5194=LINE('',#6846,#6847);
#5195=LINE('',#6848,#6849);
#5196=VERTEX_POINT('',#6850);
#5197=LINE('',#6851,#6852);
#5198=VERTEX_POINT('',#6853);
#5199=LINE('',#6854,#6855);
#5200=LINE('',#6856,#6857);
#5201=VERTEX_POINT('',#6858);
#5202=LINE('',#6859,#6860);
#5203=VERTEX_POINT('',#6861);
#5204=LINE('',#6862,#6863);
#5205=LINE('',#6864,#6865);
#5206=VERTEX_POINT('',#6866);
#5207=LINE('',#6867,#6868);
#5208=LINE('',#6869,#6870);
#5209=VERTEX_POINT('',#6871);
#5210=LINE('',#6872,#6873);
#5211=LINE('',#6874,#6875);
#5212=VERTEX_POINT('',#6876);
#5213=LINE('',#6877,#6878);
#5214=LINE('',#6879,#6880);
#5215=VERTEX_POINT('',#6881);
#5216=LINE('',#6882,#6883);
#5217=LINE('',#6884,#6885);
#5218=LINE('',#6886,#6887);
#5219=LINE('',#6888,#6889);
#5220=VERTEX_POINT('',#6890);
#5221=LINE('',#6891,#6892);
#5222=VERTEX_POINT('',#6893);
#5223=LINE('',#6894,#6895);
#5224=LINE('',#6896,#6897);
#5225=VERTEX_POINT('',#6898);
#5226=LINE('',#6899,#6900);
#5227=LINE('',#6901,#6902);
#5228=VERTEX_POINT('',#6903);
#5229=LINE('',#6904,#6905);
#5230=LINE('',#6906,#6907);
#5231=LINE('',#6908,#6909);
#5232=VERTEX_POINT('',#6910);
#5233=LINE('',#6911,#6912);
#5234=VERTEX_POINT('',#6913);
#5235=LINE('',#6914,#6915);
#5236=LINE('',#6916,#6917);
#5237=VERTEX_POINT('',#6918);
#5238=LINE('',#6919,#6920);
#5239=LINE('',#6921,#6922);
#5240=VERTEX_POINT('',#6923);
#5241=LINE('',#6924,#6925);
#5242=LINE('',#6926,#6927);
#5243=LINE('',#6928,#6929);
#5244=VERTEX_POINT('',#6930);
#5245=LINE('',#6931,#6932);
#5246=VERTEX_POINT('',#6933);
#5247=LINE('',#6934,#6935);
#5248=LINE('',#6936,#6937);
#5249=VERTEX_POINT('',#6938);
#5250=LINE('',#6939,#6940);
#5251=LINE('',#6941,#6942);
#5252=VERTEX_POINT('',#6943);
#5253=LINE('',#6944,#6945);
#5254=LINE('',#6946,#6947);
#5255=LINE('',#6948,#6949);
#5256=VERTEX_POINT('',#6950);
#5257=LINE('',#6951,#6952);
#5258=VERTEX_POINT('',#6953);
#5259=LINE('',#6954,#6955);
#5260=LINE('',#6956,#6957);
#5261=VERTEX_POINT('',#6958);
#5262=LINE('',#6959,#6960);
#5263=LINE('',#6961,#6962);
#5264=VERTEX_POINT('',#6963);
#5265=LINE('',#6964,#6965);
#5266=LINE('',#6966,#6967);
#5267=LINE('',#6968,#6969);
#5268=VERTEX_POINT('',#6970);
#5269=LINE('',#6971,#6972);
#5270=VERTEX_POINT('',#6973);
#5271=LINE('',#6974,#6975);
#5272=LINE('',#6976,#6977);
#5273=VERTEX_POINT('',#6978);
#5274=LINE('',#6979,#6980);
#5275=LINE('',#6981,#6982);
#5276=VERTEX_POINT('',#6983);
#5277=LINE('',#6984,#6985);
#5278=LINE('',#6986,#6987);
#5279=LINE('',#6988,#6989);
#5280=VERTEX_POINT('',#6990);
#5281=LINE('',#6991,#6992);
#5282=VERTEX_POINT('',#6993);
#5283=LINE('',#6994,#6995);
#5284=LINE('',#6996,#6997);
#5285=VERTEX_POINT('',#6998);
#5286=LINE('',#6999,#7000);
#5287=LINE('',#7001,#7002);
#5288=VERTEX_POINT('',#7003);
#5289=LINE('',#7004,#7005);
#5290=LINE('',#7006,#7007);
#5291=LINE('',#7008,#7009);
#5292=VERTEX_POINT('',#7010);
#5293=LINE('',#7011,#7012);
#5294=VERTEX_POINT('',#7013);
#5295=LINE('',#7014,#7015);
#5296=LINE('',#7016,#7017);
#5297=VERTEX_POINT('',#7018);
#5298=LINE('',#7019,#7020);
#5299=LINE('',#7021,#7022);
#5300=VERTEX_POINT('',#7023);
#5301=LINE('',#7024,#7025);
#5302=LINE('',#7026,#7027);
#5303=LINE('',#7028,#7029);
#5304=VERTEX_POINT('',#7030);
#5305=LINE('',#7031,#7032);
#5306=VERTEX_POINT('',#7033);
#5307=LINE('',#7034,#7035);
#5308=LINE('',#7036,#7037);
#5309=VERTEX_POINT('',#7038);
#5310=LINE('',#7039,#7040);
#5311=LINE('',#7041,#7042);
#5312=VERTEX_POINT('',#7043);
#5313=LINE('',#7044,#7045);
#5314=LINE('',#7046,#7047);
#5315=LINE('',#7048,#7049);
#5316=CARTESIAN_POINT('',(7.0,1.7,-1.3));
#5317=CARTESIAN_POINT('',(7.0,1.5,-0.9));
#5318=CARTESIAN_POINT('',(7.0,1.600000000209,-1.100000000418));
#5319=VECTOR('',#7050,1.0);
#5320=CARTESIAN_POINT('',(7.3,2.0,-1.3));
#5321=AXIS2_PLACEMENT_3D('',#7051,#7052,#7053);
#5322=CARTESIAN_POINT('',(7.5,2.0,-0.9));
#5323=CARTESIAN_POINT('',(7.299999999689,2.000000004151,-1.300000000622));
#5324=VECTOR('',#7054,0.4472135953261);
#5325=AXIS2_PLACEMENT_3D('',#7055,#7056,#7057);
#5326=CARTESIAN_POINT('',(7.0,2.5,-0.9));
#5327=CARTESIAN_POINT('',(7.0,2.3,-1.3));
#5328=CARTESIAN_POINT('',(7.0,2.399999999791,-1.100000000418));
#5329=VECTOR('',#7058,1.0);
#5330=AXIS2_PLACEMENT_3D('',#7059,#7060,#7061);
#5331=AXIS2_PLACEMENT_3D('',#7062,#7063,#7064);
#5332=CARTESIAN_POINT('',(-8.0,1.3,0.3));
#5333=CARTESIAN_POINT('',(-8.0,-1.65,0.3));
#5334=CARTESIAN_POINT('',(-8.0,1.3,0.3));
#5335=VECTOR('',#7065,2.95);
#5336=CARTESIAN_POINT('',(-8.0,-1.65,0.0));
#5337=CARTESIAN_POINT('',(-8.0,-1.65,0.0));
#5338=VECTOR('',#7066,0.3);
#5339=CARTESIAN_POINT('',(-8.0,-2.9,0.0));
#5340=CARTESIAN_POINT('',(-8.0,-2.9,0.0));
#5341=VECTOR('',#7067,1.25);
#5342=CARTESIAN_POINT('',(-8.0,-2.9,9.25));
#5343=CARTESIAN_POINT('',(-8.0,-2.9,9.25));
#5344=VECTOR('',#7068,9.25);
#5345=CARTESIAN_POINT('',(-8.0,-1.7,9.25));
#5346=CARTESIAN_POINT('',(-8.0,-1.7,9.25));
#5347=VECTOR('',#7069,1.2);
#5348=CARTESIAN_POINT('',(-8.0,-1.7,7.11));
#5349=CARTESIAN_POINT('',(-8.0,-1.7,7.11));
#5350=VECTOR('',#7070,2.14);
#5351=CARTESIAN_POINT('',(-8.0,1.2,7.11));
#5352=CARTESIAN_POINT('',(-8.0,1.2,7.11));
#5353=VECTOR('',#7071,2.9);
#5354=CARTESIAN_POINT('',(-8.0,1.2,9.25));
#5355=CARTESIAN_POINT('',(-8.0,1.2,9.25));
#5356=VECTOR('',#7072,2.14);
#5357=CARTESIAN_POINT('',(-8.0,2.9,9.25));
#5358=CARTESIAN_POINT('',(-8.0,2.9,9.25));
#5359=VECTOR('',#7073,1.7);
#5360=CARTESIAN_POINT('',(-8.0,2.9,0.0));
#5361=CARTESIAN_POINT('',(-8.0,2.9,0.0));
#5362=VECTOR('',#7074,9.25);
#5363=CARTESIAN_POINT('',(-8.0,1.3,0.0));
#5364=CARTESIAN_POINT('',(-8.0,1.3,0.0));
#5365=VECTOR('',#7075,1.6);
#5366=CARTESIAN_POINT('',(-8.0,1.3,0.0));
#5367=VECTOR('',#7076,0.3);
#5368=CARTESIAN_POINT('',(6.25,1.3,0.0));
#5369=CARTESIAN_POINT('',(6.25,1.3,0.3));
#5370=CARTESIAN_POINT('',(6.25,1.3,0.0));
#5371=VECTOR('',#7077,0.3);
#5372=CARTESIAN_POINT('',(8.0,1.3,0.0));
#5373=CARTESIAN_POINT('',(6.25,1.3,0.0));
#5374=VECTOR('',#7078,1.75);
#5375=CARTESIAN_POINT('',(8.0,1.3,0.3));
#5376=CARTESIAN_POINT('',(8.0,1.3,0.0));
#5377=VECTOR('',#7079,0.3);
#5378=CARTESIAN_POINT('',(8.0,1.3,0.3));
#5379=VECTOR('',#7080,1.75);
#5380=CARTESIAN_POINT('',(-6.25,1.3,0.0));
#5381=CARTESIAN_POINT('',(-8.0,1.3,0.0));
#5382=VECTOR('',#7081,1.75);
#5383=CARTESIAN_POINT('',(-6.25,1.3,0.3));
#5384=CARTESIAN_POINT('',(-6.25,1.3,0.0));
#5385=VECTOR('',#7082,0.3);
#5386=CARTESIAN_POINT('',(-6.25,1.3,0.3));
#5387=VECTOR('',#7083,1.75);
#5388=CARTESIAN_POINT('',(6.25,2.1,0.3));
#5389=CARTESIAN_POINT('',(6.25,2.1,0.3));
#5390=VECTOR('',#7084,0.8);
#5391=CARTESIAN_POINT('',(8.0,-1.65,0.3));
#5392=CARTESIAN_POINT('',(8.0,1.3,0.3));
#5393=VECTOR('',#7085,2.95);
#5394=CARTESIAN_POINT('',(6.25,-1.65,0.3));
#5395=CARTESIAN_POINT('',(8.0,-1.65,0.3));
#5396=VECTOR('',#7086,1.75);
#5397=CARTESIAN_POINT('',(6.25,-1.6,0.3));
#5398=CARTESIAN_POINT('',(6.25,-1.6,0.3));
#5399=VECTOR('',#7087,0.05);
#5400=CARTESIAN_POINT('',(-6.25,-1.6,0.3));
#5401=CARTESIAN_POINT('',(-6.25,-1.6,0.3));
#5402=VECTOR('',#7088,12.5);
#5403=CARTESIAN_POINT('',(-6.25,-1.65,0.3));
#5404=CARTESIAN_POINT('',(-6.25,-1.6,0.3));
#5405=VECTOR('',#7089,0.05);
#5406=CARTESIAN_POINT('',(-6.25,-1.65,0.3));
#5407=VECTOR('',#7090,1.75);
#5408=CARTESIAN_POINT('',(-6.25,2.1,0.3));
#5409=CARTESIAN_POINT('',(-6.25,2.1,0.3));
#5410=VECTOR('',#7091,0.8);
#5411=CARTESIAN_POINT('',(-3.39,2.1,0.3));
#5412=CARTESIAN_POINT('',(-3.39,2.1,0.3));
#5413=VECTOR('',#7092,2.86);
#5414=CARTESIAN_POINT('',(-3.39,2.65,0.3));
#5415=CARTESIAN_POINT('',(-3.39,2.65,0.3));
#5416=VECTOR('',#7093,0.55);
#5417=CARTESIAN_POINT('',(3.39,2.65,0.3));
#5418=CARTESIAN_POINT('',(-3.39,2.65,0.3));
#5419=VECTOR('',#7094,6.78);
#5420=CARTESIAN_POINT('',(3.39,2.1,0.3));
#5421=CARTESIAN_POINT('',(3.39,2.65,0.3));
#5422=VECTOR('',#7095,0.55);
#5423=CARTESIAN_POINT('',(3.39,2.1,0.3));
#5424=VECTOR('',#7096,2.86);
#5425=CARTESIAN_POINT('',(5.75,0.6,0.3));
#5426=CARTESIAN_POINT('',(6.25,0.6,0.3));
#5427=CARTESIAN_POINT('',(5.75,0.6,0.3));
#5428=VECTOR('',#7097,0.5);
#5429=CARTESIAN_POINT('',(5.75,-0.8,0.3));
#5430=CARTESIAN_POINT('',(5.75,-0.8,0.3));
#5431=VECTOR('',#7098,1.4);
#5432=CARTESIAN_POINT('',(6.25,-0.8,0.3));
#5433=CARTESIAN_POINT('',(6.25,-0.8,0.3));
#5434=VECTOR('',#7099,0.5);
#5435=CARTESIAN_POINT('',(6.25,0.6,0.3));
#5436=VECTOR('',#7100,1.4);
#5437=CARTESIAN_POINT('',(3.75,0.6,0.3));
#5438=CARTESIAN_POINT('',(4.25,0.6,0.3));
#5439=CARTESIAN_POINT('',(3.75,0.6,0.3));
#5440=VECTOR('',#7101,0.5);
#5441=CARTESIAN_POINT('',(3.75,-0.8,0.3));
#5442=CARTESIAN_POINT('',(3.75,-0.8,0.3));
#5443=VECTOR('',#7102,1.4);
#5444=CARTESIAN_POINT('',(4.25,-0.8,0.3));
#5445=CARTESIAN_POINT('',(4.25,-0.8,0.3));
#5446=VECTOR('',#7103,0.5);
#5447=CARTESIAN_POINT('',(4.25,0.6,0.3));
#5448=VECTOR('',#7104,1.4);
#5449=CARTESIAN_POINT('',(1.75,0.6,0.3));
#5450=CARTESIAN_POINT('',(2.25,0.6,0.3));
#5451=CARTESIAN_POINT('',(1.75,0.6,0.3));
#5452=VECTOR('',#7105,0.5);
#5453=CARTESIAN_POINT('',(1.75,-0.8,0.3));
#5454=CARTESIAN_POINT('',(1.75,-0.8,0.3));
#5455=VECTOR('',#7106,1.4);
#5456=CARTESIAN_POINT('',(2.25,-0.8,0.3));
#5457=CARTESIAN_POINT('',(2.25,-0.8,0.3));
#5458=VECTOR('',#7107,0.5);
#5459=CARTESIAN_POINT('',(2.25,0.6,0.3));
#5460=VECTOR('',#7108,1.4);
#5461=CARTESIAN_POINT('',(-0.25,0.6,0.3));
#5462=CARTESIAN_POINT('',(0.25,0.6,0.3));
#5463=CARTESIAN_POINT('',(-0.25,0.6,0.3));
#5464=VECTOR('',#7109,0.5);
#5465=CARTESIAN_POINT('',(-0.25,-0.8,0.3));
#5466=CARTESIAN_POINT('',(-0.25,-0.8,0.3));
#5467=VECTOR('',#7110,1.4);
#5468=CARTESIAN_POINT('',(0.25,-0.8,0.3));
#5469=CARTESIAN_POINT('',(0.25,-0.8,0.3));
#5470=VECTOR('',#7111,0.5);
#5471=CARTESIAN_POINT('',(0.25,0.6,0.3));
#5472=VECTOR('',#7112,1.4);
#5473=CARTESIAN_POINT('',(-2.25,0.6,0.3));
#5474=CARTESIAN_POINT('',(-1.75,0.6,0.3));
#5475=CARTESIAN_POINT('',(-2.25,0.6,0.3));
#5476=VECTOR('',#7113,0.5);
#5477=CARTESIAN_POINT('',(-2.25,-0.8,0.3));
#5478=CARTESIAN_POINT('',(-2.25,-0.8,0.3));
#5479=VECTOR('',#7114,1.4);
#5480=CARTESIAN_POINT('',(-1.75,-0.8,0.3));
#5481=CARTESIAN_POINT('',(-1.75,-0.8,0.3));
#5482=VECTOR('',#7115,0.5);
#5483=CARTESIAN_POINT('',(-1.75,0.6,0.3));
#5484=VECTOR('',#7116,1.4);
#5485=CARTESIAN_POINT('',(-4.25,0.6,0.3));
#5486=CARTESIAN_POINT('',(-3.75,0.6,0.3));
#5487=CARTESIAN_POINT('',(-4.25,0.6,0.3));
#5488=VECTOR('',#7117,0.5);
#5489=CARTESIAN_POINT('',(-4.25,-0.8,0.3));
#5490=CARTESIAN_POINT('',(-4.25,-0.8,0.3));
#5491=VECTOR('',#7118,1.4);
#5492=CARTESIAN_POINT('',(-3.75,-0.8,0.3));
#5493=CARTESIAN_POINT('',(-3.75,-0.8,0.3));
#5494=VECTOR('',#7119,0.5);
#5495=CARTESIAN_POINT('',(-3.75,0.6,0.3));
#5496=VECTOR('',#7120,1.4);
#5497=CARTESIAN_POINT('',(-6.25,0.6,0.3));
#5498=CARTESIAN_POINT('',(-5.75,0.6,0.3));
#5499=CARTESIAN_POINT('',(-6.25,0.6,0.3));
#5500=VECTOR('',#7121,0.5);
#5501=CARTESIAN_POINT('',(-6.25,-0.8,0.3));
#5502=CARTESIAN_POINT('',(-6.25,-0.8,0.3));
#5503=VECTOR('',#7122,1.4);
#5504=CARTESIAN_POINT('',(-5.75,-0.8,0.3));
#5505=CARTESIAN_POINT('',(-5.75,-0.8,0.3));
#5506=VECTOR('',#7123,0.5);
#5507=CARTESIAN_POINT('',(-5.75,0.6,0.3));
#5508=VECTOR('',#7124,1.4);
#5509=CARTESIAN_POINT('',(4.75,-0.15,0.3));
#5510=CARTESIAN_POINT('',(5.25,-0.15,0.3));
#5511=CARTESIAN_POINT('',(4.75,-0.15,0.3));
#5512=VECTOR('',#7125,0.5);
#5513=CARTESIAN_POINT('',(5.25,0.35,0.3));
#5514=CARTESIAN_POINT('',(5.25,-0.15,0.3));
#5515=VECTOR('',#7126,0.5);
#5516=CARTESIAN_POINT('',(4.75,0.35,0.3));
#5517=CARTESIAN_POINT('',(4.75,0.35,0.3));
#5518=VECTOR('',#7127,0.5);
#5519=CARTESIAN_POINT('',(4.75,-0.15,0.3));
#5520=VECTOR('',#7128,0.5);
#5521=CARTESIAN_POINT('',(2.75,-0.15,0.3));
#5522=CARTESIAN_POINT('',(3.25,-0.15,0.3));
#5523=CARTESIAN_POINT('',(2.75,-0.15,0.3));
#5524=VECTOR('',#7129,0.5);
#5525=CARTESIAN_POINT('',(3.25,0.35,0.3));
#5526=CARTESIAN_POINT('',(3.25,-0.15,0.3));
#5527=VECTOR('',#7130,0.5);
#5528=CARTESIAN_POINT('',(2.75,0.35,0.3));
#5529=CARTESIAN_POINT('',(2.75,0.35,0.3));
#5530=VECTOR('',#7131,0.5);
#5531=CARTESIAN_POINT('',(2.75,-0.15,0.3));
#5532=VECTOR('',#7132,0.5);
#5533=CARTESIAN_POINT('',(0.75,-0.15,0.3));
#5534=CARTESIAN_POINT('',(1.25,-0.15,0.3));
#5535=CARTESIAN_POINT('',(0.75,-0.15,0.3));
#5536=VECTOR('',#7133,0.5);
#5537=CARTESIAN_POINT('',(1.25,0.35,0.3));
#5538=CARTESIAN_POINT('',(1.25,-0.15,0.3));
#5539=VECTOR('',#7134,0.5);
#5540=CARTESIAN_POINT('',(0.75,0.35,0.3));
#5541=CARTESIAN_POINT('',(0.75,0.35,0.3));
#5542=VECTOR('',#7135,0.5);
#5543=CARTESIAN_POINT('',(0.75,-0.15,0.3));
#5544=VECTOR('',#7136,0.5);
#5545=CARTESIAN_POINT('',(-1.25,-0.15,0.3));
#5546=CARTESIAN_POINT('',(-0.75,-0.15,0.3));
#5547=CARTESIAN_POINT('',(-1.25,-0.15,0.3));
#5548=VECTOR('',#7137,0.5);
#5549=CARTESIAN_POINT('',(-0.75,0.35,0.3));
#5550=CARTESIAN_POINT('',(-0.75,-0.15,0.3));
#5551=VECTOR('',#7138,0.5);
#5552=CARTESIAN_POINT('',(-1.25,0.35,0.3));
#5553=CARTESIAN_POINT('',(-1.25,0.35,0.3));
#5554=VECTOR('',#7139,0.5);
#5555=CARTESIAN_POINT('',(-1.25,-0.15,0.3));
#5556=VECTOR('',#7140,0.5);
#5557=CARTESIAN_POINT('',(-3.25,-0.15,0.3));
#5558=CARTESIAN_POINT('',(-2.75,-0.15,0.3));
#5559=CARTESIAN_POINT('',(-3.25,-0.15,0.3));
#5560=VECTOR('',#7141,0.5);
#5561=CARTESIAN_POINT('',(-2.75,0.35,0.3));
#5562=CARTESIAN_POINT('',(-2.75,-0.15,0.3));
#5563=VECTOR('',#7142,0.5);
#5564=CARTESIAN_POINT('',(-3.25,0.35,0.3));
#5565=CARTESIAN_POINT('',(-3.25,0.35,0.3));
#5566=VECTOR('',#7143,0.5);
#5567=CARTESIAN_POINT('',(-3.25,-0.15,0.3));
#5568=VECTOR('',#7144,0.5);
#5569=CARTESIAN_POINT('',(-5.25,-0.15,0.3));
#5570=CARTESIAN_POINT('',(-4.75,-0.15,0.3));
#5571=CARTESIAN_POINT('',(-5.25,-0.15,0.3));
#5572=VECTOR('',#7145,0.5);
#5573=CARTESIAN_POINT('',(-4.75,0.35,0.3));
#5574=CARTESIAN_POINT('',(-4.75,-0.15,0.3));
#5575=VECTOR('',#7146,0.5);
#5576=CARTESIAN_POINT('',(-5.25,0.35,0.3));
#5577=CARTESIAN_POINT('',(-5.25,0.35,0.3));
#5578=VECTOR('',#7147,0.5);
#5579=CARTESIAN_POINT('',(-5.25,-0.15,0.3));
#5580=VECTOR('',#7148,0.5);
#5581=CARTESIAN_POINT('',(3.39,2.1,1.95));
#5582=CARTESIAN_POINT('',(3.39,2.1,0.3));
#5583=VECTOR('',#7149,1.65);
#5584=CARTESIAN_POINT('',(6.25,2.1,1.95));
#5585=CARTESIAN_POINT('',(6.25,2.1,1.95));
#5586=VECTOR('',#7150,2.86);
#5587=CARTESIAN_POINT('',(6.25,2.1,0.3));
#5588=VECTOR('',#7151,1.65);
#5589=CARTESIAN_POINT('',(6.25,-1.6,1.15));
#5590=CARTESIAN_POINT('',(6.25,-2.9,1.15));
#5591=CARTESIAN_POINT('',(6.25,-1.6,1.15));
#5592=VECTOR('',#7152,1.3);
#5593=CARTESIAN_POINT('',(6.25,-1.6,0.3));
#5594=VECTOR('',#7153,0.85);
#5595=CARTESIAN_POINT('',(6.25,-1.65,0.0));
#5596=CARTESIAN_POINT('',(6.25,-1.65,0.3));
#5597=VECTOR('',#7154,0.3);
#5598=CARTESIAN_POINT('',(6.25,-2.9,0.0));
#5599=CARTESIAN_POINT('',(6.25,-2.9,0.0));
#5600=VECTOR('',#7155,1.25);
#5601=CARTESIAN_POINT('',(6.25,-2.9,1.15));
#5602=VECTOR('',#7156,1.15);
#5603=CARTESIAN_POINT('',(6.25,2.9,0.0));
#5604=CARTESIAN_POINT('',(6.25,1.3,0.0));
#5605=VECTOR('',#7157,1.6);
#5606=CARTESIAN_POINT('',(6.25,2.9,1.95));
#5607=CARTESIAN_POINT('',(6.25,2.9,1.95));
#5608=VECTOR('',#7158,0.8);
#5609=CARTESIAN_POINT('',(6.25,2.9,0.0));
#5610=VECTOR('',#7159,1.95);
#5611=CARTESIAN_POINT('',(-5.0,-2.9,9.25));
#5612=CARTESIAN_POINT('',(-5.0,-2.9,8.95));
#5613=CARTESIAN_POINT('',(-5.0,-2.9,9.25));
#5614=VECTOR('',#7160,0.3);
#5615=CARTESIAN_POINT('',(-8.0,-2.9,9.25));
#5616=VECTOR('',#7161,3.0);
#5617=CARTESIAN_POINT('',(-6.25,-2.9,0.0));
#5618=CARTESIAN_POINT('',(-8.0,-2.9,0.0));
#5619=VECTOR('',#7162,1.75);
#5620=CARTESIAN_POINT('',(-6.25,-2.9,1.15));
#5621=CARTESIAN_POINT('',(-6.25,-2.9,1.15));
#5622=VECTOR('',#7163,1.15);
#5623=CARTESIAN_POINT('',(-6.25,-2.9,1.15));
#5624=VECTOR('',#7164,12.5);
#5625=CARTESIAN_POINT('',(8.0,-2.9,0.0));
#5626=CARTESIAN_POINT('',(6.25,-2.9,0.0));
#5627=VECTOR('',#7165,1.75);
#5628=CARTESIAN_POINT('',(8.0,-2.9,9.25));
#5629=CARTESIAN_POINT('',(8.0,-2.9,9.25));
#5630=VECTOR('',#7166,9.25);
#5631=CARTESIAN_POINT('',(5.0,-2.9,9.25));
#5632=CARTESIAN_POINT('',(5.0,-2.9,9.25));
#5633=VECTOR('',#7167,3.0);
#5634=CARTESIAN_POINT('',(5.0,-2.9,8.95));
#5635=CARTESIAN_POINT('',(5.0,-2.9,9.25));
#5636=VECTOR('',#7168,0.3);
#5637=CARTESIAN_POINT('',(-5.0,-2.9,8.95));
#5638=VECTOR('',#7169,10.0);
#5639=CARTESIAN_POINT('',(5.0,-2.15,8.95));
#5640=CARTESIAN_POINT('',(5.0,-2.9,8.95));
#5641=VECTOR('',#7170,0.75);
#5642=CARTESIAN_POINT('',(-5.0,-2.15,8.95));
#5643=CARTESIAN_POINT('',(-5.0,-2.15,8.95));
#5644=VECTOR('',#7171,10.0);
#5645=CARTESIAN_POINT('',(-5.0,-2.15,8.95));
#5646=VECTOR('',#7172,0.75);
#5647=CARTESIAN_POINT('',(-5.0,-2.35,9.25));
#5648=CARTESIAN_POINT('',(-5.0,-2.9,9.25));
#5649=VECTOR('',#7173,0.55);
#5650=CARTESIAN_POINT('',(-5.0,-2.15,9.05));
#5651=CARTESIAN_POINT('',(-5.0,-2.15,9.05));
#5652=VECTOR('',#7174,0.1);
#5653=CARTESIAN_POINT('',(-5.0,-2.15,9.05));
#5654=VECTOR('',#7175,0.2828427124746);
#5655=CARTESIAN_POINT('',(-7.2,-2.15,9.05));
#5656=CARTESIAN_POINT('',(-7.4,-2.35,9.25));
#5657=CARTESIAN_POINT('',(-7.2,-2.15,9.05));
#5658=VECTOR('',#7176,0.3464101615138);
#5659=CARTESIAN_POINT('',(-5.0,-2.35,9.25));
#5660=VECTOR('',#7177,2.4);
#5661=CARTESIAN_POINT('',(-5.0,-2.15,9.05));
#5662=VECTOR('',#7178,2.2);
#5663=CARTESIAN_POINT('',(7.2,-2.15,9.05));
#5664=CARTESIAN_POINT('',(7.2,-2.15,2.15));
#5665=CARTESIAN_POINT('',(7.2,-2.15,9.05));
#5666=VECTOR('',#7179,6.9);
#5667=CARTESIAN_POINT('',(6.25,-2.15,2.15));
#5668=CARTESIAN_POINT('',(6.25,-2.15,2.15));
#5669=VECTOR('',#7180,0.95);
#5670=CARTESIAN_POINT('',(6.25,-2.15,2.3));
#5671=CARTESIAN_POINT('',(6.25,-2.15,2.15));
#5672=VECTOR('',#7181,0.15);
#5673=CARTESIAN_POINT('',(5.75,-2.15,2.3));
#5674=CARTESIAN_POINT('',(5.75,-2.15,2.3));
#5675=VECTOR('',#7182,0.5);
#5676=CARTESIAN_POINT('',(5.75,-2.15,2.15));
#5677=CARTESIAN_POINT('',(5.75,-2.15,2.15));
#5678=VECTOR('',#7183,0.15);
#5679=CARTESIAN_POINT('',(4.25,-2.15,2.15));
#5680=CARTESIAN_POINT('',(4.25,-2.15,2.15));
#5681=VECTOR('',#7184,1.5);
#5682=CARTESIAN_POINT('',(4.25,-2.15,2.3));
#5683=CARTESIAN_POINT('',(4.25,-2.15,2.15));
#5684=VECTOR('',#7185,0.15);
#5685=CARTESIAN_POINT('',(3.75,-2.15,2.3));
#5686=CARTESIAN_POINT('',(3.75,-2.15,2.3));
#5687=VECTOR('',#7186,0.5);
#5688=CARTESIAN_POINT('',(3.75,-2.15,2.15));
#5689=CARTESIAN_POINT('',(3.75,-2.15,2.15));
#5690=VECTOR('',#7187,0.15);
#5691=CARTESIAN_POINT('',(2.25,-2.15,2.15));
#5692=CARTESIAN_POINT('',(2.25,-2.15,2.15));
#5693=VECTOR('',#7188,1.5);
#5694=CARTESIAN_POINT('',(2.25,-2.15,2.3));
#5695=CARTESIAN_POINT('',(2.25,-2.15,2.15));
#5696=VECTOR('',#7189,0.15);
#5697=CARTESIAN_POINT('',(1.75,-2.15,2.3));
#5698=CARTESIAN_POINT('',(1.75,-2.15,2.3));
#5699=VECTOR('',#7190,0.5);
#5700=CARTESIAN_POINT('',(1.75,-2.15,2.15));
#5701=CARTESIAN_POINT('',(1.75,-2.15,2.15));
#5702=VECTOR('',#7191,0.15);
#5703=CARTESIAN_POINT('',(0.25,-2.15,2.15));
#5704=CARTESIAN_POINT('',(0.25,-2.15,2.15));
#5705=VECTOR('',#7192,1.5);
#5706=CARTESIAN_POINT('',(0.25,-2.15,2.3));
#5707=CARTESIAN_POINT('',(0.25,-2.15,2.15));
#5708=VECTOR('',#7193,0.15);
#5709=CARTESIAN_POINT('',(-0.25,-2.15,2.3));
#5710=CARTESIAN_POINT('',(-0.25,-2.15,2.3));
#5711=VECTOR('',#7194,0.5);
#5712=CARTESIAN_POINT('',(-0.25,-2.15,2.15));
#5713=CARTESIAN_POINT('',(-0.25,-2.15,2.15));
#5714=VECTOR('',#7195,0.15);
#5715=CARTESIAN_POINT('',(-1.75,-2.15,2.15));
#5716=CARTESIAN_POINT('',(-1.75,-2.15,2.15));
#5717=VECTOR('',#7196,1.5);
#5718=CARTESIAN_POINT('',(-1.75,-2.15,2.3));
#5719=CARTESIAN_POINT('',(-1.75,-2.15,2.15));
#5720=VECTOR('',#7197,0.15);
#5721=CARTESIAN_POINT('',(-2.25,-2.15,2.3));
#5722=CARTESIAN_POINT('',(-2.25,-2.15,2.3));
#5723=VECTOR('',#7198,0.5);
#5724=CARTESIAN_POINT('',(-2.25,-2.15,2.15));
#5725=CARTESIAN_POINT('',(-2.25,-2.15,2.15));
#5726=VECTOR('',#7199,0.15);
#5727=CARTESIAN_POINT('',(-3.75,-2.15,2.15));
#5728=CARTESIAN_POINT('',(-3.75,-2.15,2.15));
#5729=VECTOR('',#7200,1.5);
#5730=CARTESIAN_POINT('',(-3.75,-2.15,2.3));
#5731=CARTESIAN_POINT('',(-3.75,-2.15,2.15));
#5732=VECTOR('',#7201,0.15);
#5733=CARTESIAN_POINT('',(-4.25,-2.15,2.3));
#5734=CARTESIAN_POINT('',(-4.25,-2.15,2.3));
#5735=VECTOR('',#7202,0.5);
#5736=CARTESIAN_POINT('',(-4.25,-2.15,2.15));
#5737=CARTESIAN_POINT('',(-4.25,-2.15,2.15));
#5738=VECTOR('',#7203,0.15);
#5739=CARTESIAN_POINT('',(-5.75,-2.15,2.15));
#5740=CARTESIAN_POINT('',(-5.75,-2.15,2.15));
#5741=VECTOR('',#7204,1.5);
#5742=CARTESIAN_POINT('',(-5.75,-2.15,2.3));
#5743=CARTESIAN_POINT('',(-5.75,-2.15,2.15));
#5744=VECTOR('',#7205,0.15);
#5745=CARTESIAN_POINT('',(-6.25,-2.15,2.3));
#5746=CARTESIAN_POINT('',(-6.25,-2.15,2.3));
#5747=VECTOR('',#7206,0.5);
#5748=CARTESIAN_POINT('',(-6.25,-2.15,2.15));
#5749=CARTESIAN_POINT('',(-6.25,-2.15,2.15));
#5750=VECTOR('',#7207,0.15);
#5751=CARTESIAN_POINT('',(-7.2,-2.15,2.15));
#5752=CARTESIAN_POINT('',(-7.2,-2.15,2.15));
#5753=VECTOR('',#7208,0.95);
#5754=CARTESIAN_POINT('',(-7.2,-2.15,9.05));
#5755=VECTOR('',#7209,6.9);
#5756=CARTESIAN_POINT('',(5.0,-2.15,9.05));
#5757=CARTESIAN_POINT('',(5.0,-2.15,9.05));
#5758=VECTOR('',#7210,0.1);
#5759=CARTESIAN_POINT('',(7.2,-2.15,9.05));
#5760=VECTOR('',#7211,2.2);
#5761=CARTESIAN_POINT('',(7.4,-2.35,9.25));
#5762=CARTESIAN_POINT('',(7.2,-2.15,9.05));
#5763=VECTOR('',#7212,0.3464101615138);
#5764=CARTESIAN_POINT('',(5.0,-2.35,9.25));
#5765=CARTESIAN_POINT('',(5.0,-2.35,9.25));
#5766=VECTOR('',#7213,0.2828427124746);
#5767=CARTESIAN_POINT('',(7.4,-2.35,9.25));
#5768=VECTOR('',#7214,2.4);
#5769=CARTESIAN_POINT('',(5.0,-2.9,9.25));
#5770=VECTOR('',#7215,0.55);
#5771=CARTESIAN_POINT('',(8.0,-1.7,9.25));
#5772=CARTESIAN_POINT('',(8.0,-1.7,9.25));
#5773=VECTOR('',#7216,1.2);
#5774=CARTESIAN_POINT('',(7.4,-1.7,9.25));
#5775=CARTESIAN_POINT('',(7.4,-1.7,9.25));
#5776=VECTOR('',#7217,0.6);
#5777=CARTESIAN_POINT('',(7.4,-1.7,9.25));
#5778=VECTOR('',#7218,0.65);
#5779=CARTESIAN_POINT('',(-7.4,-1.7,9.25));
#5780=CARTESIAN_POINT('',(-8.0,-1.7,9.25));
#5781=VECTOR('',#7219,0.6);
#5782=CARTESIAN_POINT('',(-7.4,-2.35,9.25));
#5783=VECTOR('',#7220,0.65);
#5784=CARTESIAN_POINT('',(7.2,-1.9,9.05));
#5785=CARTESIAN_POINT('',(7.2,-1.9,9.05));
#5786=VECTOR('',#7221,0.3464101615138);
#5787=CARTESIAN_POINT('',(7.2,-1.9,9.05));
#5788=VECTOR('',#7222,0.25);
#5789=CARTESIAN_POINT('',(7.2,-1.9,6.91));
#5790=CARTESIAN_POINT('',(7.2,-1.9,6.91));
#5791=VECTOR('',#7223,2.14);
#5792=CARTESIAN_POINT('',(7.2,-0.95,6.91));
#5793=CARTESIAN_POINT('',(7.2,-0.95,6.91));
#5794=VECTOR('',#7224,0.95);
#5795=CARTESIAN_POINT('',(7.2,-0.95,2.15));
#5796=CARTESIAN_POINT('',(7.2,-0.95,6.91));
#5797=VECTOR('',#7225,4.76);
#5798=CARTESIAN_POINT('',(7.2,-2.15,2.15));
#5799=VECTOR('',#7226,1.2);
#5800=CARTESIAN_POINT('',(-5.75,1.15,2.15));
#5801=CARTESIAN_POINT('',(-6.25,1.15,2.15));
#5802=CARTESIAN_POINT('',(-5.75,1.15,2.15));
#5803=VECTOR('',#7227,0.5);
#5804=CARTESIAN_POINT('',(-5.75,-2.15,2.15));
#5805=VECTOR('',#7228,3.3);
#5806=CARTESIAN_POINT('',(-4.25,1.15,2.15));
#5807=CARTESIAN_POINT('',(-4.25,-2.15,2.15));
#5808=VECTOR('',#7229,3.3);
#5809=CARTESIAN_POINT('',(-3.75,1.15,2.15));
#5810=CARTESIAN_POINT('',(-3.75,1.15,2.15));
#5811=VECTOR('',#7230,0.5);
#5812=CARTESIAN_POINT('',(-3.75,-2.15,2.15));
#5813=VECTOR('',#7231,3.3);
#5814=CARTESIAN_POINT('',(-2.25,1.15,2.15));
#5815=CARTESIAN_POINT('',(-2.25,-2.15,2.15));
#5816=VECTOR('',#7232,3.3);
#5817=CARTESIAN_POINT('',(-1.75,1.15,2.15));
#5818=CARTESIAN_POINT('',(-1.75,1.15,2.15));
#5819=VECTOR('',#7233,0.5);
#5820=CARTESIAN_POINT('',(-1.75,-2.15,2.15));
#5821=VECTOR('',#7234,3.3);
#5822=CARTESIAN_POINT('',(-0.25,1.15,2.15));
#5823=CARTESIAN_POINT('',(-0.25,-2.15,2.15));
#5824=VECTOR('',#7235,3.3);
#5825=CARTESIAN_POINT('',(0.25,1.15,2.15));
#5826=CARTESIAN_POINT('',(0.25,1.15,2.15));
#5827=VECTOR('',#7236,0.5);
#5828=CARTESIAN_POINT('',(0.25,-2.15,2.15));
#5829=VECTOR('',#7237,3.3);
#5830=CARTESIAN_POINT('',(1.75,1.15,2.15));
#5831=CARTESIAN_POINT('',(1.75,-2.15,2.15));
#5832=VECTOR('',#7238,3.3);
#5833=CARTESIAN_POINT('',(2.25,1.15,2.15));
#5834=CARTESIAN_POINT('',(2.25,1.15,2.15));
#5835=VECTOR('',#7239,0.5);
#5836=CARTESIAN_POINT('',(2.25,-2.15,2.15));
#5837=VECTOR('',#7240,3.3);
#5838=CARTESIAN_POINT('',(3.75,1.15,2.15));
#5839=CARTESIAN_POINT('',(3.75,-2.15,2.15));
#5840=VECTOR('',#7241,3.3);
#5841=CARTESIAN_POINT('',(4.25,1.15,2.15));
#5842=CARTESIAN_POINT('',(4.25,1.15,2.15));
#5843=VECTOR('',#7242,0.5);
#5844=CARTESIAN_POINT('',(4.25,-2.15,2.15));
#5845=VECTOR('',#7243,3.3);
#5846=CARTESIAN_POINT('',(5.75,1.15,2.15));
#5847=CARTESIAN_POINT('',(5.75,-2.15,2.15));
#5848=VECTOR('',#7244,3.3);
#5849=CARTESIAN_POINT('',(6.25,1.15,2.15));
#5850=CARTESIAN_POINT('',(6.25,1.15,2.15));
#5851=VECTOR('',#7245,0.5);
#5852=CARTESIAN_POINT('',(6.25,-2.15,2.15));
#5853=VECTOR('',#7246,3.3);
#5854=CARTESIAN_POINT('',(6.5,-0.95,2.15));
#5855=CARTESIAN_POINT('',(7.2,-0.95,2.15));
#5856=VECTOR('',#7247,0.7);
#5857=CARTESIAN_POINT('',(6.5,2.2,2.15));
#5858=CARTESIAN_POINT('',(6.5,2.2,2.15));
#5859=VECTOR('',#7248,3.15);
#5860=CARTESIAN_POINT('',(5.55,2.2,2.15));
#5861=CARTESIAN_POINT('',(6.5,2.2,2.15));
#5862=VECTOR('',#7249,0.95);
#5863=CARTESIAN_POINT('',(5.55,1.65,2.15));
#5864=CARTESIAN_POINT('',(5.55,2.2,2.15));
#5865=VECTOR('',#7250,0.55);
#5866=CARTESIAN_POINT('',(2.7,1.65,2.15));
#5867=CARTESIAN_POINT('',(5.55,1.65,2.15));
#5868=VECTOR('',#7251,2.85);
#5869=CARTESIAN_POINT('',(2.7,3.15,2.15));
#5870=CARTESIAN_POINT('',(2.7,1.65,2.15));
#5871=VECTOR('',#7252,1.5);
#5872=CARTESIAN_POINT('',(1.05,3.15,2.15));
#5873=CARTESIAN_POINT('',(2.7,3.15,2.15));
#5874=VECTOR('',#7253,1.65);
#5875=CARTESIAN_POINT('',(1.05,2.65,2.15));
#5876=CARTESIAN_POINT('',(1.05,3.15,2.15));
#5877=VECTOR('',#7254,0.5);
#5878=CARTESIAN_POINT('',(-1.05,2.65,2.15));
#5879=CARTESIAN_POINT('',(-1.05,2.65,2.15));
#5880=VECTOR('',#7255,2.1);
#5881=CARTESIAN_POINT('',(-1.05,3.15,2.15));
#5882=CARTESIAN_POINT('',(-1.05,3.15,2.15));
#5883=VECTOR('',#7256,0.5);
#5884=CARTESIAN_POINT('',(-2.7,3.15,2.15));
#5885=CARTESIAN_POINT('',(-1.05,3.15,2.15));
#5886=VECTOR('',#7257,1.65);
#5887=CARTESIAN_POINT('',(-2.7,1.65,2.15));
#5888=CARTESIAN_POINT('',(-2.7,3.15,2.15));
#5889=VECTOR('',#7258,1.5);
#5890=CARTESIAN_POINT('',(-5.55,1.65,2.15));
#5891=CARTESIAN_POINT('',(-2.7,1.65,2.15));
#5892=VECTOR('',#7259,2.85);
#5893=CARTESIAN_POINT('',(-5.55,2.2,2.15));
#5894=CARTESIAN_POINT('',(-5.55,1.65,2.15));
#5895=VECTOR('',#7260,0.55);
#5896=CARTESIAN_POINT('',(-6.5,2.2,2.15));
#5897=CARTESIAN_POINT('',(-5.55,2.2,2.15));
#5898=VECTOR('',#7261,0.95);
#5899=CARTESIAN_POINT('',(-6.5,-0.95,2.15));
#5900=CARTESIAN_POINT('',(-6.5,-0.95,2.15));
#5901=VECTOR('',#7262,3.15);
#5902=CARTESIAN_POINT('',(-7.2,-0.95,2.15));
#5903=CARTESIAN_POINT('',(-6.5,-0.95,2.15));
#5904=VECTOR('',#7263,0.7);
#5905=CARTESIAN_POINT('',(-7.2,-0.95,2.15));
#5906=VECTOR('',#7264,1.2);
#5907=CARTESIAN_POINT('',(-6.25,-2.15,2.15));
#5908=VECTOR('',#7265,3.3);
#5909=CARTESIAN_POINT('',(4.75,0.35,2.15));
#5910=CARTESIAN_POINT('',(5.25,0.35,2.15));
#5911=CARTESIAN_POINT('',(4.75,0.35,2.15));
#5912=VECTOR('',#7266,0.5);
#5913=CARTESIAN_POINT('',(5.25,-0.15,2.15));
#5914=CARTESIAN_POINT('',(5.25,-0.15,2.15));
#5915=VECTOR('',#7267,0.5);
#5916=CARTESIAN_POINT('',(4.75,-0.15,2.15));
#5917=CARTESIAN_POINT('',(4.75,-0.15,2.15));
#5918=VECTOR('',#7268,0.5);
#5919=CARTESIAN_POINT('',(4.75,-0.15,2.15));
#5920=VECTOR('',#7269,0.5);
#5921=CARTESIAN_POINT('',(2.75,0.35,2.15));
#5922=CARTESIAN_POINT('',(3.25,0.35,2.15));
#5923=CARTESIAN_POINT('',(2.75,0.35,2.15));
#5924=VECTOR('',#7270,0.5);
#5925=CARTESIAN_POINT('',(3.25,-0.15,2.15));
#5926=CARTESIAN_POINT('',(3.25,-0.15,2.15));
#5927=VECTOR('',#7271,0.5);
#5928=CARTESIAN_POINT('',(2.75,-0.15,2.15));
#5929=CARTESIAN_POINT('',(2.75,-0.15,2.15));
#5930=VECTOR('',#7272,0.5);
#5931=CARTESIAN_POINT('',(2.75,-0.15,2.15));
#5932=VECTOR('',#7273,0.5);
#5933=CARTESIAN_POINT('',(0.75,0.35,2.15));
#5934=CARTESIAN_POINT('',(1.25,0.35,2.15));
#5935=CARTESIAN_POINT('',(0.75,0.35,2.15));
#5936=VECTOR('',#7274,0.5);
#5937=CARTESIAN_POINT('',(1.25,-0.15,2.15));
#5938=CARTESIAN_POINT('',(1.25,-0.15,2.15));
#5939=VECTOR('',#7275,0.5);
#5940=CARTESIAN_POINT('',(0.75,-0.15,2.15));
#5941=CARTESIAN_POINT('',(0.75,-0.15,2.15));
#5942=VECTOR('',#7276,0.5);
#5943=CARTESIAN_POINT('',(0.75,-0.15,2.15));
#5944=VECTOR('',#7277,0.5);
#5945=CARTESIAN_POINT('',(-1.25,0.35,2.15));
#5946=CARTESIAN_POINT('',(-0.75,0.35,2.15));
#5947=CARTESIAN_POINT('',(-1.25,0.35,2.15));
#5948=VECTOR('',#7278,0.5);
#5949=CARTESIAN_POINT('',(-0.75,-0.15,2.15));
#5950=CARTESIAN_POINT('',(-0.75,-0.15,2.15));
#5951=VECTOR('',#7279,0.5);
#5952=CARTESIAN_POINT('',(-1.25,-0.15,2.15));
#5953=CARTESIAN_POINT('',(-1.25,-0.15,2.15));
#5954=VECTOR('',#7280,0.5);
#5955=CARTESIAN_POINT('',(-1.25,-0.15,2.15));
#5956=VECTOR('',#7281,0.5);
#5957=CARTESIAN_POINT('',(-3.25,0.35,2.15));
#5958=CARTESIAN_POINT('',(-2.75,0.35,2.15));
#5959=CARTESIAN_POINT('',(-3.25,0.35,2.15));
#5960=VECTOR('',#7282,0.5);
#5961=CARTESIAN_POINT('',(-2.75,-0.15,2.15));
#5962=CARTESIAN_POINT('',(-2.75,-0.15,2.15));
#5963=VECTOR('',#7283,0.5);
#5964=CARTESIAN_POINT('',(-3.25,-0.15,2.15));
#5965=CARTESIAN_POINT('',(-3.25,-0.15,2.15));
#5966=VECTOR('',#7284,0.5);
#5967=CARTESIAN_POINT('',(-3.25,-0.15,2.15));
#5968=VECTOR('',#7285,0.5);
#5969=CARTESIAN_POINT('',(-5.25,0.35,2.15));
#5970=CARTESIAN_POINT('',(-4.75,0.35,2.15));
#5971=CARTESIAN_POINT('',(-5.25,0.35,2.15));
#5972=VECTOR('',#7286,0.5);
#5973=CARTESIAN_POINT('',(-4.75,-0.15,2.15));
#5974=CARTESIAN_POINT('',(-4.75,-0.15,2.15));
#5975=VECTOR('',#7287,0.5);
#5976=CARTESIAN_POINT('',(-5.25,-0.15,2.15));
#5977=CARTESIAN_POINT('',(-5.25,-0.15,2.15));
#5978=VECTOR('',#7288,0.5);
#5979=CARTESIAN_POINT('',(-5.25,-0.15,2.15));
#5980=VECTOR('',#7289,0.5);
#5981=CARTESIAN_POINT('',(-6.25,1.15,2.3));
#5982=CARTESIAN_POINT('',(-6.25,1.15,2.3));
#5983=VECTOR('',#7290,3.3);
#5984=CARTESIAN_POINT('',(-6.25,1.15,2.15));
#5985=VECTOR('',#7291,0.15);
#5986=CARTESIAN_POINT('',(-5.75,1.15,2.3));
#5987=CARTESIAN_POINT('',(-5.75,1.15,2.3));
#5988=VECTOR('',#7292,0.5);
#5989=CARTESIAN_POINT('',(-5.75,1.15,2.15));
#5990=VECTOR('',#7293,0.15);
#5991=CARTESIAN_POINT('',(-5.75,-2.15,2.3));
#5992=VECTOR('',#7294,3.3);
#5993=CARTESIAN_POINT('',(-7.2,-0.95,6.91));
#5994=CARTESIAN_POINT('',(-7.2,-0.95,6.91));
#5995=VECTOR('',#7295,4.76);
#5996=CARTESIAN_POINT('',(-7.2,-1.9,6.91));
#5997=CARTESIAN_POINT('',(-7.2,-1.9,6.91));
#5998=VECTOR('',#7296,0.95);
#5999=CARTESIAN_POINT('',(-7.2,-1.9,9.05));
#6000=CARTESIAN_POINT('',(-7.2,-1.9,9.05));
#6001=VECTOR('',#7297,2.14);
#6002=CARTESIAN_POINT('',(-7.2,-2.15,9.05));
#6003=VECTOR('',#7298,0.25);
#6004=CARTESIAN_POINT('',(-7.2,-1.9,9.05));
#6005=VECTOR('',#7299,0.3464101615138);
#6006=CARTESIAN_POINT('',(-7.4,-1.7,7.11));
#6007=CARTESIAN_POINT('',(-7.2,-1.9,6.91));
#6008=VECTOR('',#7300,0.3464101615138);
#6009=CARTESIAN_POINT('',(-7.4,-1.7,9.25));
#6010=VECTOR('',#7301,2.14);
#6011=CARTESIAN_POINT('',(-8.0,-1.7,7.11));
#6012=VECTOR('',#7302,0.6);
#6013=CARTESIAN_POINT('',(8.0,-1.7,7.11));
#6014=CARTESIAN_POINT('',(8.0,-1.7,7.11));
#6015=VECTOR('',#7303,2.14);
#6016=CARTESIAN_POINT('',(7.4,-1.7,7.11));
#6017=CARTESIAN_POINT('',(7.4,-1.7,7.11));
#6018=VECTOR('',#7304,0.6);
#6019=CARTESIAN_POINT('',(7.4,-1.7,7.11));
#6020=VECTOR('',#7305,2.14);
#6021=CARTESIAN_POINT('',(-7.4,-0.75,7.11));
#6022=CARTESIAN_POINT('',(-6.7,-0.75,7.11));
#6023=CARTESIAN_POINT('',(-7.4,-0.75,7.11));
#6024=VECTOR('',#7306,0.7);
#6025=CARTESIAN_POINT('',(-6.7,1.2,7.11));
#6026=CARTESIAN_POINT('',(-6.7,-0.75,7.11));
#6027=VECTOR('',#7307,1.95);
#6028=CARTESIAN_POINT('',(-8.0,1.2,7.11));
#6029=VECTOR('',#7308,1.3);
#6030=CARTESIAN_POINT('',(-7.4,-1.7,7.11));
#6031=VECTOR('',#7309,0.95);
#6032=CARTESIAN_POINT('',(8.0,1.2,7.11));
#6033=CARTESIAN_POINT('',(8.0,1.2,7.11));
#6034=VECTOR('',#7310,2.9);
#6035=CARTESIAN_POINT('',(6.7,1.2,7.11));
#6036=CARTESIAN_POINT('',(6.7,1.2,7.11));
#6037=VECTOR('',#7311,1.3);
#6038=CARTESIAN_POINT('',(6.7,-0.75,7.11));
#6039=CARTESIAN_POINT('',(6.7,1.2,7.11));
#6040=VECTOR('',#7312,1.95);
#6041=CARTESIAN_POINT('',(7.4,-0.75,7.11));
#6042=CARTESIAN_POINT('',(6.7,-0.75,7.11));
#6043=VECTOR('',#7313,0.7);
#6044=CARTESIAN_POINT('',(7.4,-0.75,7.11));
#6045=VECTOR('',#7314,0.95);
#6046=CARTESIAN_POINT('',(-7.2,-0.95,6.91));
#6047=VECTOR('',#7315,0.3464101615138);
#6048=CARTESIAN_POINT('',(-6.5,-0.95,6.91));
#6049=CARTESIAN_POINT('',(-7.2,-0.95,6.91));
#6050=VECTOR('',#7316,0.7);
#6051=CARTESIAN_POINT('',(-6.5,-0.95,6.91));
#6052=VECTOR('',#7317,0.3464101615138);
#6053=CARTESIAN_POINT('',(-6.5,1.4,6.91));
#6054=CARTESIAN_POINT('',(-6.5,-0.95,6.91));
#6055=VECTOR('',#7318,2.35);
#6056=CARTESIAN_POINT('',(-6.5,1.4,6.91));
#6057=VECTOR('',#7319,0.3464101615138);
#6058=CARTESIAN_POINT('',(-6.5,1.4,9.05));
#6059=CARTESIAN_POINT('',(-6.7,1.2,9.25));
#6060=CARTESIAN_POINT('',(-6.5,1.4,9.05));
#6061=VECTOR('',#7320,0.3464101615138);
#6062=CARTESIAN_POINT('',(-6.7,1.2,7.11));
#6063=VECTOR('',#7321,2.14);
#6064=CARTESIAN_POINT('',(-6.5,1.4,6.91));
#6065=VECTOR('',#7322,2.14);
#6066=CARTESIAN_POINT('',(-6.5,-0.95,6.91));
#6067=VECTOR('',#7323,4.76);
#6068=CARTESIAN_POINT('',(-6.5,2.2,9.05));
#6069=CARTESIAN_POINT('',(-6.5,2.2,9.05));
#6070=VECTOR('',#7324,6.9);
#6071=CARTESIAN_POINT('',(-6.5,2.2,9.05));
#6072=VECTOR('',#7325,0.8);
#6073=CARTESIAN_POINT('',(-6.7,2.4,9.25));
#6074=CARTESIAN_POINT('',(-6.5,2.2,9.05));
#6075=VECTOR('',#7326,0.3464101615138);
#6076=CARTESIAN_POINT('',(-6.7,2.4,9.25));
#6077=VECTOR('',#7327,1.2);
#6078=CARTESIAN_POINT('',(-5.55,2.4,9.25));
#6079=CARTESIAN_POINT('',(-6.7,2.4,9.25));
#6080=VECTOR('',#7328,1.15);
#6081=CARTESIAN_POINT('',(-5.55,2.130571673965,9.25002613785));
#6082=CARTESIAN_POINT('',(-5.55,2.4,9.25));
#6083=VECTOR('',#7329,0.2694283273024);
#6084=CARTESIAN_POINT('',(-3.39,2.130509101059,9.25002613785));
#6085=CARTESIAN_POINT('',(-5.55,2.130571673965,9.25002613785));
#6086=VECTOR('',#7330,2.160000000906);
#6087=CARTESIAN_POINT('',(-3.39,2.9,9.25));
#6088=CARTESIAN_POINT('',(-3.39,2.9,9.25));
#6089=VECTOR('',#7331,0.7694908993847);
#6090=CARTESIAN_POINT('',(-8.0,2.9,9.25));
#6091=VECTOR('',#7332,4.61);
#6092=CARTESIAN_POINT('',(-8.0,1.2,9.25));
#6093=VECTOR('',#7333,1.3);
#6094=CARTESIAN_POINT('',(6.7,1.2,9.25));
#6095=CARTESIAN_POINT('',(8.0,1.2,9.25));
#6096=CARTESIAN_POINT('',(6.7,1.2,9.25));
#6097=VECTOR('',#7334,1.3);
#6098=CARTESIAN_POINT('',(8.0,2.9,9.25));
#6099=CARTESIAN_POINT('',(8.0,2.9,9.25));
#6100=VECTOR('',#7335,1.7);
#6101=CARTESIAN_POINT('',(3.39,2.9,9.25));
#6102=CARTESIAN_POINT('',(3.39,2.9,9.25));
#6103=VECTOR('',#7336,4.61);
#6104=CARTESIAN_POINT('',(3.39,2.130509101059,9.25002613785));
#6105=CARTESIAN_POINT('',(3.39,2.9,9.25));
#6106=VECTOR('',#7337,0.7694908993847);
#6107=CARTESIAN_POINT('',(5.55,2.130571673965,9.25002613785));
#6108=CARTESIAN_POINT('',(3.39,2.130509101059,9.25002613785));
#6109=VECTOR('',#7338,2.160000000906);
#6110=CARTESIAN_POINT('',(5.55,2.4,9.25));
#6111=CARTESIAN_POINT('',(5.55,2.130571673965,9.25002613785));
#6112=VECTOR('',#7339,0.2694283273024);
#6113=CARTESIAN_POINT('',(6.7,2.4,9.25));
#6114=CARTESIAN_POINT('',(5.55,2.4,9.25));
#6115=VECTOR('',#7340,1.15);
#6116=CARTESIAN_POINT('',(6.7,1.2,9.25));
#6117=VECTOR('',#7341,1.2);
#6118=CARTESIAN_POINT('',(8.0,1.2,9.25));
#6119=VECTOR('',#7342,2.14);
#6120=CARTESIAN_POINT('',(6.7,1.2,9.25));
#6121=VECTOR('',#7343,2.14);
#6122=CARTESIAN_POINT('',(6.5,1.4,9.05));
#6123=CARTESIAN_POINT('',(6.5,1.4,9.05));
#6124=VECTOR('',#7344,0.3464101615138);
#6125=CARTESIAN_POINT('',(6.5,1.4,6.91));
#6126=CARTESIAN_POINT('',(6.5,1.4,9.05));
#6127=VECTOR('',#7345,2.14);
#6128=CARTESIAN_POINT('',(6.5,1.4,6.91));
#6129=VECTOR('',#7346,0.3464101615138);
#6130=CARTESIAN_POINT('',(6.5,-0.95,6.91));
#6131=CARTESIAN_POINT('',(6.5,-0.95,6.91));
#6132=VECTOR('',#7347,0.3464101615138);
#6133=CARTESIAN_POINT('',(6.5,1.4,6.91));
#6134=VECTOR('',#7348,2.35);
#6135=CARTESIAN_POINT('',(6.5,2.2,9.05));
#6136=CARTESIAN_POINT('',(6.5,1.4,9.05));
#6137=VECTOR('',#7349,0.8);
#6138=CARTESIAN_POINT('',(6.5,2.2,9.05));
#6139=VECTOR('',#7350,6.9);
#6140=CARTESIAN_POINT('',(6.5,-0.95,6.91));
#6141=VECTOR('',#7351,4.76);
#6142=CARTESIAN_POINT('',(6.5,-0.95,6.91));
#6143=VECTOR('',#7352,0.7);
#6144=CARTESIAN_POINT('',(7.2,-0.95,6.91));
#6145=VECTOR('',#7353,0.3464101615138);
#6146=CARTESIAN_POINT('',(7.2,-1.9,6.91));
#6147=VECTOR('',#7354,0.3464101615138);
#6148=CARTESIAN_POINT('',(5.55,2.2,9.05));
#6149=CARTESIAN_POINT('',(5.55,2.2,9.05));
#6150=VECTOR('',#7355,6.9);
#6151=CARTESIAN_POINT('',(5.55,2.2,9.05));
#6152=VECTOR('',#7356,0.95);
#6153=CARTESIAN_POINT('',(5.55,2.2,9.05));
#6154=VECTOR('',#7357,0.2828427124746);
#6155=CARTESIAN_POINT('',(6.5,2.2,9.05));
#6156=VECTOR('',#7358,0.3464101615138);
#6157=CARTESIAN_POINT('',(5.55,1.861206369924,8.750401293592));
#6158=CARTESIAN_POINT('',(5.55,2.130571673965,9.25002613785));
#6159=VECTOR('',#7359,0.5676113564936);
#6160=CARTESIAN_POINT('',(5.55,1.65,3.3));
#6161=CARTESIAN_POINT('',(5.55,1.861206369924,8.750401293592));
#6162=VECTOR('',#7360,5.454491946267);
#6163=CARTESIAN_POINT('',(5.55,1.65,2.15));
#6164=VECTOR('',#7361,1.15);
#6165=CARTESIAN_POINT('',(2.7,1.65,3.3));
#6166=CARTESIAN_POINT('',(2.7,1.65,3.3));
#6167=VECTOR('',#7362,1.15);
#6168=CARTESIAN_POINT('',(5.55,1.65,3.3));
#6169=VECTOR('',#7363,2.85);
#6170=CARTESIAN_POINT('',(-5.55,1.861206369924,8.750401293592));
#6171=CARTESIAN_POINT('',(-5.55,1.65,3.3));
#6172=CARTESIAN_POINT('',(-5.55,1.861206369924,8.750401293592));
#6173=VECTOR('',#7364,5.454491946267);
#6174=CARTESIAN_POINT('',(-2.7,1.65,3.3));
#6175=CARTESIAN_POINT('',(-2.7,1.65,3.3));
#6176=VECTOR('',#7365,2.85);
#6177=CARTESIAN_POINT('',(-2.7,1.861269391918,8.750750311485));
#6178=CARTESIAN_POINT('',(-2.7,1.65,3.3));
#6179=VECTOR('',#7366,5.454843142943);
#6180=CARTESIAN_POINT('',(-2.7,1.861269391918,8.750750311485));
#6181=VECTOR('',#7367,2.850000022068);
#6182=CARTESIAN_POINT('',(2.7,1.861269391918,8.750750311485));
#6183=CARTESIAN_POINT('',(2.7,1.65,3.3));
#6184=VECTOR('',#7368,5.454843142943);
#6185=CARTESIAN_POINT('',(5.55,1.861206369924,8.750401293592));
#6186=VECTOR('',#7369,2.850000022068);
#6187=CARTESIAN_POINT('',(-2.7,2.4,9.75));
#6188=CARTESIAN_POINT('',(-2.7,2.4,9.75));
#6189=VECTOR('',#7370,1.135222712987);
#6190=CARTESIAN_POINT('',(-3.39,2.4,9.75));
#6191=CARTESIAN_POINT('',(-3.39,2.4,9.75));
#6192=VECTOR('',#7371,0.69);
#6193=CARTESIAN_POINT('',(-3.39,2.130509101059,9.25002613785));
#6194=VECTOR('',#7372,0.5679781751489);
#6195=CARTESIAN_POINT('',(-5.55,1.861206369924,8.750401293592));
#6196=VECTOR('',#7373,0.5676113564936);
#6197=CARTESIAN_POINT('',(-5.55,1.65,2.15));
#6198=VECTOR('',#7374,1.15);
#6199=CARTESIAN_POINT('',(-5.55,2.2,9.05));
#6200=CARTESIAN_POINT('',(-5.55,2.4,9.25));
#6201=VECTOR('',#7375,0.2828427124746);
#6202=CARTESIAN_POINT('',(-5.55,2.2,9.05));
#6203=VECTOR('',#7376,6.9);
#6204=CARTESIAN_POINT('',(-6.5,2.2,9.05));
#6205=VECTOR('',#7377,0.95);
#6206=CARTESIAN_POINT('',(-2.7,1.65,3.3));
#6207=VECTOR('',#7378,1.15);
#6208=CARTESIAN_POINT('',(-2.7,3.15,8.982));
#6209=CARTESIAN_POINT('',(-2.7,3.15,8.982));
#6210=VECTOR('',#7379,6.832);
#6211=CARTESIAN_POINT('',(-2.7,3.45,9.75));
#6212=CARTESIAN_POINT('',(-2.7,3.15,8.982));
#6213=VECTOR('',#7380,0.8245144025425);
#6214=CARTESIAN_POINT('',(-2.7,2.4,9.75));
#6215=VECTOR('',#7381,1.05);
#6216=CARTESIAN_POINT('',(2.7,3.45,9.75));
#6217=CARTESIAN_POINT('',(2.7,3.45,9.75));
#6218=VECTOR('',#7382,5.4);
#6219=CARTESIAN_POINT('',(2.7,2.4,9.75));
#6220=CARTESIAN_POINT('',(2.7,3.45,9.75));
#6221=VECTOR('',#7383,1.05);
#6222=CARTESIAN_POINT('',(3.39,2.4,9.75));
#6223=CARTESIAN_POINT('',(2.7,2.4,9.75));
#6224=VECTOR('',#7384,0.69);
#6225=CARTESIAN_POINT('',(3.39,3.8,9.75));
#6226=CARTESIAN_POINT('',(3.39,2.4,9.75));
#6227=VECTOR('',#7385,1.4);
#6228=CARTESIAN_POINT('',(-3.39,3.8,9.75));
#6229=CARTESIAN_POINT('',(3.39,3.8,9.75));
#6230=VECTOR('',#7386,6.78);
#6231=CARTESIAN_POINT('',(-3.39,3.8,9.75));
#6232=VECTOR('',#7387,1.4);
#6233=CARTESIAN_POINT('',(-3.39,3.8,1.7));
#6234=CARTESIAN_POINT('',(-3.39,3.8,9.75));
#6235=VECTOR('',#7388,8.05);
#6236=CARTESIAN_POINT('',(-3.39,3.2,1.1));
#6237=AXIS2_PLACEMENT_3D('',#7389,#7390,#7391);
#6238=CARTESIAN_POINT('',(-3.39,2.65,1.1));
#6239=CARTESIAN_POINT('',(-3.39,2.65,1.1));
#6240=VECTOR('',#7392,0.55);
#6241=CARTESIAN_POINT('',(-3.39,2.65,0.3));
#6242=VECTOR('',#7393,0.8);
#6243=CARTESIAN_POINT('',(-3.39,2.1,1.95));
#6244=CARTESIAN_POINT('',(-3.39,2.1,0.3));
#6245=VECTOR('',#7394,1.65);
#6246=CARTESIAN_POINT('',(-3.39,2.9,1.95));
#6247=CARTESIAN_POINT('',(-3.39,2.9,1.95));
#6248=VECTOR('',#7395,0.8);
#6249=CARTESIAN_POINT('',(-3.39,2.9,9.25));
#6250=VECTOR('',#7396,7.3);
#6251=CARTESIAN_POINT('',(3.39,2.9,1.95));
#6252=CARTESIAN_POINT('',(6.25,2.9,1.95));
#6253=VECTOR('',#7397,2.86);
#6254=CARTESIAN_POINT('',(3.39,2.9,9.25));
#6255=VECTOR('',#7398,7.3);
#6256=CARTESIAN_POINT('',(8.0,2.9,0.0));
#6257=CARTESIAN_POINT('',(8.0,2.9,0.0));
#6258=VECTOR('',#7399,9.25);
#6259=CARTESIAN_POINT('',(6.25,2.9,0.0));
#6260=VECTOR('',#7400,1.75);
#6261=CARTESIAN_POINT('',(-6.25,2.9,1.95));
#6262=CARTESIAN_POINT('',(-6.25,2.9,0.0));
#6263=CARTESIAN_POINT('',(-6.25,2.9,1.95));
#6264=VECTOR('',#7401,1.95);
#6265=CARTESIAN_POINT('',(-8.0,2.9,0.0));
#6266=VECTOR('',#7402,1.75);
#6267=CARTESIAN_POINT('',(-3.39,2.9,1.95));
#6268=VECTOR('',#7403,2.86);
#6269=CARTESIAN_POINT('',(-6.25,-1.65,0.0));
#6270=CARTESIAN_POINT('',(-8.0,-1.65,0.0));
#6271=VECTOR('',#7404,1.75);
#6272=CARTESIAN_POINT('',(-6.25,-2.9,0.0));
#6273=VECTOR('',#7405,1.25);
#6274=CARTESIAN_POINT('',(8.0,-1.65,0.0));
#6275=CARTESIAN_POINT('',(6.25,-1.65,0.0));
#6276=VECTOR('',#7406,1.75);
#6277=CARTESIAN_POINT('',(8.0,-2.9,0.0));
#6278=VECTOR('',#7407,1.25);
#6279=CARTESIAN_POINT('',(-6.25,1.3,0.0));
#6280=VECTOR('',#7408,1.6);
#6281=CARTESIAN_POINT('',(8.0,1.3,0.0));
#6282=VECTOR('',#7409,1.6);
#6283=CARTESIAN_POINT('',(7.5,2.0,0.0));
#6284=CARTESIAN_POINT('',(6.5,2.0,0.0));
#6285=AXIS2_PLACEMENT_3D('',#7410,#7411,#7412);
#6286=AXIS2_PLACEMENT_3D('',#7413,#7414,#7415);
#6287=CARTESIAN_POINT('',(-6.25,-1.65,0.3));
#6288=VECTOR('',#7416,0.3);
#6289=CARTESIAN_POINT('',(-6.25,-1.6,1.15));
#6290=CARTESIAN_POINT('',(-6.25,-1.6,0.3));
#6291=VECTOR('',#7417,0.85);
#6292=CARTESIAN_POINT('',(-6.25,-1.6,1.15));
#6293=VECTOR('',#7418,1.3);
#6294=CARTESIAN_POINT('',(-6.25,2.1,1.95));
#6295=CARTESIAN_POINT('',(-6.25,2.1,1.95));
#6296=VECTOR('',#7419,0.8);
#6297=CARTESIAN_POINT('',(-6.25,2.1,0.3));
#6298=VECTOR('',#7420,1.65);
#6299=CARTESIAN_POINT('',(-6.25,-1.6,1.15));
#6300=VECTOR('',#7421,12.5);
#6301=CARTESIAN_POINT('',(8.0,-1.65,0.0));
#6302=VECTOR('',#7422,0.3);
#6303=CARTESIAN_POINT('',(-3.39,2.1,1.95));
#6304=VECTOR('',#7423,2.86);
#6305=CARTESIAN_POINT('',(3.39,2.1,1.95));
#6306=VECTOR('',#7424,0.8);
#6307=CARTESIAN_POINT('',(3.39,2.65,1.1));
#6308=CARTESIAN_POINT('',(3.39,2.65,0.3));
#6309=VECTOR('',#7425,0.8);
#6310=CARTESIAN_POINT('',(3.39,3.2,1.1));
#6311=CARTESIAN_POINT('',(3.39,3.2,1.1));
#6312=VECTOR('',#7426,0.55);
#6313=CARTESIAN_POINT('',(3.39,3.8,1.7));
#6314=AXIS2_PLACEMENT_3D('',#7427,#7428,#7429);
#6315=CARTESIAN_POINT('',(3.39,3.8,9.75));
#6316=VECTOR('',#7430,8.05);
#6317=CARTESIAN_POINT('',(3.39,2.4,9.75));
#6318=VECTOR('',#7431,0.5679781751489);
#6319=CARTESIAN_POINT('',(2.7,1.861269391918,8.750750311485));
#6320=VECTOR('',#7432,1.135222712987);
#6321=CARTESIAN_POINT('',(2.7,3.15,8.982));
#6322=CARTESIAN_POINT('',(2.7,3.45,9.75));
#6323=VECTOR('',#7433,0.8245144025425);
#6324=CARTESIAN_POINT('',(2.7,3.15,8.982));
#6325=VECTOR('',#7434,6.832);
#6326=CARTESIAN_POINT('',(-1.05,3.15,8.982));
#6327=CARTESIAN_POINT('',(-2.7,3.15,8.982));
#6328=VECTOR('',#7435,1.65);
#6329=CARTESIAN_POINT('',(-1.05,3.15,7.671176470588));
#6330=CARTESIAN_POINT('',(-1.05,3.15,2.15));
#6331=VECTOR('',#7436,5.521176470588);
#6332=CARTESIAN_POINT('',(-1.05,3.15,8.982));
#6333=VECTOR('',#7437,1.310823529412);
#6334=CARTESIAN_POINT('',(1.05,3.15,7.671176470588));
#6335=CARTESIAN_POINT('',(1.05,3.15,2.15));
#6336=VECTOR('',#7438,5.521176470588);
#6337=CARTESIAN_POINT('',(1.05,3.15,8.982));
#6338=CARTESIAN_POINT('',(1.05,3.15,8.982));
#6339=VECTOR('',#7439,1.65);
#6340=CARTESIAN_POINT('',(1.05,3.15,8.982));
#6341=VECTOR('',#7440,1.310823529412);
#6342=CARTESIAN_POINT('',(-1.05,2.95,7.65));
#6343=CARTESIAN_POINT('',(-1.05,2.95,7.65));
#6344=VECTOR('',#7441,0.201117982554);
#6345=CARTESIAN_POINT('',(-1.05,2.95,8.47));
#6346=CARTESIAN_POINT('',(-1.05,2.95,8.47));
#6347=VECTOR('',#7442,0.82);
#6348=CARTESIAN_POINT('',(-1.05,2.95,8.47));
#6349=VECTOR('',#7443,0.5496762683617);
#6350=CARTESIAN_POINT('',(1.05,2.95,8.47));
#6351=CARTESIAN_POINT('',(1.05,2.95,8.47));
#6352=VECTOR('',#7444,2.1);
#6353=CARTESIAN_POINT('',(1.05,3.15,8.982));
#6354=VECTOR('',#7445,0.5496762683617);
#6355=CARTESIAN_POINT('',(1.05,2.95,7.65));
#6356=CARTESIAN_POINT('',(1.05,2.95,8.47));
#6357=VECTOR('',#7446,0.82);
#6358=CARTESIAN_POINT('',(1.05,2.95,7.65));
#6359=VECTOR('',#7447,0.201117982554);
#6360=CARTESIAN_POINT('',(1.05,3.8,7.74));
#6361=CARTESIAN_POINT('',(1.05,3.8,7.74));
#6362=VECTOR('',#7448,0.6536334433004);
#6363=CARTESIAN_POINT('',(-1.05,2.95,7.65));
#6364=VECTOR('',#7449,2.1);
#6365=CARTESIAN_POINT('',(-1.05,3.8,7.74));
#6366=CARTESIAN_POINT('',(-1.05,3.8,7.74));
#6367=VECTOR('',#7450,0.6536334433004);
#6368=CARTESIAN_POINT('',(-1.05,3.8,7.74));
#6369=VECTOR('',#7451,2.1);
#6370=CARTESIAN_POINT('',(1.05,3.8,1.7));
#6371=CARTESIAN_POINT('',(1.05,3.8,1.7));
#6372=VECTOR('',#7452,6.04);
#6373=CARTESIAN_POINT('',(-1.05,3.8,1.7));
#6374=CARTESIAN_POINT('',(-1.05,3.8,1.7));
#6375=VECTOR('',#7453,6.04);
#6376=CARTESIAN_POINT('',(-1.05,3.8,1.7));
#6377=VECTOR('',#7454,2.34);
#6378=CARTESIAN_POINT('',(3.39,3.8,1.7));
#6379=VECTOR('',#7455,2.34);
#6380=CARTESIAN_POINT('',(1.05,3.2,1.1));
#6381=CARTESIAN_POINT('',(3.39,3.2,1.1));
#6382=VECTOR('',#7456,2.34);
#6383=AXIS2_PLACEMENT_3D('',#7457,#7458,#7459);
#6384=CARTESIAN_POINT('',(1.05,2.65,1.1));
#6385=CARTESIAN_POINT('',(1.05,3.2,1.1));
#6386=VECTOR('',#7460,0.55);
#6387=CARTESIAN_POINT('',(1.05,2.65,2.15));
#6388=VECTOR('',#7461,1.05);
#6389=CARTESIAN_POINT('',(-1.05,2.65,1.1));
#6390=CARTESIAN_POINT('',(-3.39,2.65,1.1));
#6391=VECTOR('',#7462,2.34);
#6392=CARTESIAN_POINT('',(-1.05,2.65,2.15));
#6393=VECTOR('',#7463,1.05);
#6394=CARTESIAN_POINT('',(1.05,2.65,1.1));
#6395=VECTOR('',#7464,2.34);
#6396=CARTESIAN_POINT('',(-1.05,3.2,1.1));
#6397=CARTESIAN_POINT('',(-1.05,3.2,1.1));
#6398=VECTOR('',#7465,0.55);
#6399=CARTESIAN_POINT('',(-1.05,3.2,1.1));
#6400=VECTOR('',#7466,2.34);
#6401=AXIS2_PLACEMENT_3D('',#7467,#7468,#7469);
#6402=CARTESIAN_POINT('',(6.5,2.0,-0.9));
#6403=CARTESIAN_POINT('',(6.5,2.0,0.0));
#6404=VECTOR('',#7470,0.9000000007776);
#6405=CARTESIAN_POINT('',(7.5,2.0,0.0));
#6406=VECTOR('',#7471,0.9000000007776);
#6407=AXIS2_PLACEMENT_3D('',#7472,#7473,#7474);
#6408=CARTESIAN_POINT('',(6.7,2.0,-1.3));
#6409=AXIS2_PLACEMENT_3D('',#7475,#7476,#7477);
#6410=CARTESIAN_POINT('',(6.700000000311,1.999999995849,-1.300000000622));
#6411=VECTOR('',#7478,0.4472135953261);
#6412=AXIS2_PLACEMENT_3D('',#7479,#7480,#7481);
#6413=AXIS2_PLACEMENT_3D('',#7482,#7483,#7484);
#6414=CARTESIAN_POINT('',(6.25,1.15,2.3));
#6415=CARTESIAN_POINT('',(6.25,1.15,2.15));
#6416=VECTOR('',#7485,0.15);
#6417=CARTESIAN_POINT('',(6.25,-2.15,2.3));
#6418=VECTOR('',#7486,3.3);
#6419=CARTESIAN_POINT('',(5.75,1.15,2.3));
#6420=CARTESIAN_POINT('',(6.25,1.15,2.3));
#6421=VECTOR('',#7487,0.5);
#6422=CARTESIAN_POINT('',(5.75,1.15,2.3));
#6423=VECTOR('',#7488,3.3);
#6424=CARTESIAN_POINT('',(5.75,1.15,2.15));
#6425=VECTOR('',#7489,0.15);
#6426=CARTESIAN_POINT('',(4.25,1.15,2.3));
#6427=CARTESIAN_POINT('',(4.25,1.15,2.15));
#6428=VECTOR('',#7490,0.15);
#6429=CARTESIAN_POINT('',(4.25,-2.15,2.3));
#6430=VECTOR('',#7491,3.3);
#6431=CARTESIAN_POINT('',(3.75,1.15,2.3));
#6432=CARTESIAN_POINT('',(4.25,1.15,2.3));
#6433=VECTOR('',#7492,0.5);
#6434=CARTESIAN_POINT('',(3.75,1.15,2.3));
#6435=VECTOR('',#7493,3.3);
#6436=CARTESIAN_POINT('',(3.75,1.15,2.15));
#6437=VECTOR('',#7494,0.15);
#6438=CARTESIAN_POINT('',(2.25,1.15,2.3));
#6439=CARTESIAN_POINT('',(2.25,1.15,2.15));
#6440=VECTOR('',#7495,0.15);
#6441=CARTESIAN_POINT('',(2.25,-2.15,2.3));
#6442=VECTOR('',#7496,3.3);
#6443=CARTESIAN_POINT('',(1.75,1.15,2.3));
#6444=CARTESIAN_POINT('',(2.25,1.15,2.3));
#6445=VECTOR('',#7497,0.5);
#6446=CARTESIAN_POINT('',(1.75,1.15,2.3));
#6447=VECTOR('',#7498,3.3);
#6448=CARTESIAN_POINT('',(1.75,1.15,2.15));
#6449=VECTOR('',#7499,0.15);
#6450=CARTESIAN_POINT('',(0.25,1.15,2.3));
#6451=CARTESIAN_POINT('',(0.25,1.15,2.15));
#6452=VECTOR('',#7500,0.15);
#6453=CARTESIAN_POINT('',(0.25,-2.15,2.3));
#6454=VECTOR('',#7501,3.3);
#6455=CARTESIAN_POINT('',(-0.25,1.15,2.3));
#6456=CARTESIAN_POINT('',(0.25,1.15,2.3));
#6457=VECTOR('',#7502,0.5);
#6458=CARTESIAN_POINT('',(-0.25,1.15,2.3));
#6459=VECTOR('',#7503,3.3);
#6460=CARTESIAN_POINT('',(-0.25,1.15,2.15));
#6461=VECTOR('',#7504,0.15);
#6462=CARTESIAN_POINT('',(-1.75,1.15,2.3));
#6463=CARTESIAN_POINT('',(-1.75,1.15,2.15));
#6464=VECTOR('',#7505,0.15);
#6465=CARTESIAN_POINT('',(-1.75,-2.15,2.3));
#6466=VECTOR('',#7506,3.3);
#6467=CARTESIAN_POINT('',(-2.25,1.15,2.3));
#6468=CARTESIAN_POINT('',(-1.75,1.15,2.3));
#6469=VECTOR('',#7507,0.5);
#6470=CARTESIAN_POINT('',(-2.25,1.15,2.3));
#6471=VECTOR('',#7508,3.3);
#6472=CARTESIAN_POINT('',(-2.25,1.15,2.15));
#6473=VECTOR('',#7509,0.15);
#6474=CARTESIAN_POINT('',(-3.75,1.15,2.3));
#6475=CARTESIAN_POINT('',(-3.75,1.15,2.15));
#6476=VECTOR('',#7510,0.15);
#6477=CARTESIAN_POINT('',(-3.75,-2.15,2.3));
#6478=VECTOR('',#7511,3.3);
#6479=CARTESIAN_POINT('',(-4.25,1.15,2.3));
#6480=CARTESIAN_POINT('',(-3.75,1.15,2.3));
#6481=VECTOR('',#7512,0.5);
#6482=CARTESIAN_POINT('',(-4.25,1.15,2.3));
#6483=VECTOR('',#7513,3.3);
#6484=CARTESIAN_POINT('',(-4.25,1.15,2.15));
#6485=VECTOR('',#7514,0.15);
#6486=CARTESIAN_POINT('',(4.75,-0.15,5.95));
#6487=CARTESIAN_POINT('',(4.75,-0.15,5.95));
#6488=VECTOR('',#7515,3.8);
#6489=CARTESIAN_POINT('',(4.75,0.35,5.95));
#6490=CARTESIAN_POINT('',(4.75,0.35,5.95));
#6491=VECTOR('',#7516,0.5);
#6492=CARTESIAN_POINT('',(4.75,0.35,2.15));
#6493=VECTOR('',#7517,3.8);
#6494=CARTESIAN_POINT('',(4.75,-0.15,-0.5));
#6495=CARTESIAN_POINT('',(4.75,0.35,-0.5));
#6496=CARTESIAN_POINT('',(4.75,-0.15,-0.5));
#6497=VECTOR('',#7518,0.5);
#6498=CARTESIAN_POINT('',(4.75,-0.15,0.3));
#6499=VECTOR('',#7519,0.8);
#6500=CARTESIAN_POINT('',(4.75,0.35,-0.5));
#6501=VECTOR('',#7520,0.8);
#6502=CARTESIAN_POINT('',(-5.25,0.35,5.95));
#6503=CARTESIAN_POINT('',(-5.25,0.35,2.15));
#6504=VECTOR('',#7521,3.8);
#6505=CARTESIAN_POINT('',(-4.75,0.35,5.95));
#6506=CARTESIAN_POINT('',(-5.25,0.35,5.95));
#6507=VECTOR('',#7522,0.5);
#6508=CARTESIAN_POINT('',(-4.75,0.35,2.15));
#6509=VECTOR('',#7523,3.8);
#6510=CARTESIAN_POINT('',(5.25,0.35,5.95));
#6511=CARTESIAN_POINT('',(4.75,0.35,5.95));
#6512=VECTOR('',#7524,0.5);
#6513=CARTESIAN_POINT('',(5.25,0.35,2.15));
#6514=VECTOR('',#7525,3.8);
#6515=CARTESIAN_POINT('',(4.791852825103,0.35,-2.687342893842));
#6516=CARTESIAN_POINT('',(4.89800571999,0.35,-1.5));
#6517=CARTESIAN_POINT('',(4.791852825103,0.35,-2.687342893842));
#6518=VECTOR('',#7526,1.19207868224);
#6519=CARTESIAN_POINT('',(4.89800571999,0.35,-1.5));
#6520=VECTOR('',#7527,1.01089351227);
#6521=CARTESIAN_POINT('',(5.25,0.35,-0.5));
#6522=CARTESIAN_POINT('',(5.25,0.35,-0.5));
#6523=VECTOR('',#7528,0.8);
#6524=CARTESIAN_POINT('',(5.4,0.35,-1.5));
#6525=CARTESIAN_POINT('',(5.25,0.35,-0.5));
#6526=VECTOR('',#7529,1.011187420808);
#6527=CARTESIAN_POINT('',(5.289866467798,0.35,-2.731867175867));
#6528=CARTESIAN_POINT('',(5.4,0.35,-1.5));
#6529=VECTOR('',#7530,1.236780552036);
#6530=CARTESIAN_POINT('',(5.289866467798,0.35,-2.731867175867));
#6531=VECTOR('',#7531,0.5);
#6532=CARTESIAN_POINT('',(-5.289866467798,0.35,-2.731867175867));
#6533=CARTESIAN_POINT('',(-5.4,0.35,-1.5));
#6534=CARTESIAN_POINT('',(-5.289866467798,0.35,-2.731867175867));
#6535=VECTOR('',#7532,1.236780552036);
#6536=CARTESIAN_POINT('',(-5.25,0.35,-0.5));
#6537=CARTESIAN_POINT('',(-5.4,0.35,-1.5));
#6538=VECTOR('',#7533,1.011187420808);
#6539=CARTESIAN_POINT('',(-5.25,0.35,-0.5));
#6540=VECTOR('',#7534,0.8);
#6541=CARTESIAN_POINT('',(-4.75,0.35,-0.5));
#6542=CARTESIAN_POINT('',(-4.75,0.35,-0.5));
#6543=VECTOR('',#7535,0.8);
#6544=CARTESIAN_POINT('',(-4.89800571999,0.35,-1.5));
#6545=CARTESIAN_POINT('',(-4.75,0.35,-0.5));
#6546=VECTOR('',#7536,1.01089351227);
#6547=CARTESIAN_POINT('',(-4.791852825103,0.35,-2.687342893842));
#6548=CARTESIAN_POINT('',(-4.89800571999,0.35,-1.5));
#6549=VECTOR('',#7537,1.19207868224);
#6550=CARTESIAN_POINT('',(-4.791852825103,0.35,-2.687342893842));
#6551=VECTOR('',#7538,0.5);
#6552=CARTESIAN_POINT('',(-4.75,-0.15,5.95));
#6553=CARTESIAN_POINT('',(-4.75,0.35,5.95));
#6554=VECTOR('',#7539,0.5);
#6555=CARTESIAN_POINT('',(-4.75,-0.15,5.95));
#6556=VECTOR('',#7540,3.8);
#6557=CARTESIAN_POINT('',(-4.75,-0.15,-0.5));
#6558=CARTESIAN_POINT('',(-4.75,-0.15,-0.5));
#6559=VECTOR('',#7541,0.5);
#6560=CARTESIAN_POINT('',(-4.75,-0.15,0.3));
#6561=VECTOR('',#7542,0.8);
#6562=CARTESIAN_POINT('',(-5.25,-0.15,5.95));
#6563=CARTESIAN_POINT('',(-5.25,-0.15,5.95));
#6564=VECTOR('',#7543,0.5);
#6565=CARTESIAN_POINT('',(-5.25,-0.15,5.95));
#6566=VECTOR('',#7544,3.8);
#6567=CARTESIAN_POINT('',(5.25,-0.15,5.95));
#6568=CARTESIAN_POINT('',(5.25,-0.15,5.95));
#6569=VECTOR('',#7545,3.8);
#6570=CARTESIAN_POINT('',(4.75,-0.15,5.95));
#6571=VECTOR('',#7546,0.5);
#6572=CARTESIAN_POINT('',(5.4,-0.15,-1.5));
#6573=CARTESIAN_POINT('',(5.289866467798,-0.15,-2.731867175867));
#6574=CARTESIAN_POINT('',(5.4,-0.15,-1.5));
#6575=VECTOR('',#7547,1.236780552036);
#6576=CARTESIAN_POINT('',(5.25,-0.15,-0.5));
#6577=CARTESIAN_POINT('',(5.25,-0.15,-0.5));
#6578=VECTOR('',#7548,1.011187420808);
#6579=CARTESIAN_POINT('',(5.25,-0.15,0.3));
#6580=VECTOR('',#7549,0.8);
#6581=CARTESIAN_POINT('',(4.89800571999,-0.15,-1.5));
#6582=CARTESIAN_POINT('',(4.89800571999,-0.15,-1.5));
#6583=VECTOR('',#7550,1.01089351227);
#6584=CARTESIAN_POINT('',(4.791852825103,-0.15,-2.687342893842));
#6585=CARTESIAN_POINT('',(4.791852825103,-0.15,-2.687342893842));
#6586=VECTOR('',#7551,1.19207868224);
#6587=CARTESIAN_POINT('',(4.791852825103,-0.15,-2.687342893842));
#6588=VECTOR('',#7552,0.5);
#6589=CARTESIAN_POINT('',(-4.89800571999,-0.15,-1.5));
#6590=CARTESIAN_POINT('',(-4.791852825103,-0.15,-2.687342893842));
#6591=CARTESIAN_POINT('',(-4.89800571999,-0.15,-1.5));
#6592=VECTOR('',#7553,1.19207868224);
#6593=CARTESIAN_POINT('',(-4.75,-0.15,-0.5));
#6594=VECTOR('',#7554,1.01089351227);
#6595=CARTESIAN_POINT('',(-5.25,-0.15,-0.5));
#6596=CARTESIAN_POINT('',(-5.25,-0.15,0.3));
#6597=VECTOR('',#7555,0.8);
#6598=CARTESIAN_POINT('',(-5.4,-0.15,-1.5));
#6599=CARTESIAN_POINT('',(-5.4,-0.15,-1.5));
#6600=VECTOR('',#7556,1.011187420808);
#6601=CARTESIAN_POINT('',(-5.289866467798,-0.15,-2.731867175867));
#6602=CARTESIAN_POINT('',(-5.289866467798,-0.15,-2.731867175867));
#6603=VECTOR('',#7557,1.236780552036);
#6604=CARTESIAN_POINT('',(-5.289866467798,-0.15,-2.731867175867));
#6605=VECTOR('',#7558,0.5);
#6606=CARTESIAN_POINT('',(-5.25,0.35,5.95));
#6607=VECTOR('',#7559,0.5);
#6608=CARTESIAN_POINT('',(-5.25,-0.15,-0.5));
#6609=VECTOR('',#7560,0.5);
#6610=CARTESIAN_POINT('',(-5.4,0.35,-1.5));
#6611=VECTOR('',#7561,0.5);
#6612=CARTESIAN_POINT('',(-5.289866467798,0.35,-2.731867175867));
#6613=VECTOR('',#7562,0.5);
#6614=CARTESIAN_POINT('',(-5.123510232021,0.225,-3.188868929494));
#6615=CARTESIAN_POINT('',(-5.289866467798,0.35,-2.731867175867));
#6616=VECTOR('',#7563,0.5021453972706);
#6617=CARTESIAN_POINT('',(-5.123510232021,-0.02499999999998,-3.188868929494));
#6618=CARTESIAN_POINT('',(-5.123510232021,0.225,-3.188868929494));
#6619=VECTOR('',#7564,0.25);
#6620=CARTESIAN_POINT('',(-5.123510232021,-0.02499999999998,-3.188868929494));
#6621=VECTOR('',#7565,0.5021453972706);
#6622=CARTESIAN_POINT('',(-4.874503410674,-0.02499999999998,-3.166606788482));
#6623=CARTESIAN_POINT('',(-5.123510232021,-0.02499999999998,-3.188868929494));
#6624=VECTOR('',#7566,0.25);
#6625=CARTESIAN_POINT('',(-4.874503410674,-0.02499999999998,-3.166606788482));
#6626=VECTOR('',#7567,0.5021453972706);
#6627=CARTESIAN_POINT('',(-4.874503410674,0.225,-3.166606788482));
#6628=CARTESIAN_POINT('',(-4.874503410674,0.225,-3.166606788482));
#6629=VECTOR('',#7568,0.25);
#6630=CARTESIAN_POINT('',(-4.874503410674,0.225,-3.166606788482));
#6631=VECTOR('',#7569,0.5021453972706);
#6632=CARTESIAN_POINT('',(-4.791852825103,0.35,-2.687342893842));
#6633=VECTOR('',#7570,0.5);
#6634=CARTESIAN_POINT('',(-4.89800571999,0.35,-1.5));
#6635=VECTOR('',#7571,0.5);
#6636=CARTESIAN_POINT('',(-4.874503410674,0.225,-3.166606788482));
#6637=VECTOR('',#7572,0.25);
#6638=CARTESIAN_POINT('',(5.25,0.35,5.95));
#6639=VECTOR('',#7573,0.5);
#6640=CARTESIAN_POINT('',(5.25,-0.15,-0.5));
#6641=VECTOR('',#7574,0.5);
#6642=CARTESIAN_POINT('',(5.4,0.35,-1.5));
#6643=VECTOR('',#7575,0.5);
#6644=CARTESIAN_POINT('',(5.289866467798,0.35,-2.731867175867));
#6645=VECTOR('',#7576,0.5);
#6646=CARTESIAN_POINT('',(5.123510232021,-0.02499999999998,-3.188868929494));
#6647=CARTESIAN_POINT('',(5.123510232021,-0.02499999999998,-3.188868929494));
#6648=VECTOR('',#7577,0.5021453972706);
#6649=CARTESIAN_POINT('',(5.123510232021,0.225,-3.188868929494));
#6650=CARTESIAN_POINT('',(5.123510232021,0.225,-3.188868929494));
#6651=VECTOR('',#7578,0.25);
#6652=CARTESIAN_POINT('',(5.123510232021,0.225,-3.188868929494));
#6653=VECTOR('',#7579,0.5021453972706);
#6654=CARTESIAN_POINT('',(4.874503410674,0.225,-3.166606788482));
#6655=CARTESIAN_POINT('',(4.791852825103,0.35,-2.687342893842));
#6656=VECTOR('',#7580,0.5021453972706);
#6657=CARTESIAN_POINT('',(5.123510232021,0.225,-3.188868929494));
#6658=VECTOR('',#7581,0.25);
#6659=CARTESIAN_POINT('',(4.874503410674,-0.02499999999998,-3.166606788482));
#6660=CARTESIAN_POINT('',(4.874503410674,-0.02499999999998,-3.166606788482));
#6661=VECTOR('',#7582,0.25);
#6662=CARTESIAN_POINT('',(4.874503410674,0.225,-3.166606788482));
#6663=VECTOR('',#7583,0.25);
#6664=CARTESIAN_POINT('',(4.874503410674,-0.02499999999998,-3.166606788482));
#6665=VECTOR('',#7584,0.5021453972706);
#6666=CARTESIAN_POINT('',(4.791852825103,0.35,-2.687342893842));
#6667=VECTOR('',#7585,0.5);
#6668=CARTESIAN_POINT('',(4.89800571999,0.35,-1.5));
#6669=VECTOR('',#7586,0.5);
#6670=CARTESIAN_POINT('',(2.75,-0.15,5.95));
#6671=CARTESIAN_POINT('',(2.75,-0.15,5.95));
#6672=VECTOR('',#7587,3.8);
#6673=CARTESIAN_POINT('',(2.75,0.35,5.95));
#6674=CARTESIAN_POINT('',(2.75,0.35,5.95));
#6675=VECTOR('',#7588,0.5);
#6676=CARTESIAN_POINT('',(2.75,0.35,2.15));
#6677=VECTOR('',#7589,3.8);
#6678=CARTESIAN_POINT('',(2.75,-0.15,-2.73));
#6679=CARTESIAN_POINT('',(2.75,-0.15,0.3));
#6680=VECTOR('',#7590,3.03);
#6681=CARTESIAN_POINT('',(2.75,0.35,-2.73));
#6682=CARTESIAN_POINT('',(2.75,0.35,-2.73));
#6683=VECTOR('',#7591,3.03);
#6684=CARTESIAN_POINT('',(2.75,0.35,-2.73));
#6685=VECTOR('',#7592,0.5);
#6686=CARTESIAN_POINT('',(3.25,0.35,5.95));
#6687=CARTESIAN_POINT('',(2.75,0.35,5.95));
#6688=VECTOR('',#7593,0.5);
#6689=CARTESIAN_POINT('',(3.25,0.35,2.15));
#6690=VECTOR('',#7594,3.8);
#6691=CARTESIAN_POINT('',(3.25,0.35,-2.73));
#6692=CARTESIAN_POINT('',(3.25,0.35,-2.73));
#6693=VECTOR('',#7595,3.03);
#6694=CARTESIAN_POINT('',(3.25,0.35,-2.73));
#6695=VECTOR('',#7596,0.5);
#6696=CARTESIAN_POINT('',(3.25,-0.15,5.95));
#6697=CARTESIAN_POINT('',(3.25,0.35,5.95));
#6698=VECTOR('',#7597,0.5);
#6699=CARTESIAN_POINT('',(3.25,-0.15,5.95));
#6700=VECTOR('',#7598,3.8);
#6701=CARTESIAN_POINT('',(3.25,-0.15,-2.73));
#6702=CARTESIAN_POINT('',(3.25,-0.15,0.3));
#6703=VECTOR('',#7599,3.03);
#6704=CARTESIAN_POINT('',(3.25,-0.15,-2.73));
#6705=VECTOR('',#7600,0.5);
#6706=CARTESIAN_POINT('',(2.75,-0.15,5.95));
#6707=VECTOR('',#7601,0.5);
#6708=CARTESIAN_POINT('',(3.25,-0.15,-2.73));
#6709=VECTOR('',#7602,0.5);
#6710=CARTESIAN_POINT('',(2.875,-0.02499999999998,-3.2));
#6711=CARTESIAN_POINT('',(2.875,-0.02499999999998,-3.2));
#6712=VECTOR('',#7603,0.5021453972706);
#6713=CARTESIAN_POINT('',(3.125,-0.02499999999998,-3.2));
#6714=CARTESIAN_POINT('',(3.125,-0.02499999999998,-3.2));
#6715=VECTOR('',#7604,0.25);
#6716=CARTESIAN_POINT('',(3.125,-0.02499999999998,-3.2));
#6717=VECTOR('',#7605,0.5021453972706);
#6718=CARTESIAN_POINT('',(3.125,0.225,-3.2));
#6719=CARTESIAN_POINT('',(3.25,0.35,-2.73));
#6720=VECTOR('',#7606,0.5021453972706);
#6721=CARTESIAN_POINT('',(3.125,-0.02499999999998,-3.2));
#6722=VECTOR('',#7607,0.25);
#6723=CARTESIAN_POINT('',(2.875,0.225,-3.2));
#6724=CARTESIAN_POINT('',(2.875,0.225,-3.2));
#6725=VECTOR('',#7608,0.25);
#6726=CARTESIAN_POINT('',(3.125,0.225,-3.2));
#6727=VECTOR('',#7609,0.25);
#6728=CARTESIAN_POINT('',(2.875,0.225,-3.2));
#6729=VECTOR('',#7610,0.5021453972706);
#6730=CARTESIAN_POINT('',(0.75,-0.15,5.95));
#6731=CARTESIAN_POINT('',(0.75,-0.15,5.95));
#6732=VECTOR('',#7611,3.8);
#6733=CARTESIAN_POINT('',(0.75,0.35,5.95));
#6734=CARTESIAN_POINT('',(0.75,0.35,5.95));
#6735=VECTOR('',#7612,0.5);
#6736=CARTESIAN_POINT('',(0.75,0.35,2.15));
#6737=VECTOR('',#7613,3.8);
#6738=CARTESIAN_POINT('',(0.75,-0.15,-2.73));
#6739=CARTESIAN_POINT('',(0.75,-0.15,0.3));
#6740=VECTOR('',#7614,3.03);
#6741=CARTESIAN_POINT('',(0.75,0.35,-2.73));
#6742=CARTESIAN_POINT('',(0.75,0.35,-2.73));
#6743=VECTOR('',#7615,3.03);
#6744=CARTESIAN_POINT('',(0.75,0.35,-2.73));
#6745=VECTOR('',#7616,0.5);
#6746=CARTESIAN_POINT('',(1.25,0.35,5.95));
#6747=CARTESIAN_POINT('',(0.75,0.35,5.95));
#6748=VECTOR('',#7617,0.5);
#6749=CARTESIAN_POINT('',(1.25,0.35,2.15));
#6750=VECTOR('',#7618,3.8);
#6751=CARTESIAN_POINT('',(1.25,0.35,-2.73));
#6752=CARTESIAN_POINT('',(1.25,0.35,-2.73));
#6753=VECTOR('',#7619,3.03);
#6754=CARTESIAN_POINT('',(1.25,0.35,-2.73));
#6755=VECTOR('',#7620,0.5);
#6756=CARTESIAN_POINT('',(1.25,-0.15,5.95));
#6757=CARTESIAN_POINT('',(1.25,0.35,5.95));
#6758=VECTOR('',#7621,0.5);
#6759=CARTESIAN_POINT('',(1.25,-0.15,5.95));
#6760=VECTOR('',#7622,3.8);
#6761=CARTESIAN_POINT('',(1.25,-0.15,-2.73));
#6762=CARTESIAN_POINT('',(1.25,-0.15,0.3));
#6763=VECTOR('',#7623,3.03);
#6764=CARTESIAN_POINT('',(1.25,-0.15,-2.73));
#6765=VECTOR('',#7624,0.5);
#6766=CARTESIAN_POINT('',(0.75,-0.15,5.95));
#6767=VECTOR('',#7625,0.5);
#6768=CARTESIAN_POINT('',(1.25,-0.15,-2.73));
#6769=VECTOR('',#7626,0.5);
#6770=CARTESIAN_POINT('',(0.875,-0.02499999999998,-3.2));
#6771=CARTESIAN_POINT('',(0.875,-0.02499999999998,-3.2));
#6772=VECTOR('',#7627,0.5021453972706);
#6773=CARTESIAN_POINT('',(1.125,-0.02499999999998,-3.2));
#6774=CARTESIAN_POINT('',(1.125,-0.02499999999998,-3.2));
#6775=VECTOR('',#7628,0.25);
#6776=CARTESIAN_POINT('',(1.125,-0.02499999999998,-3.2));
#6777=VECTOR('',#7629,0.5021453972706);
#6778=CARTESIAN_POINT('',(1.125,0.225,-3.2));
#6779=CARTESIAN_POINT('',(1.25,0.35,-2.73));
#6780=VECTOR('',#7630,0.5021453972706);
#6781=CARTESIAN_POINT('',(1.125,-0.02499999999998,-3.2));
#6782=VECTOR('',#7631,0.25);
#6783=CARTESIAN_POINT('',(0.875,0.225,-3.2));
#6784=CARTESIAN_POINT('',(0.875,0.225,-3.2));
#6785=VECTOR('',#7632,0.25);
#6786=CARTESIAN_POINT('',(1.125,0.225,-3.2));
#6787=VECTOR('',#7633,0.25);
#6788=CARTESIAN_POINT('',(0.875,0.225,-3.2));
#6789=VECTOR('',#7634,0.5021453972706);
#6790=CARTESIAN_POINT('',(-1.25,-0.15,5.95));
#6791=CARTESIAN_POINT('',(-1.25,-0.15,5.95));
#6792=VECTOR('',#7635,3.8);
#6793=CARTESIAN_POINT('',(-1.25,0.35,5.95));
#6794=CARTESIAN_POINT('',(-1.25,0.35,5.95));
#6795=VECTOR('',#7636,0.5);
#6796=CARTESIAN_POINT('',(-1.25,0.35,2.15));
#6797=VECTOR('',#7637,3.8);
#6798=CARTESIAN_POINT('',(-1.25,-0.15,-2.73));
#6799=CARTESIAN_POINT('',(-1.25,-0.15,0.3));
#6800=VECTOR('',#7638,3.03);
#6801=CARTESIAN_POINT('',(-1.25,0.35,-2.73));
#6802=CARTESIAN_POINT('',(-1.25,0.35,-2.73));
#6803=VECTOR('',#7639,3.03);
#6804=CARTESIAN_POINT('',(-1.25,0.35,-2.73));
#6805=VECTOR('',#7640,0.5);
#6806=CARTESIAN_POINT('',(-0.75,0.35,5.95));
#6807=CARTESIAN_POINT('',(-1.25,0.35,5.95));
#6808=VECTOR('',#7641,0.5);
#6809=CARTESIAN_POINT('',(-0.75,0.35,2.15));
#6810=VECTOR('',#7642,3.8);
#6811=CARTESIAN_POINT('',(-0.75,0.35,-2.73));
#6812=CARTESIAN_POINT('',(-0.75,0.35,-2.73));
#6813=VECTOR('',#7643,3.03);
#6814=CARTESIAN_POINT('',(-0.75,0.35,-2.73));
#6815=VECTOR('',#7644,0.5);
#6816=CARTESIAN_POINT('',(-0.75,-0.15,5.95));
#6817=CARTESIAN_POINT('',(-0.75,0.35,5.95));
#6818=VECTOR('',#7645,0.5);
#6819=CARTESIAN_POINT('',(-0.75,-0.15,5.95));
#6820=VECTOR('',#7646,3.8);
#6821=CARTESIAN_POINT('',(-0.75,-0.15,-2.73));
#6822=CARTESIAN_POINT('',(-0.75,-0.15,0.3));
#6823=VECTOR('',#7647,3.03);
#6824=CARTESIAN_POINT('',(-0.75,-0.15,-2.73));
#6825=VECTOR('',#7648,0.5);
#6826=CARTESIAN_POINT('',(-1.25,-0.15,5.95));
#6827=VECTOR('',#7649,0.5);
#6828=CARTESIAN_POINT('',(-0.75,-0.15,-2.73));
#6829=VECTOR('',#7650,0.5);
#6830=CARTESIAN_POINT('',(-1.125,-0.02499999999998,-3.2));
#6831=CARTESIAN_POINT('',(-1.125,-0.02499999999998,-3.2));
#6832=VECTOR('',#7651,0.5021453972706);
#6833=CARTESIAN_POINT('',(-0.875,-0.02499999999998,-3.2));
#6834=CARTESIAN_POINT('',(-0.875,-0.02499999999998,-3.2));
#6835=VECTOR('',#7652,0.25);
#6836=CARTESIAN_POINT('',(-0.875,-0.02499999999998,-3.2));
#6837=VECTOR('',#7653,0.5021453972706);
#6838=CARTESIAN_POINT('',(-0.875,0.225,-3.2));
#6839=CARTESIAN_POINT('',(-0.75,0.35,-2.73));
#6840=VECTOR('',#7654,0.5021453972706);
#6841=CARTESIAN_POINT('',(-0.875,-0.02499999999998,-3.2));
#6842=VECTOR('',#7655,0.25);
#6843=CARTESIAN_POINT('',(-1.125,0.225,-3.2));
#6844=CARTESIAN_POINT('',(-1.125,0.225,-3.2));
#6845=VECTOR('',#7656,0.25);
#6846=CARTESIAN_POINT('',(-0.875,0.225,-3.2));
#6847=VECTOR('',#7657,0.25);
#6848=CARTESIAN_POINT('',(-1.125,0.225,-3.2));
#6849=VECTOR('',#7658,0.5021453972706);
#6850=CARTESIAN_POINT('',(-3.25,-0.15,5.95));
#6851=CARTESIAN_POINT('',(-3.25,-0.15,5.95));
#6852=VECTOR('',#7659,3.8);
#6853=CARTESIAN_POINT('',(-3.25,0.35,5.95));
#6854=CARTESIAN_POINT('',(-3.25,0.35,5.95));
#6855=VECTOR('',#7660,0.5);
#6856=CARTESIAN_POINT('',(-3.25,0.35,2.15));
#6857=VECTOR('',#7661,3.8);
#6858=CARTESIAN_POINT('',(-3.25,-0.15,-2.73));
#6859=CARTESIAN_POINT('',(-3.25,-0.15,0.3));
#6860=VECTOR('',#7662,3.03);
#6861=CARTESIAN_POINT('',(-3.25,0.35,-2.73));
#6862=CARTESIAN_POINT('',(-3.25,0.35,-2.73));
#6863=VECTOR('',#7663,3.03);
#6864=CARTESIAN_POINT('',(-3.25,0.35,-2.73));
#6865=VECTOR('',#7664,0.5);
#6866=CARTESIAN_POINT('',(-2.75,0.35,5.95));
#6867=CARTESIAN_POINT('',(-3.25,0.35,5.95));
#6868=VECTOR('',#7665,0.5);
#6869=CARTESIAN_POINT('',(-2.75,0.35,2.15));
#6870=VECTOR('',#7666,3.8);
#6871=CARTESIAN_POINT('',(-2.75,0.35,-2.73));
#6872=CARTESIAN_POINT('',(-2.75,0.35,-2.73));
#6873=VECTOR('',#7667,3.03);
#6874=CARTESIAN_POINT('',(-2.75,0.35,-2.73));
#6875=VECTOR('',#7668,0.5);
#6876=CARTESIAN_POINT('',(-2.75,-0.15,5.95));
#6877=CARTESIAN_POINT('',(-2.75,0.35,5.95));
#6878=VECTOR('',#7669,0.5);
#6879=CARTESIAN_POINT('',(-2.75,-0.15,5.95));
#6880=VECTOR('',#7670,3.8);
#6881=CARTESIAN_POINT('',(-2.75,-0.15,-2.73));
#6882=CARTESIAN_POINT('',(-2.75,-0.15,0.3));
#6883=VECTOR('',#7671,3.03);
#6884=CARTESIAN_POINT('',(-2.75,-0.15,-2.73));
#6885=VECTOR('',#7672,0.5);
#6886=CARTESIAN_POINT('',(-3.25,-0.15,5.95));
#6887=VECTOR('',#7673,0.5);
#6888=CARTESIAN_POINT('',(-2.75,-0.15,-2.73));
#6889=VECTOR('',#7674,0.5);
#6890=CARTESIAN_POINT('',(-3.125,-0.02499999999998,-3.2));
#6891=CARTESIAN_POINT('',(-3.125,-0.02499999999998,-3.2));
#6892=VECTOR('',#7675,0.5021453972706);
#6893=CARTESIAN_POINT('',(-2.875,-0.02499999999998,-3.2));
#6894=CARTESIAN_POINT('',(-2.875,-0.02499999999998,-3.2));
#6895=VECTOR('',#7676,0.25);
#6896=CARTESIAN_POINT('',(-2.875,-0.02499999999998,-3.2));
#6897=VECTOR('',#7677,0.5021453972706);
#6898=CARTESIAN_POINT('',(-2.875,0.225,-3.2));
#6899=CARTESIAN_POINT('',(-2.75,0.35,-2.73));
#6900=VECTOR('',#7678,0.5021453972706);
#6901=CARTESIAN_POINT('',(-2.875,-0.02499999999998,-3.2));
#6902=VECTOR('',#7679,0.25);
#6903=CARTESIAN_POINT('',(-3.125,0.225,-3.2));
#6904=CARTESIAN_POINT('',(-3.125,0.225,-3.2));
#6905=VECTOR('',#7680,0.25);
#6906=CARTESIAN_POINT('',(-2.875,0.225,-3.2));
#6907=VECTOR('',#7681,0.25);
#6908=CARTESIAN_POINT('',(-3.125,0.225,-3.2));
#6909=VECTOR('',#7682,0.5021453972706);
#6910=CARTESIAN_POINT('',(6.25,-0.8,0.0));
#6911=CARTESIAN_POINT('',(6.25,-0.8,0.3));
#6912=VECTOR('',#7683,0.3);
#6913=CARTESIAN_POINT('',(6.25,0.6,0.0));
#6914=CARTESIAN_POINT('',(6.25,0.6,0.0));
#6915=VECTOR('',#7684,1.4);
#6916=CARTESIAN_POINT('',(6.25,0.6,0.3));
#6917=VECTOR('',#7685,0.3);
#6918=CARTESIAN_POINT('',(5.75,0.6,0.0));
#6919=CARTESIAN_POINT('',(5.75,0.6,0.0));
#6920=VECTOR('',#7686,0.5);
#6921=CARTESIAN_POINT('',(5.75,0.6,0.3));
#6922=VECTOR('',#7687,0.3);
#6923=CARTESIAN_POINT('',(5.75,-0.8,0.0));
#6924=CARTESIAN_POINT('',(5.75,-0.8,0.0));
#6925=VECTOR('',#7688,1.4);
#6926=CARTESIAN_POINT('',(5.75,-0.8,0.3));
#6927=VECTOR('',#7689,0.3);
#6928=CARTESIAN_POINT('',(6.25,-0.8,0.0));
#6929=VECTOR('',#7690,0.5);
#6930=CARTESIAN_POINT('',(4.25,-0.8,0.0));
#6931=CARTESIAN_POINT('',(4.25,-0.8,0.3));
#6932=VECTOR('',#7691,0.3);
#6933=CARTESIAN_POINT('',(4.25,0.6,0.0));
#6934=CARTESIAN_POINT('',(4.25,0.6,0.0));
#6935=VECTOR('',#7692,1.4);
#6936=CARTESIAN_POINT('',(4.25,0.6,0.3));
#6937=VECTOR('',#7693,0.3);
#6938=CARTESIAN_POINT('',(3.75,0.6,0.0));
#6939=CARTESIAN_POINT('',(3.75,0.6,0.0));
#6940=VECTOR('',#7694,0.5);
#6941=CARTESIAN_POINT('',(3.75,0.6,0.3));
#6942=VECTOR('',#7695,0.3);
#6943=CARTESIAN_POINT('',(3.75,-0.8,0.0));
#6944=CARTESIAN_POINT('',(3.75,-0.8,0.0));
#6945=VECTOR('',#7696,1.4);
#6946=CARTESIAN_POINT('',(3.75,-0.8,0.3));
#6947=VECTOR('',#7697,0.3);
#6948=CARTESIAN_POINT('',(4.25,-0.8,0.0));
#6949=VECTOR('',#7698,0.5);
#6950=CARTESIAN_POINT('',(2.25,-0.8,0.0));
#6951=CARTESIAN_POINT('',(2.25,-0.8,0.3));
#6952=VECTOR('',#7699,0.3);
#6953=CARTESIAN_POINT('',(2.25,0.6,0.0));
#6954=CARTESIAN_POINT('',(2.25,0.6,0.0));
#6955=VECTOR('',#7700,1.4);
#6956=CARTESIAN_POINT('',(2.25,0.6,0.3));
#6957=VECTOR('',#7701,0.3);
#6958=CARTESIAN_POINT('',(1.75,0.6,0.0));
#6959=CARTESIAN_POINT('',(1.75,0.6,0.0));
#6960=VECTOR('',#7702,0.5);
#6961=CARTESIAN_POINT('',(1.75,0.6,0.3));
#6962=VECTOR('',#7703,0.3);
#6963=CARTESIAN_POINT('',(1.75,-0.8,0.0));
#6964=CARTESIAN_POINT('',(1.75,-0.8,0.0));
#6965=VECTOR('',#7704,1.4);
#6966=CARTESIAN_POINT('',(1.75,-0.8,0.3));
#6967=VECTOR('',#7705,0.3);
#6968=CARTESIAN_POINT('',(2.25,-0.8,0.0));
#6969=VECTOR('',#7706,0.5);
#6970=CARTESIAN_POINT('',(0.25,-0.8,0.0));
#6971=CARTESIAN_POINT('',(0.25,-0.8,0.3));
#6972=VECTOR('',#7707,0.3);
#6973=CARTESIAN_POINT('',(0.25,0.6,0.0));
#6974=CARTESIAN_POINT('',(0.25,0.6,0.0));
#6975=VECTOR('',#7708,1.4);
#6976=CARTESIAN_POINT('',(0.25,0.6,0.3));
#6977=VECTOR('',#7709,0.3);
#6978=CARTESIAN_POINT('',(-0.25,0.6,0.0));
#6979=CARTESIAN_POINT('',(-0.25,0.6,0.0));
#6980=VECTOR('',#7710,0.5);
#6981=CARTESIAN_POINT('',(-0.25,0.6,0.3));
#6982=VECTOR('',#7711,0.3);
#6983=CARTESIAN_POINT('',(-0.25,-0.8,0.0));
#6984=CARTESIAN_POINT('',(-0.25,-0.8,0.0));
#6985=VECTOR('',#7712,1.4);
#6986=CARTESIAN_POINT('',(-0.25,-0.8,0.3));
#6987=VECTOR('',#7713,0.3);
#6988=CARTESIAN_POINT('',(0.25,-0.8,0.0));
#6989=VECTOR('',#7714,0.5);
#6990=CARTESIAN_POINT('',(-1.75,-0.8,0.0));
#6991=CARTESIAN_POINT('',(-1.75,-0.8,0.3));
#6992=VECTOR('',#7715,0.3);
#6993=CARTESIAN_POINT('',(-1.75,0.6,0.0));
#6994=CARTESIAN_POINT('',(-1.75,0.6,0.0));
#6995=VECTOR('',#7716,1.4);
#6996=CARTESIAN_POINT('',(-1.75,0.6,0.3));
#6997=VECTOR('',#7717,0.3);
#6998=CARTESIAN_POINT('',(-2.25,0.6,0.0));
#6999=CARTESIAN_POINT('',(-2.25,0.6,0.0));
#7000=VECTOR('',#7718,0.5);
#7001=CARTESIAN_POINT('',(-2.25,0.6,0.3));
#7002=VECTOR('',#7719,0.3);
#7003=CARTESIAN_POINT('',(-2.25,-0.8,0.0));
#7004=CARTESIAN_POINT('',(-2.25,-0.8,0.0));
#7005=VECTOR('',#7720,1.4);
#7006=CARTESIAN_POINT('',(-2.25,-0.8,0.3));
#7007=VECTOR('',#7721,0.3);
#7008=CARTESIAN_POINT('',(-1.75,-0.8,0.0));
#7009=VECTOR('',#7722,0.5);
#7010=CARTESIAN_POINT('',(-3.75,-0.8,0.0));
#7011=CARTESIAN_POINT('',(-3.75,-0.8,0.3));
#7012=VECTOR('',#7723,0.3);
#7013=CARTESIAN_POINT('',(-3.75,0.6,0.0));
#7014=CARTESIAN_POINT('',(-3.75,0.6,0.0));
#7015=VECTOR('',#7724,1.4);
#7016=CARTESIAN_POINT('',(-3.75,0.6,0.3));
#7017=VECTOR('',#7725,0.3);
#7018=CARTESIAN_POINT('',(-4.25,0.6,0.0));
#7019=CARTESIAN_POINT('',(-4.25,0.6,0.0));
#7020=VECTOR('',#7726,0.5);
#7021=CARTESIAN_POINT('',(-4.25,0.6,0.3));
#7022=VECTOR('',#7727,0.3);
#7023=CARTESIAN_POINT('',(-4.25,-0.8,0.0));
#7024=CARTESIAN_POINT('',(-4.25,-0.8,0.0));
#7025=VECTOR('',#7728,1.4);
#7026=CARTESIAN_POINT('',(-4.25,-0.8,0.3));
#7027=VECTOR('',#7729,0.3);
#7028=CARTESIAN_POINT('',(-3.75,-0.8,0.0));
#7029=VECTOR('',#7730,0.5);
#7030=CARTESIAN_POINT('',(-5.75,-0.8,0.0));
#7031=CARTESIAN_POINT('',(-5.75,-0.8,0.3));
#7032=VECTOR('',#7731,0.3);
#7033=CARTESIAN_POINT('',(-5.75,0.6,0.0));
#7034=CARTESIAN_POINT('',(-5.75,0.6,0.0));
#7035=VECTOR('',#7732,1.4);
#7036=CARTESIAN_POINT('',(-5.75,0.6,0.3));
#7037=VECTOR('',#7733,0.3);
#7038=CARTESIAN_POINT('',(-6.25,0.6,0.0));
#7039=CARTESIAN_POINT('',(-6.25,0.6,0.0));
#7040=VECTOR('',#7734,0.5);
#7041=CARTESIAN_POINT('',(-6.25,0.6,0.3));
#7042=VECTOR('',#7735,0.3);
#7043=CARTESIAN_POINT('',(-6.25,-0.8,0.0));
#7044=CARTESIAN_POINT('',(-6.25,-0.8,0.0));
#7045=VECTOR('',#7736,1.4);
#7046=CARTESIAN_POINT('',(-6.25,-0.8,0.3));
#7047=VECTOR('',#7737,0.3);
#7048=CARTESIAN_POINT('',(-5.75,-0.8,0.0));
#7049=VECTOR('',#7738,0.5);
#7050=DIRECTION('',(-0.0,-0.447213595499911,0.89442719099994));
#7051=CARTESIAN_POINT('',(7.0,2.0,-1.3));
#7052=DIRECTION('',(0.0,0.0,-1.0));
#7053=DIRECTION('',(1.0,0.0,0.0));
#7054=DIRECTION('',(0.447213595499998,2.32047333161199E-09,0.894427190999896));
#7055=CARTESIAN_POINT('',(7.0,2.0,-0.9));
#7056=DIRECTION('',(0.0,0.0,-1.0));
#7057=DIRECTION('',(1.0,0.0,0.0));
#7058=DIRECTION('',(0.0,-0.447213595499911,-0.89442719099994));
#7059=CARTESIAN_POINT('',(7.0,2.0,-0.9));
#7060=DIRECTION('',(0.0,0.0,-1.0));
#7061=DIRECTION('',(-1.0,0.0,0.0));
#7062=CARTESIAN_POINT('',(7.0,2.0,-1.3));
#7063=DIRECTION('',(0.0,0.0,-1.0));
#7064=DIRECTION('',(-1.0,0.0,0.0));
#7065=DIRECTION('',(0.0,-1.0,0.0));
#7066=DIRECTION('',(0.0,0.0,1.0));
#7067=DIRECTION('',(0.0,1.0,0.0));
#7068=DIRECTION('',(0.0,0.0,-1.0));
#7069=DIRECTION('',(0.0,-1.0,0.0));
#7070=DIRECTION('',(0.0,0.0,1.0));
#7071=DIRECTION('',(0.0,-1.0,0.0));
#7072=DIRECTION('',(0.0,0.0,-1.0));
#7073=DIRECTION('',(0.0,-1.0,0.0));
#7074=DIRECTION('',(0.0,0.0,1.0));
#7075=DIRECTION('',(0.0,1.0,0.0));
#7076=DIRECTION('',(0.0,0.0,1.0));
#7077=DIRECTION('',(0.0,0.0,1.0));
#7078=DIRECTION('',(1.0,0.0,0.0));
#7079=DIRECTION('',(0.0,0.0,1.0));
#7080=DIRECTION('',(-1.0,0.0,0.0));
#7081=DIRECTION('',(1.0,0.0,0.0));
#7082=DIRECTION('',(0.0,0.0,1.0));
#7083=DIRECTION('',(-1.0,0.0,0.0));
#7084=DIRECTION('',(0.0,-1.0,0.0));
#7085=DIRECTION('',(0.0,-1.0,0.0));
#7086=DIRECTION('',(-1.0,0.0,0.0));
#7087=DIRECTION('',(0.0,-1.0,0.0));
#7088=DIRECTION('',(1.0,0.0,0.0));
#7089=DIRECTION('',(0.0,-1.0,0.0));
#7090=DIRECTION('',(-1.0,0.0,0.0));
#7091=DIRECTION('',(0.0,-1.0,0.0));
#7092=DIRECTION('',(-1.0,0.0,0.0));
#7093=DIRECTION('',(0.0,-1.0,0.0));
#7094=DIRECTION('',(1.0,0.0,0.0));
#7095=DIRECTION('',(0.0,-1.0,0.0));
#7096=DIRECTION('',(1.0,0.0,0.0));
#7097=DIRECTION('',(1.0,0.0,0.0));
#7098=DIRECTION('',(0.0,1.0,0.0));
#7099=DIRECTION('',(-1.0,0.0,0.0));
#7100=DIRECTION('',(0.0,-1.0,0.0));
#7101=DIRECTION('',(1.0,0.0,0.0));
#7102=DIRECTION('',(0.0,1.0,0.0));
#7103=DIRECTION('',(-1.0,0.0,0.0));
#7104=DIRECTION('',(0.0,-1.0,0.0));
#7105=DIRECTION('',(1.0,0.0,0.0));
#7106=DIRECTION('',(0.0,1.0,0.0));
#7107=DIRECTION('',(-1.0,0.0,0.0));
#7108=DIRECTION('',(0.0,-1.0,0.0));
#7109=DIRECTION('',(1.0,0.0,0.0));
#7110=DIRECTION('',(0.0,1.0,0.0));
#7111=DIRECTION('',(-1.0,0.0,0.0));
#7112=DIRECTION('',(0.0,-1.0,0.0));
#7113=DIRECTION('',(1.0,0.0,0.0));
#7114=DIRECTION('',(0.0,1.0,0.0));
#7115=DIRECTION('',(-1.0,0.0,0.0));
#7116=DIRECTION('',(0.0,-1.0,0.0));
#7117=DIRECTION('',(1.0,0.0,0.0));
#7118=DIRECTION('',(0.0,1.0,0.0));
#7119=DIRECTION('',(-1.0,0.0,0.0));
#7120=DIRECTION('',(0.0,-1.0,0.0));
#7121=DIRECTION('',(1.0,0.0,0.0));
#7122=DIRECTION('',(0.0,1.0,0.0));
#7123=DIRECTION('',(-1.0,0.0,0.0));
#7124=DIRECTION('',(0.0,-1.0,0.0));
#7125=DIRECTION('',(1.0,0.0,0.0));
#7126=DIRECTION('',(0.0,1.0,0.0));
#7127=DIRECTION('',(1.0,0.0,0.0));
#7128=DIRECTION('',(0.0,1.0,0.0));
#7129=DIRECTION('',(1.0,0.0,0.0));
#7130=DIRECTION('',(0.0,1.0,0.0));
#7131=DIRECTION('',(1.0,0.0,0.0));
#7132=DIRECTION('',(0.0,1.0,0.0));
#7133=DIRECTION('',(1.0,0.0,0.0));
#7134=DIRECTION('',(0.0,1.0,0.0));
#7135=DIRECTION('',(1.0,0.0,0.0));
#7136=DIRECTION('',(0.0,1.0,0.0));
#7137=DIRECTION('',(1.0,0.0,0.0));
#7138=DIRECTION('',(0.0,1.0,0.0));
#7139=DIRECTION('',(1.0,0.0,0.0));
#7140=DIRECTION('',(0.0,1.0,0.0));
#7141=DIRECTION('',(1.0,0.0,0.0));
#7142=DIRECTION('',(0.0,1.0,0.0));
#7143=DIRECTION('',(1.0,0.0,0.0));
#7144=DIRECTION('',(0.0,1.0,0.0));
#7145=DIRECTION('',(1.0,0.0,0.0));
#7146=DIRECTION('',(0.0,1.0,0.0));
#7147=DIRECTION('',(1.0,0.0,0.0));
#7148=DIRECTION('',(0.0,1.0,0.0));
#7149=DIRECTION('',(0.0,0.0,1.0));
#7150=DIRECTION('',(-1.0,0.0,0.0));
#7151=DIRECTION('',(0.0,0.0,1.0));
#7152=DIRECTION('',(0.0,-1.0,0.0));
#7153=DIRECTION('',(0.0,0.0,1.0));
#7154=DIRECTION('',(0.0,0.0,-1.0));
#7155=DIRECTION('',(0.0,1.0,0.0));
#7156=DIRECTION('',(0.0,0.0,-1.0));
#7157=DIRECTION('',(0.0,1.0,0.0));
#7158=DIRECTION('',(0.0,-1.0,0.0));
#7159=DIRECTION('',(0.0,0.0,1.0));
#7160=DIRECTION('',(0.0,0.0,-1.0));
#7161=DIRECTION('',(1.0,0.0,0.0));
#7162=DIRECTION('',(1.0,0.0,0.0));
#7163=DIRECTION('',(0.0,0.0,-1.0));
#7164=DIRECTION('',(1.0,0.0,0.0));
#7165=DIRECTION('',(1.0,0.0,0.0));
#7166=DIRECTION('',(0.0,0.0,-1.0));
#7167=DIRECTION('',(1.0,0.0,0.0));
#7168=DIRECTION('',(0.0,0.0,-1.0));
#7169=DIRECTION('',(1.0,0.0,0.0));
#7170=DIRECTION('',(0.0,1.0,0.0));
#7171=DIRECTION('',(1.0,0.0,0.0));
#7172=DIRECTION('',(0.0,-1.0,0.0));
#7173=DIRECTION('',(0.0,1.0,0.0));
#7174=DIRECTION('',(0.0,0.0,-1.0));
#7175=DIRECTION('',(0.0,-0.707106781186498,0.707106781186597));
#7176=DIRECTION('',(-0.577350269189626,-0.577350269189626,0.577350269189626));
#7177=DIRECTION('',(-1.0,0.0,0.0));
#7178=DIRECTION('',(-1.0,0.0,0.0));
#7179=DIRECTION('',(0.0,0.0,-1.0));
#7180=DIRECTION('',(1.0,0.0,0.0));
#7181=DIRECTION('',(0.0,0.0,1.0));
#7182=DIRECTION('',(1.0,0.0,0.0));
#7183=DIRECTION('',(0.0,0.0,1.0));
#7184=DIRECTION('',(1.0,0.0,0.0));
#7185=DIRECTION('',(0.0,0.0,1.0));
#7186=DIRECTION('',(1.0,0.0,0.0));
#7187=DIRECTION('',(0.0,0.0,1.0));
#7188=DIRECTION('',(1.0,0.0,0.0));
#7189=DIRECTION('',(0.0,0.0,1.0));
#7190=DIRECTION('',(1.0,0.0,0.0));
#7191=DIRECTION('',(0.0,0.0,1.0));
#7192=DIRECTION('',(1.0,0.0,0.0));
#7193=DIRECTION('',(0.0,0.0,1.0));
#7194=DIRECTION('',(1.0,0.0,0.0));
#7195=DIRECTION('',(0.0,0.0,1.0));
#7196=DIRECTION('',(1.0,0.0,0.0));
#7197=DIRECTION('',(0.0,0.0,1.0));
#7198=DIRECTION('',(1.0,0.0,0.0));
#7199=DIRECTION('',(0.0,0.0,1.0));
#7200=DIRECTION('',(1.0,0.0,0.0));
#7201=DIRECTION('',(0.0,0.0,1.0));
#7202=DIRECTION('',(1.0,0.0,0.0));
#7203=DIRECTION('',(0.0,0.0,1.0));
#7204=DIRECTION('',(1.0,0.0,0.0));
#7205=DIRECTION('',(0.0,0.0,1.0));
#7206=DIRECTION('',(1.0,0.0,0.0));
#7207=DIRECTION('',(0.0,0.0,1.0));
#7208=DIRECTION('',(1.0,0.0,0.0));
#7209=DIRECTION('',(0.0,0.0,-1.0));
#7210=DIRECTION('',(0.0,0.0,-1.0));
#7211=DIRECTION('',(-1.0,0.0,0.0));
#7212=DIRECTION('',(0.577350269189626,-0.577350269189626,0.577350269189626));
#7213=DIRECTION('',(0.0,0.707106781186548,-0.707106781186548));
#7214=DIRECTION('',(-1.0,0.0,0.0));
#7215=DIRECTION('',(0.0,1.0,0.0));
#7216=DIRECTION('',(0.0,-1.0,0.0));
#7217=DIRECTION('',(1.0,0.0,0.0));
#7218=DIRECTION('',(0.0,-1.0,0.0));
#7219=DIRECTION('',(1.0,0.0,0.0));
#7220=DIRECTION('',(0.0,1.0,0.0));
#7221=DIRECTION('',(0.577350269189626,0.577350269189626,0.577350269189626));
#7222=DIRECTION('',(0.0,-1.0,0.0));
#7223=DIRECTION('',(0.0,0.0,1.0));
#7224=DIRECTION('',(0.0,-1.0,0.0));
#7225=DIRECTION('',(0.0,0.0,-1.0));
#7226=DIRECTION('',(0.0,1.0,0.0));
#7227=DIRECTION('',(-1.0,0.0,0.0));
#7228=DIRECTION('',(0.0,1.0,0.0));
#7229=DIRECTION('',(0.0,1.0,0.0));
#7230=DIRECTION('',(-1.0,0.0,0.0));
#7231=DIRECTION('',(0.0,1.0,0.0));
#7232=DIRECTION('',(0.0,1.0,0.0));
#7233=DIRECTION('',(-1.0,0.0,0.0));
#7234=DIRECTION('',(0.0,1.0,0.0));
#7235=DIRECTION('',(0.0,1.0,0.0));
#7236=DIRECTION('',(-1.0,0.0,0.0));
#7237=DIRECTION('',(0.0,1.0,0.0));
#7238=DIRECTION('',(0.0,1.0,0.0));
#7239=DIRECTION('',(-1.0,0.0,0.0));
#7240=DIRECTION('',(0.0,1.0,0.0));
#7241=DIRECTION('',(0.0,1.0,0.0));
#7242=DIRECTION('',(-1.0,0.0,0.0));
#7243=DIRECTION('',(0.0,1.0,0.0));
#7244=DIRECTION('',(0.0,1.0,0.0));
#7245=DIRECTION('',(-1.0,0.0,0.0));
#7246=DIRECTION('',(0.0,1.0,0.0));
#7247=DIRECTION('',(-1.0,0.0,0.0));
#7248=DIRECTION('',(0.0,-1.0,0.0));
#7249=DIRECTION('',(-1.0,0.0,0.0));
#7250=DIRECTION('',(0.0,-1.0,0.0));
#7251=DIRECTION('',(-1.0,0.0,0.0));
#7252=DIRECTION('',(0.0,1.0,0.0));
#7253=DIRECTION('',(-1.0,0.0,0.0));
#7254=DIRECTION('',(0.0,-1.0,0.0));
#7255=DIRECTION('',(1.0,0.0,0.0));
#7256=DIRECTION('',(0.0,-1.0,0.0));
#7257=DIRECTION('',(-1.0,0.0,0.0));
#7258=DIRECTION('',(0.0,-1.0,0.0));
#7259=DIRECTION('',(-1.0,0.0,0.0));
#7260=DIRECTION('',(0.0,1.0,0.0));
#7261=DIRECTION('',(-1.0,0.0,0.0));
#7262=DIRECTION('',(0.0,1.0,0.0));
#7263=DIRECTION('',(-1.0,0.0,0.0));
#7264=DIRECTION('',(0.0,-1.0,0.0));
#7265=DIRECTION('',(0.0,1.0,0.0));
#7266=DIRECTION('',(1.0,0.0,0.0));
#7267=DIRECTION('',(0.0,1.0,0.0));
#7268=DIRECTION('',(1.0,0.0,0.0));
#7269=DIRECTION('',(0.0,1.0,0.0));
#7270=DIRECTION('',(1.0,0.0,0.0));
#7271=DIRECTION('',(0.0,1.0,0.0));
#7272=DIRECTION('',(1.0,0.0,0.0));
#7273=DIRECTION('',(0.0,1.0,0.0));
#7274=DIRECTION('',(1.0,0.0,0.0));
#7275=DIRECTION('',(0.0,1.0,0.0));
#7276=DIRECTION('',(1.0,0.0,0.0));
#7277=DIRECTION('',(0.0,1.0,0.0));
#7278=DIRECTION('',(1.0,0.0,0.0));
#7279=DIRECTION('',(0.0,1.0,0.0));
#7280=DIRECTION('',(1.0,0.0,0.0));
#7281=DIRECTION('',(0.0,1.0,0.0));
#7282=DIRECTION('',(1.0,0.0,0.0));
#7283=DIRECTION('',(0.0,1.0,0.0));
#7284=DIRECTION('',(1.0,0.0,0.0));
#7285=DIRECTION('',(0.0,1.0,0.0));
#7286=DIRECTION('',(1.0,0.0,0.0));
#7287=DIRECTION('',(0.0,1.0,0.0));
#7288=DIRECTION('',(1.0,0.0,0.0));
#7289=DIRECTION('',(0.0,1.0,0.0));
#7290=DIRECTION('',(0.0,-1.0,0.0));
#7291=DIRECTION('',(0.0,0.0,1.0));
#7292=DIRECTION('',(-1.0,0.0,0.0));
#7293=DIRECTION('',(0.0,0.0,1.0));
#7294=DIRECTION('',(0.0,1.0,0.0));
#7295=DIRECTION('',(0.0,0.0,-1.0));
#7296=DIRECTION('',(0.0,1.0,0.0));
#7297=DIRECTION('',(0.0,0.0,-1.0));
#7298=DIRECTION('',(0.0,1.0,0.0));
#7299=DIRECTION('',(-0.577350269189626,0.577350269189626,0.577350269189626));
#7300=DIRECTION('',(-0.577350269189626,0.577350269189626,0.577350269189626));
#7301=DIRECTION('',(0.0,0.0,-1.0));
#7302=DIRECTION('',(1.0,0.0,0.0));
#7303=DIRECTION('',(0.0,0.0,1.0));
#7304=DIRECTION('',(1.0,0.0,0.0));
#7305=DIRECTION('',(0.0,0.0,1.0));
#7306=DIRECTION('',(1.0,0.0,0.0));
#7307=DIRECTION('',(0.0,1.0,0.0));
#7308=DIRECTION('',(1.0,0.0,0.0));
#7309=DIRECTION('',(0.0,1.0,0.0));
#7310=DIRECTION('',(0.0,-1.0,0.0));
#7311=DIRECTION('',(1.0,0.0,0.0));
#7312=DIRECTION('',(0.0,-1.0,0.0));
#7313=DIRECTION('',(1.0,0.0,0.0));
#7314=DIRECTION('',(0.0,-1.0,0.0));
#7315=DIRECTION('',(-0.577350269189626,0.577350269189626,0.577350269189626));
#7316=DIRECTION('',(1.0,0.0,0.0));
#7317=DIRECTION('',(-0.577350269189626,0.577350269189626,0.577350269189626));
#7318=DIRECTION('',(0.0,1.0,0.0));
#7319=DIRECTION('',(-0.577350269189626,-0.577350269189626,0.577350269189626));
#7320=DIRECTION('',(-0.577350269189626,-0.577350269189626,0.577350269189626));
#7321=DIRECTION('',(0.0,0.0,1.0));
#7322=DIRECTION('',(0.0,0.0,1.0));
#7323=DIRECTION('',(0.0,0.0,-1.0));
#7324=DIRECTION('',(0.0,0.0,-1.0));
#7325=DIRECTION('',(0.0,-1.0,0.0));
#7326=DIRECTION('',(-0.577350269189626,0.577350269189626,0.577350269189626));
#7327=DIRECTION('',(0.0,-1.0,0.0));
#7328=DIRECTION('',(1.0,0.0,0.0));
#7329=DIRECTION('',(0.0,-0.999999995294311,9.70122552200511E-05));
#7330=DIRECTION('',(0.9999999995804,-2.896893806275E-05,0.0));
#7331=DIRECTION('',(0.0,-0.999999999423097,3.39677177113799E-05));
#7332=DIRECTION('',(1.0,0.0,0.0));
#7333=DIRECTION('',(1.0,0.0,0.0));
#7334=DIRECTION('',(1.0,0.0,0.0));
#7335=DIRECTION('',(0.0,-1.0,0.0));
#7336=DIRECTION('',(1.0,0.0,0.0));
#7337=DIRECTION('',(0.0,-0.999999999423097,3.39677177067599E-05));
#7338=DIRECTION('',(0.9999999995804,2.896893806254E-05,0.0));
#7339=DIRECTION('',(0.0,0.999999995294311,-9.70122552068711E-05));
#7340=DIRECTION('',(1.0,0.0,0.0));
#7341=DIRECTION('',(0.0,1.0,0.0));
#7342=DIRECTION('',(0.0,0.0,-1.0));
#7343=DIRECTION('',(0.0,0.0,-1.0));
#7344=DIRECTION('',(0.577350269189626,-0.577350269189626,0.577350269189626));
#7345=DIRECTION('',(0.0,0.0,-1.0));
#7346=DIRECTION('',(0.577350269189626,-0.577350269189626,0.577350269189626));
#7347=DIRECTION('',(0.577350269189626,0.577350269189626,0.577350269189626));
#7348=DIRECTION('',(0.0,-1.0,0.0));
#7349=DIRECTION('',(0.0,1.0,0.0));
#7350=DIRECTION('',(0.0,0.0,-1.0));
#7351=DIRECTION('',(0.0,0.0,-1.0));
#7352=DIRECTION('',(1.0,0.0,0.0));
#7353=DIRECTION('',(0.577350269189626,0.577350269189626,0.577350269189626));
#7354=DIRECTION('',(0.577350269189626,0.577350269189626,0.577350269189626));
#7355=DIRECTION('',(0.0,0.0,-1.0));
#7356=DIRECTION('',(1.0,0.0,0.0));
#7357=DIRECTION('',(0.0,0.707106781186548,0.707106781186548));
#7358=DIRECTION('',(0.577350269189626,0.577350269189626,0.577350269189626));
#7359=DIRECTION('',(0.0,-0.4745593987143,-0.8802234813341));
#7360=DIRECTION('',(0.0,-0.0387215476720991,-0.999250039652678));
#7361=DIRECTION('',(0.0,0.0,1.0));
#7362=DIRECTION('',(0.0,0.0,-1.0));
#7363=DIRECTION('',(-1.0,0.0,0.0));
#7364=DIRECTION('',(0.0,-0.0387215476720991,-0.999250039652678));
#7365=DIRECTION('',(-1.0,0.0,0.0));
#7366=DIRECTION('',(0.0,0.0387306080819815,0.999249688515138));
#7367=DIRECTION('',(-0.999999992256986,-2.21129800359497E-05,-0.000122462417570598));
#7368=DIRECTION('',(0.0,0.0387306080819815,0.999249688515138));
#7369=DIRECTION('',(-0.999999992256986,2.21129800359497E-05,0.000122462417571298));
#7370=DIRECTION('',(0.0,-0.4745593987143,-0.8802234813341));
#7371=DIRECTION('',(1.0,0.0,0.0));
#7372=DIRECTION('',(0.0,0.474474039200829,0.880269496304654));
#7373=DIRECTION('',(0.0,0.4745593987143,0.8802234813341));
#7374=DIRECTION('',(0.0,0.0,1.0));
#7375=DIRECTION('',(0.0,-0.707106781186548,-0.707106781186548));
#7376=DIRECTION('',(0.0,0.0,-1.0));
#7377=DIRECTION('',(1.0,0.0,0.0));
#7378=DIRECTION('',(0.0,0.0,-1.0));
#7379=DIRECTION('',(0.0,0.0,-1.0));
#7380=DIRECTION('',(0.0,0.363850527140503,0.931457349479609));
#7381=DIRECTION('',(0.0,1.0,0.0));
#7382=DIRECTION('',(-1.0,0.0,0.0));
#7383=DIRECTION('',(0.0,-1.0,0.0));
#7384=DIRECTION('',(1.0,0.0,0.0));
#7385=DIRECTION('',(0.0,1.0,0.0));
#7386=DIRECTION('',(-1.0,0.0,0.0));
#7387=DIRECTION('',(0.0,-1.0,0.0));
#7388=DIRECTION('',(0.0,0.0,-1.0));
#7389=CARTESIAN_POINT('',(-3.39,3.2,1.7));
#7390=DIRECTION('',(-1.0,0.0,0.0));
#7391=DIRECTION('',(0.0,1.0,0.0));
#7392=DIRECTION('',(0.0,1.0,0.0));
#7393=DIRECTION('',(0.0,0.0,1.0));
#7394=DIRECTION('',(0.0,0.0,1.0));
#7395=DIRECTION('',(0.0,-1.0,0.0));
#7396=DIRECTION('',(0.0,0.0,-1.0));
#7397=DIRECTION('',(-1.0,0.0,0.0));
#7398=DIRECTION('',(0.0,0.0,-1.0));
#7399=DIRECTION('',(0.0,0.0,1.0));
#7400=DIRECTION('',(1.0,0.0,0.0));
#7401=DIRECTION('',(0.0,0.0,-1.0));
#7402=DIRECTION('',(1.0,0.0,0.0));
#7403=DIRECTION('',(-1.0,0.0,0.0));
#7404=DIRECTION('',(1.0,0.0,0.0));
#7405=DIRECTION('',(0.0,1.0,0.0));
#7406=DIRECTION('',(1.0,0.0,0.0));
#7407=DIRECTION('',(0.0,1.0,0.0));
#7408=DIRECTION('',(0.0,1.0,0.0));
#7409=DIRECTION('',(0.0,1.0,0.0));
#7410=CARTESIAN_POINT('',(7.0,2.0,0.0));
#7411=DIRECTION('',(0.0,0.0,-1.0));
#7412=DIRECTION('',(1.0,0.0,0.0));
#7413=CARTESIAN_POINT('',(7.0,2.0,0.0));
#7414=DIRECTION('',(0.0,0.0,-1.0));
#7415=DIRECTION('',(-1.0,0.0,0.0));
#7416=DIRECTION('',(0.0,0.0,-1.0));
#7417=DIRECTION('',(0.0,0.0,1.0));
#7418=DIRECTION('',(0.0,-1.0,0.0));
#7419=DIRECTION('',(0.0,1.0,0.0));
#7420=DIRECTION('',(0.0,0.0,1.0));
#7421=DIRECTION('',(1.0,0.0,0.0));
#7422=DIRECTION('',(0.0,0.0,1.0));
#7423=DIRECTION('',(-1.0,0.0,0.0));
#7424=DIRECTION('',(0.0,1.0,0.0));
#7425=DIRECTION('',(0.0,0.0,1.0));
#7426=DIRECTION('',(0.0,-1.0,0.0));
#7427=CARTESIAN_POINT('',(3.39,3.2,1.7));
#7428=DIRECTION('',(1.0,0.0,0.0));
#7429=DIRECTION('',(0.0,0.0,-1.0));
#7430=DIRECTION('',(0.0,0.0,-1.0));
#7431=DIRECTION('',(0.0,-0.474474039200829,-0.880269496304654));
#7432=DIRECTION('',(0.0,0.4745593987143,0.8802234813341));
#7433=DIRECTION('',(0.0,-0.363850527140503,-0.931457349479609));
#7434=DIRECTION('',(0.0,0.0,-1.0));
#7435=DIRECTION('',(1.0,0.0,0.0));
#7436=DIRECTION('',(0.0,0.0,1.0));
#7437=DIRECTION('',(0.0,0.0,-1.0));
#7438=DIRECTION('',(0.0,0.0,1.0));
#7439=DIRECTION('',(1.0,0.0,0.0));
#7440=DIRECTION('',(0.0,0.0,-1.0));
#7441=DIRECTION('',(0.0,0.994441160657238,0.105293769951904));
#7442=DIRECTION('',(0.0,0.0,-1.0));
#7443=DIRECTION('',(0.0,0.363850527140503,0.931457349479609));
#7444=DIRECTION('',(-1.0,0.0,0.0));
#7445=DIRECTION('',(0.0,-0.363850527140503,-0.931457349479609));
#7446=DIRECTION('',(0.0,0.0,-1.0));
#7447=DIRECTION('',(0.0,0.994441160657238,0.105293769951904));
#7448=DIRECTION('',(0.0,-0.994441160657238,-0.105293769951904));
#7449=DIRECTION('',(1.0,0.0,0.0));
#7450=DIRECTION('',(0.0,-0.994441160657238,-0.105293769951904));
#7451=DIRECTION('',(1.0,0.0,0.0));
#7452=DIRECTION('',(0.0,0.0,1.0));
#7453=DIRECTION('',(0.0,0.0,1.0));
#7454=DIRECTION('',(-1.0,0.0,0.0));
#7455=DIRECTION('',(-1.0,0.0,0.0));
#7456=DIRECTION('',(-1.0,0.0,0.0));
#7457=CARTESIAN_POINT('',(1.05,3.2,1.7));
#7458=DIRECTION('',(-1.0,0.0,0.0));
#7459=DIRECTION('',(0.0,1.0,0.0));
#7460=DIRECTION('',(0.0,-1.0,0.0));
#7461=DIRECTION('',(0.0,0.0,-1.0));
#7462=DIRECTION('',(1.0,0.0,0.0));
#7463=DIRECTION('',(0.0,0.0,-1.0));
#7464=DIRECTION('',(1.0,0.0,0.0));
#7465=DIRECTION('',(0.0,-1.0,0.0));
#7466=DIRECTION('',(-1.0,0.0,0.0));
#7467=CARTESIAN_POINT('',(-1.05,3.2,1.7));
#7468=DIRECTION('',(1.0,0.0,0.0));
#7469=DIRECTION('',(0.0,0.0,-1.0));
#7470=DIRECTION('',(4.319862982111E-10,-5.765263816919E-09,-1.0));
#7471=DIRECTION('',(-4.319862982111E-10,5.765263323486E-09,-1.0));
#7472=CARTESIAN_POINT('',(7.0,2.0,-0.9));
#7473=DIRECTION('',(0.0,0.0,-1.0));
#7474=DIRECTION('',(-1.0,0.0,0.0));
#7475=CARTESIAN_POINT('',(7.0,2.0,-1.3));
#7476=DIRECTION('',(0.0,0.0,-1.0));
#7477=DIRECTION('',(-1.0,0.0,0.0));
#7478=DIRECTION('',(-0.447213595499998,-2.32047382811899E-09,0.894427190999896));
#7479=CARTESIAN_POINT('',(7.0,2.0,-1.3));
#7480=DIRECTION('',(0.0,0.0,-1.0));
#7481=DIRECTION('',(1.0,0.0,0.0));
#7482=CARTESIAN_POINT('',(7.0,2.0,-0.9));
#7483=DIRECTION('',(0.0,0.0,-1.0));
#7484=DIRECTION('',(1.0,0.0,0.0));
#7485=DIRECTION('',(0.0,0.0,1.0));
#7486=DIRECTION('',(0.0,1.0,0.0));
#7487=DIRECTION('',(-1.0,0.0,0.0));
#7488=DIRECTION('',(0.0,-1.0,0.0));
#7489=DIRECTION('',(0.0,0.0,1.0));
#7490=DIRECTION('',(0.0,0.0,1.0));
#7491=DIRECTION('',(0.0,1.0,0.0));
#7492=DIRECTION('',(-1.0,0.0,0.0));
#7493=DIRECTION('',(0.0,-1.0,0.0));
#7494=DIRECTION('',(0.0,0.0,1.0));
#7495=DIRECTION('',(0.0,0.0,1.0));
#7496=DIRECTION('',(0.0,1.0,0.0));
#7497=DIRECTION('',(-1.0,0.0,0.0));
#7498=DIRECTION('',(0.0,-1.0,0.0));
#7499=DIRECTION('',(0.0,0.0,1.0));
#7500=DIRECTION('',(0.0,0.0,1.0));
#7501=DIRECTION('',(0.0,1.0,0.0));
#7502=DIRECTION('',(-1.0,0.0,0.0));
#7503=DIRECTION('',(0.0,-1.0,0.0));
#7504=DIRECTION('',(0.0,0.0,1.0));
#7505=DIRECTION('',(0.0,0.0,1.0));
#7506=DIRECTION('',(0.0,1.0,0.0));
#7507=DIRECTION('',(-1.0,0.0,0.0));
#7508=DIRECTION('',(0.0,-1.0,0.0));
#7509=DIRECTION('',(0.0,0.0,1.0));
#7510=DIRECTION('',(0.0,0.0,1.0));
#7511=DIRECTION('',(0.0,1.0,0.0));
#7512=DIRECTION('',(-1.0,0.0,0.0));
#7513=DIRECTION('',(0.0,-1.0,0.0));
#7514=DIRECTION('',(0.0,0.0,1.0));
#7515=DIRECTION('',(0.0,0.0,-1.0));
#7516=DIRECTION('',(0.0,-1.0,0.0));
#7517=DIRECTION('',(0.0,0.0,1.0));
#7518=DIRECTION('',(0.0,1.0,0.0));
#7519=DIRECTION('',(0.0,0.0,-1.0));
#7520=DIRECTION('',(0.0,0.0,1.0));
#7521=DIRECTION('',(0.0,0.0,1.0));
#7522=DIRECTION('',(1.0,0.0,0.0));
#7523=DIRECTION('',(0.0,0.0,1.0));
#7524=DIRECTION('',(1.0,0.0,0.0));
#7525=DIRECTION('',(0.0,0.0,1.0));
#7526=DIRECTION('',(0.0890485640487734,0.0,0.996027285389739));
#7527=DIRECTION('',(-0.146410792227899,0.0,0.989223877552093));
#7528=DIRECTION('',(0.0,0.0,1.0));
#7529=DIRECTION('',(0.148340452930201,0.0,-0.988936352868304));
#7530=DIRECTION('',(-0.0890485640487635,0.0,-0.996027285389739));
#7531=DIRECTION('',(-0.996027285389739,0.0,0.0890485640487734));
#7532=DIRECTION('',(-0.0890485640487734,0.0,0.996027285389739));
#7533=DIRECTION('',(0.148340452930201,0.0,0.988936352868304));
#7534=DIRECTION('',(0.0,0.0,1.0));
#7535=DIRECTION('',(0.0,0.0,1.0));
#7536=DIRECTION('',(-0.146410792227899,0.0,-0.989223877552093));
#7537=DIRECTION('',(0.0890485640487734,0.0,-0.996027285389739));
#7538=DIRECTION('',(-0.996027285389739,0.0,-0.0890485640487734));
#7539=DIRECTION('',(0.0,-1.0,0.0));
#7540=DIRECTION('',(0.0,0.0,-1.0));
#7541=DIRECTION('',(0.0,1.0,0.0));
#7542=DIRECTION('',(0.0,0.0,-1.0));
#7543=DIRECTION('',(1.0,0.0,0.0));
#7544=DIRECTION('',(0.0,0.0,-1.0));
#7545=DIRECTION('',(0.0,0.0,-1.0));
#7546=DIRECTION('',(1.0,0.0,0.0));
#7547=DIRECTION('',(-0.0890485640487635,0.0,-0.996027285389739));
#7548=DIRECTION('',(0.148340452930201,0.0,-0.988936352868304));
#7549=DIRECTION('',(0.0,0.0,-1.0));
#7550=DIRECTION('',(-0.146410792227899,0.0,0.989223877552093));
#7551=DIRECTION('',(0.0890485640487734,0.0,0.996027285389739));
#7552=DIRECTION('',(0.996027285389739,0.0,-0.0890485640487734));
#7553=DIRECTION('',(0.0890485640487734,0.0,-0.996027285389739));
#7554=DIRECTION('',(-0.146410792227899,0.0,-0.989223877552093));
#7555=DIRECTION('',(0.0,0.0,-1.0));
#7556=DIRECTION('',(0.148340452930201,0.0,0.988936352868304));
#7557=DIRECTION('',(-0.0890485640487734,0.0,0.996027285389739));
#7558=DIRECTION('',(0.996027285389739,0.0,0.0890485640487734));
#7559=DIRECTION('',(0.0,-1.0,0.0));
#7560=DIRECTION('',(0.0,1.0,0.0));
#7561=DIRECTION('',(0.0,-1.0,0.0));
#7562=DIRECTION('',(0.0,-1.0,0.0));
#7563=DIRECTION('',(0.331290970067383,-0.248931884429188,-0.910098461742654));
#7564=DIRECTION('',(0.0,-1.0,0.0));
#7565=DIRECTION('',(-0.331290970067383,-0.248931884429188,0.910098461742654));
#7566=DIRECTION('',(0.996027285389739,0.0,0.0890485640487734));
#7567=DIRECTION('',(0.164594928122499,-0.248931884429199,0.954432515451395));
#7568=DIRECTION('',(0.0,-1.0,0.0));
#7569=DIRECTION('',(0.164594928122499,0.248931884429199,0.954432515451395));
#7570=DIRECTION('',(0.0,-1.0,0.0));
#7571=DIRECTION('',(0.0,-1.0,0.0));
#7572=DIRECTION('',(-0.996027285389739,0.0,-0.0890485640487734));
#7573=DIRECTION('',(0.0,-1.0,0.0));
#7574=DIRECTION('',(0.0,1.0,0.0));
#7575=DIRECTION('',(0.0,-1.0,0.0));
#7576=DIRECTION('',(0.0,-1.0,0.0));
#7577=DIRECTION('',(0.331290970067383,-0.248931884429188,0.910098461742654));
#7578=DIRECTION('',(0.0,-1.0,0.0));
#7579=DIRECTION('',(0.331290970067383,0.248931884429188,0.910098461742654));
#7580=DIRECTION('',(0.164594928122499,-0.248931884429199,-0.954432515451395));
#7581=DIRECTION('',(-0.996027285389739,0.0,0.0890485640487734));
#7582=DIRECTION('',(0.996027285389739,0.0,-0.0890485640487734));
#7583=DIRECTION('',(0.0,-1.0,0.0));
#7584=DIRECTION('',(-0.164594928122499,-0.248931884429199,0.954432515451395));
#7585=DIRECTION('',(0.0,-1.0,0.0));
#7586=DIRECTION('',(0.0,-1.0,0.0));
#7587=DIRECTION('',(0.0,0.0,-1.0));
#7588=DIRECTION('',(0.0,-1.0,0.0));
#7589=DIRECTION('',(0.0,0.0,1.0));
#7590=DIRECTION('',(0.0,0.0,-1.0));
#7591=DIRECTION('',(0.0,0.0,1.0));
#7592=DIRECTION('',(0.0,-1.0,0.0));
#7593=DIRECTION('',(1.0,0.0,0.0));
#7594=DIRECTION('',(0.0,0.0,1.0));
#7595=DIRECTION('',(0.0,0.0,1.0));
#7596=DIRECTION('',(-1.0,0.0,0.0));
#7597=DIRECTION('',(0.0,-1.0,0.0));
#7598=DIRECTION('',(0.0,0.0,-1.0));
#7599=DIRECTION('',(0.0,0.0,-1.0));
#7600=DIRECTION('',(0.0,1.0,0.0));
#7601=DIRECTION('',(1.0,0.0,0.0));
#7602=DIRECTION('',(-1.0,0.0,0.0));
#7603=DIRECTION('',(-0.248931884429206,-0.248931884429206,0.935983885453723));
#7604=DIRECTION('',(-1.0,0.0,0.0));
#7605=DIRECTION('',(0.248931884429206,-0.248931884429206,0.935983885453723));
#7606=DIRECTION('',(-0.248931884429206,-0.248931884429206,-0.935983885453723));
#7607=DIRECTION('',(0.0,1.0,0.0));
#7608=DIRECTION('',(0.0,-1.0,0.0));
#7609=DIRECTION('',(-1.0,0.0,0.0));
#7610=DIRECTION('',(-0.248931884429206,0.248931884429206,0.935983885453723));
#7611=DIRECTION('',(0.0,0.0,-1.0));
#7612=DIRECTION('',(0.0,-1.0,0.0));
#7613=DIRECTION('',(0.0,0.0,1.0));
#7614=DIRECTION('',(0.0,0.0,-1.0));
#7615=DIRECTION('',(0.0,0.0,1.0));
#7616=DIRECTION('',(0.0,-1.0,0.0));
#7617=DIRECTION('',(1.0,0.0,0.0));
#7618=DIRECTION('',(0.0,0.0,1.0));
#7619=DIRECTION('',(0.0,0.0,1.0));
#7620=DIRECTION('',(-1.0,0.0,0.0));
#7621=DIRECTION('',(0.0,-1.0,0.0));
#7622=DIRECTION('',(0.0,0.0,-1.0));
#7623=DIRECTION('',(0.0,0.0,-1.0));
#7624=DIRECTION('',(0.0,1.0,0.0));
#7625=DIRECTION('',(1.0,0.0,0.0));
#7626=DIRECTION('',(-1.0,0.0,0.0));
#7627=DIRECTION('',(-0.248931884429206,-0.248931884429206,0.935983885453723));
#7628=DIRECTION('',(-1.0,0.0,0.0));
#7629=DIRECTION('',(0.248931884429206,-0.248931884429206,0.935983885453723));
#7630=DIRECTION('',(-0.248931884429206,-0.248931884429206,-0.935983885453723));
#7631=DIRECTION('',(0.0,1.0,0.0));
#7632=DIRECTION('',(0.0,-1.0,0.0));
#7633=DIRECTION('',(-1.0,0.0,0.0));
#7634=DIRECTION('',(-0.248931884429206,0.248931884429206,0.935983885453723));
#7635=DIRECTION('',(0.0,0.0,-1.0));
#7636=DIRECTION('',(0.0,-1.0,0.0));
#7637=DIRECTION('',(0.0,0.0,1.0));
#7638=DIRECTION('',(0.0,0.0,-1.0));
#7639=DIRECTION('',(0.0,0.0,1.0));
#7640=DIRECTION('',(0.0,-1.0,0.0));
#7641=DIRECTION('',(1.0,0.0,0.0));
#7642=DIRECTION('',(0.0,0.0,1.0));
#7643=DIRECTION('',(0.0,0.0,1.0));
#7644=DIRECTION('',(-1.0,0.0,0.0));
#7645=DIRECTION('',(0.0,-1.0,0.0));
#7646=DIRECTION('',(0.0,0.0,-1.0));
#7647=DIRECTION('',(0.0,0.0,-1.0));
#7648=DIRECTION('',(0.0,1.0,0.0));
#7649=DIRECTION('',(1.0,0.0,0.0));
#7650=DIRECTION('',(-1.0,0.0,0.0));
#7651=DIRECTION('',(-0.248931884429206,-0.248931884429206,0.935983885453723));
#7652=DIRECTION('',(-1.0,0.0,0.0));
#7653=DIRECTION('',(0.248931884429206,-0.248931884429206,0.935983885453723));
#7654=DIRECTION('',(-0.248931884429206,-0.248931884429206,-0.935983885453723));
#7655=DIRECTION('',(0.0,1.0,0.0));
#7656=DIRECTION('',(0.0,-1.0,0.0));
#7657=DIRECTION('',(-1.0,0.0,0.0));
#7658=DIRECTION('',(-0.248931884429206,0.248931884429206,0.935983885453723));
#7659=DIRECTION('',(0.0,0.0,-1.0));
#7660=DIRECTION('',(0.0,-1.0,0.0));
#7661=DIRECTION('',(0.0,0.0,1.0));
#7662=DIRECTION('',(0.0,0.0,-1.0));
#7663=DIRECTION('',(0.0,0.0,1.0));
#7664=DIRECTION('',(0.0,-1.0,0.0));
#7665=DIRECTION('',(1.0,0.0,0.0));
#7666=DIRECTION('',(0.0,0.0,1.0));
#7667=DIRECTION('',(0.0,0.0,1.0));
#7668=DIRECTION('',(-1.0,0.0,0.0));
#7669=DIRECTION('',(0.0,-1.0,0.0));
#7670=DIRECTION('',(0.0,0.0,-1.0));
#7671=DIRECTION('',(0.0,0.0,-1.0));
#7672=DIRECTION('',(0.0,1.0,0.0));
#7673=DIRECTION('',(1.0,0.0,0.0));
#7674=DIRECTION('',(-1.0,0.0,0.0));
#7675=DIRECTION('',(-0.248931884429206,-0.248931884429206,0.935983885453723));
#7676=DIRECTION('',(-1.0,0.0,0.0));
#7677=DIRECTION('',(0.248931884429206,-0.248931884429206,0.935983885453723));
#7678=DIRECTION('',(-0.248931884429206,-0.248931884429206,-0.935983885453723));
#7679=DIRECTION('',(0.0,1.0,0.0));
#7680=DIRECTION('',(0.0,-1.0,0.0));
#7681=DIRECTION('',(-1.0,0.0,0.0));
#7682=DIRECTION('',(-0.248931884429206,0.248931884429206,0.935983885453723));
#7683=DIRECTION('',(0.0,0.0,-1.0));
#7684=DIRECTION('',(0.0,-1.0,0.0));
#7685=DIRECTION('',(0.0,0.0,-1.0));
#7686=DIRECTION('',(1.0,0.0,0.0));
#7687=DIRECTION('',(0.0,0.0,-1.0));
#7688=DIRECTION('',(0.0,1.0,0.0));
#7689=DIRECTION('',(0.0,0.0,-1.0));
#7690=DIRECTION('',(-1.0,0.0,0.0));
#7691=DIRECTION('',(0.0,0.0,-1.0));
#7692=DIRECTION('',(0.0,-1.0,0.0));
#7693=DIRECTION('',(0.0,0.0,-1.0));
#7694=DIRECTION('',(1.0,0.0,0.0));
#7695=DIRECTION('',(0.0,0.0,-1.0));
#7696=DIRECTION('',(0.0,1.0,0.0));
#7697=DIRECTION('',(0.0,0.0,-1.0));
#7698=DIRECTION('',(-1.0,0.0,0.0));
#7699=DIRECTION('',(0.0,0.0,-1.0));
#7700=DIRECTION('',(0.0,-1.0,0.0));
#7701=DIRECTION('',(0.0,0.0,-1.0));
#7702=DIRECTION('',(1.0,0.0,0.0));
#7703=DIRECTION('',(0.0,0.0,-1.0));
#7704=DIRECTION('',(0.0,1.0,0.0));
#7705=DIRECTION('',(0.0,0.0,-1.0));
#7706=DIRECTION('',(-1.0,0.0,0.0));
#7707=DIRECTION('',(0.0,0.0,-1.0));
#7708=DIRECTION('',(0.0,-1.0,0.0));
#7709=DIRECTION('',(0.0,0.0,-1.0));
#7710=DIRECTION('',(1.0,0.0,0.0));
#7711=DIRECTION('',(0.0,0.0,-1.0));
#7712=DIRECTION('',(0.0,1.0,0.0));
#7713=DIRECTION('',(0.0,0.0,-1.0));
#7714=DIRECTION('',(-1.0,0.0,0.0));
#7715=DIRECTION('',(0.0,0.0,-1.0));
#7716=DIRECTION('',(0.0,-1.0,0.0));
#7717=DIRECTION('',(0.0,0.0,-1.0));
#7718=DIRECTION('',(1.0,0.0,0.0));
#7719=DIRECTION('',(0.0,0.0,-1.0));
#7720=DIRECTION('',(0.0,1.0,0.0));
#7721=DIRECTION('',(0.0,0.0,-1.0));
#7722=DIRECTION('',(-1.0,0.0,0.0));
#7723=DIRECTION('',(0.0,0.0,-1.0));
#7724=DIRECTION('',(0.0,-1.0,0.0));
#7725=DIRECTION('',(0.0,0.0,-1.0));
#7726=DIRECTION('',(1.0,0.0,0.0));
#7727=DIRECTION('',(0.0,0.0,-1.0));
#7728=DIRECTION('',(0.0,1.0,0.0));
#7729=DIRECTION('',(0.0,0.0,-1.0));
#7730=DIRECTION('',(-1.0,0.0,0.0));
#7731=DIRECTION('',(0.0,0.0,-1.0));
#7732=DIRECTION('',(0.0,-1.0,0.0));
#7733=DIRECTION('',(0.0,0.0,-1.0));
#7734=DIRECTION('',(1.0,0.0,0.0));
#7735=DIRECTION('',(0.0,0.0,-1.0));
#7736=DIRECTION('',(0.0,1.0,0.0));
#7737=DIRECTION('',(0.0,0.0,-1.0));
#7738=DIRECTION('',(-1.0,0.0,0.0));
#7739=PRESENTATION_LAYER_ASSIGNMENT('','',(#26,#49,#50,#51,#52,#53,#54,#55,#56,#61,#62,#63,#64,#65,#66,#67,#68,#69,#70,#71,#72,#73,#74,#75,#76,#77,#78,#79,#80,#81,#82,#83,#84,#85,#86,#87,#88,#89,#90,#91,#92,#93,#94,#95,#96,#97,#98,#99,#100,#101,#102,#103,#104,#105,#106,#107,#108,#109,#110,#111,#112,#113,#114,#115,#116,#117,#118,#119,#120,#121,#122,#123,#124,#125,#126,#127,#128,#129,#130,#131,#132,#133,#134,#135,#136,#137,#138,#139,#140,#141,#142,#143,#144,#145,#146,#147,#148,#149,#150,#151,#152,#153,#154,#155,#156,#157,#158,#159,#160,#161,#162,#163,#164,#165,#166,#167,#168,#169,#170,#171,#172,#173,#174,#175,#176,#177,#178,#179,#180,#181,#182,#183,#184,#185,#186,#187,#188,#189,#190,#191,#192,#193,#194,#195,#196,#197,#198,#199,#200,#201,#202,#203,#204,#205,#206,#207,#208,#209,#210,#211,#212,#213,#214,#215,#216,#217,#218,#219,#220,#221,#222,#223,#224,#225,#226,#227,#228,#229,#230,#231,#232,#233,#234,#235,#236,#237,#238,#239,#240,#241,#242,#243,#244,#245,#246,#247,#248,#249,#250,#251,#252,#253,#254,#255,#256,#257,#258,#259,#260,#261,#262,#263,#264,#265,#266,#267,#268,#269,#270,#271,#272,#273,#274,#275,#276,#277,#278,#279,#280,#281,#282,#283,#284,#285,#286,#287,#288,#289,#290,#291,#292,#293,#294,#295,#296,#297,#298,#299,#300,#301,#302,#303,#304,#305,#306,#307,#308,#309,#310,#311,#312,#313,#314,#315,#862,#863,#864,#865,#866,#867,#868,#869,#870,#871,#872,#873,#874,#875,#876,#3526,#3527,#3528,#3530,#3531,#3532,#3533,#3534,#3535,#3536,#3537,#3538,#3539,#3540,#3541,#3542,#3543,#3544,#3545,#3546,#3547,#3548,#3549,#3550,#3551,#3552,#3553,#3554,#3555,#3556,#3557,#3558,#3559,#3560,#3561,#3562,#3563,#3564,#3565,#3566,#3567,#3568,#3569,#3570,#3571,#3572,#3573,#3574,#3575,#3576,#3577,#3578,#3579,#3580,#3581,#3582,#3583,#3584,#3585,#3586,#3587,#3588,#3589,#3590,#3591,#3592,#3593,#3594,#3595,#3596,#3597,#3598,#3599,#3600,#3601,#3602,#3603,#3604,#3605,#3606,#3607,#3608,#3609,#3610,#3611,#3612,#3613,#3614,#3615,#3616,#3617,#3618,#3619,#3620,#3621,#3622,#3623,#3624,#3625,#3626,#3627,#3628,#3629,#3630,#3631,#3632,#3633,#3634,#3635,#3636,#3637,#3638,#3639,#3640,#3641,#3642,#3643,#3644,#3645,#3646,#3647,#3648,#3649,#3650,#3651,#3652,#3653,#3654,#3655,#3656,#3657,#3658,#3659,#3660,#3661,#3662,#3663,#3664,#3665,#3666,#3667,#3668,#3669,#3670,#3671,#3672,#3673,#3674,#3675,#3676,#3677,#3678,#3679,#3680,#3681,#3682,#3683,#3684,#3685,#3686,#3687,#3688,#3689,#3690,#3691,#3692,#3693,#3694,#3695,#3696,#3697,#3698,#3699,#3700,#3701,#3702,#3703,#3704,#3705,#3706,#3707,#3708,#3709,#3710,#3711,#3712,#3713,#3714,#3715,#3716,#3717,#3718,#3719,#3720,#3721,#3722,#3723,#3724,#3725,#3726,#3727,#3728,#3729,#3730,#3731,#3732,#3733,#3734,#3735,#3736,#3737,#3738,#3739,#3740,#3741,#3742,#3743,#3744,#3745,#3746,#3747,#3748,#3749,#3750,#3751,#3752,#3753,#3754,#3755,#3756,#3757,#3758,#3759,#3760,#3761,#3762,#3763,#3764,#3765,#3766,#3767,#3768,#3769,#3770,#3771,#3772,#3773,#3774,#3775,#3776,#3777,#3778,#3779,#3780,#3781,#3782,#3783,#3784,#3785,#3786,#3787,#3788,#3789,#3790,#3791,#3792,#3793,#3794,#3795,#3796,#3797,#3798,#3799,#3800,#3801,#3802,#3803,#3804,#3805,#3806,#3807,#3808,#3809,#3810,#3811,#3812,#3813,#3814,#3815,#3816,#3817,#3818,#3819,#3820,#3821,#3822,#3823,#3824,#3825,#3826,#3827,#3828,#3829,#3830,#3831,#3832,#3833,#3834,#3835,#3836,#3837,#3838,#3839,#3840,#3841,#3842,#3843,#3844,#3845,#3846,#3847,#3848,#3849,#3850,#3851,#3852,#3853,#3854,#3855,#3856,#3857,#3858,#3859,#3860,#3861,#3862,#3863,#3864,#3865,#3866,#3867,#3868,#3869,#3870,#3871,#3872,#3873,#3874,#3875,#3876,#3877,#3878,#3879,#3880,#3881,#3882,#3883,#3884,#3885,#3886,#3887,#3888,#3889,#3890,#3891,#3892,#3893,#3894,#3895,#3896,#3897,#3898,#3899,#3900,#3901,#3902,#3903,#3904,#3905,#3906,#3907,#3908,#3909,#3910,#3911,#3912,#3913,#3914,#3915,#3916,#3917,#3918,#3919,#3920,#3921,#3922,#3923,#3924,#3925,#3926,#3927,#3928,#3929,#3930,#3931,#3932,#3933,#3934,#3935,#3936,#3937,#3938,#3939,#3940,#3941,#3942,#3943,#3944,#3945,#3946,#3947,#3948,#3949,#3950,#3951,#3952,#3953,#3954,#3955,#3956,#3957,#3958,#3959,#3960,#3961,#3962,#3963,#3964,#3965,#3966,#3967,#3968,#3969,#3970,#3971,#3972,#3973,#3974,#3975,#3976,#3977,#3978,#3979,#3980,#3981,#3982,#3983,#3984,#3985,#3986,#3987,#3988,#3989,#3990,#3991,#3992,#3993,#3994,#3995,#3996,#3997,#3998,#3999,#4000,#4001,#4002,#4003,#4004,#4005,#4006,#4007,#4008,#4009,#4010,#4011,#4012,#4013,#4014,#4015,#4016,#4017,#4018,#4019,#4020,#4021,#4022,#4023,#4024,#4025,#4026,#4027,#4028,#4029,#4030,#4031,#4032,#4033,#4034,#4035,#4036,#4037,#4038,#4039,#4040,#4041,#4042,#4043,#4044,#4045,#4046,#4047,#4048,#4049,#4050,#4051,#4052,#4053,#4054,#4055,#4056,#4057,#4058,#4059,#4060,#4061,#4062,#4063,#4064,#4065,#4066,#4067,#4068,#4069,#4070,#4071,#4072,#4073,#4074,#4075,#4076,#4077,#4078,#4079,#4080,#4081,#4082,#4083,#4084,#4085,#4086,#4087,#4088,#4089,#4090,#4091,#4092,#4093,#4094,#4095,#4096,#4097,#4098,#4099,#4100,#4101,#4102,#4103,#4104,#4105,#4106,#4107,#4108,#4109,#4110,#4111,#4112,#4113,#4114,#4115,#4116,#4117,#4118,#4119,#4120,#4121,#4122,#4123,#4124,#4125,#4126,#4127,#4128,#4129,#4130,#4131,#4132,#4133,#4134,#4135,#4136,#4137,#4138,#4139,#4140,#4141,#4142,#4143,#4144,#4145,#4146,#4147,#4148,#4149,#4150,#4151,#4152,#4153,#4154,#4155,#4156,#4157,#4158,#4159,#4160,#4161,#4162,#4163,#4164,#4165,#4166,#4167,#4168,#4169,#4170,#4171,#4172,#4173,#4174,#4175,#4176,#4177,#4178,#4179,#4180,#4181,#4182,#4183,#4184,#4185,#4232,#4234,#4242,#4243,#4245,#4247,#4249,#4251,#4253,#4255,#4257,#4259,#4261,#4263,#4266,#4267,#4269,#4271,#4274,#4276,#4279,#4281,#4283,#4285,#4287,#4289,#4292,#4294,#4296,#4298,#4300,#4303,#4304,#4306,#4308,#4311,#4312,#4314,#4316,#4319,#4320,#4322,#4324,#4327,#4328,#4330,#4332,#4335,#4336,#4338,#4340,#4343,#4344,#4346,#4348,#4351,#4352,#4354,#4356,#4359,#4360,#4362,#4364,#4367,#4368,#4370,#4372,#4375,#4376,#4378,#4380,#4383,#4384,#4386,#4388,#4391,#4392,#4394,#4396,#4399,#4400,#4402,#4404,#4407,#4409,#4412,#4413,#4416,#4418,#4421,#4423,#4426,#4427,#4430,#4432,#4435,#4437,#4439,#4441,#4444,#4446,#4449,#4451,#4454,#4455,#4459,#4460,#4462,#4464,#4466,#4468,#4470,#4472,#4474,#4476,#4478,#4480,#4482,#4484,#4486,#4488,#4490,#4492,#4494,#4496,#4498,#4500,#4502,#4504,#4506,#4508,#4510,#4512,#4514,#4516,#4518,#4521,#4524,#4526,#4530,#4532,#4535,#4538,#4541,#4543,#4545,#4548,#4549,#4552,#4554,#4557,#4559,#4562,#4564,#4567,#4569,#4572,#4574,#4577,#4579,#4582,#4584,#4586,#4588,#4590,#4592,#4594,#4596,#4598,#4600,#4602,#4604,#4606,#4608,#4610,#4612,#4614,#4618,#4619,#4621,#4623,#4626,#4627,#4629,#4631,#4634,#4635,#4637,#4639,#4642,#4643,#4645,#4647,#4650,#4651,#4653,#4655,#4658,#4659,#4661,#4663,#4666,#4669,#4673,#4675,#4677,#4681,#4685,#4687,#4690,#4691,#4693,#4697,#4699,#4701,#4703,#4707,#4710,#4713,#4714,#4719,#4722,#4725,#4727,#4729,#4731,#4735,#4736,#4738,#4740,#4742,#4744,#4746,#4748,#4753,#4755,#4758,#4761,#4768,#4773,#4775,#4778,#4781,#4782,#4784,#4786,#4789,#4792,#4794,#4799,#4804,#4806,#4809,#4811,#4813,#4815,#4817,#4820,#4822,#4824,#4827,#4829,#4832,#4835,#4838,#4839,#4843,#4846,#4851,#4852,#4856,#4859,#4866,#4868,#4870,#4875,#4878,#4880,#4883,#4885,#4888,#4890,#4893,#4896,#4899,#4902,#4905,#4907,#4911,#4914,#4917,#4921,#4925,#4929,#4934,#4937,#4941,#4944,#4948,#4951,#4955,#4958,#4962,#4965,#4969,#4972,#4976,#4978,#4981,#4982,#4986,#4988,#4991,#4994,#4995,#4998,#5000,#5002,#5005,#5006,#5008,#5011,#5013,#5015,#5018,#5021,#5024,#5027,#5030,#5031,#5033,#5036,#5038,#5041,#5042,#5045,#5047,#5049,#5056,#5058,#5061,#5064,#5074,#5076,#5079,#5082,#5088,#5090,#5093,#5095,#5098,#5101,#5104,#5107,#5112,#5114,#5117,#5120,#5124,#5126,#5129,#5131,#5134,#5137,#5140,#5143,#5148,#5150,#5153,#5156,#5160,#5162,#5165,#5167,#5170,#5173,#5176,#5179,#5184,#5186,#5189,#5192,#5196,#5198,#5201,#5203,#5206,#5209,#5212,#5215,#5220,#5222,#5225,#5228,#5232,#5234,#5237,#5240,#5244,#5246,#5249,#5252,#5256,#5258,#5261,#5264,#5268,#5270,#5273,#5276,#5280,#5282,#5285,#5288,#5292,#5294,#5297,#5300,#5304,#5306,#5309,#5312));
ENDSEC;
END-ISO-10303-21;
