ISO-10303-21;
HEADER;
FILE_DESCRIPTION(('STEP AP242'),'1');
FILE_NAME('0559320410.stp','2026-04-15T18:38:05',('TraceParts'),('TraceParts S.A.S.'),'Spatial InterOp 3D',' ',' ');
FILE_SCHEMA(('AP242_MANAGED_MODEL_BASED_3D_ENGINEERING_MIM_LF  {1 0 10303 442 1 1 4}'));
ENDSEC;
DATA;
#1=PRODUCT_DEFINITION_CONTEXT('',#10,'design');
#2=APPLICATION_PROTOCOL_DEFINITION('INTERNATIONAL STANDARD','ap242_managed_model_based_3d_engineering',2014,#10);
#3=PRODUCT_CATEGORY_RELATIONSHIP('NONE','NONE',#11,#12);
#4=SHAPE_DEFINITION_REPRESENTATION(#13,#14);
#5=SHAPE_DEFINITION_REPRESENTATION(#13,#15);
#6= (GEOMETRIC_REPRESENTATION_CONTEXT(3)GLOBAL_UNCERTAINTY_ASSIGNED_CONTEXT((#18))GLOBAL_UNIT_ASSIGNED_CONTEXT((#20,#21,#22))REPRESENTATION_CONTEXT('NONE','WORKSPACE'));
#10=APPLICATION_CONTEXT('managed model based 3d engineering');
#11=PRODUCT_CATEGORY('part','NONE');
#12=PRODUCT_RELATED_PRODUCT_CATEGORY('detail',' ',(#24));
#13=PRODUCT_DEFINITION_SHAPE('NONE','NONE',#25);
#14=ADVANCED_BREP_SHAPE_REPRESENTATION('1',(#26,#27),#6);
#15=GEOMETRICALLY_BOUNDED_SURFACE_SHAPE_REPRESENTATION('2',(#28,#29),#6);
#18=UNCERTAINTY_MEASURE_WITH_UNIT(LENGTH_MEASURE(1.0E-06),#20,'','');
#20= (CONVERSION_BASED_UNIT('MILLIMETRE',#32)LENGTH_UNIT()NAMED_UNIT(#35));
#21= (NAMED_UNIT(#37)PLANE_ANGLE_UNIT()SI_UNIT($,.RADIAN.));
#22= (NAMED_UNIT(#37)SOLID_ANGLE_UNIT()SI_UNIT($,.STERADIAN.));
#24=PRODUCT('1','','PART--DESC',(#43));
#25=PRODUCT_DEFINITION('','NONE',#44,#1);
#26=MANIFOLD_SOLID_BREP('1',#45);
#27=AXIS2_PLACEMENT_3D('',#46,#47,#48);
#28=GEOMETRIC_SET('2',(#49,#50,#51,#52,#53,#54));
#29=AXIS2_PLACEMENT_3D('',#55,#56,#57);
#32=LENGTH_MEASURE_WITH_UNIT(LENGTH_MEASURE(1.0),#58);
#35=DIMENSIONAL_EXPONENTS(1.0,0.0,0.0,0.0,0.0,0.0,0.0);
#37=DIMENSIONAL_EXPONENTS(0.0,0.0,0.0,0.0,0.0,0.0,0.0);
#43=PRODUCT_CONTEXT('',#10,'mechanical');
#44=PRODUCT_DEFINITION_FORMATION_WITH_SPECIFIED_SOURCE(' ','NONE',#24,.NOT_KNOWN.);
#45=CLOSED_SHELL('',(#59,#60,#61,#62,#63,#64,#65,#66,#67,#68,#69,#70,#71,#72,#73,#74,#75,#76,#77,#78,#79,#80,#81,#82,#83,#84,#85,#86,#87,#88,#89,#90,#91,#92,#93,#94,#95,#96,#97,#98,#99,#100,#101,#102,#103,#104,#105,#106,#107,#108,#109,#110,#111,#112,#113,#114,#115,#116,#117,#118,#119,#120,#121,#122,#123,#124,#125,#126,#127,#128,#129,#130,#131,#132,#133,#134,#135,#136,#137,#138,#139,#140,#141,#142,#143,#144,#145,#146,#147,#148,#149,#150,#151,#152,#153,#154,#155,#156,#157,#158,#159,#160,#161,#162,#163,#164,#165,#166,#167,#168,#169,#170,#171,#172,#173,#174,#175,#176,#177,#178,#179,#180,#181,#182,#183,#184,#185,#186,#187,#188,#189,#190,#191,#192,#193,#194,#195,#196,#197,#198,#199,#200,#201,#202,#203,#204,#205,#206,#207,#208,#209,#210,#211,#212,#213,#214,#215,#216,#217,#218,#219,#220,#221,#222,#223,#224,#225,#226,#227,#228,#229,#230,#231,#232,#233,#234,#235,#236,#237,#238,#239,#240,#241,#242,#243,#244,#245,#246,#247,#248,#249,#250,#251,#252,#253,#254,#255,#256,#257,#258,#259,#260,#261,#262,#263,#264,#265,#266,#267));
#46=CARTESIAN_POINT('',(0.0,0.0,0.0));
#47=DIRECTION('',(0.0,0.0,1.0));
#48=DIRECTION('',(1.0,0.0,0.0));
#49=COMPOSITE_CURVE('',(#268,#269),.U.);
#50=COMPOSITE_CURVE('',(#270,#271),.U.);
#51=COMPOSITE_CURVE('',(#272,#273),.U.);
#52=COMPOSITE_CURVE('',(#274,#275),.U.);
#53=COMPOSITE_CURVE('',(#276,#277),.U.);
#54=COMPOSITE_CURVE('',(#278),.U.);
#55=CARTESIAN_POINT('',(0.0,0.0,0.0));
#56=DIRECTION('',(0.0,0.0,1.0));
#57=DIRECTION('',(1.0,0.0,0.0));
#58= (NAMED_UNIT(#35)LENGTH_UNIT()SI_UNIT(.MILLI.,.METRE.));
#59=ADVANCED_FACE('',(#280),#281,.T.);
#60=ADVANCED_FACE('',(#282),#283,.T.);
#61=ADVANCED_FACE('',(#284),#285,.F.);
#62=ADVANCED_FACE('',(#286),#287,.F.);
#63=ADVANCED_FACE('',(#288),#289,.F.);
#64=ADVANCED_FACE('',(#290,#291,#292,#293,#294,#295,#296,#297,#298,#299),#300,.F.);
#65=ADVANCED_FACE('',(#301),#302,.F.);
#66=ADVANCED_FACE('',(#303),#304,.F.);
#67=ADVANCED_FACE('',(#305),#306,.F.);
#68=ADVANCED_FACE('',(#307),#308,.T.);
#69=ADVANCED_FACE('',(#309),#310,.T.);
#70=ADVANCED_FACE('',(#311),#312,.F.);
#71=ADVANCED_FACE('',(#313),#314,.T.);
#72=ADVANCED_FACE('',(#315),#316,.F.);
#73=ADVANCED_FACE('',(#317),#318,.T.);
#74=ADVANCED_FACE('',(#319),#320,.T.);
#75=ADVANCED_FACE('',(#321),#322,.T.);
#76=ADVANCED_FACE('',(#323),#324,.T.);
#77=ADVANCED_FACE('',(#325),#326,.F.);
#78=ADVANCED_FACE('',(#327,#328,#329,#330,#331),#332,.T.);
#79=ADVANCED_FACE('',(#333),#334,.T.);
#80=ADVANCED_FACE('',(#335),#336,.T.);
#81=ADVANCED_FACE('',(#337),#338,.T.);
#82=ADVANCED_FACE('',(#339),#340,.T.);
#83=ADVANCED_FACE('',(#341),#342,.F.);
#84=ADVANCED_FACE('',(#343),#344,.T.);
#85=ADVANCED_FACE('',(#345),#346,.T.);
#86=ADVANCED_FACE('',(#347),#348,.T.);
#87=ADVANCED_FACE('',(#349),#350,.T.);
#88=ADVANCED_FACE('',(#351),#352,.T.);
#89=ADVANCED_FACE('',(#353),#354,.T.);
#90=ADVANCED_FACE('',(#355),#356,.T.);
#91=ADVANCED_FACE('',(#357),#358,.T.);
#92=ADVANCED_FACE('',(#359),#360,.T.);
#93=ADVANCED_FACE('',(#361),#362,.T.);
#94=ADVANCED_FACE('',(#363),#364,.F.);
#95=ADVANCED_FACE('',(#365),#366,.T.);
#96=ADVANCED_FACE('',(#367),#368,.T.);
#97=ADVANCED_FACE('',(#369),#370,.T.);
#98=ADVANCED_FACE('',(#371),#372,.T.);
#99=ADVANCED_FACE('',(#373),#374,.T.);
#100=ADVANCED_FACE('',(#375),#376,.T.);
#101=ADVANCED_FACE('',(#377),#378,.T.);
#102=ADVANCED_FACE('',(#379),#380,.F.);
#103=ADVANCED_FACE('',(#381),#382,.F.);
#104=ADVANCED_FACE('',(#383),#384,.T.);
#105=ADVANCED_FACE('',(#385),#386,.T.);
#106=ADVANCED_FACE('',(#387),#388,.T.);
#107=ADVANCED_FACE('',(#389),#390,.F.);
#108=ADVANCED_FACE('',(#391),#392,.T.);
#109=ADVANCED_FACE('',(#393),#394,.T.);
#110=ADVANCED_FACE('',(#395),#396,.F.);
#111=ADVANCED_FACE('',(#397),#398,.F.);
#112=ADVANCED_FACE('',(#399),#400,.F.);
#113=ADVANCED_FACE('',(#401),#402,.F.);
#114=ADVANCED_FACE('',(#403),#404,.T.);
#115=ADVANCED_FACE('',(#405),#406,.F.);
#116=ADVANCED_FACE('',(#407),#408,.F.);
#117=ADVANCED_FACE('',(#409),#410,.T.);
#118=ADVANCED_FACE('',(#411),#412,.F.);
#119=ADVANCED_FACE('',(#413),#414,.F.);
#120=ADVANCED_FACE('',(#415),#416,.T.);
#121=ADVANCED_FACE('',(#417),#418,.T.);
#122=ADVANCED_FACE('',(#419),#420,.T.);
#123=ADVANCED_FACE('',(#421),#422,.T.);
#124=ADVANCED_FACE('',(#423),#424,.T.);
#125=ADVANCED_FACE('',(#425),#426,.T.);
#126=ADVANCED_FACE('',(#427),#428,.T.);
#127=ADVANCED_FACE('',(#429,#430),#431,.T.);
#128=ADVANCED_FACE('',(#432),#433,.T.);
#129=ADVANCED_FACE('',(#434),#435,.T.);
#130=ADVANCED_FACE('',(#436),#437,.F.);
#131=ADVANCED_FACE('',(#438),#439,.F.);
#132=ADVANCED_FACE('',(#440),#441,.F.);
#133=ADVANCED_FACE('',(#442),#443,.F.);
#134=ADVANCED_FACE('',(#444),#445,.T.);
#135=ADVANCED_FACE('',(#446),#447,.F.);
#136=ADVANCED_FACE('',(#448),#449,.T.);
#137=ADVANCED_FACE('',(#450),#451,.T.);
#138=ADVANCED_FACE('',(#452),#453,.T.);
#139=ADVANCED_FACE('',(#454),#455,.T.);
#140=ADVANCED_FACE('',(#456),#457,.F.);
#141=ADVANCED_FACE('',(#458),#459,.F.);
#142=ADVANCED_FACE('',(#460),#461,.F.);
#143=ADVANCED_FACE('',(#462),#463,.F.);
#144=ADVANCED_FACE('',(#464),#465,.T.);
#145=ADVANCED_FACE('',(#466),#467,.T.);
#146=ADVANCED_FACE('',(#468),#469,.F.);
#147=ADVANCED_FACE('',(#470),#471,.T.);
#148=ADVANCED_FACE('',(#472),#473,.T.);
#149=ADVANCED_FACE('',(#474),#475,.F.);
#150=ADVANCED_FACE('',(#476),#477,.F.);
#151=ADVANCED_FACE('',(#478),#479,.F.);
#152=ADVANCED_FACE('',(#480),#481,.F.);
#153=ADVANCED_FACE('',(#482),#483,.T.);
#154=ADVANCED_FACE('',(#484),#485,.T.);
#155=ADVANCED_FACE('',(#486),#487,.T.);
#156=ADVANCED_FACE('',(#488),#489,.T.);
#157=ADVANCED_FACE('',(#490),#491,.T.);
#158=ADVANCED_FACE('',(#492),#493,.T.);
#159=ADVANCED_FACE('',(#494),#495,.T.);
#160=ADVANCED_FACE('',(#496),#497,.T.);
#161=ADVANCED_FACE('',(#498),#499,.F.);
#162=ADVANCED_FACE('',(#500),#501,.T.);
#163=ADVANCED_FACE('',(#502),#503,.T.);
#164=ADVANCED_FACE('',(#504),#505,.T.);
#165=ADVANCED_FACE('',(#506),#507,.T.);
#166=ADVANCED_FACE('',(#508),#509,.T.);
#167=ADVANCED_FACE('',(#510),#511,.T.);
#168=ADVANCED_FACE('',(#512),#513,.T.);
#169=ADVANCED_FACE('',(#514),#515,.T.);
#170=ADVANCED_FACE('',(#516),#517,.T.);
#171=ADVANCED_FACE('',(#518),#519,.T.);
#172=ADVANCED_FACE('',(#520),#521,.T.);
#173=ADVANCED_FACE('',(#522),#523,.T.);
#174=ADVANCED_FACE('',(#524),#525,.T.);
#175=ADVANCED_FACE('',(#526),#527,.T.);
#176=ADVANCED_FACE('',(#528),#529,.T.);
#177=ADVANCED_FACE('',(#530),#531,.T.);
#178=ADVANCED_FACE('',(#532),#533,.F.);
#179=ADVANCED_FACE('',(#534),#535,.F.);
#180=ADVANCED_FACE('',(#536),#537,.T.);
#181=ADVANCED_FACE('',(#538),#539,.T.);
#182=ADVANCED_FACE('',(#540),#541,.T.);
#183=ADVANCED_FACE('',(#542),#543,.T.);
#184=ADVANCED_FACE('',(#544),#545,.T.);
#185=ADVANCED_FACE('',(#546),#547,.T.);
#186=ADVANCED_FACE('',(#548),#549,.T.);
#187=ADVANCED_FACE('',(#550),#551,.T.);
#188=ADVANCED_FACE('',(#552),#553,.T.);
#189=ADVANCED_FACE('',(#554),#555,.T.);
#190=ADVANCED_FACE('',(#556),#557,.F.);
#191=ADVANCED_FACE('',(#558),#559,.F.);
#192=ADVANCED_FACE('',(#560),#561,.T.);
#193=ADVANCED_FACE('',(#562),#563,.T.);
#194=ADVANCED_FACE('',(#564),#565,.T.);
#195=ADVANCED_FACE('',(#566),#567,.T.);
#196=ADVANCED_FACE('',(#568),#569,.T.);
#197=ADVANCED_FACE('',(#570),#571,.T.);
#198=ADVANCED_FACE('',(#572),#573,.T.);
#199=ADVANCED_FACE('',(#574),#575,.T.);
#200=ADVANCED_FACE('',(#576),#577,.T.);
#201=ADVANCED_FACE('',(#578),#579,.T.);
#202=ADVANCED_FACE('',(#580),#581,.T.);
#203=ADVANCED_FACE('',(#582),#583,.T.);
#204=ADVANCED_FACE('',(#584),#585,.T.);
#205=ADVANCED_FACE('',(#586),#587,.T.);
#206=ADVANCED_FACE('',(#588),#589,.T.);
#207=ADVANCED_FACE('',(#590),#591,.T.);
#208=ADVANCED_FACE('',(#592),#593,.T.);
#209=ADVANCED_FACE('',(#594),#595,.T.);
#210=ADVANCED_FACE('',(#596),#597,.T.);
#211=ADVANCED_FACE('',(#598),#599,.T.);
#212=ADVANCED_FACE('',(#600),#601,.T.);
#213=ADVANCED_FACE('',(#602),#603,.T.);
#214=ADVANCED_FACE('',(#604),#605,.F.);
#215=ADVANCED_FACE('',(#606),#607,.F.);
#216=ADVANCED_FACE('',(#608),#609,.T.);
#217=ADVANCED_FACE('',(#610),#611,.T.);
#218=ADVANCED_FACE('',(#612),#613,.T.);
#219=ADVANCED_FACE('',(#614),#615,.T.);
#220=ADVANCED_FACE('',(#616),#617,.T.);
#221=ADVANCED_FACE('',(#618),#619,.T.);
#222=ADVANCED_FACE('',(#620),#621,.T.);
#223=ADVANCED_FACE('',(#622),#623,.T.);
#224=ADVANCED_FACE('',(#624),#625,.T.);
#225=ADVANCED_FACE('',(#626),#627,.T.);
#226=ADVANCED_FACE('',(#628),#629,.T.);
#227=ADVANCED_FACE('',(#630),#631,.T.);
#228=ADVANCED_FACE('',(#632),#633,.F.);
#229=ADVANCED_FACE('',(#634),#635,.F.);
#230=ADVANCED_FACE('',(#636),#637,.T.);
#231=ADVANCED_FACE('',(#638),#639,.T.);
#232=ADVANCED_FACE('',(#640),#641,.T.);
#233=ADVANCED_FACE('',(#642),#643,.T.);
#234=ADVANCED_FACE('',(#644),#645,.T.);
#235=ADVANCED_FACE('',(#646),#647,.T.);
#236=ADVANCED_FACE('',(#648),#649,.T.);
#237=ADVANCED_FACE('',(#650),#651,.T.);
#238=ADVANCED_FACE('',(#652),#653,.T.);
#239=ADVANCED_FACE('',(#654),#655,.T.);
#240=ADVANCED_FACE('',(#656),#657,.T.);
#241=ADVANCED_FACE('',(#658),#659,.T.);
#242=ADVANCED_FACE('',(#660),#661,.F.);
#243=ADVANCED_FACE('',(#662),#663,.T.);
#244=ADVANCED_FACE('',(#664),#665,.T.);
#245=ADVANCED_FACE('',(#666),#667,.T.);
#246=ADVANCED_FACE('',(#668),#669,.T.);
#247=ADVANCED_FACE('',(#670),#671,.T.);
#248=ADVANCED_FACE('',(#672),#673,.T.);
#249=ADVANCED_FACE('',(#674),#675,.T.);
#250=ADVANCED_FACE('',(#676),#677,.T.);
#251=ADVANCED_FACE('',(#678),#679,.T.);
#252=ADVANCED_FACE('',(#680),#681,.T.);
#253=ADVANCED_FACE('',(#682),#683,.T.);
#254=ADVANCED_FACE('',(#684),#685,.T.);
#255=ADVANCED_FACE('',(#686),#687,.T.);
#256=ADVANCED_FACE('',(#688),#689,.T.);
#257=ADVANCED_FACE('',(#690),#691,.T.);
#258=ADVANCED_FACE('',(#692),#693,.T.);
#259=ADVANCED_FACE('',(#694),#695,.T.);
#260=ADVANCED_FACE('',(#696),#697,.T.);
#261=ADVANCED_FACE('',(#698),#699,.T.);
#262=ADVANCED_FACE('',(#700),#701,.T.);
#263=ADVANCED_FACE('',(#702),#703,.T.);
#264=ADVANCED_FACE('',(#704),#705,.T.);
#265=ADVANCED_FACE('',(#706),#707,.T.);
#266=ADVANCED_FACE('',(#708),#709,.T.);
#267=ADVANCED_FACE('',(#710),#711,.T.);
#268=COMPOSITE_CURVE_SEGMENT(.CONTINUOUS.,.T.,#712);
#269=COMPOSITE_CURVE_SEGMENT(.CONTINUOUS.,.T.,#713);
#270=COMPOSITE_CURVE_SEGMENT(.CONTINUOUS.,.T.,#714);
#271=COMPOSITE_CURVE_SEGMENT(.CONTINUOUS.,.T.,#715);
#272=COMPOSITE_CURVE_SEGMENT(.CONTINUOUS.,.T.,#716);
#273=COMPOSITE_CURVE_SEGMENT(.CONTINUOUS.,.T.,#717);
#274=COMPOSITE_CURVE_SEGMENT(.CONTINUOUS.,.T.,#718);
#275=COMPOSITE_CURVE_SEGMENT(.CONTINUOUS.,.T.,#719);
#276=COMPOSITE_CURVE_SEGMENT(.CONTINUOUS.,.T.,#720);
#277=COMPOSITE_CURVE_SEGMENT(.CONTINUOUS.,.T.,#721);
#278=COMPOSITE_CURVE_SEGMENT(.CONTINUOUS.,.T.,#722);
#280=FACE_OUTER_BOUND('',#723,.T.);
#281=CONICAL_SURFACE('',#724,0.399999999804,0.463647609000754);
#282=FACE_OUTER_BOUND('',#725,.T.);
#283=CONICAL_SURFACE('',#726,0.399999999804,0.463647609000754);
#284=FACE_OUTER_BOUND('',#727,.T.);
#285=PLANE('',#728);
#286=FACE_OUTER_BOUND('',#729,.T.);
#287=PLANE('',#730);
#288=FACE_OUTER_BOUND('',#731,.T.);
#289=PLANE('',#732);
#290=FACE_OUTER_BOUND('',#733,.T.);
#291=FACE_BOUND('',#734,.T.);
#292=FACE_BOUND('',#735,.T.);
#293=FACE_BOUND('',#736,.T.);
#294=FACE_BOUND('',#737,.T.);
#295=FACE_BOUND('',#738,.T.);
#296=FACE_BOUND('',#739,.T.);
#297=FACE_BOUND('',#740,.T.);
#298=FACE_BOUND('',#741,.T.);
#299=FACE_BOUND('',#742,.T.);
#300=PLANE('',#743);
#301=FACE_OUTER_BOUND('',#744,.T.);
#302=PLANE('',#745);
#303=FACE_OUTER_BOUND('',#746,.T.);
#304=PLANE('',#747);
#305=FACE_OUTER_BOUND('',#748,.T.);
#306=PLANE('',#749);
#307=FACE_OUTER_BOUND('',#750,.T.);
#308=PLANE('',#751);
#309=FACE_OUTER_BOUND('',#752,.T.);
#310=PLANE('',#753);
#311=FACE_OUTER_BOUND('',#754,.T.);
#312=PLANE('',#755);
#313=FACE_OUTER_BOUND('',#756,.T.);
#314=PLANE('',#757);
#315=FACE_OUTER_BOUND('',#758,.T.);
#316=PLANE('',#759);
#317=FACE_OUTER_BOUND('',#760,.T.);
#318=PLANE('',#761);
#319=FACE_OUTER_BOUND('',#762,.T.);
#320=PLANE('',#763);
#321=FACE_OUTER_BOUND('',#764,.T.);
#322=PLANE('',#765);
#323=FACE_OUTER_BOUND('',#766,.T.);
#324=PLANE('',#767);
#325=FACE_OUTER_BOUND('',#768,.T.);
#326=PLANE('',#769);
#327=FACE_OUTER_BOUND('',#770,.T.);
#328=FACE_BOUND('',#771,.T.);
#329=FACE_BOUND('',#772,.T.);
#330=FACE_BOUND('',#773,.T.);
#331=FACE_BOUND('',#774,.T.);
#332=PLANE('',#775);
#333=FACE_OUTER_BOUND('',#776,.T.);
#334=PLANE('',#777);
#335=FACE_OUTER_BOUND('',#778,.T.);
#336=PLANE('',#779);
#337=FACE_OUTER_BOUND('',#780,.T.);
#338=PLANE('',#781);
#339=FACE_OUTER_BOUND('',#782,.T.);
#340=PLANE('',#783);
#341=FACE_OUTER_BOUND('',#784,.T.);
#342=PLANE('',#785);
#343=FACE_OUTER_BOUND('',#786,.T.);
#344=PLANE('',#787);
#345=FACE_OUTER_BOUND('',#788,.T.);
#346=PLANE('',#789);
#347=FACE_OUTER_BOUND('',#790,.T.);
#348=PLANE('',#791);
#349=FACE_OUTER_BOUND('',#792,.T.);
#350=PLANE('',#793);
#351=FACE_OUTER_BOUND('',#794,.T.);
#352=PLANE('',#795);
#353=FACE_OUTER_BOUND('',#796,.T.);
#354=PLANE('',#797);
#355=FACE_OUTER_BOUND('',#798,.T.);
#356=PLANE('',#799);
#357=FACE_OUTER_BOUND('',#800,.T.);
#358=PLANE('',#801);
#359=FACE_OUTER_BOUND('',#802,.T.);
#360=PLANE('',#803);
#361=FACE_OUTER_BOUND('',#804,.T.);
#362=PLANE('',#805);
#363=FACE_OUTER_BOUND('',#806,.T.);
#364=PLANE('',#807);
#365=FACE_OUTER_BOUND('',#808,.T.);
#366=PLANE('',#809);
#367=FACE_OUTER_BOUND('',#810,.T.);
#368=PLANE('',#811);
#369=FACE_OUTER_BOUND('',#812,.T.);
#370=PLANE('',#813);
#371=FACE_OUTER_BOUND('',#814,.T.);
#372=PLANE('',#815);
#373=FACE_OUTER_BOUND('',#816,.T.);
#374=PLANE('',#817);
#375=FACE_OUTER_BOUND('',#818,.T.);
#376=PLANE('',#819);
#377=FACE_OUTER_BOUND('',#820,.T.);
#378=PLANE('',#821);
#379=FACE_OUTER_BOUND('',#822,.T.);
#380=PLANE('',#823);
#381=FACE_OUTER_BOUND('',#824,.T.);
#382=PLANE('',#825);
#383=FACE_OUTER_BOUND('',#826,.T.);
#384=PLANE('',#827);
#385=FACE_OUTER_BOUND('',#828,.T.);
#386=PLANE('',#829);
#387=FACE_OUTER_BOUND('',#830,.T.);
#388=PLANE('',#831);
#389=FACE_OUTER_BOUND('',#832,.T.);
#390=PLANE('',#833);
#391=FACE_OUTER_BOUND('',#834,.T.);
#392=PLANE('',#835);
#393=FACE_OUTER_BOUND('',#836,.T.);
#394=PLANE('',#837);
#395=FACE_OUTER_BOUND('',#838,.T.);
#396=PLANE('',#839);
#397=FACE_OUTER_BOUND('',#840,.T.);
#398=PLANE('',#841);
#399=FACE_OUTER_BOUND('',#842,.T.);
#400=PLANE('',#843);
#401=FACE_OUTER_BOUND('',#844,.T.);
#402=PLANE('',#845);
#403=FACE_OUTER_BOUND('',#846,.T.);
#404=PLANE('',#847);
#405=FACE_OUTER_BOUND('',#848,.T.);
#406=PLANE('',#849);
#407=FACE_OUTER_BOUND('',#850,.T.);
#408=PLANE('',#851);
#409=FACE_OUTER_BOUND('',#852,.T.);
#410=PLANE('',#853);
#411=FACE_OUTER_BOUND('',#854,.T.);
#412=PLANE('',#855);
#413=FACE_OUTER_BOUND('',#856,.T.);
#414=PLANE('',#857);
#415=FACE_OUTER_BOUND('',#858,.T.);
#416=PLANE('',#859);
#417=FACE_OUTER_BOUND('',#860,.T.);
#418=PLANE('',#861);
#419=FACE_OUTER_BOUND('',#862,.T.);
#420=PLANE('',#863);
#421=FACE_OUTER_BOUND('',#864,.T.);
#422=PLANE('',#865);
#423=FACE_OUTER_BOUND('',#866,.T.);
#424=PLANE('',#867);
#425=FACE_OUTER_BOUND('',#868,.T.);
#426=PLANE('',#869);
#427=FACE_OUTER_BOUND('',#870,.T.);
#428=PLANE('',#871);
#429=FACE_OUTER_BOUND('',#872,.T.);
#430=FACE_BOUND('',#873,.T.);
#431=PLANE('',#874);
#432=FACE_OUTER_BOUND('',#875,.T.);
#433=PLANE('',#876);
#434=FACE_OUTER_BOUND('',#877,.T.);
#435=PLANE('',#878);
#436=FACE_OUTER_BOUND('',#879,.T.);
#437=PLANE('',#880);
#438=FACE_OUTER_BOUND('',#881,.T.);
#439=PLANE('',#882);
#440=FACE_OUTER_BOUND('',#883,.T.);
#441=PLANE('',#884);
#442=FACE_OUTER_BOUND('',#885,.T.);
#443=PLANE('',#886);
#444=FACE_OUTER_BOUND('',#887,.T.);
#445=PLANE('',#888);
#446=FACE_OUTER_BOUND('',#889,.T.);
#447=PLANE('',#890);
#448=FACE_OUTER_BOUND('',#891,.T.);
#449=PLANE('',#892);
#450=FACE_OUTER_BOUND('',#893,.T.);
#451=PLANE('',#894);
#452=FACE_OUTER_BOUND('',#895,.T.);
#453=PLANE('',#896);
#454=FACE_OUTER_BOUND('',#897,.T.);
#455=PLANE('',#898);
#456=FACE_OUTER_BOUND('',#899,.T.);
#457=PLANE('',#900);
#458=FACE_OUTER_BOUND('',#901,.T.);
#459=PLANE('',#902);
#460=FACE_OUTER_BOUND('',#903,.T.);
#461=PLANE('',#904);
#462=FACE_OUTER_BOUND('',#905,.T.);
#463=PLANE('',#906);
#464=FACE_OUTER_BOUND('',#907,.T.);
#465=PLANE('',#908);
#466=FACE_OUTER_BOUND('',#909,.T.);
#467=PLANE('',#910);
#468=FACE_OUTER_BOUND('',#911,.T.);
#469=PLANE('',#912);
#470=FACE_OUTER_BOUND('',#913,.T.);
#471=PLANE('',#914);
#472=FACE_OUTER_BOUND('',#915,.T.);
#473=CYLINDRICAL_SURFACE('',#916,0.6);
#474=FACE_OUTER_BOUND('',#917,.T.);
#475=PLANE('',#918);
#476=FACE_OUTER_BOUND('',#919,.T.);
#477=PLANE('',#920);
#478=FACE_OUTER_BOUND('',#921,.T.);
#479=PLANE('',#922);
#480=FACE_OUTER_BOUND('',#923,.T.);
#481=PLANE('',#924);
#482=FACE_OUTER_BOUND('',#925,.T.);
#483=CYLINDRICAL_SURFACE('',#926,0.6);
#484=FACE_OUTER_BOUND('',#927,.T.);
#485=PLANE('',#928);
#486=FACE_OUTER_BOUND('',#929,.T.);
#487=PLANE('',#930);
#488=FACE_OUTER_BOUND('',#931,.T.);
#489=CYLINDRICAL_SURFACE('',#932,0.5);
#490=FACE_OUTER_BOUND('',#933,.T.);
#491=CONICAL_SURFACE('',#934,0.399999999804,0.463647609000754);
#492=FACE_OUTER_BOUND('',#935,.T.);
#493=PLANE('',#936);
#494=FACE_OUTER_BOUND('',#937,.T.);
#495=CONICAL_SURFACE('',#938,0.399999999804,0.463647609000754);
#496=FACE_OUTER_BOUND('',#939,.T.);
#497=CYLINDRICAL_SURFACE('',#940,0.5);
#498=FACE_OUTER_BOUND('',#941,.T.);
#499=PLANE('',#942);
#500=FACE_OUTER_BOUND('',#943,.T.);
#501=PLANE('',#944);
#502=FACE_OUTER_BOUND('',#945,.T.);
#503=PLANE('',#946);
#504=FACE_OUTER_BOUND('',#947,.T.);
#505=PLANE('',#948);
#506=FACE_OUTER_BOUND('',#949,.T.);
#507=PLANE('',#950);
#508=FACE_OUTER_BOUND('',#951,.T.);
#509=PLANE('',#952);
#510=FACE_OUTER_BOUND('',#953,.T.);
#511=PLANE('',#954);
#512=FACE_OUTER_BOUND('',#955,.T.);
#513=PLANE('',#956);
#514=FACE_OUTER_BOUND('',#957,.T.);
#515=PLANE('',#958);
#516=FACE_OUTER_BOUND('',#959,.T.);
#517=PLANE('',#960);
#518=FACE_OUTER_BOUND('',#961,.T.);
#519=PLANE('',#962);
#520=FACE_OUTER_BOUND('',#963,.T.);
#521=PLANE('',#964);
#522=FACE_OUTER_BOUND('',#965,.T.);
#523=PLANE('',#966);
#524=FACE_OUTER_BOUND('',#967,.T.);
#525=PLANE('',#968);
#526=FACE_OUTER_BOUND('',#969,.T.);
#527=PLANE('',#970);
#528=FACE_OUTER_BOUND('',#971,.T.);
#529=PLANE('',#972);
#530=FACE_OUTER_BOUND('',#973,.T.);
#531=PLANE('',#974);
#532=FACE_OUTER_BOUND('',#975,.T.);
#533=PLANE('',#976);
#534=FACE_OUTER_BOUND('',#977,.T.);
#535=PLANE('',#978);
#536=FACE_OUTER_BOUND('',#979,.T.);
#537=PLANE('',#980);
#538=FACE_OUTER_BOUND('',#981,.T.);
#539=PLANE('',#982);
#540=FACE_OUTER_BOUND('',#983,.T.);
#541=PLANE('',#984);
#542=FACE_OUTER_BOUND('',#985,.T.);
#543=PLANE('',#986);
#544=FACE_OUTER_BOUND('',#987,.T.);
#545=PLANE('',#988);
#546=FACE_OUTER_BOUND('',#989,.T.);
#547=PLANE('',#990);
#548=FACE_OUTER_BOUND('',#991,.T.);
#549=PLANE('',#992);
#550=FACE_OUTER_BOUND('',#993,.T.);
#551=PLANE('',#994);
#552=FACE_OUTER_BOUND('',#995,.T.);
#553=PLANE('',#996);
#554=FACE_OUTER_BOUND('',#997,.T.);
#555=PLANE('',#998);
#556=FACE_OUTER_BOUND('',#999,.T.);
#557=PLANE('',#1000);
#558=FACE_OUTER_BOUND('',#1001,.T.);
#559=PLANE('',#1002);
#560=FACE_OUTER_BOUND('',#1003,.T.);
#561=PLANE('',#1004);
#562=FACE_OUTER_BOUND('',#1005,.T.);
#563=PLANE('',#1006);
#564=FACE_OUTER_BOUND('',#1007,.T.);
#565=PLANE('',#1008);
#566=FACE_OUTER_BOUND('',#1009,.T.);
#567=PLANE('',#1010);
#568=FACE_OUTER_BOUND('',#1011,.T.);
#569=PLANE('',#1012);
#570=FACE_OUTER_BOUND('',#1013,.T.);
#571=PLANE('',#1014);
#572=FACE_OUTER_BOUND('',#1015,.T.);
#573=PLANE('',#1016);
#574=FACE_OUTER_BOUND('',#1017,.T.);
#575=PLANE('',#1018);
#576=FACE_OUTER_BOUND('',#1019,.T.);
#577=PLANE('',#1020);
#578=FACE_OUTER_BOUND('',#1021,.T.);
#579=PLANE('',#1022);
#580=FACE_OUTER_BOUND('',#1023,.T.);
#581=PLANE('',#1024);
#582=FACE_OUTER_BOUND('',#1025,.T.);
#583=PLANE('',#1026);
#584=FACE_OUTER_BOUND('',#1027,.T.);
#585=PLANE('',#1028);
#586=FACE_OUTER_BOUND('',#1029,.T.);
#587=PLANE('',#1030);
#588=FACE_OUTER_BOUND('',#1031,.T.);
#589=PLANE('',#1032);
#590=FACE_OUTER_BOUND('',#1033,.T.);
#591=PLANE('',#1034);
#592=FACE_OUTER_BOUND('',#1035,.T.);
#593=PLANE('',#1036);
#594=FACE_OUTER_BOUND('',#1037,.T.);
#595=PLANE('',#1038);
#596=FACE_OUTER_BOUND('',#1039,.T.);
#597=PLANE('',#1040);
#598=FACE_OUTER_BOUND('',#1041,.T.);
#599=PLANE('',#1042);
#600=FACE_OUTER_BOUND('',#1043,.T.);
#601=PLANE('',#1044);
#602=FACE_OUTER_BOUND('',#1045,.T.);
#603=PLANE('',#1046);
#604=FACE_OUTER_BOUND('',#1047,.T.);
#605=PLANE('',#1048);
#606=FACE_OUTER_BOUND('',#1049,.T.);
#607=PLANE('',#1050);
#608=FACE_OUTER_BOUND('',#1051,.T.);
#609=PLANE('',#1052);
#610=FACE_OUTER_BOUND('',#1053,.T.);
#611=PLANE('',#1054);
#612=FACE_OUTER_BOUND('',#1055,.T.);
#613=PLANE('',#1056);
#614=FACE_OUTER_BOUND('',#1057,.T.);
#615=PLANE('',#1058);
#616=FACE_OUTER_BOUND('',#1059,.T.);
#617=PLANE('',#1060);
#618=FACE_OUTER_BOUND('',#1061,.T.);
#619=PLANE('',#1062);
#620=FACE_OUTER_BOUND('',#1063,.T.);
#621=PLANE('',#1064);
#622=FACE_OUTER_BOUND('',#1065,.T.);
#623=PLANE('',#1066);
#624=FACE_OUTER_BOUND('',#1067,.T.);
#625=PLANE('',#1068);
#626=FACE_OUTER_BOUND('',#1069,.T.);
#627=PLANE('',#1070);
#628=FACE_OUTER_BOUND('',#1071,.T.);
#629=PLANE('',#1072);
#630=FACE_OUTER_BOUND('',#1073,.T.);
#631=PLANE('',#1074);
#632=FACE_OUTER_BOUND('',#1075,.T.);
#633=PLANE('',#1076);
#634=FACE_OUTER_BOUND('',#1077,.T.);
#635=PLANE('',#1078);
#636=FACE_OUTER_BOUND('',#1079,.T.);
#637=PLANE('',#1080);
#638=FACE_OUTER_BOUND('',#1081,.T.);
#639=PLANE('',#1082);
#640=FACE_OUTER_BOUND('',#1083,.T.);
#641=PLANE('',#1084);
#642=FACE_OUTER_BOUND('',#1085,.T.);
#643=PLANE('',#1086);
#644=FACE_OUTER_BOUND('',#1087,.T.);
#645=PLANE('',#1088);
#646=FACE_OUTER_BOUND('',#1089,.T.);
#647=PLANE('',#1090);
#648=FACE_OUTER_BOUND('',#1091,.T.);
#649=PLANE('',#1092);
#650=FACE_OUTER_BOUND('',#1093,.T.);
#651=PLANE('',#1094);
#652=FACE_OUTER_BOUND('',#1095,.T.);
#653=PLANE('',#1096);
#654=FACE_OUTER_BOUND('',#1097,.T.);
#655=PLANE('',#1098);
#656=FACE_OUTER_BOUND('',#1099,.T.);
#657=PLANE('',#1100);
#658=FACE_OUTER_BOUND('',#1101,.T.);
#659=PLANE('',#1102);
#660=FACE_OUTER_BOUND('',#1103,.T.);
#661=PLANE('',#1104);
#662=FACE_OUTER_BOUND('',#1105,.T.);
#663=PLANE('',#1106);
#664=FACE_OUTER_BOUND('',#1107,.T.);
#665=PLANE('',#1108);
#666=FACE_OUTER_BOUND('',#1109,.T.);
#667=PLANE('',#1110);
#668=FACE_OUTER_BOUND('',#1111,.T.);
#669=PLANE('',#1112);
#670=FACE_OUTER_BOUND('',#1113,.T.);
#671=PLANE('',#1114);
#672=FACE_OUTER_BOUND('',#1115,.T.);
#673=PLANE('',#1116);
#674=FACE_OUTER_BOUND('',#1117,.T.);
#675=PLANE('',#1118);
#676=FACE_OUTER_BOUND('',#1119,.T.);
#677=PLANE('',#1120);
#678=FACE_OUTER_BOUND('',#1121,.T.);
#679=PLANE('',#1122);
#680=FACE_OUTER_BOUND('',#1123,.T.);
#681=PLANE('',#1124);
#682=FACE_OUTER_BOUND('',#1125,.T.);
#683=PLANE('',#1126);
#684=FACE_OUTER_BOUND('',#1127,.T.);
#685=PLANE('',#1128);
#686=FACE_OUTER_BOUND('',#1129,.T.);
#687=PLANE('',#1130);
#688=FACE_OUTER_BOUND('',#1131,.T.);
#689=PLANE('',#1132);
#690=FACE_OUTER_BOUND('',#1133,.T.);
#691=PLANE('',#1134);
#692=FACE_OUTER_BOUND('',#1135,.T.);
#693=PLANE('',#1136);
#694=FACE_OUTER_BOUND('',#1137,.T.);
#695=PLANE('',#1138);
#696=FACE_OUTER_BOUND('',#1139,.T.);
#697=PLANE('',#1140);
#698=FACE_OUTER_BOUND('',#1141,.T.);
#699=PLANE('',#1142);
#700=FACE_OUTER_BOUND('',#1143,.T.);
#701=PLANE('',#1144);
#702=FACE_OUTER_BOUND('',#1145,.T.);
#703=PLANE('',#1146);
#704=FACE_OUTER_BOUND('',#1147,.T.);
#705=PLANE('',#1148);
#706=FACE_OUTER_BOUND('',#1149,.T.);
#707=PLANE('',#1150);
#708=FACE_OUTER_BOUND('',#1151,.T.);
#709=PLANE('',#1152);
#710=FACE_OUTER_BOUND('',#1153,.T.);
#711=PLANE('',#1154);
#712=TRIMMED_CURVE('',#1155,(PARAMETER_VALUE(0.0)),(PARAMETER_VALUE(3.1415926535892)),.T.,.UNSPECIFIED.);
#713=TRIMMED_CURVE('',#1156,(PARAMETER_VALUE(0.0)),(PARAMETER_VALUE(3.1415926535892)),.T.,.UNSPECIFIED.);
#714=TRIMMED_CURVE('',#1157,(PARAMETER_VALUE(0.0)),(PARAMETER_VALUE(3.1415926535892)),.T.,.UNSPECIFIED.);
#715=TRIMMED_CURVE('',#1158,(PARAMETER_VALUE(0.0)),(PARAMETER_VALUE(3.1415926535892)),.T.,.UNSPECIFIED.);
#716=TRIMMED_CURVE('',#1159,(PARAMETER_VALUE(0.0)),(PARAMETER_VALUE(3.1415926535892)),.T.,.UNSPECIFIED.);
#717=TRIMMED_CURVE('',#1160,(PARAMETER_VALUE(0.0)),(PARAMETER_VALUE(3.1415926535892)),.T.,.UNSPECIFIED.);
#718=TRIMMED_CURVE('',#1161,(PARAMETER_VALUE(0.0)),(PARAMETER_VALUE(3.1415926535892)),.T.,.UNSPECIFIED.);
#719=TRIMMED_CURVE('',#1162,(PARAMETER_VALUE(0.0)),(PARAMETER_VALUE(3.1415926535892)),.T.,.UNSPECIFIED.);
#720=TRIMMED_CURVE('',#1163,(PARAMETER_VALUE(0.0)),(PARAMETER_VALUE(3.1415926535892)),.T.,.UNSPECIFIED.);
#721=TRIMMED_CURVE('',#1164,(PARAMETER_VALUE(0.0)),(PARAMETER_VALUE(3.1415926535892)),.T.,.UNSPECIFIED.);
#722=TRIMMED_CURVE('A_1',#1165,(PARAMETER_VALUE(0.0)),(PARAMETER_VALUE(1.0)),.T.,.UNSPECIFIED.);
#723=EDGE_LOOP('',(#1166,#1167,#1168,#1169));
#724=AXIS2_PLACEMENT_3D('',#1170,#1171,#1172);
#725=EDGE_LOOP('',(#1173,#1174,#1175,#1176));
#726=AXIS2_PLACEMENT_3D('',#1177,#1178,#1179);
#727=EDGE_LOOP('',(#1180,#1181,#1182,#1183,#1184,#1185,#1186,#1187,#1188,#1189,#1190,#1191));
#728=AXIS2_PLACEMENT_3D('',#1192,#1193,#1194);
#729=EDGE_LOOP('',(#1195,#1196,#1197,#1198));
#730=AXIS2_PLACEMENT_3D('',#1199,#1200,#1201);
#731=EDGE_LOOP('',(#1202,#1203,#1204,#1205));
#732=AXIS2_PLACEMENT_3D('',#1206,#1207,#1208);
#733=EDGE_LOOP('',(#1209,#1210,#1211,#1212,#1213,#1214,#1215,#1216,#1217,#1218,#1219,#1220,#1221,#1222,#1223,#1224));
#734=EDGE_LOOP('',(#1225,#1226,#1227,#1228));
#735=EDGE_LOOP('',(#1229,#1230,#1231,#1232));
#736=EDGE_LOOP('',(#1233,#1234,#1235,#1236));
#737=EDGE_LOOP('',(#1237,#1238,#1239,#1240));
#738=EDGE_LOOP('',(#1241,#1242,#1243,#1244));
#739=EDGE_LOOP('',(#1245,#1246,#1247,#1248));
#740=EDGE_LOOP('',(#1249,#1250,#1251,#1252));
#741=EDGE_LOOP('',(#1253,#1254,#1255,#1256));
#742=EDGE_LOOP('',(#1257,#1258,#1259,#1260));
#743=AXIS2_PLACEMENT_3D('',#1261,#1262,#1263);
#744=EDGE_LOOP('',(#1264,#1265,#1266,#1267));
#745=AXIS2_PLACEMENT_3D('',#1268,#1269,#1270);
#746=EDGE_LOOP('',(#1271,#1272,#1273,#1274,#1275,#1276));
#747=AXIS2_PLACEMENT_3D('',#1277,#1278,#1279);
#748=EDGE_LOOP('',(#1280,#1281,#1282,#1283,#1284,#1285));
#749=AXIS2_PLACEMENT_3D('',#1286,#1287,#1288);
#750=EDGE_LOOP('',(#1289,#1290,#1291,#1292,#1293,#1294,#1295,#1296,#1297,#1298,#1299,#1300));
#751=AXIS2_PLACEMENT_3D('',#1301,#1302,#1303);
#752=EDGE_LOOP('',(#1304,#1305,#1306,#1307));
#753=AXIS2_PLACEMENT_3D('',#1308,#1309,#1310);
#754=EDGE_LOOP('',(#1311,#1312,#1313,#1314,#1315));
#755=AXIS2_PLACEMENT_3D('',#1316,#1317,#1318);
#756=EDGE_LOOP('',(#1319,#1320,#1321,#1322));
#757=AXIS2_PLACEMENT_3D('',#1323,#1324,#1325);
#758=EDGE_LOOP('',(#1326,#1327,#1328,#1329,#1330,#1331,#1332,#1333,#1334,#1335,#1336,#1337,#1338,#1339,#1340,#1341,#1342,#1343,#1344,#1345,#1346,#1347,#1348,#1349,#1350,#1351,#1352,#1353));
#759=AXIS2_PLACEMENT_3D('',#1354,#1355,#1356);
#760=EDGE_LOOP('',(#1357,#1358,#1359,#1360));
#761=AXIS2_PLACEMENT_3D('',#1361,#1362,#1363);
#762=EDGE_LOOP('',(#1364,#1365,#1366,#1367,#1368,#1369));
#763=AXIS2_PLACEMENT_3D('',#1370,#1371,#1372);
#764=EDGE_LOOP('',(#1373,#1374,#1375,#1376,#1377,#1378));
#765=AXIS2_PLACEMENT_3D('',#1379,#1380,#1381);
#766=EDGE_LOOP('',(#1382,#1383,#1384,#1385));
#767=AXIS2_PLACEMENT_3D('',#1386,#1387,#1388);
#768=EDGE_LOOP('',(#1389,#1390,#1391,#1392,#1393,#1394));
#769=AXIS2_PLACEMENT_3D('',#1395,#1396,#1397);
#770=EDGE_LOOP('',(#1398,#1399,#1400,#1401,#1402,#1403,#1404,#1405,#1406,#1407,#1408,#1409,#1410,#1411,#1412,#1413,#1414,#1415,#1416,#1417,#1418,#1419,#1420,#1421,#1422,#1423,#1424,#1425,#1426,#1427,#1428,#1429,#1430,#1431,#1432,#1433,#1434,#1435,#1436,#1437));
#771=EDGE_LOOP('',(#1438,#1439,#1440,#1441));
#772=EDGE_LOOP('',(#1442,#1443,#1444,#1445));
#773=EDGE_LOOP('',(#1446,#1447,#1448,#1449));
#774=EDGE_LOOP('',(#1450,#1451,#1452,#1453));
#775=AXIS2_PLACEMENT_3D('',#1454,#1455,#1456);
#776=EDGE_LOOP('',(#1457,#1458,#1459,#1460));
#777=AXIS2_PLACEMENT_3D('',#1461,#1462,#1463);
#778=EDGE_LOOP('',(#1464,#1465,#1466,#1467));
#779=AXIS2_PLACEMENT_3D('',#1468,#1469,#1470);
#780=EDGE_LOOP('',(#1471,#1472,#1473,#1474));
#781=AXIS2_PLACEMENT_3D('',#1475,#1476,#1477);
#782=EDGE_LOOP('',(#1478,#1479,#1480,#1481));
#783=AXIS2_PLACEMENT_3D('',#1482,#1483,#1484);
#784=EDGE_LOOP('',(#1485,#1486,#1487,#1488,#1489,#1490));
#785=AXIS2_PLACEMENT_3D('',#1491,#1492,#1493);
#786=EDGE_LOOP('',(#1494,#1495,#1496,#1497));
#787=AXIS2_PLACEMENT_3D('',#1498,#1499,#1500);
#788=EDGE_LOOP('',(#1501,#1502,#1503,#1504));
#789=AXIS2_PLACEMENT_3D('',#1505,#1506,#1507);
#790=EDGE_LOOP('',(#1508,#1509,#1510,#1511));
#791=AXIS2_PLACEMENT_3D('',#1512,#1513,#1514);
#792=EDGE_LOOP('',(#1515,#1516,#1517,#1518));
#793=AXIS2_PLACEMENT_3D('',#1519,#1520,#1521);
#794=EDGE_LOOP('',(#1522,#1523,#1524,#1525,#1526,#1527));
#795=AXIS2_PLACEMENT_3D('',#1528,#1529,#1530);
#796=EDGE_LOOP('',(#1531,#1532,#1533,#1534,#1535,#1536));
#797=AXIS2_PLACEMENT_3D('',#1537,#1538,#1539);
#798=EDGE_LOOP('',(#1540,#1541,#1542,#1543));
#799=AXIS2_PLACEMENT_3D('',#1544,#1545,#1546);
#800=EDGE_LOOP('',(#1547,#1548,#1549,#1550));
#801=AXIS2_PLACEMENT_3D('',#1551,#1552,#1553);
#802=EDGE_LOOP('',(#1554,#1555,#1556,#1557));
#803=AXIS2_PLACEMENT_3D('',#1558,#1559,#1560);
#804=EDGE_LOOP('',(#1561,#1562,#1563,#1564));
#805=AXIS2_PLACEMENT_3D('',#1565,#1566,#1567);
#806=EDGE_LOOP('',(#1568,#1569,#1570,#1571,#1572,#1573));
#807=AXIS2_PLACEMENT_3D('',#1574,#1575,#1576);
#808=EDGE_LOOP('',(#1577,#1578,#1579,#1580));
#809=AXIS2_PLACEMENT_3D('',#1581,#1582,#1583);
#810=EDGE_LOOP('',(#1584,#1585,#1586,#1587,#1588,#1589,#1590,#1591));
#811=AXIS2_PLACEMENT_3D('',#1592,#1593,#1594);
#812=EDGE_LOOP('',(#1595,#1596,#1597,#1598,#1599,#1600,#1601,#1602));
#813=AXIS2_PLACEMENT_3D('',#1603,#1604,#1605);
#814=EDGE_LOOP('',(#1606,#1607,#1608,#1609));
#815=AXIS2_PLACEMENT_3D('',#1610,#1611,#1612);
#816=EDGE_LOOP('',(#1613,#1614,#1615,#1616));
#817=AXIS2_PLACEMENT_3D('',#1617,#1618,#1619);
#818=EDGE_LOOP('',(#1620,#1621,#1622,#1623));
#819=AXIS2_PLACEMENT_3D('',#1624,#1625,#1626);
#820=EDGE_LOOP('',(#1627,#1628,#1629,#1630));
#821=AXIS2_PLACEMENT_3D('',#1631,#1632,#1633);
#822=EDGE_LOOP('',(#1634,#1635,#1636,#1637,#1638,#1639));
#823=AXIS2_PLACEMENT_3D('',#1640,#1641,#1642);
#824=EDGE_LOOP('',(#1643,#1644,#1645,#1646));
#825=AXIS2_PLACEMENT_3D('',#1647,#1648,#1649);
#826=EDGE_LOOP('',(#1650,#1651,#1652,#1653));
#827=AXIS2_PLACEMENT_3D('',#1654,#1655,#1656);
#828=EDGE_LOOP('',(#1657,#1658,#1659,#1660));
#829=AXIS2_PLACEMENT_3D('',#1661,#1662,#1663);
#830=EDGE_LOOP('',(#1664,#1665,#1666,#1667));
#831=AXIS2_PLACEMENT_3D('',#1668,#1669,#1670);
#832=EDGE_LOOP('',(#1671,#1672,#1673,#1674));
#833=AXIS2_PLACEMENT_3D('',#1675,#1676,#1677);
#834=EDGE_LOOP('',(#1678,#1679,#1680,#1681));
#835=AXIS2_PLACEMENT_3D('',#1682,#1683,#1684);
#836=EDGE_LOOP('',(#1685,#1686,#1687,#1688));
#837=AXIS2_PLACEMENT_3D('',#1689,#1690,#1691);
#838=EDGE_LOOP('',(#1692,#1693,#1694,#1695,#1696,#1697,#1698));
#839=AXIS2_PLACEMENT_3D('',#1699,#1700,#1701);
#840=EDGE_LOOP('',(#1702,#1703,#1704,#1705));
#841=AXIS2_PLACEMENT_3D('',#1706,#1707,#1708);
#842=EDGE_LOOP('',(#1709,#1710,#1711,#1712));
#843=AXIS2_PLACEMENT_3D('',#1713,#1714,#1715);
#844=EDGE_LOOP('',(#1716,#1717,#1718,#1719));
#845=AXIS2_PLACEMENT_3D('',#1720,#1721,#1722);
#846=EDGE_LOOP('',(#1723,#1724,#1725,#1726,#1727,#1728));
#847=AXIS2_PLACEMENT_3D('',#1729,#1730,#1731);
#848=EDGE_LOOP('',(#1732,#1733,#1734,#1735,#1736,#1737,#1738));
#849=AXIS2_PLACEMENT_3D('',#1739,#1740,#1741);
#850=EDGE_LOOP('',(#1742,#1743,#1744,#1745));
#851=AXIS2_PLACEMENT_3D('',#1746,#1747,#1748);
#852=EDGE_LOOP('',(#1749,#1750,#1751,#1752));
#853=AXIS2_PLACEMENT_3D('',#1753,#1754,#1755);
#854=EDGE_LOOP('',(#1756,#1757,#1758,#1759));
#855=AXIS2_PLACEMENT_3D('',#1760,#1761,#1762);
#856=EDGE_LOOP('',(#1763,#1764,#1765,#1766,#1767,#1768,#1769));
#857=AXIS2_PLACEMENT_3D('',#1770,#1771,#1772);
#858=EDGE_LOOP('',(#1773,#1774,#1775,#1776,#1777,#1778,#1779,#1780));
#859=AXIS2_PLACEMENT_3D('',#1781,#1782,#1783);
#860=EDGE_LOOP('',(#1784,#1785,#1786,#1787,#1788,#1789,#1790,#1791,#1792,#1793,#1794));
#861=AXIS2_PLACEMENT_3D('',#1795,#1796,#1797);
#862=EDGE_LOOP('',(#1798,#1799,#1800,#1801,#1802,#1803));
#863=AXIS2_PLACEMENT_3D('',#1804,#1805,#1806);
#864=EDGE_LOOP('',(#1807,#1808,#1809,#1810,#1811,#1812));
#865=AXIS2_PLACEMENT_3D('',#1813,#1814,#1815);
#866=EDGE_LOOP('',(#1816,#1817,#1818,#1819));
#867=AXIS2_PLACEMENT_3D('',#1820,#1821,#1822);
#868=EDGE_LOOP('',(#1823,#1824,#1825,#1826));
#869=AXIS2_PLACEMENT_3D('',#1827,#1828,#1829);
#870=EDGE_LOOP('',(#1830,#1831,#1832,#1833));
#871=AXIS2_PLACEMENT_3D('',#1834,#1835,#1836);
#872=EDGE_LOOP('',(#1837,#1838,#1839,#1840));
#873=EDGE_LOOP('',(#1841,#1842));
#874=AXIS2_PLACEMENT_3D('',#1843,#1844,#1845);
#875=EDGE_LOOP('',(#1846,#1847,#1848,#1849,#1850,#1851));
#876=AXIS2_PLACEMENT_3D('',#1852,#1853,#1854);
#877=EDGE_LOOP('',(#1855,#1856,#1857,#1858,#1859,#1860));
#878=AXIS2_PLACEMENT_3D('',#1861,#1862,#1863);
#879=EDGE_LOOP('',(#1864,#1865,#1866,#1867));
#880=AXIS2_PLACEMENT_3D('',#1868,#1869,#1870);
#881=EDGE_LOOP('',(#1871,#1872,#1873,#1874));
#882=AXIS2_PLACEMENT_3D('',#1875,#1876,#1877);
#883=EDGE_LOOP('',(#1878,#1879,#1880,#1881));
#884=AXIS2_PLACEMENT_3D('',#1882,#1883,#1884);
#885=EDGE_LOOP('',(#1885,#1886,#1887,#1888));
#886=AXIS2_PLACEMENT_3D('',#1889,#1890,#1891);
#887=EDGE_LOOP('',(#1892,#1893,#1894,#1895,#1896,#1897,#1898,#1899,#1900,#1901,#1902,#1903));
#888=AXIS2_PLACEMENT_3D('',#1904,#1905,#1906);
#889=EDGE_LOOP('',(#1907,#1908,#1909,#1910));
#890=AXIS2_PLACEMENT_3D('',#1911,#1912,#1913);
#891=EDGE_LOOP('',(#1914,#1915,#1916,#1917));
#892=AXIS2_PLACEMENT_3D('',#1918,#1919,#1920);
#893=EDGE_LOOP('',(#1921,#1922,#1923,#1924));
#894=AXIS2_PLACEMENT_3D('',#1925,#1926,#1927);
#895=EDGE_LOOP('',(#1928,#1929,#1930,#1931,#1932,#1933,#1934,#1935,#1936,#1937,#1938));
#896=AXIS2_PLACEMENT_3D('',#1939,#1940,#1941);
#897=EDGE_LOOP('',(#1942,#1943,#1944,#1945,#1946,#1947));
#898=AXIS2_PLACEMENT_3D('',#1948,#1949,#1950);
#899=EDGE_LOOP('',(#1951,#1952,#1953,#1954,#1955,#1956,#1957));
#900=AXIS2_PLACEMENT_3D('',#1958,#1959,#1960);
#901=EDGE_LOOP('',(#1961,#1962,#1963,#1964,#1965));
#902=AXIS2_PLACEMENT_3D('',#1966,#1967,#1968);
#903=EDGE_LOOP('',(#1969,#1970,#1971,#1972,#1973));
#904=AXIS2_PLACEMENT_3D('',#1974,#1975,#1976);
#905=EDGE_LOOP('',(#1977,#1978,#1979,#1980));
#906=AXIS2_PLACEMENT_3D('',#1981,#1982,#1983);
#907=EDGE_LOOP('',(#1984,#1985,#1986,#1987,#1988,#1989,#1990,#1991));
#908=AXIS2_PLACEMENT_3D('',#1992,#1993,#1994);
#909=EDGE_LOOP('',(#1995,#1996,#1997,#1998));
#910=AXIS2_PLACEMENT_3D('',#1999,#2000,#2001);
#911=EDGE_LOOP('',(#2002,#2003,#2004,#2005,#2006,#2007));
#912=AXIS2_PLACEMENT_3D('',#2008,#2009,#2010);
#913=EDGE_LOOP('',(#2011,#2012,#2013,#2014,#2015,#2016,#2017,#2018));
#914=AXIS2_PLACEMENT_3D('',#2019,#2020,#2021);
#915=EDGE_LOOP('',(#2022,#2023,#2024,#2025));
#916=AXIS2_PLACEMENT_3D('',#2026,#2027,#2028);
#917=EDGE_LOOP('',(#2029,#2030,#2031,#2032,#2033,#2034,#2035));
#918=AXIS2_PLACEMENT_3D('',#2036,#2037,#2038);
#919=EDGE_LOOP('',(#2039,#2040,#2041,#2042,#2043,#2044,#2045,#2046));
#920=AXIS2_PLACEMENT_3D('',#2047,#2048,#2049);
#921=EDGE_LOOP('',(#2050,#2051,#2052,#2053));
#922=AXIS2_PLACEMENT_3D('',#2054,#2055,#2056);
#923=EDGE_LOOP('',(#2057,#2058,#2059,#2060));
#924=AXIS2_PLACEMENT_3D('',#2061,#2062,#2063);
#925=EDGE_LOOP('',(#2064,#2065,#2066,#2067));
#926=AXIS2_PLACEMENT_3D('',#2068,#2069,#2070);
#927=EDGE_LOOP('',(#2071,#2072,#2073,#2074,#2075,#2076,#2077));
#928=AXIS2_PLACEMENT_3D('',#2078,#2079,#2080);
#929=EDGE_LOOP('',(#2081,#2082,#2083,#2084));
#930=AXIS2_PLACEMENT_3D('',#2085,#2086,#2087);
#931=EDGE_LOOP('',(#2088,#2089,#2090,#2091,#2092));
#932=AXIS2_PLACEMENT_3D('',#2093,#2094,#2095);
#933=EDGE_LOOP('',(#2096,#2097,#2098,#2099));
#934=AXIS2_PLACEMENT_3D('',#2100,#2101,#2102);
#935=EDGE_LOOP('',(#2103,#2104,#2105,#2106));
#936=AXIS2_PLACEMENT_3D('',#2107,#2108,#2109);
#937=EDGE_LOOP('',(#2110,#2111,#2112,#2113));
#938=AXIS2_PLACEMENT_3D('',#2114,#2115,#2116);
#939=EDGE_LOOP('',(#2117,#2118,#2119,#2120,#2121));
#940=AXIS2_PLACEMENT_3D('',#2122,#2123,#2124);
#941=EDGE_LOOP('',(#2125,#2126,#2127,#2128));
#942=AXIS2_PLACEMENT_3D('',#2129,#2130,#2131);
#943=EDGE_LOOP('',(#2132,#2133,#2134,#2135));
#944=AXIS2_PLACEMENT_3D('',#2136,#2137,#2138);
#945=EDGE_LOOP('',(#2139,#2140,#2141,#2142));
#946=AXIS2_PLACEMENT_3D('',#2143,#2144,#2145);
#947=EDGE_LOOP('',(#2146,#2147,#2148,#2149));
#948=AXIS2_PLACEMENT_3D('',#2150,#2151,#2152);
#949=EDGE_LOOP('',(#2153,#2154,#2155,#2156));
#950=AXIS2_PLACEMENT_3D('',#2157,#2158,#2159);
#951=EDGE_LOOP('',(#2160,#2161,#2162,#2163));
#952=AXIS2_PLACEMENT_3D('',#2164,#2165,#2166);
#953=EDGE_LOOP('',(#2167,#2168,#2169,#2170));
#954=AXIS2_PLACEMENT_3D('',#2171,#2172,#2173);
#955=EDGE_LOOP('',(#2174,#2175,#2176,#2177));
#956=AXIS2_PLACEMENT_3D('',#2178,#2179,#2180);
#957=EDGE_LOOP('',(#2181,#2182,#2183,#2184));
#958=AXIS2_PLACEMENT_3D('',#2185,#2186,#2187);
#959=EDGE_LOOP('',(#2188,#2189,#2190,#2191));
#960=AXIS2_PLACEMENT_3D('',#2192,#2193,#2194);
#961=EDGE_LOOP('',(#2195,#2196,#2197,#2198));
#962=AXIS2_PLACEMENT_3D('',#2199,#2200,#2201);
#963=EDGE_LOOP('',(#2202,#2203,#2204,#2205));
#964=AXIS2_PLACEMENT_3D('',#2206,#2207,#2208);
#965=EDGE_LOOP('',(#2209,#2210,#2211,#2212));
#966=AXIS2_PLACEMENT_3D('',#2213,#2214,#2215);
#967=EDGE_LOOP('',(#2216,#2217,#2218,#2219));
#968=AXIS2_PLACEMENT_3D('',#2220,#2221,#2222);
#969=EDGE_LOOP('',(#2223,#2224,#2225,#2226));
#970=AXIS2_PLACEMENT_3D('',#2227,#2228,#2229);
#971=EDGE_LOOP('',(#2230,#2231,#2232,#2233));
#972=AXIS2_PLACEMENT_3D('',#2234,#2235,#2236);
#973=EDGE_LOOP('',(#2237,#2238,#2239,#2240));
#974=AXIS2_PLACEMENT_3D('',#2241,#2242,#2243);
#975=EDGE_LOOP('',(#2244,#2245,#2246,#2247));
#976=AXIS2_PLACEMENT_3D('',#2248,#2249,#2250);
#977=EDGE_LOOP('',(#2251,#2252,#2253,#2254));
#978=AXIS2_PLACEMENT_3D('',#2255,#2256,#2257);
#979=EDGE_LOOP('',(#2258,#2259,#2260,#2261));
#980=AXIS2_PLACEMENT_3D('',#2262,#2263,#2264);
#981=EDGE_LOOP('',(#2265,#2266,#2267,#2268));
#982=AXIS2_PLACEMENT_3D('',#2269,#2270,#2271);
#983=EDGE_LOOP('',(#2272,#2273,#2274,#2275,#2276,#2277,#2278,#2279));
#984=AXIS2_PLACEMENT_3D('',#2280,#2281,#2282);
#985=EDGE_LOOP('',(#2283,#2284,#2285,#2286,#2287,#2288,#2289,#2290));
#986=AXIS2_PLACEMENT_3D('',#2291,#2292,#2293);
#987=EDGE_LOOP('',(#2294,#2295,#2296,#2297));
#988=AXIS2_PLACEMENT_3D('',#2298,#2299,#2300);
#989=EDGE_LOOP('',(#2301,#2302,#2303,#2304));
#990=AXIS2_PLACEMENT_3D('',#2305,#2306,#2307);
#991=EDGE_LOOP('',(#2308,#2309,#2310,#2311));
#992=AXIS2_PLACEMENT_3D('',#2312,#2313,#2314);
#993=EDGE_LOOP('',(#2315,#2316,#2317,#2318));
#994=AXIS2_PLACEMENT_3D('',#2319,#2320,#2321);
#995=EDGE_LOOP('',(#2322,#2323,#2324,#2325,#2326,#2327,#2328,#2329));
#996=AXIS2_PLACEMENT_3D('',#2330,#2331,#2332);
#997=EDGE_LOOP('',(#2333,#2334,#2335,#2336,#2337,#2338,#2339,#2340));
#998=AXIS2_PLACEMENT_3D('',#2341,#2342,#2343);
#999=EDGE_LOOP('',(#2344,#2345,#2346,#2347));
#1000=AXIS2_PLACEMENT_3D('',#2348,#2349,#2350);
#1001=EDGE_LOOP('',(#2351,#2352,#2353,#2354));
#1002=AXIS2_PLACEMENT_3D('',#2355,#2356,#2357);
#1003=EDGE_LOOP('',(#2358,#2359,#2360,#2361));
#1004=AXIS2_PLACEMENT_3D('',#2362,#2363,#2364);
#1005=EDGE_LOOP('',(#2365,#2366,#2367,#2368));
#1006=AXIS2_PLACEMENT_3D('',#2369,#2370,#2371);
#1007=EDGE_LOOP('',(#2372,#2373,#2374,#2375));
#1008=AXIS2_PLACEMENT_3D('',#2376,#2377,#2378);
#1009=EDGE_LOOP('',(#2379,#2380,#2381,#2382));
#1010=AXIS2_PLACEMENT_3D('',#2383,#2384,#2385);
#1011=EDGE_LOOP('',(#2386,#2387,#2388,#2389));
#1012=AXIS2_PLACEMENT_3D('',#2390,#2391,#2392);
#1013=EDGE_LOOP('',(#2393,#2394,#2395,#2396));
#1014=AXIS2_PLACEMENT_3D('',#2397,#2398,#2399);
#1015=EDGE_LOOP('',(#2400,#2401,#2402,#2403));
#1016=AXIS2_PLACEMENT_3D('',#2404,#2405,#2406);
#1017=EDGE_LOOP('',(#2407,#2408,#2409,#2410));
#1018=AXIS2_PLACEMENT_3D('',#2411,#2412,#2413);
#1019=EDGE_LOOP('',(#2414,#2415,#2416,#2417));
#1020=AXIS2_PLACEMENT_3D('',#2418,#2419,#2420);
#1021=EDGE_LOOP('',(#2421,#2422,#2423,#2424));
#1022=AXIS2_PLACEMENT_3D('',#2425,#2426,#2427);
#1023=EDGE_LOOP('',(#2428,#2429,#2430,#2431));
#1024=AXIS2_PLACEMENT_3D('',#2432,#2433,#2434);
#1025=EDGE_LOOP('',(#2435,#2436,#2437,#2438));
#1026=AXIS2_PLACEMENT_3D('',#2439,#2440,#2441);
#1027=EDGE_LOOP('',(#2442,#2443,#2444,#2445));
#1028=AXIS2_PLACEMENT_3D('',#2446,#2447,#2448);
#1029=EDGE_LOOP('',(#2449,#2450,#2451,#2452));
#1030=AXIS2_PLACEMENT_3D('',#2453,#2454,#2455);
#1031=EDGE_LOOP('',(#2456,#2457,#2458,#2459));
#1032=AXIS2_PLACEMENT_3D('',#2460,#2461,#2462);
#1033=EDGE_LOOP('',(#2463,#2464,#2465,#2466));
#1034=AXIS2_PLACEMENT_3D('',#2467,#2468,#2469);
#1035=EDGE_LOOP('',(#2470,#2471,#2472,#2473));
#1036=AXIS2_PLACEMENT_3D('',#2474,#2475,#2476);
#1037=EDGE_LOOP('',(#2477,#2478,#2479,#2480));
#1038=AXIS2_PLACEMENT_3D('',#2481,#2482,#2483);
#1039=EDGE_LOOP('',(#2484,#2485,#2486,#2487));
#1040=AXIS2_PLACEMENT_3D('',#2488,#2489,#2490);
#1041=EDGE_LOOP('',(#2491,#2492,#2493,#2494));
#1042=AXIS2_PLACEMENT_3D('',#2495,#2496,#2497);
#1043=EDGE_LOOP('',(#2498,#2499,#2500,#2501));
#1044=AXIS2_PLACEMENT_3D('',#2502,#2503,#2504);
#1045=EDGE_LOOP('',(#2505,#2506,#2507,#2508));
#1046=AXIS2_PLACEMENT_3D('',#2509,#2510,#2511);
#1047=EDGE_LOOP('',(#2512,#2513,#2514,#2515));
#1048=AXIS2_PLACEMENT_3D('',#2516,#2517,#2518);
#1049=EDGE_LOOP('',(#2519,#2520,#2521,#2522));
#1050=AXIS2_PLACEMENT_3D('',#2523,#2524,#2525);
#1051=EDGE_LOOP('',(#2526,#2527,#2528,#2529));
#1052=AXIS2_PLACEMENT_3D('',#2530,#2531,#2532);
#1053=EDGE_LOOP('',(#2533,#2534,#2535,#2536));
#1054=AXIS2_PLACEMENT_3D('',#2537,#2538,#2539);
#1055=EDGE_LOOP('',(#2540,#2541,#2542,#2543));
#1056=AXIS2_PLACEMENT_3D('',#2544,#2545,#2546);
#1057=EDGE_LOOP('',(#2547,#2548,#2549,#2550));
#1058=AXIS2_PLACEMENT_3D('',#2551,#2552,#2553);
#1059=EDGE_LOOP('',(#2554,#2555,#2556,#2557));
#1060=AXIS2_PLACEMENT_3D('',#2558,#2559,#2560);
#1061=EDGE_LOOP('',(#2561,#2562,#2563,#2564));
#1062=AXIS2_PLACEMENT_3D('',#2565,#2566,#2567);
#1063=EDGE_LOOP('',(#2568,#2569,#2570,#2571));
#1064=AXIS2_PLACEMENT_3D('',#2572,#2573,#2574);
#1065=EDGE_LOOP('',(#2575,#2576,#2577,#2578));
#1066=AXIS2_PLACEMENT_3D('',#2579,#2580,#2581);
#1067=EDGE_LOOP('',(#2582,#2583,#2584,#2585));
#1068=AXIS2_PLACEMENT_3D('',#2586,#2587,#2588);
#1069=EDGE_LOOP('',(#2589,#2590,#2591,#2592));
#1070=AXIS2_PLACEMENT_3D('',#2593,#2594,#2595);
#1071=EDGE_LOOP('',(#2596,#2597,#2598,#2599));
#1072=AXIS2_PLACEMENT_3D('',#2600,#2601,#2602);
#1073=EDGE_LOOP('',(#2603,#2604,#2605,#2606));
#1074=AXIS2_PLACEMENT_3D('',#2607,#2608,#2609);
#1075=EDGE_LOOP('',(#2610,#2611,#2612,#2613));
#1076=AXIS2_PLACEMENT_3D('',#2614,#2615,#2616);
#1077=EDGE_LOOP('',(#2617,#2618,#2619,#2620));
#1078=AXIS2_PLACEMENT_3D('',#2621,#2622,#2623);
#1079=EDGE_LOOP('',(#2624,#2625,#2626,#2627));
#1080=AXIS2_PLACEMENT_3D('',#2628,#2629,#2630);
#1081=EDGE_LOOP('',(#2631,#2632,#2633,#2634));
#1082=AXIS2_PLACEMENT_3D('',#2635,#2636,#2637);
#1083=EDGE_LOOP('',(#2638,#2639,#2640,#2641));
#1084=AXIS2_PLACEMENT_3D('',#2642,#2643,#2644);
#1085=EDGE_LOOP('',(#2645,#2646,#2647,#2648));
#1086=AXIS2_PLACEMENT_3D('',#2649,#2650,#2651);
#1087=EDGE_LOOP('',(#2652,#2653,#2654,#2655));
#1088=AXIS2_PLACEMENT_3D('',#2656,#2657,#2658);
#1089=EDGE_LOOP('',(#2659,#2660,#2661,#2662));
#1090=AXIS2_PLACEMENT_3D('',#2663,#2664,#2665);
#1091=EDGE_LOOP('',(#2666,#2667,#2668,#2669));
#1092=AXIS2_PLACEMENT_3D('',#2670,#2671,#2672);
#1093=EDGE_LOOP('',(#2673,#2674,#2675,#2676));
#1094=AXIS2_PLACEMENT_3D('',#2677,#2678,#2679);
#1095=EDGE_LOOP('',(#2680,#2681,#2682,#2683));
#1096=AXIS2_PLACEMENT_3D('',#2684,#2685,#2686);
#1097=EDGE_LOOP('',(#2687,#2688,#2689,#2690));
#1098=AXIS2_PLACEMENT_3D('',#2691,#2692,#2693);
#1099=EDGE_LOOP('',(#2694,#2695,#2696,#2697));
#1100=AXIS2_PLACEMENT_3D('',#2698,#2699,#2700);
#1101=EDGE_LOOP('',(#2701,#2702,#2703,#2704));
#1102=AXIS2_PLACEMENT_3D('',#2705,#2706,#2707);
#1103=EDGE_LOOP('',(#2708,#2709,#2710,#2711,#2712));
#1104=AXIS2_PLACEMENT_3D('',#2713,#2714,#2715);
#1105=EDGE_LOOP('',(#2716,#2717,#2718,#2719));
#1106=AXIS2_PLACEMENT_3D('',#2720,#2721,#2722);
#1107=EDGE_LOOP('',(#2723,#2724,#2725,#2726));
#1108=AXIS2_PLACEMENT_3D('',#2727,#2728,#2729);
#1109=EDGE_LOOP('',(#2730,#2731,#2732,#2733));
#1110=AXIS2_PLACEMENT_3D('',#2734,#2735,#2736);
#1111=EDGE_LOOP('',(#2737,#2738,#2739,#2740));
#1112=AXIS2_PLACEMENT_3D('',#2741,#2742,#2743);
#1113=EDGE_LOOP('',(#2744,#2745,#2746,#2747));
#1114=AXIS2_PLACEMENT_3D('',#2748,#2749,#2750);
#1115=EDGE_LOOP('',(#2751,#2752,#2753,#2754));
#1116=AXIS2_PLACEMENT_3D('',#2755,#2756,#2757);
#1117=EDGE_LOOP('',(#2758,#2759,#2760,#2761));
#1118=AXIS2_PLACEMENT_3D('',#2762,#2763,#2764);
#1119=EDGE_LOOP('',(#2765,#2766,#2767,#2768));
#1120=AXIS2_PLACEMENT_3D('',#2769,#2770,#2771);
#1121=EDGE_LOOP('',(#2772,#2773,#2774,#2775));
#1122=AXIS2_PLACEMENT_3D('',#2776,#2777,#2778);
#1123=EDGE_LOOP('',(#2779,#2780,#2781,#2782));
#1124=AXIS2_PLACEMENT_3D('',#2783,#2784,#2785);
#1125=EDGE_LOOP('',(#2786,#2787,#2788,#2789));
#1126=AXIS2_PLACEMENT_3D('',#2790,#2791,#2792);
#1127=EDGE_LOOP('',(#2793,#2794,#2795,#2796));
#1128=AXIS2_PLACEMENT_3D('',#2797,#2798,#2799);
#1129=EDGE_LOOP('',(#2800,#2801,#2802,#2803));
#1130=AXIS2_PLACEMENT_3D('',#2804,#2805,#2806);
#1131=EDGE_LOOP('',(#2807,#2808,#2809,#2810));
#1132=AXIS2_PLACEMENT_3D('',#2811,#2812,#2813);
#1133=EDGE_LOOP('',(#2814,#2815,#2816,#2817));
#1134=AXIS2_PLACEMENT_3D('',#2818,#2819,#2820);
#1135=EDGE_LOOP('',(#2821,#2822,#2823,#2824));
#1136=AXIS2_PLACEMENT_3D('',#2825,#2826,#2827);
#1137=EDGE_LOOP('',(#2828,#2829,#2830,#2831));
#1138=AXIS2_PLACEMENT_3D('',#2832,#2833,#2834);
#1139=EDGE_LOOP('',(#2835,#2836,#2837,#2838));
#1140=AXIS2_PLACEMENT_3D('',#2839,#2840,#2841);
#1141=EDGE_LOOP('',(#2842,#2843,#2844,#2845));
#1142=AXIS2_PLACEMENT_3D('',#2846,#2847,#2848);
#1143=EDGE_LOOP('',(#2849,#2850,#2851,#2852));
#1144=AXIS2_PLACEMENT_3D('',#2853,#2854,#2855);
#1145=EDGE_LOOP('',(#2856,#2857,#2858,#2859));
#1146=AXIS2_PLACEMENT_3D('',#2860,#2861,#2862);
#1147=EDGE_LOOP('',(#2863,#2864,#2865,#2866));
#1148=AXIS2_PLACEMENT_3D('',#2867,#2868,#2869);
#1149=EDGE_LOOP('',(#2870,#2871,#2872,#2873));
#1150=AXIS2_PLACEMENT_3D('',#2874,#2875,#2876);
#1151=EDGE_LOOP('',(#2877,#2878,#2879,#2880));
#1152=AXIS2_PLACEMENT_3D('',#2881,#2882,#2883);
#1153=EDGE_LOOP('',(#2884,#2885,#2886,#2887));
#1154=AXIS2_PLACEMENT_3D('',#2888,#2889,#2890);
#1155=CIRCLE('',#2891,0.65);
#1156=CIRCLE('',#2892,0.65);
#1157=CIRCLE('',#2893,0.4);
#1158=CIRCLE('',#2894,0.4);
#1159=CIRCLE('',#2895,0.4);
#1160=CIRCLE('',#2896,0.4);
#1161=CIRCLE('',#2897,0.4);
#1162=CIRCLE('',#2898,0.4);
#1163=CIRCLE('',#2899,0.4);
#1164=CIRCLE('',#2900,0.4);
#1165=LINE('',#2901,#2902);
#1166=ORIENTED_EDGE('',*,*,#2903,.F.);
#1167=ORIENTED_EDGE('',*,*,#2904,.F.);
#1168=ORIENTED_EDGE('',*,*,#2905,.T.);
#1169=ORIENTED_EDGE('',*,*,#2906,.T.);
#1170=CARTESIAN_POINT('',(5.0,2.0,-1.100000000392));
#1171=DIRECTION('',(-0.0,0.0,1.0));
#1172=DIRECTION('',(0.0,-1.0,0.0));
#1173=ORIENTED_EDGE('',*,*,#2907,.F.);
#1174=ORIENTED_EDGE('',*,*,#2908,.T.);
#1175=ORIENTED_EDGE('',*,*,#2905,.F.);
#1176=ORIENTED_EDGE('',*,*,#2909,.F.);
#1177=CARTESIAN_POINT('',(5.0,2.0,-1.100000000392));
#1178=DIRECTION('',(-0.0,0.0,1.0));
#1179=DIRECTION('',(0.0,-1.0,0.0));
#1180=ORIENTED_EDGE('',*,*,#2910,.T.);
#1181=ORIENTED_EDGE('',*,*,#2911,.F.);
#1182=ORIENTED_EDGE('',*,*,#2912,.F.);
#1183=ORIENTED_EDGE('',*,*,#2913,.F.);
#1184=ORIENTED_EDGE('',*,*,#2914,.F.);
#1185=ORIENTED_EDGE('',*,*,#2915,.F.);
#1186=ORIENTED_EDGE('',*,*,#2916,.F.);
#1187=ORIENTED_EDGE('',*,*,#2917,.F.);
#1188=ORIENTED_EDGE('',*,*,#2918,.F.);
#1189=ORIENTED_EDGE('',*,*,#2919,.F.);
#1190=ORIENTED_EDGE('',*,*,#2920,.F.);
#1191=ORIENTED_EDGE('',*,*,#2921,.T.);
#1192=CARTESIAN_POINT('',(-6.0,0.0,0.0));
#1193=DIRECTION('',(1.0,0.0,0.0));
#1194=DIRECTION('',(0.0,1.0,0.0));
#1195=ORIENTED_EDGE('',*,*,#2922,.F.);
#1196=ORIENTED_EDGE('',*,*,#2923,.T.);
#1197=ORIENTED_EDGE('',*,*,#2924,.T.);
#1198=ORIENTED_EDGE('',*,*,#2925,.T.);
#1199=CARTESIAN_POINT('',(6.0,1.3,0.0));
#1200=DIRECTION('',(-0.0,1.0,0.0));
#1201=DIRECTION('',(1.0,0.0,0.0));
#1202=ORIENTED_EDGE('',*,*,#2921,.F.);
#1203=ORIENTED_EDGE('',*,*,#2926,.T.);
#1204=ORIENTED_EDGE('',*,*,#2927,.T.);
#1205=ORIENTED_EDGE('',*,*,#2928,.T.);
#1206=CARTESIAN_POINT('',(6.0,1.3,0.0));
#1207=DIRECTION('',(-0.0,1.0,0.0));
#1208=DIRECTION('',(1.0,0.0,0.0));
#1209=ORIENTED_EDGE('',*,*,#2929,.T.);
#1210=ORIENTED_EDGE('',*,*,#2925,.F.);
#1211=ORIENTED_EDGE('',*,*,#2930,.T.);
#1212=ORIENTED_EDGE('',*,*,#2931,.T.);
#1213=ORIENTED_EDGE('',*,*,#2932,.F.);
#1214=ORIENTED_EDGE('',*,*,#2933,.F.);
#1215=ORIENTED_EDGE('',*,*,#2934,.T.);
#1216=ORIENTED_EDGE('',*,*,#2935,.T.);
#1217=ORIENTED_EDGE('',*,*,#2910,.F.);
#1218=ORIENTED_EDGE('',*,*,#2928,.F.);
#1219=ORIENTED_EDGE('',*,*,#2936,.F.);
#1220=ORIENTED_EDGE('',*,*,#2937,.F.);
#1221=ORIENTED_EDGE('',*,*,#2938,.F.);
#1222=ORIENTED_EDGE('',*,*,#2939,.T.);
#1223=ORIENTED_EDGE('',*,*,#2940,.T.);
#1224=ORIENTED_EDGE('',*,*,#2941,.T.);
#1225=ORIENTED_EDGE('',*,*,#2942,.F.);
#1226=ORIENTED_EDGE('',*,*,#2943,.F.);
#1227=ORIENTED_EDGE('',*,*,#2944,.F.);
#1228=ORIENTED_EDGE('',*,*,#2945,.F.);
#1229=ORIENTED_EDGE('',*,*,#2946,.F.);
#1230=ORIENTED_EDGE('',*,*,#2947,.F.);
#1231=ORIENTED_EDGE('',*,*,#2948,.F.);
#1232=ORIENTED_EDGE('',*,*,#2949,.F.);
#1233=ORIENTED_EDGE('',*,*,#2950,.F.);
#1234=ORIENTED_EDGE('',*,*,#2951,.F.);
#1235=ORIENTED_EDGE('',*,*,#2952,.F.);
#1236=ORIENTED_EDGE('',*,*,#2953,.F.);
#1237=ORIENTED_EDGE('',*,*,#2954,.F.);
#1238=ORIENTED_EDGE('',*,*,#2955,.F.);
#1239=ORIENTED_EDGE('',*,*,#2956,.F.);
#1240=ORIENTED_EDGE('',*,*,#2957,.F.);
#1241=ORIENTED_EDGE('',*,*,#2958,.F.);
#1242=ORIENTED_EDGE('',*,*,#2959,.F.);
#1243=ORIENTED_EDGE('',*,*,#2960,.F.);
#1244=ORIENTED_EDGE('',*,*,#2961,.F.);
#1245=ORIENTED_EDGE('',*,*,#2962,.T.);
#1246=ORIENTED_EDGE('',*,*,#2963,.T.);
#1247=ORIENTED_EDGE('',*,*,#2964,.F.);
#1248=ORIENTED_EDGE('',*,*,#2965,.F.);
#1249=ORIENTED_EDGE('',*,*,#2966,.T.);
#1250=ORIENTED_EDGE('',*,*,#2967,.T.);
#1251=ORIENTED_EDGE('',*,*,#2968,.F.);
#1252=ORIENTED_EDGE('',*,*,#2969,.F.);
#1253=ORIENTED_EDGE('',*,*,#2970,.T.);
#1254=ORIENTED_EDGE('',*,*,#2971,.T.);
#1255=ORIENTED_EDGE('',*,*,#2972,.F.);
#1256=ORIENTED_EDGE('',*,*,#2973,.F.);
#1257=ORIENTED_EDGE('',*,*,#2974,.T.);
#1258=ORIENTED_EDGE('',*,*,#2975,.T.);
#1259=ORIENTED_EDGE('',*,*,#2976,.F.);
#1260=ORIENTED_EDGE('',*,*,#2977,.F.);
#1261=CARTESIAN_POINT('',(-4.25,2.65,0.3));
#1262=DIRECTION('',(0.0,0.0,1.0));
#1263=DIRECTION('',(1.0,0.0,0.0));
#1264=ORIENTED_EDGE('',*,*,#2978,.T.);
#1265=ORIENTED_EDGE('',*,*,#2979,.F.);
#1266=ORIENTED_EDGE('',*,*,#2980,.F.);
#1267=ORIENTED_EDGE('',*,*,#2941,.F.);
#1268=CARTESIAN_POINT('',(4.25,2.1,0.0));
#1269=DIRECTION('',(0.0,-1.0,0.0));
#1270=DIRECTION('',(0.0,0.0,-1.0));
#1271=ORIENTED_EDGE('',*,*,#2981,.F.);
#1272=ORIENTED_EDGE('',*,*,#2982,.F.);
#1273=ORIENTED_EDGE('',*,*,#2932,.T.);
#1274=ORIENTED_EDGE('',*,*,#2983,.T.);
#1275=ORIENTED_EDGE('',*,*,#2984,.F.);
#1276=ORIENTED_EDGE('',*,*,#2985,.F.);
#1277=CARTESIAN_POINT('',(4.25,0.0,0.0));
#1278=DIRECTION('',(1.0,0.0,0.0));
#1279=DIRECTION('',(0.0,1.0,0.0));
#1280=ORIENTED_EDGE('',*,*,#2986,.F.);
#1281=ORIENTED_EDGE('',*,*,#2922,.T.);
#1282=ORIENTED_EDGE('',*,*,#2929,.F.);
#1283=ORIENTED_EDGE('',*,*,#2980,.T.);
#1284=ORIENTED_EDGE('',*,*,#2987,.F.);
#1285=ORIENTED_EDGE('',*,*,#2988,.F.);
#1286=CARTESIAN_POINT('',(4.25,0.0,0.0));
#1287=DIRECTION('',(1.0,0.0,0.0));
#1288=DIRECTION('',(0.0,1.0,0.0));
#1289=ORIENTED_EDGE('',*,*,#2989,.F.);
#1290=ORIENTED_EDGE('',*,*,#2990,.F.);
#1291=ORIENTED_EDGE('',*,*,#2913,.T.);
#1292=ORIENTED_EDGE('',*,*,#2991,.T.);
#1293=ORIENTED_EDGE('',*,*,#2992,.F.);
#1294=ORIENTED_EDGE('',*,*,#2993,.T.);
#1295=ORIENTED_EDGE('',*,*,#2985,.T.);
#1296=ORIENTED_EDGE('',*,*,#2994,.T.);
#1297=ORIENTED_EDGE('',*,*,#2995,.F.);
#1298=ORIENTED_EDGE('',*,*,#2996,.F.);
#1299=ORIENTED_EDGE('',*,*,#2997,.T.);
#1300=ORIENTED_EDGE('',*,*,#2998,.F.);
#1301=CARTESIAN_POINT('',(-6.0,-2.9,9.25));
#1302=DIRECTION('',(0.0,-1.0,0.0));
#1303=DIRECTION('',(0.0,0.0,-1.0));
#1304=ORIENTED_EDGE('',*,*,#2999,.T.);
#1305=ORIENTED_EDGE('',*,*,#3000,.F.);
#1306=ORIENTED_EDGE('',*,*,#3001,.T.);
#1307=ORIENTED_EDGE('',*,*,#2998,.T.);
#1308=CARTESIAN_POINT('',(-6.0,0.0,8.95));
#1309=DIRECTION('',(0.0,0.0,1.0));
#1310=DIRECTION('',(1.0,0.0,0.0));
#1311=ORIENTED_EDGE('',*,*,#3002,.F.);
#1312=ORIENTED_EDGE('',*,*,#2989,.T.);
#1313=ORIENTED_EDGE('',*,*,#3001,.F.);
#1314=ORIENTED_EDGE('',*,*,#3003,.F.);
#1315=ORIENTED_EDGE('',*,*,#3004,.T.);
#1316=CARTESIAN_POINT('',(-3.0,-2.15,9.25));
#1317=DIRECTION('',(-1.0,0.0,0.0));
#1318=DIRECTION('',(0.0,0.0,1.0));
#1319=ORIENTED_EDGE('',*,*,#3005,.T.);
#1320=ORIENTED_EDGE('',*,*,#3006,.F.);
#1321=ORIENTED_EDGE('',*,*,#3004,.F.);
#1322=ORIENTED_EDGE('',*,*,#3007,.T.);
#1323=CARTESIAN_POINT('',(-4.1,-2.25,9.15));
#1324=DIRECTION('',(0.0,0.707106781186548,0.707106781186548));
#1325=DIRECTION('',(1.0,0.0,-0.0));
#1326=ORIENTED_EDGE('',*,*,#3008,.T.);
#1327=ORIENTED_EDGE('',*,*,#3009,.F.);
#1328=ORIENTED_EDGE('',*,*,#3010,.T.);
#1329=ORIENTED_EDGE('',*,*,#3011,.F.);
#1330=ORIENTED_EDGE('',*,*,#3012,.F.);
#1331=ORIENTED_EDGE('',*,*,#3013,.F.);
#1332=ORIENTED_EDGE('',*,*,#3014,.T.);
#1333=ORIENTED_EDGE('',*,*,#3015,.F.);
#1334=ORIENTED_EDGE('',*,*,#3016,.F.);
#1335=ORIENTED_EDGE('',*,*,#3017,.F.);
#1336=ORIENTED_EDGE('',*,*,#3018,.T.);
#1337=ORIENTED_EDGE('',*,*,#3019,.F.);
#1338=ORIENTED_EDGE('',*,*,#3020,.F.);
#1339=ORIENTED_EDGE('',*,*,#3021,.F.);
#1340=ORIENTED_EDGE('',*,*,#3022,.T.);
#1341=ORIENTED_EDGE('',*,*,#3023,.F.);
#1342=ORIENTED_EDGE('',*,*,#3024,.F.);
#1343=ORIENTED_EDGE('',*,*,#3025,.F.);
#1344=ORIENTED_EDGE('',*,*,#3026,.T.);
#1345=ORIENTED_EDGE('',*,*,#3027,.F.);
#1346=ORIENTED_EDGE('',*,*,#3028,.F.);
#1347=ORIENTED_EDGE('',*,*,#3029,.F.);
#1348=ORIENTED_EDGE('',*,*,#3030,.F.);
#1349=ORIENTED_EDGE('',*,*,#3007,.F.);
#1350=ORIENTED_EDGE('',*,*,#3003,.T.);
#1351=ORIENTED_EDGE('',*,*,#3000,.T.);
#1352=ORIENTED_EDGE('',*,*,#3031,.F.);
#1353=ORIENTED_EDGE('',*,*,#3032,.F.);
#1354=CARTESIAN_POINT('',(-5.2,-2.15,9.75));
#1355=DIRECTION('',(0.0,-1.0,0.0));
#1356=DIRECTION('',(0.0,0.0,-1.0));
#1357=ORIENTED_EDGE('',*,*,#3033,.F.);
#1358=ORIENTED_EDGE('',*,*,#3032,.T.);
#1359=ORIENTED_EDGE('',*,*,#3034,.F.);
#1360=ORIENTED_EDGE('',*,*,#3035,.F.);
#1361=CARTESIAN_POINT('',(4.1,-2.25,9.15));
#1362=DIRECTION('',(0.0,0.707106781186548,0.707106781186548));
#1363=DIRECTION('',(1.0,0.0,-0.0));
#1364=ORIENTED_EDGE('',*,*,#3036,.F.);
#1365=ORIENTED_EDGE('',*,*,#2996,.T.);
#1366=ORIENTED_EDGE('',*,*,#3037,.F.);
#1367=ORIENTED_EDGE('',*,*,#3038,.F.);
#1368=ORIENTED_EDGE('',*,*,#3039,.T.);
#1369=ORIENTED_EDGE('',*,*,#3035,.T.);
#1370=CARTESIAN_POINT('',(-6.0,-1.7,9.25));
#1371=DIRECTION('',(0.0,0.0,1.0));
#1372=DIRECTION('',(1.0,0.0,0.0));
#1373=ORIENTED_EDGE('',*,*,#3040,.F.);
#1374=ORIENTED_EDGE('',*,*,#2914,.T.);
#1375=ORIENTED_EDGE('',*,*,#2990,.T.);
#1376=ORIENTED_EDGE('',*,*,#3002,.T.);
#1377=ORIENTED_EDGE('',*,*,#3006,.T.);
#1378=ORIENTED_EDGE('',*,*,#3041,.T.);
#1379=CARTESIAN_POINT('',(-6.0,-1.7,9.25));
#1380=DIRECTION('',(0.0,0.0,1.0));
#1381=DIRECTION('',(1.0,0.0,0.0));
#1382=ORIENTED_EDGE('',*,*,#3042,.F.);
#1383=ORIENTED_EDGE('',*,*,#3043,.T.);
#1384=ORIENTED_EDGE('',*,*,#3033,.T.);
#1385=ORIENTED_EDGE('',*,*,#3039,.F.);
#1386=CARTESIAN_POINT('',(5.3,-1.925,9.15));
#1387=DIRECTION('',(-0.707106781186548,0.0,0.707106781186548));
#1388=DIRECTION('',(0.0,1.0,0.0));
#1389=ORIENTED_EDGE('',*,*,#3044,.F.);
#1390=ORIENTED_EDGE('',*,*,#3045,.F.);
#1391=ORIENTED_EDGE('',*,*,#3046,.T.);
#1392=ORIENTED_EDGE('',*,*,#3047,.F.);
#1393=ORIENTED_EDGE('',*,*,#3008,.F.);
#1394=ORIENTED_EDGE('',*,*,#3043,.F.);
#1395=CARTESIAN_POINT('',(5.2,-2.15,9.75));
#1396=DIRECTION('',(1.0,0.0,0.0));
#1397=DIRECTION('',(0.0,1.0,0.0));
#1398=ORIENTED_EDGE('',*,*,#3048,.F.);
#1399=ORIENTED_EDGE('',*,*,#3049,.F.);
#1400=ORIENTED_EDGE('',*,*,#3025,.T.);
#1401=ORIENTED_EDGE('',*,*,#3050,.T.);
#1402=ORIENTED_EDGE('',*,*,#3051,.F.);
#1403=ORIENTED_EDGE('',*,*,#3052,.F.);
#1404=ORIENTED_EDGE('',*,*,#3021,.T.);
#1405=ORIENTED_EDGE('',*,*,#3053,.T.);
#1406=ORIENTED_EDGE('',*,*,#3054,.F.);
#1407=ORIENTED_EDGE('',*,*,#3055,.F.);
#1408=ORIENTED_EDGE('',*,*,#3017,.T.);
#1409=ORIENTED_EDGE('',*,*,#3056,.T.);
#1410=ORIENTED_EDGE('',*,*,#3057,.F.);
#1411=ORIENTED_EDGE('',*,*,#3058,.F.);
#1412=ORIENTED_EDGE('',*,*,#3013,.T.);
#1413=ORIENTED_EDGE('',*,*,#3059,.T.);
#1414=ORIENTED_EDGE('',*,*,#3060,.F.);
#1415=ORIENTED_EDGE('',*,*,#3061,.F.);
#1416=ORIENTED_EDGE('',*,*,#3009,.T.);
#1417=ORIENTED_EDGE('',*,*,#3047,.T.);
#1418=ORIENTED_EDGE('',*,*,#3062,.T.);
#1419=ORIENTED_EDGE('',*,*,#3063,.F.);
#1420=ORIENTED_EDGE('',*,*,#3064,.T.);
#1421=ORIENTED_EDGE('',*,*,#3065,.T.);
#1422=ORIENTED_EDGE('',*,*,#3066,.T.);
#1423=ORIENTED_EDGE('',*,*,#3067,.T.);
#1424=ORIENTED_EDGE('',*,*,#3068,.T.);
#1425=ORIENTED_EDGE('',*,*,#3069,.T.);
#1426=ORIENTED_EDGE('',*,*,#3070,.F.);
#1427=ORIENTED_EDGE('',*,*,#3071,.F.);
#1428=ORIENTED_EDGE('',*,*,#3072,.T.);
#1429=ORIENTED_EDGE('',*,*,#3073,.T.);
#1430=ORIENTED_EDGE('',*,*,#3074,.T.);
#1431=ORIENTED_EDGE('',*,*,#3075,.T.);
#1432=ORIENTED_EDGE('',*,*,#3076,.T.);
#1433=ORIENTED_EDGE('',*,*,#3077,.F.);
#1434=ORIENTED_EDGE('',*,*,#3078,.T.);
#1435=ORIENTED_EDGE('',*,*,#3079,.T.);
#1436=ORIENTED_EDGE('',*,*,#3029,.T.);
#1437=ORIENTED_EDGE('',*,*,#3080,.T.);
#1438=ORIENTED_EDGE('',*,*,#3081,.T.);
#1439=ORIENTED_EDGE('',*,*,#3082,.F.);
#1440=ORIENTED_EDGE('',*,*,#3083,.F.);
#1441=ORIENTED_EDGE('',*,*,#3084,.T.);
#1442=ORIENTED_EDGE('',*,*,#3085,.T.);
#1443=ORIENTED_EDGE('',*,*,#3086,.F.);
#1444=ORIENTED_EDGE('',*,*,#3087,.F.);
#1445=ORIENTED_EDGE('',*,*,#3088,.T.);
#1446=ORIENTED_EDGE('',*,*,#3089,.T.);
#1447=ORIENTED_EDGE('',*,*,#3090,.F.);
#1448=ORIENTED_EDGE('',*,*,#3091,.F.);
#1449=ORIENTED_EDGE('',*,*,#3092,.T.);
#1450=ORIENTED_EDGE('',*,*,#3093,.T.);
#1451=ORIENTED_EDGE('',*,*,#3094,.F.);
#1452=ORIENTED_EDGE('',*,*,#3095,.F.);
#1453=ORIENTED_EDGE('',*,*,#3096,.T.);
#1454=CARTESIAN_POINT('',(-6.0,0.0,2.15));
#1455=DIRECTION('',(0.0,0.0,1.0));
#1456=DIRECTION('',(1.0,0.0,0.0));
#1457=ORIENTED_EDGE('',*,*,#3028,.T.);
#1458=ORIENTED_EDGE('',*,*,#3097,.F.);
#1459=ORIENTED_EDGE('',*,*,#3098,.F.);
#1460=ORIENTED_EDGE('',*,*,#3080,.F.);
#1461=CARTESIAN_POINT('',(-4.25,1.15,2.15));
#1462=DIRECTION('',(-1.0,0.0,0.0));
#1463=DIRECTION('',(0.0,0.0,1.0));
#1464=ORIENTED_EDGE('',*,*,#3098,.T.);
#1465=ORIENTED_EDGE('',*,*,#3099,.F.);
#1466=ORIENTED_EDGE('',*,*,#3100,.F.);
#1467=ORIENTED_EDGE('',*,*,#3048,.T.);
#1468=CARTESIAN_POINT('',(-3.75,1.15,2.15));
#1469=DIRECTION('',(-0.0,1.0,0.0));
#1470=DIRECTION('',(1.0,0.0,0.0));
#1471=ORIENTED_EDGE('',*,*,#3100,.T.);
#1472=ORIENTED_EDGE('',*,*,#3101,.F.);
#1473=ORIENTED_EDGE('',*,*,#3026,.F.);
#1474=ORIENTED_EDGE('',*,*,#3049,.T.);
#1475=CARTESIAN_POINT('',(-3.75,-2.15,2.15));
#1476=DIRECTION('',(1.0,0.0,0.0));
#1477=DIRECTION('',(0.0,1.0,0.0));
#1478=ORIENTED_EDGE('',*,*,#3101,.T.);
#1479=ORIENTED_EDGE('',*,*,#3099,.T.);
#1480=ORIENTED_EDGE('',*,*,#3097,.T.);
#1481=ORIENTED_EDGE('',*,*,#3027,.T.);
#1482=CARTESIAN_POINT('',(-6.0,0.0,2.3));
#1483=DIRECTION('',(0.0,0.0,1.0));
#1484=DIRECTION('',(1.0,0.0,0.0));
#1485=ORIENTED_EDGE('',*,*,#3030,.T.);
#1486=ORIENTED_EDGE('',*,*,#3079,.F.);
#1487=ORIENTED_EDGE('',*,*,#3102,.F.);
#1488=ORIENTED_EDGE('',*,*,#3103,.F.);
#1489=ORIENTED_EDGE('',*,*,#3104,.F.);
#1490=ORIENTED_EDGE('',*,*,#3105,.F.);
#1491=CARTESIAN_POINT('',(-5.2,-0.95,9.75));
#1492=DIRECTION('',(-1.0,0.0,0.0));
#1493=DIRECTION('',(0.0,0.0,1.0));
#1494=ORIENTED_EDGE('',*,*,#3005,.F.);
#1495=ORIENTED_EDGE('',*,*,#3105,.T.);
#1496=ORIENTED_EDGE('',*,*,#3106,.T.);
#1497=ORIENTED_EDGE('',*,*,#3041,.F.);
#1498=CARTESIAN_POINT('',(-5.3,-1.925,9.15));
#1499=DIRECTION('',(0.707106781186548,0.0,0.707106781186548));
#1500=DIRECTION('',(0.0,-1.0,0.0));
#1501=ORIENTED_EDGE('',*,*,#3106,.F.);
#1502=ORIENTED_EDGE('',*,*,#3104,.T.);
#1503=ORIENTED_EDGE('',*,*,#3107,.T.);
#1504=ORIENTED_EDGE('',*,*,#3108,.F.);
#1505=CARTESIAN_POINT('',(-5.3,-1.8,8.18));
#1506=DIRECTION('',(0.707106781186548,0.707106781186548,0.0));
#1507=DIRECTION('',(0.0,0.0,-1.0));
#1508=ORIENTED_EDGE('',*,*,#3109,.F.);
#1509=ORIENTED_EDGE('',*,*,#2915,.T.);
#1510=ORIENTED_EDGE('',*,*,#3040,.T.);
#1511=ORIENTED_EDGE('',*,*,#3108,.T.);
#1512=CARTESIAN_POINT('',(-6.0,-1.7,7.11));
#1513=DIRECTION('',(-0.0,1.0,0.0));
#1514=DIRECTION('',(1.0,0.0,0.0));
#1515=ORIENTED_EDGE('',*,*,#3038,.T.);
#1516=ORIENTED_EDGE('',*,*,#3110,.F.);
#1517=ORIENTED_EDGE('',*,*,#3111,.F.);
#1518=ORIENTED_EDGE('',*,*,#3112,.T.);
#1519=CARTESIAN_POINT('',(-6.0,-1.7,7.11));
#1520=DIRECTION('',(-0.0,1.0,0.0));
#1521=DIRECTION('',(1.0,0.0,0.0));
#1522=ORIENTED_EDGE('',*,*,#3113,.T.);
#1523=ORIENTED_EDGE('',*,*,#3114,.T.);
#1524=ORIENTED_EDGE('',*,*,#3115,.F.);
#1525=ORIENTED_EDGE('',*,*,#2916,.T.);
#1526=ORIENTED_EDGE('',*,*,#3109,.T.);
#1527=ORIENTED_EDGE('',*,*,#3116,.T.);
#1528=CARTESIAN_POINT('',(-6.0,1.2,7.11));
#1529=DIRECTION('',(0.0,0.0,1.0));
#1530=DIRECTION('',(1.0,0.0,0.0));
#1531=ORIENTED_EDGE('',*,*,#3111,.T.);
#1532=ORIENTED_EDGE('',*,*,#3117,.F.);
#1533=ORIENTED_EDGE('',*,*,#3118,.F.);
#1534=ORIENTED_EDGE('',*,*,#3119,.T.);
#1535=ORIENTED_EDGE('',*,*,#3120,.T.);
#1536=ORIENTED_EDGE('',*,*,#3121,.T.);
#1537=CARTESIAN_POINT('',(-6.0,1.2,7.11));
#1538=DIRECTION('',(0.0,0.0,1.0));
#1539=DIRECTION('',(1.0,0.0,0.0));
#1540=ORIENTED_EDGE('',*,*,#3122,.T.);
#1541=ORIENTED_EDGE('',*,*,#3116,.F.);
#1542=ORIENTED_EDGE('',*,*,#3107,.F.);
#1543=ORIENTED_EDGE('',*,*,#3103,.T.);
#1544=CARTESIAN_POINT('',(-5.3,-1.325,7.01));
#1545=DIRECTION('',(0.707106781186548,0.0,0.707106781186548));
#1546=DIRECTION('',(0.0,-1.0,0.0));
#1547=ORIENTED_EDGE('',*,*,#3122,.F.);
#1548=ORIENTED_EDGE('',*,*,#3123,.T.);
#1549=ORIENTED_EDGE('',*,*,#3124,.T.);
#1550=ORIENTED_EDGE('',*,*,#3113,.F.);
#1551=CARTESIAN_POINT('',(-4.85,-0.85,7.01));
#1552=DIRECTION('',(0.0,-0.707106781186548,0.707106781186548));
#1553=DIRECTION('',(-1.0,0.0,0.0));
#1554=ORIENTED_EDGE('',*,*,#3124,.F.);
#1555=ORIENTED_EDGE('',*,*,#3125,.T.);
#1556=ORIENTED_EDGE('',*,*,#3126,.T.);
#1557=ORIENTED_EDGE('',*,*,#3114,.F.);
#1558=CARTESIAN_POINT('',(-4.6,0.125,7.01));
#1559=DIRECTION('',(0.707106781186548,0.0,0.707106781186548));
#1560=DIRECTION('',(0.0,-1.0,0.0));
#1561=ORIENTED_EDGE('',*,*,#3127,.T.);
#1562=ORIENTED_EDGE('',*,*,#3128,.F.);
#1563=ORIENTED_EDGE('',*,*,#3126,.F.);
#1564=ORIENTED_EDGE('',*,*,#3129,.T.);
#1565=CARTESIAN_POINT('',(-4.6,1.3,8.18));
#1566=DIRECTION('',(0.707106781186548,-0.707106781186548,0.0));
#1567=DIRECTION('',(0.0,0.0,-1.0));
#1568=ORIENTED_EDGE('',*,*,#3130,.T.);
#1569=ORIENTED_EDGE('',*,*,#3077,.T.);
#1570=ORIENTED_EDGE('',*,*,#3131,.F.);
#1571=ORIENTED_EDGE('',*,*,#3132,.T.);
#1572=ORIENTED_EDGE('',*,*,#3129,.F.);
#1573=ORIENTED_EDGE('',*,*,#3125,.F.);
#1574=CARTESIAN_POINT('',(-4.5,1.65,9.75));
#1575=DIRECTION('',(-1.0,0.0,0.0));
#1576=DIRECTION('',(0.0,0.0,1.0));
#1577=ORIENTED_EDGE('',*,*,#3127,.F.);
#1578=ORIENTED_EDGE('',*,*,#3132,.F.);
#1579=ORIENTED_EDGE('',*,*,#3133,.T.);
#1580=ORIENTED_EDGE('',*,*,#3134,.T.);
#1581=CARTESIAN_POINT('',(-4.6,1.7,9.15));
#1582=DIRECTION('',(0.707106781186548,0.0,0.707106781186548));
#1583=DIRECTION('',(0.0,-1.0,0.0));
#1584=ORIENTED_EDGE('',*,*,#3135,.T.);
#1585=ORIENTED_EDGE('',*,*,#3136,.T.);
#1586=ORIENTED_EDGE('',*,*,#3137,.T.);
#1587=ORIENTED_EDGE('',*,*,#3138,.F.);
#1588=ORIENTED_EDGE('',*,*,#3139,.F.);
#1589=ORIENTED_EDGE('',*,*,#2918,.T.);
#1590=ORIENTED_EDGE('',*,*,#3140,.T.);
#1591=ORIENTED_EDGE('',*,*,#3134,.F.);
#1592=CARTESIAN_POINT('',(-6.0,2.9,9.25));
#1593=DIRECTION('',(0.0,0.0,1.0));
#1594=DIRECTION('',(1.0,0.0,0.0));
#1595=ORIENTED_EDGE('',*,*,#3141,.T.);
#1596=ORIENTED_EDGE('',*,*,#3142,.F.);
#1597=ORIENTED_EDGE('',*,*,#3143,.F.);
#1598=ORIENTED_EDGE('',*,*,#3144,.T.);
#1599=ORIENTED_EDGE('',*,*,#3145,.T.);
#1600=ORIENTED_EDGE('',*,*,#3146,.T.);
#1601=ORIENTED_EDGE('',*,*,#3147,.T.);
#1602=ORIENTED_EDGE('',*,*,#3148,.F.);
#1603=CARTESIAN_POINT('',(-6.0,2.9,9.25));
#1604=DIRECTION('',(0.0,0.0,1.0));
#1605=DIRECTION('',(1.0,0.0,0.0));
#1606=ORIENTED_EDGE('',*,*,#3140,.F.);
#1607=ORIENTED_EDGE('',*,*,#2917,.T.);
#1608=ORIENTED_EDGE('',*,*,#3115,.T.);
#1609=ORIENTED_EDGE('',*,*,#3128,.T.);
#1610=CARTESIAN_POINT('',(-6.0,1.2,9.25));
#1611=DIRECTION('',(0.0,-1.0,0.0));
#1612=DIRECTION('',(0.0,0.0,-1.0));
#1613=ORIENTED_EDGE('',*,*,#3118,.T.);
#1614=ORIENTED_EDGE('',*,*,#3149,.F.);
#1615=ORIENTED_EDGE('',*,*,#3141,.F.);
#1616=ORIENTED_EDGE('',*,*,#3150,.T.);
#1617=CARTESIAN_POINT('',(-6.0,1.2,9.25));
#1618=DIRECTION('',(0.0,-1.0,0.0));
#1619=DIRECTION('',(0.0,0.0,-1.0));
#1620=ORIENTED_EDGE('',*,*,#3151,.F.);
#1621=ORIENTED_EDGE('',*,*,#3152,.T.);
#1622=ORIENTED_EDGE('',*,*,#3153,.T.);
#1623=ORIENTED_EDGE('',*,*,#3150,.F.);
#1624=CARTESIAN_POINT('',(4.6,1.3,8.18));
#1625=DIRECTION('',(-0.707106781186548,-0.707106781186548,0.0));
#1626=DIRECTION('',(-0.707106781186548,0.707106781186548,0.0));
#1627=ORIENTED_EDGE('',*,*,#3154,.T.);
#1628=ORIENTED_EDGE('',*,*,#3119,.F.);
#1629=ORIENTED_EDGE('',*,*,#3153,.F.);
#1630=ORIENTED_EDGE('',*,*,#3155,.T.);
#1631=CARTESIAN_POINT('',(4.6,0.125,7.01));
#1632=DIRECTION('',(-0.707106781186548,0.0,0.707106781186548));
#1633=DIRECTION('',(0.0,1.0,0.0));
#1634=ORIENTED_EDGE('',*,*,#3152,.F.);
#1635=ORIENTED_EDGE('',*,*,#3156,.T.);
#1636=ORIENTED_EDGE('',*,*,#3157,.T.);
#1637=ORIENTED_EDGE('',*,*,#3063,.T.);
#1638=ORIENTED_EDGE('',*,*,#3158,.F.);
#1639=ORIENTED_EDGE('',*,*,#3155,.F.);
#1640=CARTESIAN_POINT('',(4.5,-0.95,9.75));
#1641=DIRECTION('',(1.0,0.0,0.0));
#1642=DIRECTION('',(0.0,1.0,0.0));
#1643=ORIENTED_EDGE('',*,*,#3158,.T.);
#1644=ORIENTED_EDGE('',*,*,#3062,.F.);
#1645=ORIENTED_EDGE('',*,*,#3046,.F.);
#1646=ORIENTED_EDGE('',*,*,#3159,.F.);
#1647=CARTESIAN_POINT('',(5.2,-0.95,9.75));
#1648=DIRECTION('',(-0.0,1.0,0.0));
#1649=DIRECTION('',(1.0,0.0,0.0));
#1650=ORIENTED_EDGE('',*,*,#3154,.F.);
#1651=ORIENTED_EDGE('',*,*,#3159,.T.);
#1652=ORIENTED_EDGE('',*,*,#3160,.T.);
#1653=ORIENTED_EDGE('',*,*,#3120,.F.);
#1654=CARTESIAN_POINT('',(4.85,-0.85,7.01));
#1655=DIRECTION('',(0.0,-0.707106781186548,0.707106781186548));
#1656=DIRECTION('',(-1.0,0.0,0.0));
#1657=ORIENTED_EDGE('',*,*,#3160,.F.);
#1658=ORIENTED_EDGE('',*,*,#3045,.T.);
#1659=ORIENTED_EDGE('',*,*,#3161,.T.);
#1660=ORIENTED_EDGE('',*,*,#3121,.F.);
#1661=CARTESIAN_POINT('',(5.3,-1.325,7.01));
#1662=DIRECTION('',(-0.707106781186548,0.0,0.707106781186548));
#1663=DIRECTION('',(0.0,1.0,0.0));
#1664=ORIENTED_EDGE('',*,*,#3042,.T.);
#1665=ORIENTED_EDGE('',*,*,#3112,.F.);
#1666=ORIENTED_EDGE('',*,*,#3161,.F.);
#1667=ORIENTED_EDGE('',*,*,#3044,.T.);
#1668=CARTESIAN_POINT('',(5.3,-1.8,8.18));
#1669=DIRECTION('',(-0.707106781186548,0.707106781186548,0.0));
#1670=DIRECTION('',(0.0,0.0,1.0));
#1671=ORIENTED_EDGE('',*,*,#3162,.T.);
#1672=ORIENTED_EDGE('',*,*,#3064,.F.);
#1673=ORIENTED_EDGE('',*,*,#3157,.F.);
#1674=ORIENTED_EDGE('',*,*,#3163,.F.);
#1675=CARTESIAN_POINT('',(4.5,2.2,9.25));
#1676=DIRECTION('',(-0.0,1.0,0.0));
#1677=DIRECTION('',(1.0,0.0,0.0));
#1678=ORIENTED_EDGE('',*,*,#3164,.F.);
#1679=ORIENTED_EDGE('',*,*,#3163,.T.);
#1680=ORIENTED_EDGE('',*,*,#3165,.T.);
#1681=ORIENTED_EDGE('',*,*,#3147,.F.);
#1682=CARTESIAN_POINT('',(4.025,2.3,9.15));
#1683=DIRECTION('',(0.0,-0.707106781186548,0.707106781186548));
#1684=DIRECTION('',(-1.0,0.0,0.0));
#1685=ORIENTED_EDGE('',*,*,#3165,.F.);
#1686=ORIENTED_EDGE('',*,*,#3156,.F.);
#1687=ORIENTED_EDGE('',*,*,#3151,.T.);
#1688=ORIENTED_EDGE('',*,*,#3148,.T.);
#1689=CARTESIAN_POINT('',(4.6,1.7,9.15));
#1690=DIRECTION('',(-0.707106781186548,0.0,0.707106781186548));
#1691=DIRECTION('',(0.0,1.0,0.0));
#1692=ORIENTED_EDGE('',*,*,#3166,.T.);
#1693=ORIENTED_EDGE('',*,*,#3167,.T.);
#1694=ORIENTED_EDGE('',*,*,#3168,.F.);
#1695=ORIENTED_EDGE('',*,*,#3065,.F.);
#1696=ORIENTED_EDGE('',*,*,#3162,.F.);
#1697=ORIENTED_EDGE('',*,*,#3164,.T.);
#1698=ORIENTED_EDGE('',*,*,#3146,.F.);
#1699=CARTESIAN_POINT('',(3.55,2.2,9.25));
#1700=DIRECTION('',(-1.0,0.0,0.0));
#1701=DIRECTION('',(0.0,0.0,1.0));
#1702=ORIENTED_EDGE('',*,*,#3169,.T.);
#1703=ORIENTED_EDGE('',*,*,#3066,.F.);
#1704=ORIENTED_EDGE('',*,*,#3168,.T.);
#1705=ORIENTED_EDGE('',*,*,#3170,.T.);
#1706=CARTESIAN_POINT('',(4.5,1.65,9.75));
#1707=DIRECTION('',(-0.0,1.0,0.0));
#1708=DIRECTION('',(1.0,0.0,0.0));
#1709=ORIENTED_EDGE('',*,*,#3171,.T.);
#1710=ORIENTED_EDGE('',*,*,#3172,.F.);
#1711=ORIENTED_EDGE('',*,*,#3173,.T.);
#1712=ORIENTED_EDGE('',*,*,#3174,.T.);
#1713=CARTESIAN_POINT('',(-3.55,1.65,3.3));
#1714=DIRECTION('',(0.0,0.999249688515138,-0.0387306080819815));
#1715=DIRECTION('',(-1.0,0.0,0.0));
#1716=ORIENTED_EDGE('',*,*,#3175,.F.);
#1717=ORIENTED_EDGE('',*,*,#3170,.F.);
#1718=ORIENTED_EDGE('',*,*,#3167,.F.);
#1719=ORIENTED_EDGE('',*,*,#3176,.T.);
#1720=CARTESIAN_POINT('',(-3.55,1.65,3.3));
#1721=DIRECTION('',(0.0,0.999249688515138,-0.0387306080819815));
#1722=DIRECTION('',(-1.0,0.0,0.0));
#1723=ORIENTED_EDGE('',*,*,#3177,.F.);
#1724=ORIENTED_EDGE('',*,*,#3178,.F.);
#1725=ORIENTED_EDGE('',*,*,#3179,.F.);
#1726=ORIENTED_EDGE('',*,*,#3137,.F.);
#1727=ORIENTED_EDGE('',*,*,#3180,.F.);
#1728=ORIENTED_EDGE('',*,*,#3174,.F.);
#1729=CARTESIAN_POINT('',(-3.045,2.130634695959,9.250375155742));
#1730=DIRECTION('',(0.0,-0.8802234813341,0.4745593987143));
#1731=DIRECTION('',(-1.0,0.0,0.0));
#1732=ORIENTED_EDGE('',*,*,#3075,.F.);
#1733=ORIENTED_EDGE('',*,*,#3181,.T.);
#1734=ORIENTED_EDGE('',*,*,#3171,.F.);
#1735=ORIENTED_EDGE('',*,*,#3180,.T.);
#1736=ORIENTED_EDGE('',*,*,#3136,.F.);
#1737=ORIENTED_EDGE('',*,*,#3182,.T.);
#1738=ORIENTED_EDGE('',*,*,#3183,.T.);
#1739=CARTESIAN_POINT('',(-3.55,1.65,9.25));
#1740=DIRECTION('',(1.0,0.0,0.0));
#1741=DIRECTION('',(0.0,1.0,0.0));
#1742=ORIENTED_EDGE('',*,*,#3131,.T.);
#1743=ORIENTED_EDGE('',*,*,#3076,.F.);
#1744=ORIENTED_EDGE('',*,*,#3183,.F.);
#1745=ORIENTED_EDGE('',*,*,#3184,.F.);
#1746=CARTESIAN_POINT('',(-3.55,2.2,9.25));
#1747=DIRECTION('',(-0.0,1.0,0.0));
#1748=DIRECTION('',(1.0,0.0,0.0));
#1749=ORIENTED_EDGE('',*,*,#3182,.F.);
#1750=ORIENTED_EDGE('',*,*,#3135,.F.);
#1751=ORIENTED_EDGE('',*,*,#3133,.F.);
#1752=ORIENTED_EDGE('',*,*,#3184,.T.);
#1753=CARTESIAN_POINT('',(-4.025,2.3,9.15));
#1754=DIRECTION('',(0.0,-0.707106781186548,0.707106781186548));
#1755=DIRECTION('',(-1.0,0.0,0.0));
#1756=ORIENTED_EDGE('',*,*,#3181,.F.);
#1757=ORIENTED_EDGE('',*,*,#3074,.F.);
#1758=ORIENTED_EDGE('',*,*,#3185,.F.);
#1759=ORIENTED_EDGE('',*,*,#3172,.T.);
#1760=CARTESIAN_POINT('',(-2.7,1.65,9.75));
#1761=DIRECTION('',(-0.0,1.0,0.0));
#1762=DIRECTION('',(1.0,0.0,0.0));
#1763=ORIENTED_EDGE('',*,*,#3173,.F.);
#1764=ORIENTED_EDGE('',*,*,#3185,.T.);
#1765=ORIENTED_EDGE('',*,*,#3073,.F.);
#1766=ORIENTED_EDGE('',*,*,#3186,.F.);
#1767=ORIENTED_EDGE('',*,*,#3187,.T.);
#1768=ORIENTED_EDGE('',*,*,#3188,.F.);
#1769=ORIENTED_EDGE('',*,*,#3177,.T.);
#1770=CARTESIAN_POINT('',(-2.7,3.15,9.75));
#1771=DIRECTION('',(-1.0,0.0,0.0));
#1772=DIRECTION('',(0.0,0.0,1.0));
#1773=ORIENTED_EDGE('',*,*,#3188,.T.);
#1774=ORIENTED_EDGE('',*,*,#3189,.F.);
#1775=ORIENTED_EDGE('',*,*,#3190,.T.);
#1776=ORIENTED_EDGE('',*,*,#3191,.T.);
#1777=ORIENTED_EDGE('',*,*,#3192,.T.);
#1778=ORIENTED_EDGE('',*,*,#3193,.T.);
#1779=ORIENTED_EDGE('',*,*,#3194,.T.);
#1780=ORIENTED_EDGE('',*,*,#3178,.T.);
#1781=CARTESIAN_POINT('',(-6.0,0.0,9.75));
#1782=DIRECTION('',(0.0,0.0,1.0));
#1783=DIRECTION('',(1.0,0.0,0.0));
#1784=ORIENTED_EDGE('',*,*,#3194,.F.);
#1785=ORIENTED_EDGE('',*,*,#3195,.T.);
#1786=ORIENTED_EDGE('',*,*,#3196,.T.);
#1787=ORIENTED_EDGE('',*,*,#3197,.F.);
#1788=ORIENTED_EDGE('',*,*,#3198,.F.);
#1789=ORIENTED_EDGE('',*,*,#2938,.T.);
#1790=ORIENTED_EDGE('',*,*,#3199,.T.);
#1791=ORIENTED_EDGE('',*,*,#3200,.F.);
#1792=ORIENTED_EDGE('',*,*,#3201,.F.);
#1793=ORIENTED_EDGE('',*,*,#3138,.T.);
#1794=ORIENTED_EDGE('',*,*,#3179,.T.);
#1795=CARTESIAN_POINT('',(-3.39,3.8,9.75));
#1796=DIRECTION('',(-1.0,0.0,0.0));
#1797=DIRECTION('',(0.0,0.0,1.0));
#1798=ORIENTED_EDGE('',*,*,#3202,.T.);
#1799=ORIENTED_EDGE('',*,*,#3203,.F.);
#1800=ORIENTED_EDGE('',*,*,#3143,.T.);
#1801=ORIENTED_EDGE('',*,*,#3204,.F.);
#1802=ORIENTED_EDGE('',*,*,#3205,.F.);
#1803=ORIENTED_EDGE('',*,*,#2988,.T.);
#1804=CARTESIAN_POINT('',(-6.0,2.9,0.0));
#1805=DIRECTION('',(-0.0,1.0,0.0));
#1806=DIRECTION('',(1.0,0.0,0.0));
#1807=ORIENTED_EDGE('',*,*,#3206,.T.);
#1808=ORIENTED_EDGE('',*,*,#3207,.F.);
#1809=ORIENTED_EDGE('',*,*,#2919,.T.);
#1810=ORIENTED_EDGE('',*,*,#3139,.T.);
#1811=ORIENTED_EDGE('',*,*,#3201,.T.);
#1812=ORIENTED_EDGE('',*,*,#3208,.T.);
#1813=CARTESIAN_POINT('',(-6.0,2.9,0.0));
#1814=DIRECTION('',(-0.0,1.0,0.0));
#1815=DIRECTION('',(1.0,0.0,0.0));
#1816=ORIENTED_EDGE('',*,*,#2991,.F.);
#1817=ORIENTED_EDGE('',*,*,#2912,.T.);
#1818=ORIENTED_EDGE('',*,*,#3209,.T.);
#1819=ORIENTED_EDGE('',*,*,#3210,.F.);
#1820=CARTESIAN_POINT('',(-6.0,-2.9,0.0));
#1821=DIRECTION('',(0.0,0.0,-1.0));
#1822=DIRECTION('',(0.0,-1.0,0.0));
#1823=ORIENTED_EDGE('',*,*,#3211,.T.);
#1824=ORIENTED_EDGE('',*,*,#3212,.F.);
#1825=ORIENTED_EDGE('',*,*,#2994,.F.);
#1826=ORIENTED_EDGE('',*,*,#2984,.T.);
#1827=CARTESIAN_POINT('',(-6.0,-2.9,0.0));
#1828=DIRECTION('',(0.0,0.0,-1.0));
#1829=DIRECTION('',(0.0,-1.0,0.0));
#1830=ORIENTED_EDGE('',*,*,#3213,.F.);
#1831=ORIENTED_EDGE('',*,*,#2926,.F.);
#1832=ORIENTED_EDGE('',*,*,#2920,.T.);
#1833=ORIENTED_EDGE('',*,*,#3207,.T.);
#1834=CARTESIAN_POINT('',(-6.0,-2.9,0.0));
#1835=DIRECTION('',(0.0,0.0,-1.0));
#1836=DIRECTION('',(0.0,-1.0,0.0));
#1837=ORIENTED_EDGE('',*,*,#3214,.F.);
#1838=ORIENTED_EDGE('',*,*,#2923,.F.);
#1839=ORIENTED_EDGE('',*,*,#2986,.T.);
#1840=ORIENTED_EDGE('',*,*,#3205,.T.);
#1841=ORIENTED_EDGE('',*,*,#3215,.F.);
#1842=ORIENTED_EDGE('',*,*,#3216,.F.);
#1843=CARTESIAN_POINT('',(-6.0,-2.9,0.0));
#1844=DIRECTION('',(0.0,0.0,-1.0));
#1845=DIRECTION('',(0.0,-1.0,0.0));
#1846=ORIENTED_EDGE('',*,*,#3210,.T.);
#1847=ORIENTED_EDGE('',*,*,#3217,.F.);
#1848=ORIENTED_EDGE('',*,*,#2934,.F.);
#1849=ORIENTED_EDGE('',*,*,#3218,.T.);
#1850=ORIENTED_EDGE('',*,*,#3219,.T.);
#1851=ORIENTED_EDGE('',*,*,#2992,.T.);
#1852=CARTESIAN_POINT('',(-4.25,0.0,0.0));
#1853=DIRECTION('',(1.0,0.0,0.0));
#1854=DIRECTION('',(0.0,1.0,0.0));
#1855=ORIENTED_EDGE('',*,*,#2927,.F.);
#1856=ORIENTED_EDGE('',*,*,#3213,.T.);
#1857=ORIENTED_EDGE('',*,*,#3206,.F.);
#1858=ORIENTED_EDGE('',*,*,#3220,.F.);
#1859=ORIENTED_EDGE('',*,*,#3221,.F.);
#1860=ORIENTED_EDGE('',*,*,#2936,.T.);
#1861=CARTESIAN_POINT('',(-4.25,0.0,0.0));
#1862=DIRECTION('',(1.0,0.0,0.0));
#1863=DIRECTION('',(0.0,1.0,0.0));
#1864=ORIENTED_EDGE('',*,*,#3219,.F.);
#1865=ORIENTED_EDGE('',*,*,#3222,.T.);
#1866=ORIENTED_EDGE('',*,*,#2981,.T.);
#1867=ORIENTED_EDGE('',*,*,#2993,.F.);
#1868=CARTESIAN_POINT('',(-4.25,-1.6,1.15));
#1869=DIRECTION('',(0.0,0.0,1.0));
#1870=DIRECTION('',(1.0,0.0,0.0));
#1871=ORIENTED_EDGE('',*,*,#2982,.T.);
#1872=ORIENTED_EDGE('',*,*,#3222,.F.);
#1873=ORIENTED_EDGE('',*,*,#3218,.F.);
#1874=ORIENTED_EDGE('',*,*,#2933,.T.);
#1875=CARTESIAN_POINT('',(-4.25,-1.6,0.3));
#1876=DIRECTION('',(-0.0,1.0,0.0));
#1877=DIRECTION('',(1.0,0.0,0.0));
#1878=ORIENTED_EDGE('',*,*,#3223,.F.);
#1879=ORIENTED_EDGE('',*,*,#3211,.F.);
#1880=ORIENTED_EDGE('',*,*,#2983,.F.);
#1881=ORIENTED_EDGE('',*,*,#2931,.F.);
#1882=CARTESIAN_POINT('',(6.0,-1.65,0.3));
#1883=DIRECTION('',(0.0,-1.0,0.0));
#1884=DIRECTION('',(0.0,0.0,-1.0));
#1885=ORIENTED_EDGE('',*,*,#3217,.T.);
#1886=ORIENTED_EDGE('',*,*,#3209,.F.);
#1887=ORIENTED_EDGE('',*,*,#2911,.T.);
#1888=ORIENTED_EDGE('',*,*,#2935,.F.);
#1889=CARTESIAN_POINT('',(6.0,-1.65,0.3));
#1890=DIRECTION('',(0.0,-1.0,0.0));
#1891=DIRECTION('',(0.0,0.0,-1.0));
#1892=ORIENTED_EDGE('',*,*,#3214,.T.);
#1893=ORIENTED_EDGE('',*,*,#3204,.T.);
#1894=ORIENTED_EDGE('',*,*,#3142,.T.);
#1895=ORIENTED_EDGE('',*,*,#3149,.T.);
#1896=ORIENTED_EDGE('',*,*,#3117,.T.);
#1897=ORIENTED_EDGE('',*,*,#3110,.T.);
#1898=ORIENTED_EDGE('',*,*,#3037,.T.);
#1899=ORIENTED_EDGE('',*,*,#2995,.T.);
#1900=ORIENTED_EDGE('',*,*,#3212,.T.);
#1901=ORIENTED_EDGE('',*,*,#3223,.T.);
#1902=ORIENTED_EDGE('',*,*,#2930,.F.);
#1903=ORIENTED_EDGE('',*,*,#2924,.F.);
#1904=CARTESIAN_POINT('',(6.0,0.0,0.0));
#1905=DIRECTION('',(1.0,0.0,0.0));
#1906=DIRECTION('',(0.0,1.0,0.0));
#1907=ORIENTED_EDGE('',*,*,#3224,.F.);
#1908=ORIENTED_EDGE('',*,*,#3199,.F.);
#1909=ORIENTED_EDGE('',*,*,#2937,.T.);
#1910=ORIENTED_EDGE('',*,*,#3221,.T.);
#1911=CARTESIAN_POINT('',(-3.39,2.1,0.0));
#1912=DIRECTION('',(0.0,-1.0,0.0));
#1913=DIRECTION('',(0.0,0.0,-1.0));
#1914=ORIENTED_EDGE('',*,*,#2979,.T.);
#1915=ORIENTED_EDGE('',*,*,#3225,.T.);
#1916=ORIENTED_EDGE('',*,*,#3202,.F.);
#1917=ORIENTED_EDGE('',*,*,#2987,.T.);
#1918=CARTESIAN_POINT('',(-4.25,0.0,1.95));
#1919=DIRECTION('',(0.0,0.0,-1.0));
#1920=DIRECTION('',(0.0,-1.0,0.0));
#1921=ORIENTED_EDGE('',*,*,#3200,.T.);
#1922=ORIENTED_EDGE('',*,*,#3224,.T.);
#1923=ORIENTED_EDGE('',*,*,#3220,.T.);
#1924=ORIENTED_EDGE('',*,*,#3208,.F.);
#1925=CARTESIAN_POINT('',(-4.25,0.0,1.95));
#1926=DIRECTION('',(0.0,0.0,-1.0));
#1927=DIRECTION('',(0.0,-1.0,0.0));
#1928=ORIENTED_EDGE('',*,*,#3144,.F.);
#1929=ORIENTED_EDGE('',*,*,#3203,.T.);
#1930=ORIENTED_EDGE('',*,*,#3225,.F.);
#1931=ORIENTED_EDGE('',*,*,#2978,.F.);
#1932=ORIENTED_EDGE('',*,*,#2940,.F.);
#1933=ORIENTED_EDGE('',*,*,#3226,.T.);
#1934=ORIENTED_EDGE('',*,*,#3227,.F.);
#1935=ORIENTED_EDGE('',*,*,#3228,.T.);
#1936=ORIENTED_EDGE('',*,*,#3229,.F.);
#1937=ORIENTED_EDGE('',*,*,#3192,.F.);
#1938=ORIENTED_EDGE('',*,*,#3230,.T.);
#1939=CARTESIAN_POINT('',(3.39,1.2,9.75));
#1940=DIRECTION('',(1.0,0.0,0.0));
#1941=DIRECTION('',(0.0,1.0,0.0));
#1942=ORIENTED_EDGE('',*,*,#3191,.F.);
#1943=ORIENTED_EDGE('',*,*,#3231,.F.);
#1944=ORIENTED_EDGE('',*,*,#3176,.F.);
#1945=ORIENTED_EDGE('',*,*,#3166,.F.);
#1946=ORIENTED_EDGE('',*,*,#3145,.F.);
#1947=ORIENTED_EDGE('',*,*,#3230,.F.);
#1948=CARTESIAN_POINT('',(3.045,2.130634695959,9.250375155742));
#1949=DIRECTION('',(0.0,-0.8802234813341,0.4745593987143));
#1950=DIRECTION('',(-1.0,0.0,0.0));
#1951=ORIENTED_EDGE('',*,*,#3190,.F.);
#1952=ORIENTED_EDGE('',*,*,#3232,.T.);
#1953=ORIENTED_EDGE('',*,*,#3233,.T.);
#1954=ORIENTED_EDGE('',*,*,#3067,.F.);
#1955=ORIENTED_EDGE('',*,*,#3169,.F.);
#1956=ORIENTED_EDGE('',*,*,#3175,.T.);
#1957=ORIENTED_EDGE('',*,*,#3231,.T.);
#1958=CARTESIAN_POINT('',(2.7,1.65,9.75));
#1959=DIRECTION('',(1.0,0.0,0.0));
#1960=DIRECTION('',(0.0,1.0,0.0));
#1961=ORIENTED_EDGE('',*,*,#3234,.F.);
#1962=ORIENTED_EDGE('',*,*,#3186,.T.);
#1963=ORIENTED_EDGE('',*,*,#3072,.F.);
#1964=ORIENTED_EDGE('',*,*,#3235,.T.);
#1965=ORIENTED_EDGE('',*,*,#3236,.F.);
#1966=CARTESIAN_POINT('',(2.7,3.15,9.75));
#1967=DIRECTION('',(-0.0,1.0,0.0));
#1968=DIRECTION('',(1.0,0.0,0.0));
#1969=ORIENTED_EDGE('',*,*,#3237,.F.);
#1970=ORIENTED_EDGE('',*,*,#3068,.F.);
#1971=ORIENTED_EDGE('',*,*,#3233,.F.);
#1972=ORIENTED_EDGE('',*,*,#3238,.F.);
#1973=ORIENTED_EDGE('',*,*,#3239,.T.);
#1974=CARTESIAN_POINT('',(2.7,3.15,9.75));
#1975=DIRECTION('',(-0.0,1.0,0.0));
#1976=DIRECTION('',(1.0,0.0,0.0));
#1977=ORIENTED_EDGE('',*,*,#3236,.T.);
#1978=ORIENTED_EDGE('',*,*,#3240,.F.);
#1979=ORIENTED_EDGE('',*,*,#3241,.F.);
#1980=ORIENTED_EDGE('',*,*,#3242,.T.);
#1981=CARTESIAN_POINT('',(-1.05,0.0,0.0));
#1982=DIRECTION('',(1.0,0.0,0.0));
#1983=DIRECTION('',(0.0,1.0,0.0));
#1984=ORIENTED_EDGE('',*,*,#3243,.F.);
#1985=ORIENTED_EDGE('',*,*,#3244,.F.);
#1986=ORIENTED_EDGE('',*,*,#3238,.T.);
#1987=ORIENTED_EDGE('',*,*,#3232,.F.);
#1988=ORIENTED_EDGE('',*,*,#3189,.T.);
#1989=ORIENTED_EDGE('',*,*,#3187,.F.);
#1990=ORIENTED_EDGE('',*,*,#3234,.T.);
#1991=ORIENTED_EDGE('',*,*,#3242,.F.);
#1992=CARTESIAN_POINT('',(0.0,3.2,9.11));
#1993=DIRECTION('',(0.0,-0.931457349479609,0.363850527140503));
#1994=DIRECTION('',(-1.0,0.0,0.0));
#1995=ORIENTED_EDGE('',*,*,#3245,.T.);
#1996=ORIENTED_EDGE('',*,*,#3246,.T.);
#1997=ORIENTED_EDGE('',*,*,#3239,.F.);
#1998=ORIENTED_EDGE('',*,*,#3244,.T.);
#1999=CARTESIAN_POINT('',(1.05,0.0,0.0));
#2000=DIRECTION('',(1.0,0.0,0.0));
#2001=DIRECTION('',(0.0,1.0,0.0));
#2002=ORIENTED_EDGE('',*,*,#3247,.T.);
#2003=ORIENTED_EDGE('',*,*,#3246,.F.);
#2004=ORIENTED_EDGE('',*,*,#3248,.F.);
#2005=ORIENTED_EDGE('',*,*,#3240,.T.);
#2006=ORIENTED_EDGE('',*,*,#3249,.F.);
#2007=ORIENTED_EDGE('',*,*,#3250,.T.);
#2008=CARTESIAN_POINT('',(-1.05,3.8,7.74));
#2009=DIRECTION('',(0.0,-0.105293769951904,0.994441160657238));
#2010=DIRECTION('',(-1.0,0.0,0.0));
#2011=ORIENTED_EDGE('',*,*,#3251,.T.);
#2012=ORIENTED_EDGE('',*,*,#3250,.F.);
#2013=ORIENTED_EDGE('',*,*,#3252,.F.);
#2014=ORIENTED_EDGE('',*,*,#3253,.T.);
#2015=ORIENTED_EDGE('',*,*,#3195,.F.);
#2016=ORIENTED_EDGE('',*,*,#3193,.F.);
#2017=ORIENTED_EDGE('',*,*,#3229,.T.);
#2018=ORIENTED_EDGE('',*,*,#3254,.T.);
#2019=CARTESIAN_POINT('',(3.39,3.8,9.75));
#2020=DIRECTION('',(-0.0,1.0,0.0));
#2021=DIRECTION('',(1.0,0.0,0.0));
#2022=ORIENTED_EDGE('',*,*,#3254,.F.);
#2023=ORIENTED_EDGE('',*,*,#3228,.F.);
#2024=ORIENTED_EDGE('',*,*,#3255,.T.);
#2025=ORIENTED_EDGE('',*,*,#3256,.F.);
#2026=CARTESIAN_POINT('',(21.6432,3.2,1.7));
#2027=DIRECTION('',(1.0,-0.0,0.0));
#2028=DIRECTION('',(0.0,1.0,0.0));
#2029=ORIENTED_EDGE('',*,*,#3257,.T.);
#2030=ORIENTED_EDGE('',*,*,#3258,.F.);
#2031=ORIENTED_EDGE('',*,*,#3069,.F.);
#2032=ORIENTED_EDGE('',*,*,#3237,.T.);
#2033=ORIENTED_EDGE('',*,*,#3247,.F.);
#2034=ORIENTED_EDGE('',*,*,#3251,.F.);
#2035=ORIENTED_EDGE('',*,*,#3256,.T.);
#2036=CARTESIAN_POINT('',(1.05,0.0,0.0));
#2037=DIRECTION('',(1.0,0.0,0.0));
#2038=DIRECTION('',(0.0,1.0,0.0));
#2039=ORIENTED_EDGE('',*,*,#3226,.F.);
#2040=ORIENTED_EDGE('',*,*,#2939,.F.);
#2041=ORIENTED_EDGE('',*,*,#3198,.T.);
#2042=ORIENTED_EDGE('',*,*,#3259,.T.);
#2043=ORIENTED_EDGE('',*,*,#3260,.F.);
#2044=ORIENTED_EDGE('',*,*,#3070,.T.);
#2045=ORIENTED_EDGE('',*,*,#3258,.T.);
#2046=ORIENTED_EDGE('',*,*,#3261,.T.);
#2047=CARTESIAN_POINT('',(-4.25,2.65,1.1));
#2048=DIRECTION('',(0.0,-1.0,0.0));
#2049=DIRECTION('',(0.0,0.0,-1.0));
#2050=ORIENTED_EDGE('',*,*,#3227,.T.);
#2051=ORIENTED_EDGE('',*,*,#3261,.F.);
#2052=ORIENTED_EDGE('',*,*,#3257,.F.);
#2053=ORIENTED_EDGE('',*,*,#3255,.F.);
#2054=CARTESIAN_POINT('',(-4.25,2.9,1.1));
#2055=DIRECTION('',(0.0,0.0,1.0));
#2056=DIRECTION('',(1.0,0.0,0.0));
#2057=ORIENTED_EDGE('',*,*,#3262,.T.);
#2058=ORIENTED_EDGE('',*,*,#3259,.F.);
#2059=ORIENTED_EDGE('',*,*,#3197,.T.);
#2060=ORIENTED_EDGE('',*,*,#3263,.F.);
#2061=CARTESIAN_POINT('',(-4.25,2.9,1.1));
#2062=DIRECTION('',(0.0,0.0,1.0));
#2063=DIRECTION('',(1.0,0.0,0.0));
#2064=ORIENTED_EDGE('',*,*,#3253,.F.);
#2065=ORIENTED_EDGE('',*,*,#3264,.F.);
#2066=ORIENTED_EDGE('',*,*,#3263,.T.);
#2067=ORIENTED_EDGE('',*,*,#3196,.F.);
#2068=CARTESIAN_POINT('',(21.6432,3.2,1.7));
#2069=DIRECTION('',(1.0,-0.0,0.0));
#2070=DIRECTION('',(0.0,1.0,0.0));
#2071=ORIENTED_EDGE('',*,*,#3252,.T.);
#2072=ORIENTED_EDGE('',*,*,#3249,.T.);
#2073=ORIENTED_EDGE('',*,*,#3235,.F.);
#2074=ORIENTED_EDGE('',*,*,#3071,.T.);
#2075=ORIENTED_EDGE('',*,*,#3260,.T.);
#2076=ORIENTED_EDGE('',*,*,#3262,.F.);
#2077=ORIENTED_EDGE('',*,*,#3264,.T.);
#2078=CARTESIAN_POINT('',(-1.05,0.0,0.0));
#2079=DIRECTION('',(1.0,0.0,0.0));
#2080=DIRECTION('',(0.0,1.0,0.0));
#2081=ORIENTED_EDGE('',*,*,#3241,.T.);
#2082=ORIENTED_EDGE('',*,*,#3248,.T.);
#2083=ORIENTED_EDGE('',*,*,#3245,.F.);
#2084=ORIENTED_EDGE('',*,*,#3243,.T.);
#2085=CARTESIAN_POINT('',(-1.05,2.95,9.75));
#2086=DIRECTION('',(0.0,-1.0,0.0));
#2087=DIRECTION('',(0.0,0.0,-1.0));
#2088=ORIENTED_EDGE('',*,*,#3265,.F.);
#2089=ORIENTED_EDGE('',*,*,#3216,.T.);
#2090=ORIENTED_EDGE('',*,*,#3266,.T.);
#2091=ORIENTED_EDGE('',*,*,#2908,.F.);
#2092=ORIENTED_EDGE('',*,*,#3267,.F.);
#2093=CARTESIAN_POINT('',(5.0,2.0,0.3));
#2094=DIRECTION('',(0.0,0.0,1.0));
#2095=DIRECTION('',(-1.0,0.0,0.0));
#2096=ORIENTED_EDGE('',*,*,#2907,.T.);
#2097=ORIENTED_EDGE('',*,*,#3268,.F.);
#2098=ORIENTED_EDGE('',*,*,#3269,.T.);
#2099=ORIENTED_EDGE('',*,*,#3267,.T.);
#2100=CARTESIAN_POINT('',(5.0,2.0,-1.100000000392));
#2101=DIRECTION('',(-0.0,0.0,1.0));
#2102=DIRECTION('',(0.0,-1.0,0.0));
#2103=ORIENTED_EDGE('',*,*,#2904,.T.);
#2104=ORIENTED_EDGE('',*,*,#3270,.T.);
#2105=ORIENTED_EDGE('',*,*,#3268,.T.);
#2106=ORIENTED_EDGE('',*,*,#2909,.T.);
#2107=CARTESIAN_POINT('',(-6.0,0.0,-1.3));
#2108=DIRECTION('',(0.0,0.0,-1.0));
#2109=DIRECTION('',(0.0,-1.0,0.0));
#2110=ORIENTED_EDGE('',*,*,#2903,.T.);
#2111=ORIENTED_EDGE('',*,*,#3271,.T.);
#2112=ORIENTED_EDGE('',*,*,#3269,.F.);
#2113=ORIENTED_EDGE('',*,*,#3270,.F.);
#2114=CARTESIAN_POINT('',(5.0,2.0,-1.100000000392));
#2115=DIRECTION('',(-0.0,0.0,1.0));
#2116=DIRECTION('',(0.0,-1.0,0.0));
#2117=ORIENTED_EDGE('',*,*,#3266,.F.);
#2118=ORIENTED_EDGE('',*,*,#3215,.T.);
#2119=ORIENTED_EDGE('',*,*,#3265,.T.);
#2120=ORIENTED_EDGE('',*,*,#3271,.F.);
#2121=ORIENTED_EDGE('',*,*,#2906,.F.);
#2122=CARTESIAN_POINT('',(5.0,2.0,0.3));
#2123=DIRECTION('',(0.0,0.0,1.0));
#2124=DIRECTION('',(-1.0,0.0,0.0));
#2125=ORIENTED_EDGE('',*,*,#3102,.T.);
#2126=ORIENTED_EDGE('',*,*,#3078,.F.);
#2127=ORIENTED_EDGE('',*,*,#3130,.F.);
#2128=ORIENTED_EDGE('',*,*,#3123,.F.);
#2129=CARTESIAN_POINT('',(-4.5,-0.95,9.75));
#2130=DIRECTION('',(-0.0,1.0,0.0));
#2131=DIRECTION('',(1.0,0.0,0.0));
#2132=ORIENTED_EDGE('',*,*,#3272,.T.);
#2133=ORIENTED_EDGE('',*,*,#3273,.F.);
#2134=ORIENTED_EDGE('',*,*,#3010,.F.);
#2135=ORIENTED_EDGE('',*,*,#3061,.T.);
#2136=CARTESIAN_POINT('',(4.25,-2.15,2.15));
#2137=DIRECTION('',(1.0,0.0,0.0));
#2138=DIRECTION('',(0.0,1.0,0.0));
#2139=ORIENTED_EDGE('',*,*,#3273,.T.);
#2140=ORIENTED_EDGE('',*,*,#3274,.T.);
#2141=ORIENTED_EDGE('',*,*,#3275,.T.);
#2142=ORIENTED_EDGE('',*,*,#3011,.T.);
#2143=CARTESIAN_POINT('',(-6.0,0.0,2.3));
#2144=DIRECTION('',(0.0,0.0,1.0));
#2145=DIRECTION('',(1.0,0.0,0.0));
#2146=ORIENTED_EDGE('',*,*,#3012,.T.);
#2147=ORIENTED_EDGE('',*,*,#3275,.F.);
#2148=ORIENTED_EDGE('',*,*,#3276,.F.);
#2149=ORIENTED_EDGE('',*,*,#3059,.F.);
#2150=CARTESIAN_POINT('',(3.75,1.15,2.15));
#2151=DIRECTION('',(-1.0,0.0,0.0));
#2152=DIRECTION('',(0.0,0.0,1.0));
#2153=ORIENTED_EDGE('',*,*,#3276,.T.);
#2154=ORIENTED_EDGE('',*,*,#3274,.F.);
#2155=ORIENTED_EDGE('',*,*,#3272,.F.);
#2156=ORIENTED_EDGE('',*,*,#3060,.T.);
#2157=CARTESIAN_POINT('',(4.25,1.15,2.15));
#2158=DIRECTION('',(-0.0,1.0,0.0));
#2159=DIRECTION('',(1.0,0.0,0.0));
#2160=ORIENTED_EDGE('',*,*,#3277,.T.);
#2161=ORIENTED_EDGE('',*,*,#3278,.F.);
#2162=ORIENTED_EDGE('',*,*,#3014,.F.);
#2163=ORIENTED_EDGE('',*,*,#3058,.T.);
#2164=CARTESIAN_POINT('',(2.25,-2.15,2.15));
#2165=DIRECTION('',(1.0,0.0,0.0));
#2166=DIRECTION('',(0.0,1.0,0.0));
#2167=ORIENTED_EDGE('',*,*,#3278,.T.);
#2168=ORIENTED_EDGE('',*,*,#3279,.T.);
#2169=ORIENTED_EDGE('',*,*,#3280,.T.);
#2170=ORIENTED_EDGE('',*,*,#3015,.T.);
#2171=CARTESIAN_POINT('',(-6.0,0.0,2.3));
#2172=DIRECTION('',(0.0,0.0,1.0));
#2173=DIRECTION('',(1.0,0.0,0.0));
#2174=ORIENTED_EDGE('',*,*,#3016,.T.);
#2175=ORIENTED_EDGE('',*,*,#3280,.F.);
#2176=ORIENTED_EDGE('',*,*,#3281,.F.);
#2177=ORIENTED_EDGE('',*,*,#3056,.F.);
#2178=CARTESIAN_POINT('',(1.75,1.15,2.15));
#2179=DIRECTION('',(-1.0,0.0,0.0));
#2180=DIRECTION('',(0.0,0.0,1.0));
#2181=ORIENTED_EDGE('',*,*,#3281,.T.);
#2182=ORIENTED_EDGE('',*,*,#3279,.F.);
#2183=ORIENTED_EDGE('',*,*,#3277,.F.);
#2184=ORIENTED_EDGE('',*,*,#3057,.T.);
#2185=CARTESIAN_POINT('',(2.25,1.15,2.15));
#2186=DIRECTION('',(-0.0,1.0,0.0));
#2187=DIRECTION('',(1.0,0.0,0.0));
#2188=ORIENTED_EDGE('',*,*,#3282,.T.);
#2189=ORIENTED_EDGE('',*,*,#3283,.F.);
#2190=ORIENTED_EDGE('',*,*,#3018,.F.);
#2191=ORIENTED_EDGE('',*,*,#3055,.T.);
#2192=CARTESIAN_POINT('',(0.25,-2.15,2.15));
#2193=DIRECTION('',(1.0,0.0,0.0));
#2194=DIRECTION('',(0.0,1.0,0.0));
#2195=ORIENTED_EDGE('',*,*,#3283,.T.);
#2196=ORIENTED_EDGE('',*,*,#3284,.T.);
#2197=ORIENTED_EDGE('',*,*,#3285,.T.);
#2198=ORIENTED_EDGE('',*,*,#3019,.T.);
#2199=CARTESIAN_POINT('',(-6.0,0.0,2.3));
#2200=DIRECTION('',(0.0,0.0,1.0));
#2201=DIRECTION('',(1.0,0.0,0.0));
#2202=ORIENTED_EDGE('',*,*,#3020,.T.);
#2203=ORIENTED_EDGE('',*,*,#3285,.F.);
#2204=ORIENTED_EDGE('',*,*,#3286,.F.);
#2205=ORIENTED_EDGE('',*,*,#3053,.F.);
#2206=CARTESIAN_POINT('',(-0.25,1.15,2.15));
#2207=DIRECTION('',(-1.0,0.0,0.0));
#2208=DIRECTION('',(0.0,0.0,1.0));
#2209=ORIENTED_EDGE('',*,*,#3286,.T.);
#2210=ORIENTED_EDGE('',*,*,#3284,.F.);
#2211=ORIENTED_EDGE('',*,*,#3282,.F.);
#2212=ORIENTED_EDGE('',*,*,#3054,.T.);
#2213=CARTESIAN_POINT('',(0.25,1.15,2.15));
#2214=DIRECTION('',(-0.0,1.0,0.0));
#2215=DIRECTION('',(1.0,0.0,0.0));
#2216=ORIENTED_EDGE('',*,*,#3287,.T.);
#2217=ORIENTED_EDGE('',*,*,#3288,.F.);
#2218=ORIENTED_EDGE('',*,*,#3022,.F.);
#2219=ORIENTED_EDGE('',*,*,#3052,.T.);
#2220=CARTESIAN_POINT('',(-1.75,-2.15,2.15));
#2221=DIRECTION('',(1.0,0.0,0.0));
#2222=DIRECTION('',(0.0,1.0,0.0));
#2223=ORIENTED_EDGE('',*,*,#3288,.T.);
#2224=ORIENTED_EDGE('',*,*,#3289,.T.);
#2225=ORIENTED_EDGE('',*,*,#3290,.T.);
#2226=ORIENTED_EDGE('',*,*,#3023,.T.);
#2227=CARTESIAN_POINT('',(-6.0,0.0,2.3));
#2228=DIRECTION('',(0.0,0.0,1.0));
#2229=DIRECTION('',(1.0,0.0,0.0));
#2230=ORIENTED_EDGE('',*,*,#3024,.T.);
#2231=ORIENTED_EDGE('',*,*,#3290,.F.);
#2232=ORIENTED_EDGE('',*,*,#3291,.F.);
#2233=ORIENTED_EDGE('',*,*,#3050,.F.);
#2234=CARTESIAN_POINT('',(-2.25,1.15,2.15));
#2235=DIRECTION('',(-1.0,0.0,0.0));
#2236=DIRECTION('',(0.0,0.0,1.0));
#2237=ORIENTED_EDGE('',*,*,#3291,.T.);
#2238=ORIENTED_EDGE('',*,*,#3289,.F.);
#2239=ORIENTED_EDGE('',*,*,#3287,.F.);
#2240=ORIENTED_EDGE('',*,*,#3051,.T.);
#2241=CARTESIAN_POINT('',(-1.75,1.15,2.15));
#2242=DIRECTION('',(-0.0,1.0,0.0));
#2243=DIRECTION('',(1.0,0.0,0.0));
#2244=ORIENTED_EDGE('',*,*,#3292,.F.);
#2245=ORIENTED_EDGE('',*,*,#3293,.F.);
#2246=ORIENTED_EDGE('',*,*,#3294,.F.);
#2247=ORIENTED_EDGE('',*,*,#3084,.F.);
#2248=CARTESIAN_POINT('',(2.75,0.0,0.0));
#2249=DIRECTION('',(1.0,0.0,0.0));
#2250=DIRECTION('',(0.0,1.0,0.0));
#2251=ORIENTED_EDGE('',*,*,#3295,.F.);
#2252=ORIENTED_EDGE('',*,*,#3296,.F.);
#2253=ORIENTED_EDGE('',*,*,#2965,.T.);
#2254=ORIENTED_EDGE('',*,*,#3297,.F.);
#2255=CARTESIAN_POINT('',(2.75,0.0,0.0));
#2256=DIRECTION('',(1.0,0.0,0.0));
#2257=DIRECTION('',(0.0,1.0,0.0));
#2258=ORIENTED_EDGE('',*,*,#3298,.T.);
#2259=ORIENTED_EDGE('',*,*,#3299,.T.);
#2260=ORIENTED_EDGE('',*,*,#3300,.F.);
#2261=ORIENTED_EDGE('',*,*,#3093,.F.);
#2262=CARTESIAN_POINT('',(2.75,0.35,-3.2));
#2263=DIRECTION('',(-0.0,1.0,0.0));
#2264=DIRECTION('',(1.0,0.0,0.0));
#2265=ORIENTED_EDGE('',*,*,#3294,.T.);
#2266=ORIENTED_EDGE('',*,*,#3301,.T.);
#2267=ORIENTED_EDGE('',*,*,#3302,.F.);
#2268=ORIENTED_EDGE('',*,*,#3081,.F.);
#2269=CARTESIAN_POINT('',(2.75,0.35,-3.2));
#2270=DIRECTION('',(-0.0,1.0,0.0));
#2271=DIRECTION('',(1.0,0.0,0.0));
#2272=ORIENTED_EDGE('',*,*,#3303,.T.);
#2273=ORIENTED_EDGE('',*,*,#3304,.T.);
#2274=ORIENTED_EDGE('',*,*,#3297,.T.);
#2275=ORIENTED_EDGE('',*,*,#2964,.T.);
#2276=ORIENTED_EDGE('',*,*,#3305,.F.);
#2277=ORIENTED_EDGE('',*,*,#3306,.T.);
#2278=ORIENTED_EDGE('',*,*,#3307,.T.);
#2279=ORIENTED_EDGE('',*,*,#3308,.T.);
#2280=CARTESIAN_POINT('',(2.75,0.35,-3.2));
#2281=DIRECTION('',(-0.0,1.0,0.0));
#2282=DIRECTION('',(1.0,0.0,0.0));
#2283=ORIENTED_EDGE('',*,*,#3309,.T.);
#2284=ORIENTED_EDGE('',*,*,#3310,.T.);
#2285=ORIENTED_EDGE('',*,*,#3311,.T.);
#2286=ORIENTED_EDGE('',*,*,#2976,.T.);
#2287=ORIENTED_EDGE('',*,*,#3312,.F.);
#2288=ORIENTED_EDGE('',*,*,#3313,.T.);
#2289=ORIENTED_EDGE('',*,*,#3314,.T.);
#2290=ORIENTED_EDGE('',*,*,#3315,.T.);
#2291=CARTESIAN_POINT('',(2.75,0.35,-3.2));
#2292=DIRECTION('',(-0.0,1.0,0.0));
#2293=DIRECTION('',(1.0,0.0,0.0));
#2294=ORIENTED_EDGE('',*,*,#3300,.T.);
#2295=ORIENTED_EDGE('',*,*,#3316,.T.);
#2296=ORIENTED_EDGE('',*,*,#3317,.T.);
#2297=ORIENTED_EDGE('',*,*,#3094,.T.);
#2298=CARTESIAN_POINT('',(-2.75,0.0,0.0));
#2299=DIRECTION('',(1.0,0.0,0.0));
#2300=DIRECTION('',(0.0,1.0,0.0));
#2301=ORIENTED_EDGE('',*,*,#3318,.T.);
#2302=ORIENTED_EDGE('',*,*,#3312,.T.);
#2303=ORIENTED_EDGE('',*,*,#2975,.F.);
#2304=ORIENTED_EDGE('',*,*,#3319,.T.);
#2305=CARTESIAN_POINT('',(-2.75,0.0,0.0));
#2306=DIRECTION('',(1.0,0.0,0.0));
#2307=DIRECTION('',(0.0,1.0,0.0));
#2308=ORIENTED_EDGE('',*,*,#3317,.F.);
#2309=ORIENTED_EDGE('',*,*,#3320,.F.);
#2310=ORIENTED_EDGE('',*,*,#3321,.T.);
#2311=ORIENTED_EDGE('',*,*,#3095,.T.);
#2312=CARTESIAN_POINT('',(2.75,-0.15,5.95));
#2313=DIRECTION('',(0.0,-1.0,0.0));
#2314=DIRECTION('',(0.0,0.0,-1.0));
#2315=ORIENTED_EDGE('',*,*,#3322,.F.);
#2316=ORIENTED_EDGE('',*,*,#3323,.F.);
#2317=ORIENTED_EDGE('',*,*,#3292,.T.);
#2318=ORIENTED_EDGE('',*,*,#3083,.T.);
#2319=CARTESIAN_POINT('',(2.75,-0.15,5.95));
#2320=DIRECTION('',(0.0,-1.0,0.0));
#2321=DIRECTION('',(0.0,0.0,-1.0));
#2322=ORIENTED_EDGE('',*,*,#3324,.F.);
#2323=ORIENTED_EDGE('',*,*,#3325,.F.);
#2324=ORIENTED_EDGE('',*,*,#3326,.F.);
#2325=ORIENTED_EDGE('',*,*,#2962,.F.);
#2326=ORIENTED_EDGE('',*,*,#3296,.T.);
#2327=ORIENTED_EDGE('',*,*,#3327,.F.);
#2328=ORIENTED_EDGE('',*,*,#3328,.F.);
#2329=ORIENTED_EDGE('',*,*,#3329,.T.);
#2330=CARTESIAN_POINT('',(2.75,-0.15,5.95));
#2331=DIRECTION('',(0.0,-1.0,0.0));
#2332=DIRECTION('',(0.0,0.0,-1.0));
#2333=ORIENTED_EDGE('',*,*,#3330,.F.);
#2334=ORIENTED_EDGE('',*,*,#3331,.F.);
#2335=ORIENTED_EDGE('',*,*,#3319,.F.);
#2336=ORIENTED_EDGE('',*,*,#2974,.F.);
#2337=ORIENTED_EDGE('',*,*,#3332,.T.);
#2338=ORIENTED_EDGE('',*,*,#3333,.F.);
#2339=ORIENTED_EDGE('',*,*,#3334,.F.);
#2340=ORIENTED_EDGE('',*,*,#3335,.T.);
#2341=CARTESIAN_POINT('',(2.75,-0.15,5.95));
#2342=DIRECTION('',(0.0,-1.0,0.0));
#2343=DIRECTION('',(0.0,0.0,-1.0));
#2344=ORIENTED_EDGE('',*,*,#3321,.F.);
#2345=ORIENTED_EDGE('',*,*,#3336,.F.);
#2346=ORIENTED_EDGE('',*,*,#3298,.F.);
#2347=ORIENTED_EDGE('',*,*,#3096,.F.);
#2348=CARTESIAN_POINT('',(-3.25,0.0,0.0));
#2349=DIRECTION('',(1.0,0.0,0.0));
#2350=DIRECTION('',(0.0,1.0,0.0));
#2351=ORIENTED_EDGE('',*,*,#3337,.F.);
#2352=ORIENTED_EDGE('',*,*,#3332,.F.);
#2353=ORIENTED_EDGE('',*,*,#2977,.T.);
#2354=ORIENTED_EDGE('',*,*,#3311,.F.);
#2355=CARTESIAN_POINT('',(-3.25,0.0,0.0));
#2356=DIRECTION('',(1.0,0.0,0.0));
#2357=DIRECTION('',(0.0,1.0,0.0));
#2358=ORIENTED_EDGE('',*,*,#3320,.T.);
#2359=ORIENTED_EDGE('',*,*,#3316,.F.);
#2360=ORIENTED_EDGE('',*,*,#3299,.F.);
#2361=ORIENTED_EDGE('',*,*,#3336,.T.);
#2362=CARTESIAN_POINT('',(-3.25,0.35,5.95));
#2363=DIRECTION('',(0.0,0.0,1.0));
#2364=DIRECTION('',(1.0,0.0,0.0));
#2365=ORIENTED_EDGE('',*,*,#3338,.T.);
#2366=ORIENTED_EDGE('',*,*,#3333,.T.);
#2367=ORIENTED_EDGE('',*,*,#3337,.T.);
#2368=ORIENTED_EDGE('',*,*,#3310,.F.);
#2369=CARTESIAN_POINT('',(-3.4,0.35,-1.5));
#2370=DIRECTION('',(-0.988936352868304,0.0,0.148340452930201));
#2371=DIRECTION('',(0.0,1.0,0.0));
#2372=ORIENTED_EDGE('',*,*,#3334,.T.);
#2373=ORIENTED_EDGE('',*,*,#3338,.F.);
#2374=ORIENTED_EDGE('',*,*,#3309,.F.);
#2375=ORIENTED_EDGE('',*,*,#3339,.T.);
#2376=CARTESIAN_POINT('',(-3.248013642695,0.35,-3.2));
#2377=DIRECTION('',(-0.996027285389739,0.0,-0.0890485640487734));
#2378=DIRECTION('',(-0.0890485640487734,0.0,0.996027285389739));
#2379=ORIENTED_EDGE('',*,*,#3340,.T.);
#2380=ORIENTED_EDGE('',*,*,#3341,.T.);
#2381=ORIENTED_EDGE('',*,*,#3342,.T.);
#2382=ORIENTED_EDGE('',*,*,#3339,.F.);
#2383=CARTESIAN_POINT('',(-3.206688349909,0.1,-2.96036805268));
#2384=DIRECTION('',(-0.939678609807264,0.0,-0.342058635720087));
#2385=DIRECTION('',(-0.342058635720087,0.0,0.939678609807264));
#2386=ORIENTED_EDGE('',*,*,#3342,.F.);
#2387=ORIENTED_EDGE('',*,*,#3343,.T.);
#2388=ORIENTED_EDGE('',*,*,#3344,.T.);
#2389=ORIENTED_EDGE('',*,*,#3335,.F.);
#2390=CARTESIAN_POINT('',(-3.019933233899,-0.08749999999998,-2.943671446921));
#2391=DIRECTION('',(0.0228875026754698,-0.966405365196492,-0.256001625660298));
#2392=DIRECTION('',(0.0,0.256068703676415,-0.96665858450514));
#2393=ORIENTED_EDGE('',*,*,#3344,.F.);
#2394=ORIENTED_EDGE('',*,*,#3345,.F.);
#2395=ORIENTED_EDGE('',*,*,#3346,.T.);
#2396=ORIENTED_EDGE('',*,*,#3347,.T.);
#2397=CARTESIAN_POINT('',(-2.833178117888,0.1,-2.926974841162));
#2398=DIRECTION('',(0.985453615158216,0.0,-0.169944615600503));
#2399=DIRECTION('',(0.0,-1.0,0.0));
#2400=ORIENTED_EDGE('',*,*,#3314,.F.);
#2401=ORIENTED_EDGE('',*,*,#3348,.T.);
#2402=ORIENTED_EDGE('',*,*,#3330,.T.);
#2403=ORIENTED_EDGE('',*,*,#3347,.F.);
#2404=CARTESIAN_POINT('',(-2.89800571999,0.35,-1.5));
#2405=DIRECTION('',(0.996027285389739,0.0,0.0890485640487734));
#2406=DIRECTION('',(0.0,-1.0,0.0));
#2407=ORIENTED_EDGE('',*,*,#3318,.F.);
#2408=ORIENTED_EDGE('',*,*,#3331,.T.);
#2409=ORIENTED_EDGE('',*,*,#3348,.F.);
#2410=ORIENTED_EDGE('',*,*,#3313,.F.);
#2411=CARTESIAN_POINT('',(-2.75,0.35,-0.5));
#2412=DIRECTION('',(0.989223877552093,0.0,-0.146410792227899));
#2413=DIRECTION('',(0.0,-1.0,0.0));
#2414=ORIENTED_EDGE('',*,*,#3340,.F.);
#2415=ORIENTED_EDGE('',*,*,#3315,.F.);
#2416=ORIENTED_EDGE('',*,*,#3346,.F.);
#2417=ORIENTED_EDGE('',*,*,#3349,.T.);
#2418=CARTESIAN_POINT('',(-3.019933233899,0.2875,-2.943671446921));
#2419=DIRECTION('',(0.0228875026754698,0.966405365196492,-0.256001625660298));
#2420=DIRECTION('',(-0.996027285389739,-3.35289214863259E-18,-0.0890485640487634));
#2421=ORIENTED_EDGE('',*,*,#3349,.F.);
#2422=ORIENTED_EDGE('',*,*,#3345,.T.);
#2423=ORIENTED_EDGE('',*,*,#3343,.F.);
#2424=ORIENTED_EDGE('',*,*,#3341,.F.);
#2425=CARTESIAN_POINT('',(-2.75,0.35,-3.155475717976));
#2426=DIRECTION('',(0.0890485640487734,0.0,-0.996027285389739));
#2427=DIRECTION('',(0.0,-1.0,0.0));
#2428=ORIENTED_EDGE('',*,*,#3323,.T.);
#2429=ORIENTED_EDGE('',*,*,#3350,.F.);
#2430=ORIENTED_EDGE('',*,*,#3301,.F.);
#2431=ORIENTED_EDGE('',*,*,#3293,.T.);
#2432=CARTESIAN_POINT('',(2.75,0.35,5.95));
#2433=DIRECTION('',(0.0,0.0,1.0));
#2434=DIRECTION('',(1.0,0.0,0.0));
#2435=ORIENTED_EDGE('',*,*,#3302,.T.);
#2436=ORIENTED_EDGE('',*,*,#3350,.T.);
#2437=ORIENTED_EDGE('',*,*,#3322,.T.);
#2438=ORIENTED_EDGE('',*,*,#3082,.T.);
#2439=CARTESIAN_POINT('',(3.25,0.0,0.0));
#2440=DIRECTION('',(1.0,0.0,0.0));
#2441=DIRECTION('',(0.0,1.0,0.0));
#2442=ORIENTED_EDGE('',*,*,#3351,.T.);
#2443=ORIENTED_EDGE('',*,*,#3305,.T.);
#2444=ORIENTED_EDGE('',*,*,#2963,.F.);
#2445=ORIENTED_EDGE('',*,*,#3326,.T.);
#2446=CARTESIAN_POINT('',(3.25,0.0,0.0));
#2447=DIRECTION('',(1.0,0.0,0.0));
#2448=DIRECTION('',(0.0,1.0,0.0));
#2449=ORIENTED_EDGE('',*,*,#3325,.T.);
#2450=ORIENTED_EDGE('',*,*,#3352,.F.);
#2451=ORIENTED_EDGE('',*,*,#3306,.F.);
#2452=ORIENTED_EDGE('',*,*,#3351,.F.);
#2453=CARTESIAN_POINT('',(3.25,0.35,-0.5));
#2454=DIRECTION('',(0.988936352868304,0.0,0.148340452930201));
#2455=DIRECTION('',(0.0,-1.0,0.0));
#2456=ORIENTED_EDGE('',*,*,#3307,.F.);
#2457=ORIENTED_EDGE('',*,*,#3352,.T.);
#2458=ORIENTED_EDGE('',*,*,#3324,.T.);
#2459=ORIENTED_EDGE('',*,*,#3353,.F.);
#2460=CARTESIAN_POINT('',(3.4,0.35,-1.5));
#2461=DIRECTION('',(0.996027285389739,0.0,-0.0890485640487734));
#2462=DIRECTION('',(0.0,-1.0,0.0));
#2463=ORIENTED_EDGE('',*,*,#3354,.F.);
#2464=ORIENTED_EDGE('',*,*,#3355,.F.);
#2465=ORIENTED_EDGE('',*,*,#3356,.T.);
#2466=ORIENTED_EDGE('',*,*,#3353,.T.);
#2467=CARTESIAN_POINT('',(3.206688349909,0.1,-2.96036805268));
#2468=DIRECTION('',(0.939678609807264,0.0,-0.342058635720087));
#2469=DIRECTION('',(0.0,-1.0,0.0));
#2470=ORIENTED_EDGE('',*,*,#3357,.F.);
#2471=ORIENTED_EDGE('',*,*,#3308,.F.);
#2472=ORIENTED_EDGE('',*,*,#3356,.F.);
#2473=ORIENTED_EDGE('',*,*,#3358,.T.);
#2474=CARTESIAN_POINT('',(3.019933233899,0.2875,-2.943671446921));
#2475=DIRECTION('',(-0.0228875026754698,0.966405365196492,-0.256001625660298));
#2476=DIRECTION('',(-0.996027285389739,3.35289214863259E-18,0.0890485640487634));
#2477=ORIENTED_EDGE('',*,*,#3358,.F.);
#2478=ORIENTED_EDGE('',*,*,#3355,.T.);
#2479=ORIENTED_EDGE('',*,*,#3359,.F.);
#2480=ORIENTED_EDGE('',*,*,#3360,.F.);
#2481=CARTESIAN_POINT('',(3.248013642695,0.35,-3.2));
#2482=DIRECTION('',(-0.0890485640487734,0.0,-0.996027285389739));
#2483=DIRECTION('',(-0.996027285389739,0.0,0.0890485640487734));
#2484=ORIENTED_EDGE('',*,*,#3357,.T.);
#2485=ORIENTED_EDGE('',*,*,#3360,.T.);
#2486=ORIENTED_EDGE('',*,*,#3361,.T.);
#2487=ORIENTED_EDGE('',*,*,#3362,.F.);
#2488=CARTESIAN_POINT('',(2.833178117888,0.1,-2.926974841162));
#2489=DIRECTION('',(-0.985453615158216,0.0,-0.169944615600503));
#2490=DIRECTION('',(-0.169944615600503,0.0,0.985453615158216));
#2491=ORIENTED_EDGE('',*,*,#3328,.T.);
#2492=ORIENTED_EDGE('',*,*,#3363,.F.);
#2493=ORIENTED_EDGE('',*,*,#3303,.F.);
#2494=ORIENTED_EDGE('',*,*,#3362,.T.);
#2495=CARTESIAN_POINT('',(2.75,0.35,-3.155475717976));
#2496=DIRECTION('',(-0.996027285389739,0.0,0.0890485640487734));
#2497=DIRECTION('',(0.0,1.0,0.0));
#2498=ORIENTED_EDGE('',*,*,#3304,.F.);
#2499=ORIENTED_EDGE('',*,*,#3363,.T.);
#2500=ORIENTED_EDGE('',*,*,#3327,.T.);
#2501=ORIENTED_EDGE('',*,*,#3295,.T.);
#2502=CARTESIAN_POINT('',(2.89800571999,0.35,-1.5));
#2503=DIRECTION('',(-0.989223877552093,0.0,-0.146410792227899));
#2504=DIRECTION('',(-0.146410792227899,0.0,0.989223877552093));
#2505=ORIENTED_EDGE('',*,*,#3361,.F.);
#2506=ORIENTED_EDGE('',*,*,#3359,.T.);
#2507=ORIENTED_EDGE('',*,*,#3354,.T.);
#2508=ORIENTED_EDGE('',*,*,#3329,.F.);
#2509=CARTESIAN_POINT('',(3.019933233899,-0.08749999999998,-2.943671446921));
#2510=DIRECTION('',(-0.0228875026754698,-0.966405365196492,-0.256001625660298));
#2511=DIRECTION('',(0.0,0.256068703676415,-0.96665858450514));
#2512=ORIENTED_EDGE('',*,*,#3364,.F.);
#2513=ORIENTED_EDGE('',*,*,#3365,.F.);
#2514=ORIENTED_EDGE('',*,*,#3366,.F.);
#2515=ORIENTED_EDGE('',*,*,#3088,.F.);
#2516=CARTESIAN_POINT('',(0.75,0.0,0.0));
#2517=DIRECTION('',(1.0,0.0,0.0));
#2518=DIRECTION('',(0.0,1.0,0.0));
#2519=ORIENTED_EDGE('',*,*,#3367,.F.);
#2520=ORIENTED_EDGE('',*,*,#2969,.T.);
#2521=ORIENTED_EDGE('',*,*,#3368,.F.);
#2522=ORIENTED_EDGE('',*,*,#3369,.T.);
#2523=CARTESIAN_POINT('',(0.75,0.0,0.0));
#2524=DIRECTION('',(1.0,0.0,0.0));
#2525=DIRECTION('',(0.0,1.0,0.0));
#2526=ORIENTED_EDGE('',*,*,#3366,.T.);
#2527=ORIENTED_EDGE('',*,*,#3370,.T.);
#2528=ORIENTED_EDGE('',*,*,#3371,.F.);
#2529=ORIENTED_EDGE('',*,*,#3085,.F.);
#2530=CARTESIAN_POINT('',(0.75,0.35,-3.2));
#2531=DIRECTION('',(-0.0,1.0,0.0));
#2532=DIRECTION('',(1.0,0.0,0.0));
#2533=ORIENTED_EDGE('',*,*,#3368,.T.);
#2534=ORIENTED_EDGE('',*,*,#2968,.T.);
#2535=ORIENTED_EDGE('',*,*,#3372,.F.);
#2536=ORIENTED_EDGE('',*,*,#3373,.T.);
#2537=CARTESIAN_POINT('',(0.75,0.35,-3.2));
#2538=DIRECTION('',(-0.0,1.0,0.0));
#2539=DIRECTION('',(1.0,0.0,0.0));
#2540=ORIENTED_EDGE('',*,*,#3371,.T.);
#2541=ORIENTED_EDGE('',*,*,#3374,.T.);
#2542=ORIENTED_EDGE('',*,*,#3375,.T.);
#2543=ORIENTED_EDGE('',*,*,#3086,.T.);
#2544=CARTESIAN_POINT('',(1.25,0.0,0.0));
#2545=DIRECTION('',(1.0,0.0,0.0));
#2546=DIRECTION('',(0.0,1.0,0.0));
#2547=ORIENTED_EDGE('',*,*,#3372,.T.);
#2548=ORIENTED_EDGE('',*,*,#2967,.F.);
#2549=ORIENTED_EDGE('',*,*,#3376,.T.);
#2550=ORIENTED_EDGE('',*,*,#3377,.T.);
#2551=CARTESIAN_POINT('',(1.25,0.0,0.0));
#2552=DIRECTION('',(1.0,0.0,0.0));
#2553=DIRECTION('',(0.0,1.0,0.0));
#2554=ORIENTED_EDGE('',*,*,#3375,.F.);
#2555=ORIENTED_EDGE('',*,*,#3378,.F.);
#2556=ORIENTED_EDGE('',*,*,#3364,.T.);
#2557=ORIENTED_EDGE('',*,*,#3087,.T.);
#2558=CARTESIAN_POINT('',(0.75,-0.15,5.95));
#2559=DIRECTION('',(0.0,-1.0,0.0));
#2560=DIRECTION('',(0.0,0.0,-1.0));
#2561=ORIENTED_EDGE('',*,*,#3376,.F.);
#2562=ORIENTED_EDGE('',*,*,#2966,.F.);
#2563=ORIENTED_EDGE('',*,*,#3367,.T.);
#2564=ORIENTED_EDGE('',*,*,#3379,.F.);
#2565=CARTESIAN_POINT('',(0.75,-0.15,5.95));
#2566=DIRECTION('',(0.0,-1.0,0.0));
#2567=DIRECTION('',(0.0,0.0,-1.0));
#2568=ORIENTED_EDGE('',*,*,#3378,.T.);
#2569=ORIENTED_EDGE('',*,*,#3374,.F.);
#2570=ORIENTED_EDGE('',*,*,#3370,.F.);
#2571=ORIENTED_EDGE('',*,*,#3365,.T.);
#2572=CARTESIAN_POINT('',(0.75,0.35,5.95));
#2573=DIRECTION('',(0.0,0.0,1.0));
#2574=DIRECTION('',(1.0,0.0,0.0));
#2575=ORIENTED_EDGE('',*,*,#3380,.F.);
#2576=ORIENTED_EDGE('',*,*,#3381,.F.);
#2577=ORIENTED_EDGE('',*,*,#3382,.T.);
#2578=ORIENTED_EDGE('',*,*,#3379,.T.);
#2579=CARTESIAN_POINT('',(1.0,-0.08749999999998,-2.965));
#2580=DIRECTION('',(0.0,-0.966405365196492,-0.257022703509698));
#2581=DIRECTION('',(0.0,0.257022703509698,-0.966405365196492));
#2582=ORIENTED_EDGE('',*,*,#3383,.F.);
#2583=ORIENTED_EDGE('',*,*,#3377,.F.);
#2584=ORIENTED_EDGE('',*,*,#3382,.F.);
#2585=ORIENTED_EDGE('',*,*,#3384,.T.);
#2586=CARTESIAN_POINT('',(1.1875,0.1,-2.965));
#2587=DIRECTION('',(0.966405365196492,0.0,-0.257022703509698));
#2588=DIRECTION('',(0.0,-1.0,0.0));
#2589=ORIENTED_EDGE('',*,*,#3384,.F.);
#2590=ORIENTED_EDGE('',*,*,#3381,.T.);
#2591=ORIENTED_EDGE('',*,*,#3385,.F.);
#2592=ORIENTED_EDGE('',*,*,#3386,.F.);
#2593=CARTESIAN_POINT('',(0.75,-0.15,-3.2));
#2594=DIRECTION('',(0.0,0.0,-1.0));
#2595=DIRECTION('',(0.0,-1.0,0.0));
#2596=ORIENTED_EDGE('',*,*,#3383,.T.);
#2597=ORIENTED_EDGE('',*,*,#3386,.T.);
#2598=ORIENTED_EDGE('',*,*,#3387,.T.);
#2599=ORIENTED_EDGE('',*,*,#3373,.F.);
#2600=CARTESIAN_POINT('',(1.0,0.2875,-2.965));
#2601=DIRECTION('',(0.0,0.966405365196492,-0.257022703509698));
#2602=DIRECTION('',(-1.0,0.0,0.0));
#2603=ORIENTED_EDGE('',*,*,#3387,.F.);
#2604=ORIENTED_EDGE('',*,*,#3385,.T.);
#2605=ORIENTED_EDGE('',*,*,#3380,.T.);
#2606=ORIENTED_EDGE('',*,*,#3369,.F.);
#2607=CARTESIAN_POINT('',(0.8125,0.1,-2.965));
#2608=DIRECTION('',(-0.966405365196492,0.0,-0.257022703509698));
#2609=DIRECTION('',(-0.257022703509698,0.0,0.966405365196492));
#2610=ORIENTED_EDGE('',*,*,#3388,.F.);
#2611=ORIENTED_EDGE('',*,*,#3389,.F.);
#2612=ORIENTED_EDGE('',*,*,#3390,.F.);
#2613=ORIENTED_EDGE('',*,*,#3092,.F.);
#2614=CARTESIAN_POINT('',(-1.25,0.0,0.0));
#2615=DIRECTION('',(1.0,0.0,0.0));
#2616=DIRECTION('',(0.0,1.0,0.0));
#2617=ORIENTED_EDGE('',*,*,#3391,.F.);
#2618=ORIENTED_EDGE('',*,*,#2973,.T.);
#2619=ORIENTED_EDGE('',*,*,#3392,.F.);
#2620=ORIENTED_EDGE('',*,*,#3393,.T.);
#2621=CARTESIAN_POINT('',(-1.25,0.0,0.0));
#2622=DIRECTION('',(1.0,0.0,0.0));
#2623=DIRECTION('',(0.0,1.0,0.0));
#2624=ORIENTED_EDGE('',*,*,#3390,.T.);
#2625=ORIENTED_EDGE('',*,*,#3394,.T.);
#2626=ORIENTED_EDGE('',*,*,#3395,.F.);
#2627=ORIENTED_EDGE('',*,*,#3089,.F.);
#2628=CARTESIAN_POINT('',(-1.25,0.35,-3.2));
#2629=DIRECTION('',(-0.0,1.0,0.0));
#2630=DIRECTION('',(1.0,0.0,0.0));
#2631=ORIENTED_EDGE('',*,*,#3392,.T.);
#2632=ORIENTED_EDGE('',*,*,#2972,.T.);
#2633=ORIENTED_EDGE('',*,*,#3396,.F.);
#2634=ORIENTED_EDGE('',*,*,#3397,.T.);
#2635=CARTESIAN_POINT('',(-1.25,0.35,-3.2));
#2636=DIRECTION('',(-0.0,1.0,0.0));
#2637=DIRECTION('',(1.0,0.0,0.0));
#2638=ORIENTED_EDGE('',*,*,#3395,.T.);
#2639=ORIENTED_EDGE('',*,*,#3398,.T.);
#2640=ORIENTED_EDGE('',*,*,#3399,.T.);
#2641=ORIENTED_EDGE('',*,*,#3090,.T.);
#2642=CARTESIAN_POINT('',(-0.75,0.0,0.0));
#2643=DIRECTION('',(1.0,0.0,0.0));
#2644=DIRECTION('',(0.0,1.0,0.0));
#2645=ORIENTED_EDGE('',*,*,#3396,.T.);
#2646=ORIENTED_EDGE('',*,*,#2971,.F.);
#2647=ORIENTED_EDGE('',*,*,#3400,.T.);
#2648=ORIENTED_EDGE('',*,*,#3401,.T.);
#2649=CARTESIAN_POINT('',(-0.75,0.0,0.0));
#2650=DIRECTION('',(1.0,0.0,0.0));
#2651=DIRECTION('',(0.0,1.0,0.0));
#2652=ORIENTED_EDGE('',*,*,#3399,.F.);
#2653=ORIENTED_EDGE('',*,*,#3402,.F.);
#2654=ORIENTED_EDGE('',*,*,#3388,.T.);
#2655=ORIENTED_EDGE('',*,*,#3091,.T.);
#2656=CARTESIAN_POINT('',(-1.25,-0.15,5.95));
#2657=DIRECTION('',(0.0,-1.0,0.0));
#2658=DIRECTION('',(0.0,0.0,-1.0));
#2659=ORIENTED_EDGE('',*,*,#3400,.F.);
#2660=ORIENTED_EDGE('',*,*,#2970,.F.);
#2661=ORIENTED_EDGE('',*,*,#3391,.T.);
#2662=ORIENTED_EDGE('',*,*,#3403,.F.);
#2663=CARTESIAN_POINT('',(-1.25,-0.15,5.95));
#2664=DIRECTION('',(0.0,-1.0,0.0));
#2665=DIRECTION('',(0.0,0.0,-1.0));
#2666=ORIENTED_EDGE('',*,*,#3402,.T.);
#2667=ORIENTED_EDGE('',*,*,#3398,.F.);
#2668=ORIENTED_EDGE('',*,*,#3394,.F.);
#2669=ORIENTED_EDGE('',*,*,#3389,.T.);
#2670=CARTESIAN_POINT('',(-1.25,0.35,5.95));
#2671=DIRECTION('',(0.0,0.0,1.0));
#2672=DIRECTION('',(1.0,0.0,0.0));
#2673=ORIENTED_EDGE('',*,*,#3404,.F.);
#2674=ORIENTED_EDGE('',*,*,#3405,.F.);
#2675=ORIENTED_EDGE('',*,*,#3406,.T.);
#2676=ORIENTED_EDGE('',*,*,#3403,.T.);
#2677=CARTESIAN_POINT('',(-1.0,-0.08749999999998,-2.965));
#2678=DIRECTION('',(0.0,-0.966405365196492,-0.257022703509698));
#2679=DIRECTION('',(0.0,0.257022703509698,-0.966405365196492));
#2680=ORIENTED_EDGE('',*,*,#3407,.F.);
#2681=ORIENTED_EDGE('',*,*,#3401,.F.);
#2682=ORIENTED_EDGE('',*,*,#3406,.F.);
#2683=ORIENTED_EDGE('',*,*,#3408,.T.);
#2684=CARTESIAN_POINT('',(-0.8125,0.1,-2.965));
#2685=DIRECTION('',(0.966405365196492,0.0,-0.257022703509698));
#2686=DIRECTION('',(0.0,-1.0,0.0));
#2687=ORIENTED_EDGE('',*,*,#3408,.F.);
#2688=ORIENTED_EDGE('',*,*,#3405,.T.);
#2689=ORIENTED_EDGE('',*,*,#3409,.F.);
#2690=ORIENTED_EDGE('',*,*,#3410,.F.);
#2691=CARTESIAN_POINT('',(-1.25,-0.15,-3.2));
#2692=DIRECTION('',(0.0,0.0,-1.0));
#2693=DIRECTION('',(0.0,-1.0,0.0));
#2694=ORIENTED_EDGE('',*,*,#3407,.T.);
#2695=ORIENTED_EDGE('',*,*,#3410,.T.);
#2696=ORIENTED_EDGE('',*,*,#3411,.T.);
#2697=ORIENTED_EDGE('',*,*,#3397,.F.);
#2698=CARTESIAN_POINT('',(-1.0,0.2875,-2.965));
#2699=DIRECTION('',(0.0,0.966405365196492,-0.257022703509698));
#2700=DIRECTION('',(-1.0,0.0,0.0));
#2701=ORIENTED_EDGE('',*,*,#3411,.F.);
#2702=ORIENTED_EDGE('',*,*,#3409,.T.);
#2703=ORIENTED_EDGE('',*,*,#3404,.T.);
#2704=ORIENTED_EDGE('',*,*,#3393,.F.);
#2705=CARTESIAN_POINT('',(-1.1875,0.1,-2.965));
#2706=DIRECTION('',(-0.966405365196492,0.0,-0.257022703509698));
#2707=DIRECTION('',(-0.257022703509698,0.0,0.966405365196492));
#2708=ORIENTED_EDGE('',*,*,#3031,.T.);
#2709=ORIENTED_EDGE('',*,*,#2999,.F.);
#2710=ORIENTED_EDGE('',*,*,#2997,.F.);
#2711=ORIENTED_EDGE('',*,*,#3036,.T.);
#2712=ORIENTED_EDGE('',*,*,#3034,.T.);
#2713=CARTESIAN_POINT('',(3.0,-2.9,9.25));
#2714=DIRECTION('',(1.0,0.0,0.0));
#2715=DIRECTION('',(0.0,1.0,0.0));
#2716=ORIENTED_EDGE('',*,*,#3412,.T.);
#2717=ORIENTED_EDGE('',*,*,#3413,.F.);
#2718=ORIENTED_EDGE('',*,*,#3414,.F.);
#2719=ORIENTED_EDGE('',*,*,#2945,.T.);
#2720=CARTESIAN_POINT('',(4.25,0.6,0.3));
#2721=DIRECTION('',(1.0,0.0,0.0));
#2722=DIRECTION('',(0.0,1.0,0.0));
#2723=ORIENTED_EDGE('',*,*,#3414,.T.);
#2724=ORIENTED_EDGE('',*,*,#3415,.F.);
#2725=ORIENTED_EDGE('',*,*,#3416,.F.);
#2726=ORIENTED_EDGE('',*,*,#2942,.T.);
#2727=CARTESIAN_POINT('',(3.75,0.6,0.3));
#2728=DIRECTION('',(-0.0,1.0,0.0));
#2729=DIRECTION('',(1.0,0.0,0.0));
#2730=ORIENTED_EDGE('',*,*,#3416,.T.);
#2731=ORIENTED_EDGE('',*,*,#3417,.F.);
#2732=ORIENTED_EDGE('',*,*,#3418,.F.);
#2733=ORIENTED_EDGE('',*,*,#2943,.T.);
#2734=CARTESIAN_POINT('',(3.75,-0.8,0.3));
#2735=DIRECTION('',(-1.0,0.0,0.0));
#2736=DIRECTION('',(0.0,0.0,1.0));
#2737=ORIENTED_EDGE('',*,*,#3418,.T.);
#2738=ORIENTED_EDGE('',*,*,#3419,.F.);
#2739=ORIENTED_EDGE('',*,*,#3412,.F.);
#2740=ORIENTED_EDGE('',*,*,#2944,.T.);
#2741=CARTESIAN_POINT('',(4.25,-0.8,0.3));
#2742=DIRECTION('',(0.0,-1.0,0.0));
#2743=DIRECTION('',(0.0,0.0,-1.0));
#2744=ORIENTED_EDGE('',*,*,#3419,.T.);
#2745=ORIENTED_EDGE('',*,*,#3417,.T.);
#2746=ORIENTED_EDGE('',*,*,#3415,.T.);
#2747=ORIENTED_EDGE('',*,*,#3413,.T.);
#2748=CARTESIAN_POINT('',(-6.0,-2.9,0.0));
#2749=DIRECTION('',(0.0,0.0,-1.0));
#2750=DIRECTION('',(0.0,-1.0,0.0));
#2751=ORIENTED_EDGE('',*,*,#3420,.T.);
#2752=ORIENTED_EDGE('',*,*,#3421,.F.);
#2753=ORIENTED_EDGE('',*,*,#3422,.F.);
#2754=ORIENTED_EDGE('',*,*,#2949,.T.);
#2755=CARTESIAN_POINT('',(2.25,0.6,0.3));
#2756=DIRECTION('',(1.0,0.0,0.0));
#2757=DIRECTION('',(0.0,1.0,0.0));
#2758=ORIENTED_EDGE('',*,*,#3422,.T.);
#2759=ORIENTED_EDGE('',*,*,#3423,.F.);
#2760=ORIENTED_EDGE('',*,*,#3424,.F.);
#2761=ORIENTED_EDGE('',*,*,#2946,.T.);
#2762=CARTESIAN_POINT('',(1.75,0.6,0.3));
#2763=DIRECTION('',(-0.0,1.0,0.0));
#2764=DIRECTION('',(1.0,0.0,0.0));
#2765=ORIENTED_EDGE('',*,*,#3424,.T.);
#2766=ORIENTED_EDGE('',*,*,#3425,.F.);
#2767=ORIENTED_EDGE('',*,*,#3426,.F.);
#2768=ORIENTED_EDGE('',*,*,#2947,.T.);
#2769=CARTESIAN_POINT('',(1.75,-0.8,0.3));
#2770=DIRECTION('',(-1.0,0.0,0.0));
#2771=DIRECTION('',(0.0,0.0,1.0));
#2772=ORIENTED_EDGE('',*,*,#3426,.T.);
#2773=ORIENTED_EDGE('',*,*,#3427,.F.);
#2774=ORIENTED_EDGE('',*,*,#3420,.F.);
#2775=ORIENTED_EDGE('',*,*,#2948,.T.);
#2776=CARTESIAN_POINT('',(2.25,-0.8,0.3));
#2777=DIRECTION('',(0.0,-1.0,0.0));
#2778=DIRECTION('',(0.0,0.0,-1.0));
#2779=ORIENTED_EDGE('',*,*,#3427,.T.);
#2780=ORIENTED_EDGE('',*,*,#3425,.T.);
#2781=ORIENTED_EDGE('',*,*,#3423,.T.);
#2782=ORIENTED_EDGE('',*,*,#3421,.T.);
#2783=CARTESIAN_POINT('',(-6.0,-2.9,0.0));
#2784=DIRECTION('',(0.0,0.0,-1.0));
#2785=DIRECTION('',(0.0,-1.0,0.0));
#2786=ORIENTED_EDGE('',*,*,#3428,.T.);
#2787=ORIENTED_EDGE('',*,*,#3429,.F.);
#2788=ORIENTED_EDGE('',*,*,#3430,.F.);
#2789=ORIENTED_EDGE('',*,*,#2953,.T.);
#2790=CARTESIAN_POINT('',(0.25,0.6,0.3));
#2791=DIRECTION('',(1.0,0.0,0.0));
#2792=DIRECTION('',(0.0,1.0,0.0));
#2793=ORIENTED_EDGE('',*,*,#3430,.T.);
#2794=ORIENTED_EDGE('',*,*,#3431,.F.);
#2795=ORIENTED_EDGE('',*,*,#3432,.F.);
#2796=ORIENTED_EDGE('',*,*,#2950,.T.);
#2797=CARTESIAN_POINT('',(-0.25,0.6,0.3));
#2798=DIRECTION('',(-0.0,1.0,0.0));
#2799=DIRECTION('',(1.0,0.0,0.0));
#2800=ORIENTED_EDGE('',*,*,#3432,.T.);
#2801=ORIENTED_EDGE('',*,*,#3433,.F.);
#2802=ORIENTED_EDGE('',*,*,#3434,.F.);
#2803=ORIENTED_EDGE('',*,*,#2951,.T.);
#2804=CARTESIAN_POINT('',(-0.25,-0.8,0.3));
#2805=DIRECTION('',(-1.0,0.0,0.0));
#2806=DIRECTION('',(0.0,0.0,1.0));
#2807=ORIENTED_EDGE('',*,*,#3434,.T.);
#2808=ORIENTED_EDGE('',*,*,#3435,.F.);
#2809=ORIENTED_EDGE('',*,*,#3428,.F.);
#2810=ORIENTED_EDGE('',*,*,#2952,.T.);
#2811=CARTESIAN_POINT('',(0.25,-0.8,0.3));
#2812=DIRECTION('',(0.0,-1.0,0.0));
#2813=DIRECTION('',(0.0,0.0,-1.0));
#2814=ORIENTED_EDGE('',*,*,#3435,.T.);
#2815=ORIENTED_EDGE('',*,*,#3433,.T.);
#2816=ORIENTED_EDGE('',*,*,#3431,.T.);
#2817=ORIENTED_EDGE('',*,*,#3429,.T.);
#2818=CARTESIAN_POINT('',(-6.0,-2.9,0.0));
#2819=DIRECTION('',(0.0,0.0,-1.0));
#2820=DIRECTION('',(0.0,-1.0,0.0));
#2821=ORIENTED_EDGE('',*,*,#3436,.T.);
#2822=ORIENTED_EDGE('',*,*,#3437,.F.);
#2823=ORIENTED_EDGE('',*,*,#3438,.F.);
#2824=ORIENTED_EDGE('',*,*,#2957,.T.);
#2825=CARTESIAN_POINT('',(-1.75,0.6,0.3));
#2826=DIRECTION('',(1.0,0.0,0.0));
#2827=DIRECTION('',(0.0,1.0,0.0));
#2828=ORIENTED_EDGE('',*,*,#3438,.T.);
#2829=ORIENTED_EDGE('',*,*,#3439,.F.);
#2830=ORIENTED_EDGE('',*,*,#3440,.F.);
#2831=ORIENTED_EDGE('',*,*,#2954,.T.);
#2832=CARTESIAN_POINT('',(-2.25,0.6,0.3));
#2833=DIRECTION('',(-0.0,1.0,0.0));
#2834=DIRECTION('',(1.0,0.0,0.0));
#2835=ORIENTED_EDGE('',*,*,#3440,.T.);
#2836=ORIENTED_EDGE('',*,*,#3441,.F.);
#2837=ORIENTED_EDGE('',*,*,#3442,.F.);
#2838=ORIENTED_EDGE('',*,*,#2955,.T.);
#2839=CARTESIAN_POINT('',(-2.25,-0.8,0.3));
#2840=DIRECTION('',(-1.0,0.0,0.0));
#2841=DIRECTION('',(0.0,0.0,1.0));
#2842=ORIENTED_EDGE('',*,*,#3442,.T.);
#2843=ORIENTED_EDGE('',*,*,#3443,.F.);
#2844=ORIENTED_EDGE('',*,*,#3436,.F.);
#2845=ORIENTED_EDGE('',*,*,#2956,.T.);
#2846=CARTESIAN_POINT('',(-1.75,-0.8,0.3));
#2847=DIRECTION('',(0.0,-1.0,0.0));
#2848=DIRECTION('',(0.0,0.0,-1.0));
#2849=ORIENTED_EDGE('',*,*,#3443,.T.);
#2850=ORIENTED_EDGE('',*,*,#3441,.T.);
#2851=ORIENTED_EDGE('',*,*,#3439,.T.);
#2852=ORIENTED_EDGE('',*,*,#3437,.T.);
#2853=CARTESIAN_POINT('',(-6.0,-2.9,0.0));
#2854=DIRECTION('',(0.0,0.0,-1.0));
#2855=DIRECTION('',(0.0,-1.0,0.0));
#2856=ORIENTED_EDGE('',*,*,#3444,.T.);
#2857=ORIENTED_EDGE('',*,*,#3445,.F.);
#2858=ORIENTED_EDGE('',*,*,#3446,.F.);
#2859=ORIENTED_EDGE('',*,*,#2961,.T.);
#2860=CARTESIAN_POINT('',(-3.75,0.6,0.3));
#2861=DIRECTION('',(1.0,0.0,0.0));
#2862=DIRECTION('',(0.0,1.0,0.0));
#2863=ORIENTED_EDGE('',*,*,#3446,.T.);
#2864=ORIENTED_EDGE('',*,*,#3447,.F.);
#2865=ORIENTED_EDGE('',*,*,#3448,.F.);
#2866=ORIENTED_EDGE('',*,*,#2958,.T.);
#2867=CARTESIAN_POINT('',(-4.25,0.6,0.3));
#2868=DIRECTION('',(-0.0,1.0,0.0));
#2869=DIRECTION('',(1.0,0.0,0.0));
#2870=ORIENTED_EDGE('',*,*,#3448,.T.);
#2871=ORIENTED_EDGE('',*,*,#3449,.F.);
#2872=ORIENTED_EDGE('',*,*,#3450,.F.);
#2873=ORIENTED_EDGE('',*,*,#2959,.T.);
#2874=CARTESIAN_POINT('',(-4.25,-0.8,0.3));
#2875=DIRECTION('',(-1.0,0.0,0.0));
#2876=DIRECTION('',(0.0,0.0,1.0));
#2877=ORIENTED_EDGE('',*,*,#3450,.T.);
#2878=ORIENTED_EDGE('',*,*,#3451,.F.);
#2879=ORIENTED_EDGE('',*,*,#3444,.F.);
#2880=ORIENTED_EDGE('',*,*,#2960,.T.);
#2881=CARTESIAN_POINT('',(-3.75,-0.8,0.3));
#2882=DIRECTION('',(0.0,-1.0,0.0));
#2883=DIRECTION('',(0.0,0.0,-1.0));
#2884=ORIENTED_EDGE('',*,*,#3451,.T.);
#2885=ORIENTED_EDGE('',*,*,#3449,.T.);
#2886=ORIENTED_EDGE('',*,*,#3447,.T.);
#2887=ORIENTED_EDGE('',*,*,#3445,.T.);
#2888=CARTESIAN_POINT('',(-6.0,-2.9,0.0));
#2889=DIRECTION('',(0.0,0.0,-1.0));
#2890=DIRECTION('',(0.0,-1.0,0.0));
#2891=AXIS2_PLACEMENT_3D('',#3452,#3453,#3454);
#2892=AXIS2_PLACEMENT_3D('',#3455,#3456,#3457);
#2893=AXIS2_PLACEMENT_3D('',#3458,#3459,#3460);
#2894=AXIS2_PLACEMENT_3D('',#3461,#3462,#3463);
#2895=AXIS2_PLACEMENT_3D('',#3464,#3465,#3466);
#2896=AXIS2_PLACEMENT_3D('',#3467,#3468,#3469);
#2897=AXIS2_PLACEMENT_3D('',#3470,#3471,#3472);
#2898=AXIS2_PLACEMENT_3D('',#3473,#3474,#3475);
#2899=AXIS2_PLACEMENT_3D('',#3476,#3477,#3478);
#2900=AXIS2_PLACEMENT_3D('',#3479,#3480,#3481);
#2901=CARTESIAN_POINT('',(5.0,2.0,0.0));
#2902=VECTOR('',#3482,0.9);
#2903=EDGE_CURVE('',#3483,#3484,#3485,.T.);
#2904=EDGE_CURVE('',#3486,#3483,#3487,.T.);
#2905=EDGE_CURVE('',#3486,#3488,#3489,.T.);
#2906=EDGE_CURVE('',#3488,#3484,#3490,.T.);
#2907=EDGE_CURVE('',#3491,#3492,#3493,.T.);
#2908=EDGE_CURVE('',#3491,#3488,#3494,.T.);
#2909=EDGE_CURVE('',#3492,#3486,#3495,.T.);
#2910=EDGE_CURVE('',#3496,#3497,#3498,.T.);
#2911=EDGE_CURVE('',#3499,#3497,#3500,.T.);
#2912=EDGE_CURVE('',#3501,#3499,#3502,.T.);
#2913=EDGE_CURVE('',#3503,#3501,#3504,.T.);
#2914=EDGE_CURVE('',#3505,#3503,#3506,.T.);
#2915=EDGE_CURVE('',#3507,#3505,#3508,.T.);
#2916=EDGE_CURVE('',#3509,#3507,#3510,.T.);
#2917=EDGE_CURVE('',#3511,#3509,#3512,.T.);
#2918=EDGE_CURVE('',#3513,#3511,#3514,.T.);
#2919=EDGE_CURVE('',#3515,#3513,#3516,.T.);
#2920=EDGE_CURVE('',#3517,#3515,#3518,.T.);
#2921=EDGE_CURVE('',#3517,#3496,#3519,.T.);
#2922=EDGE_CURVE('',#3520,#3521,#3522,.T.);
#2923=EDGE_CURVE('',#3520,#3523,#3524,.T.);
#2924=EDGE_CURVE('',#3523,#3525,#3526,.T.);
#2925=EDGE_CURVE('',#3525,#3521,#3527,.T.);
#2926=EDGE_CURVE('',#3517,#3528,#3529,.T.);
#2927=EDGE_CURVE('',#3528,#3530,#3531,.T.);
#2928=EDGE_CURVE('',#3530,#3496,#3532,.T.);
#2929=EDGE_CURVE('',#3533,#3521,#3534,.T.);
#2930=EDGE_CURVE('',#3525,#3535,#3536,.T.);
#2931=EDGE_CURVE('',#3535,#3537,#3538,.T.);
#2932=EDGE_CURVE('',#3539,#3537,#3540,.T.);
#2933=EDGE_CURVE('',#3541,#3539,#3542,.T.);
#2934=EDGE_CURVE('',#3541,#3543,#3544,.T.);
#2935=EDGE_CURVE('',#3543,#3497,#3545,.T.);
#2936=EDGE_CURVE('',#3546,#3530,#3547,.T.);
#2937=EDGE_CURVE('',#3548,#3546,#3549,.T.);
#2938=EDGE_CURVE('',#3550,#3548,#3551,.T.);
#2939=EDGE_CURVE('',#3550,#3552,#3553,.T.);
#2940=EDGE_CURVE('',#3552,#3554,#3555,.T.);
#2941=EDGE_CURVE('',#3554,#3533,#3556,.T.);
#2942=EDGE_CURVE('',#3557,#3558,#3559,.T.);
#2943=EDGE_CURVE('',#3560,#3557,#3561,.T.);
#2944=EDGE_CURVE('',#3562,#3560,#3563,.T.);
#2945=EDGE_CURVE('',#3558,#3562,#3564,.T.);
#2946=EDGE_CURVE('',#3565,#3566,#3567,.T.);
#2947=EDGE_CURVE('',#3568,#3565,#3569,.T.);
#2948=EDGE_CURVE('',#3570,#3568,#3571,.T.);
#2949=EDGE_CURVE('',#3566,#3570,#3572,.T.);
#2950=EDGE_CURVE('',#3573,#3574,#3575,.T.);
#2951=EDGE_CURVE('',#3576,#3573,#3577,.T.);
#2952=EDGE_CURVE('',#3578,#3576,#3579,.T.);
#2953=EDGE_CURVE('',#3574,#3578,#3580,.T.);
#2954=EDGE_CURVE('',#3581,#3582,#3583,.T.);
#2955=EDGE_CURVE('',#3584,#3581,#3585,.T.);
#2956=EDGE_CURVE('',#3586,#3584,#3587,.T.);
#2957=EDGE_CURVE('',#3582,#3586,#3588,.T.);
#2958=EDGE_CURVE('',#3589,#3590,#3591,.T.);
#2959=EDGE_CURVE('',#3592,#3589,#3593,.T.);
#2960=EDGE_CURVE('',#3594,#3592,#3595,.T.);
#2961=EDGE_CURVE('',#3590,#3594,#3596,.T.);
#2962=EDGE_CURVE('',#3597,#3598,#3599,.T.);
#2963=EDGE_CURVE('',#3598,#3600,#3601,.T.);
#2964=EDGE_CURVE('',#3602,#3600,#3603,.T.);
#2965=EDGE_CURVE('',#3597,#3602,#3604,.T.);
#2966=EDGE_CURVE('',#3605,#3606,#3607,.T.);
#2967=EDGE_CURVE('',#3606,#3608,#3609,.T.);
#2968=EDGE_CURVE('',#3610,#3608,#3611,.T.);
#2969=EDGE_CURVE('',#3605,#3610,#3612,.T.);
#2970=EDGE_CURVE('',#3613,#3614,#3615,.T.);
#2971=EDGE_CURVE('',#3614,#3616,#3617,.T.);
#2972=EDGE_CURVE('',#3618,#3616,#3619,.T.);
#2973=EDGE_CURVE('',#3613,#3618,#3620,.T.);
#2974=EDGE_CURVE('',#3621,#3622,#3623,.T.);
#2975=EDGE_CURVE('',#3622,#3624,#3625,.T.);
#2976=EDGE_CURVE('',#3626,#3624,#3627,.T.);
#2977=EDGE_CURVE('',#3621,#3626,#3628,.T.);
#2978=EDGE_CURVE('',#3554,#3629,#3630,.T.);
#2979=EDGE_CURVE('',#3631,#3629,#3632,.T.);
#2980=EDGE_CURVE('',#3533,#3631,#3633,.T.);
#2981=EDGE_CURVE('',#3634,#3635,#3636,.T.);
#2982=EDGE_CURVE('',#3539,#3634,#3637,.T.);
#2983=EDGE_CURVE('',#3537,#3638,#3639,.T.);
#2984=EDGE_CURVE('',#3640,#3638,#3641,.T.);
#2985=EDGE_CURVE('',#3635,#3640,#3642,.T.);
#2986=EDGE_CURVE('',#3520,#3643,#3644,.T.);
#2987=EDGE_CURVE('',#3645,#3631,#3646,.T.);
#2988=EDGE_CURVE('',#3643,#3645,#3647,.T.);
#2989=EDGE_CURVE('',#3648,#3649,#3650,.T.);
#2990=EDGE_CURVE('',#3503,#3648,#3651,.T.);
#2991=EDGE_CURVE('',#3501,#3652,#3653,.T.);
#2992=EDGE_CURVE('',#3654,#3652,#3655,.T.);
#2993=EDGE_CURVE('',#3654,#3635,#3656,.T.);
#2994=EDGE_CURVE('',#3640,#3657,#3658,.T.);
#2995=EDGE_CURVE('',#3659,#3657,#3660,.T.);
#2996=EDGE_CURVE('',#3661,#3659,#3662,.T.);
#2997=EDGE_CURVE('',#3661,#3663,#3664,.T.);
#2998=EDGE_CURVE('',#3649,#3663,#3665,.T.);
#2999=EDGE_CURVE('',#3663,#3666,#3667,.T.);
#3000=EDGE_CURVE('',#3668,#3666,#3669,.T.);
#3001=EDGE_CURVE('',#3668,#3649,#3670,.T.);
#3002=EDGE_CURVE('',#3648,#3671,#3672,.T.);
#3003=EDGE_CURVE('',#3673,#3668,#3674,.T.);
#3004=EDGE_CURVE('',#3673,#3671,#3675,.T.);
#3005=EDGE_CURVE('',#3676,#3677,#3678,.T.);
#3006=EDGE_CURVE('',#3671,#3677,#3679,.T.);
#3007=EDGE_CURVE('',#3673,#3676,#3680,.T.);
#3008=EDGE_CURVE('',#3681,#3682,#3683,.T.);
#3009=EDGE_CURVE('',#3684,#3682,#3685,.T.);
#3010=EDGE_CURVE('',#3684,#3686,#3687,.T.);
#3011=EDGE_CURVE('',#3688,#3686,#3689,.T.);
#3012=EDGE_CURVE('',#3690,#3688,#3691,.T.);
#3013=EDGE_CURVE('',#3692,#3690,#3693,.T.);
#3014=EDGE_CURVE('',#3692,#3694,#3695,.T.);
#3015=EDGE_CURVE('',#3696,#3694,#3697,.T.);
#3016=EDGE_CURVE('',#3698,#3696,#3699,.T.);
#3017=EDGE_CURVE('',#3700,#3698,#3701,.T.);
#3018=EDGE_CURVE('',#3700,#3702,#3703,.T.);
#3019=EDGE_CURVE('',#3704,#3702,#3705,.T.);
#3020=EDGE_CURVE('',#3706,#3704,#3707,.T.);
#3021=EDGE_CURVE('',#3708,#3706,#3709,.T.);
#3022=EDGE_CURVE('',#3708,#3710,#3711,.T.);
#3023=EDGE_CURVE('',#3712,#3710,#3713,.T.);
#3024=EDGE_CURVE('',#3714,#3712,#3715,.T.);
#3025=EDGE_CURVE('',#3716,#3714,#3717,.T.);
#3026=EDGE_CURVE('',#3716,#3718,#3719,.T.);
#3027=EDGE_CURVE('',#3720,#3718,#3721,.T.);
#3028=EDGE_CURVE('',#3722,#3720,#3723,.T.);
#3029=EDGE_CURVE('',#3724,#3722,#3725,.T.);
#3030=EDGE_CURVE('',#3676,#3724,#3726,.T.);
#3031=EDGE_CURVE('',#3727,#3666,#3728,.T.);
#3032=EDGE_CURVE('',#3681,#3727,#3729,.T.);
#3033=EDGE_CURVE('',#3681,#3730,#3731,.T.);
#3034=EDGE_CURVE('',#3732,#3727,#3733,.T.);
#3035=EDGE_CURVE('',#3730,#3732,#3734,.T.);
#3036=EDGE_CURVE('',#3661,#3732,#3735,.T.);
#3037=EDGE_CURVE('',#3736,#3659,#3737,.T.);
#3038=EDGE_CURVE('',#3738,#3736,#3739,.T.);
#3039=EDGE_CURVE('',#3738,#3730,#3740,.T.);
#3040=EDGE_CURVE('',#3505,#3741,#3742,.T.);
#3041=EDGE_CURVE('',#3677,#3741,#3743,.T.);
#3042=EDGE_CURVE('',#3744,#3738,#3745,.T.);
#3043=EDGE_CURVE('',#3744,#3681,#3746,.T.);
#3044=EDGE_CURVE('',#3747,#3744,#3748,.T.);
#3045=EDGE_CURVE('',#3749,#3747,#3750,.T.);
#3046=EDGE_CURVE('',#3749,#3751,#3752,.T.);
#3047=EDGE_CURVE('',#3682,#3751,#3753,.T.);
#3048=EDGE_CURVE('',#3754,#3755,#3756,.T.);
#3049=EDGE_CURVE('',#3716,#3754,#3757,.T.);
#3050=EDGE_CURVE('',#3714,#3758,#3759,.T.);
#3051=EDGE_CURVE('',#3760,#3758,#3761,.T.);
#3052=EDGE_CURVE('',#3708,#3760,#3762,.T.);
#3053=EDGE_CURVE('',#3706,#3763,#3764,.T.);
#3054=EDGE_CURVE('',#3765,#3763,#3766,.T.);
#3055=EDGE_CURVE('',#3700,#3765,#3767,.T.);
#3056=EDGE_CURVE('',#3698,#3768,#3769,.T.);
#3057=EDGE_CURVE('',#3770,#3768,#3771,.T.);
#3058=EDGE_CURVE('',#3692,#3770,#3772,.T.);
#3059=EDGE_CURVE('',#3690,#3773,#3774,.T.);
#3060=EDGE_CURVE('',#3775,#3773,#3776,.T.);
#3061=EDGE_CURVE('',#3684,#3775,#3777,.T.);
#3062=EDGE_CURVE('',#3751,#3778,#3779,.T.);
#3063=EDGE_CURVE('',#3780,#3778,#3781,.T.);
#3064=EDGE_CURVE('',#3780,#3782,#3783,.T.);
#3065=EDGE_CURVE('',#3782,#3784,#3785,.T.);
#3066=EDGE_CURVE('',#3784,#3786,#3787,.T.);
#3067=EDGE_CURVE('',#3786,#3788,#3789,.T.);
#3068=EDGE_CURVE('',#3788,#3790,#3791,.T.);
#3069=EDGE_CURVE('',#3790,#3792,#3793,.T.);
#3070=EDGE_CURVE('',#3794,#3792,#3795,.T.);
#3071=EDGE_CURVE('',#3796,#3794,#3797,.T.);
#3072=EDGE_CURVE('',#3796,#3798,#3799,.T.);
#3073=EDGE_CURVE('',#3798,#3800,#3801,.T.);
#3074=EDGE_CURVE('',#3800,#3802,#3803,.T.);
#3075=EDGE_CURVE('',#3802,#3804,#3805,.T.);
#3076=EDGE_CURVE('',#3804,#3806,#3807,.T.);
#3077=EDGE_CURVE('',#3808,#3806,#3809,.T.);
#3078=EDGE_CURVE('',#3808,#3810,#3811,.T.);
#3079=EDGE_CURVE('',#3810,#3724,#3812,.T.);
#3080=EDGE_CURVE('',#3722,#3755,#3813,.T.);
#3081=EDGE_CURVE('',#3814,#3815,#3816,.T.);
#3082=EDGE_CURVE('',#3817,#3815,#3818,.T.);
#3083=EDGE_CURVE('',#3819,#3817,#3820,.T.);
#3084=EDGE_CURVE('',#3819,#3814,#3821,.T.);
#3085=EDGE_CURVE('',#3822,#3823,#3824,.T.);
#3086=EDGE_CURVE('',#3825,#3823,#3826,.T.);
#3087=EDGE_CURVE('',#3827,#3825,#3828,.T.);
#3088=EDGE_CURVE('',#3827,#3822,#3829,.T.);
#3089=EDGE_CURVE('',#3830,#3831,#3832,.T.);
#3090=EDGE_CURVE('',#3833,#3831,#3834,.T.);
#3091=EDGE_CURVE('',#3835,#3833,#3836,.T.);
#3092=EDGE_CURVE('',#3835,#3830,#3837,.T.);
#3093=EDGE_CURVE('',#3838,#3839,#3840,.T.);
#3094=EDGE_CURVE('',#3841,#3839,#3842,.T.);
#3095=EDGE_CURVE('',#3843,#3841,#3844,.T.);
#3096=EDGE_CURVE('',#3843,#3838,#3845,.T.);
#3097=EDGE_CURVE('',#3846,#3720,#3847,.T.);
#3098=EDGE_CURVE('',#3755,#3846,#3848,.T.);
#3099=EDGE_CURVE('',#3849,#3846,#3850,.T.);
#3100=EDGE_CURVE('',#3754,#3849,#3851,.T.);
#3101=EDGE_CURVE('',#3718,#3849,#3852,.T.);
#3102=EDGE_CURVE('',#3853,#3810,#3854,.T.);
#3103=EDGE_CURVE('',#3855,#3853,#3856,.T.);
#3104=EDGE_CURVE('',#3857,#3855,#3858,.T.);
#3105=EDGE_CURVE('',#3676,#3857,#3859,.T.);
#3106=EDGE_CURVE('',#3857,#3741,#3860,.T.);
#3107=EDGE_CURVE('',#3855,#3861,#3862,.T.);
#3108=EDGE_CURVE('',#3741,#3861,#3863,.T.);
#3109=EDGE_CURVE('',#3507,#3861,#3864,.T.);
#3110=EDGE_CURVE('',#3865,#3736,#3866,.T.);
#3111=EDGE_CURVE('',#3867,#3865,#3868,.T.);
#3112=EDGE_CURVE('',#3867,#3738,#3869,.T.);
#3113=EDGE_CURVE('',#3870,#3871,#3872,.T.);
#3114=EDGE_CURVE('',#3871,#3873,#3874,.T.);
#3115=EDGE_CURVE('',#3509,#3873,#3875,.T.);
#3116=EDGE_CURVE('',#3861,#3870,#3876,.T.);
#3117=EDGE_CURVE('',#3877,#3865,#3878,.T.);
#3118=EDGE_CURVE('',#3879,#3877,#3880,.T.);
#3119=EDGE_CURVE('',#3879,#3881,#3882,.T.);
#3120=EDGE_CURVE('',#3881,#3883,#3884,.T.);
#3121=EDGE_CURVE('',#3883,#3867,#3885,.T.);
#3122=EDGE_CURVE('',#3853,#3870,#3886,.T.);
#3123=EDGE_CURVE('',#3853,#3887,#3888,.T.);
#3124=EDGE_CURVE('',#3887,#3871,#3889,.T.);
#3125=EDGE_CURVE('',#3887,#3890,#3891,.T.);
#3126=EDGE_CURVE('',#3890,#3873,#3892,.T.);
#3127=EDGE_CURVE('',#3893,#3894,#3895,.T.);
#3128=EDGE_CURVE('',#3873,#3894,#3896,.T.);
#3129=EDGE_CURVE('',#3890,#3893,#3897,.T.);
#3130=EDGE_CURVE('',#3887,#3808,#3898,.T.);
#3131=EDGE_CURVE('',#3899,#3806,#3900,.T.);
#3132=EDGE_CURVE('',#3899,#3893,#3901,.T.);
#3133=EDGE_CURVE('',#3899,#3902,#3903,.T.);
#3134=EDGE_CURVE('',#3902,#3894,#3904,.T.);
#3135=EDGE_CURVE('',#3902,#3905,#3906,.T.);
#3136=EDGE_CURVE('',#3905,#3907,#3908,.T.);
#3137=EDGE_CURVE('',#3907,#3909,#3910,.T.);
#3138=EDGE_CURVE('',#3911,#3909,#3912,.T.);
#3139=EDGE_CURVE('',#3513,#3911,#3913,.T.);
#3140=EDGE_CURVE('',#3511,#3894,#3914,.T.);
#3141=EDGE_CURVE('',#3915,#3916,#3917,.T.);
#3142=EDGE_CURVE('',#3918,#3916,#3919,.T.);
#3143=EDGE_CURVE('',#3920,#3918,#3921,.T.);
#3144=EDGE_CURVE('',#3920,#3922,#3923,.T.);
#3145=EDGE_CURVE('',#3922,#3924,#3925,.T.);
#3146=EDGE_CURVE('',#3924,#3926,#3927,.T.);
#3147=EDGE_CURVE('',#3926,#3928,#3929,.T.);
#3148=EDGE_CURVE('',#3915,#3928,#3930,.T.);
#3149=EDGE_CURVE('',#3916,#3877,#3931,.T.);
#3150=EDGE_CURVE('',#3915,#3879,#3932,.T.);
#3151=EDGE_CURVE('',#3933,#3915,#3934,.T.);
#3152=EDGE_CURVE('',#3933,#3935,#3936,.T.);
#3153=EDGE_CURVE('',#3935,#3879,#3937,.T.);
#3154=EDGE_CURVE('',#3938,#3881,#3939,.T.);
#3155=EDGE_CURVE('',#3935,#3938,#3940,.T.);
#3156=EDGE_CURVE('',#3933,#3941,#3942,.T.);
#3157=EDGE_CURVE('',#3941,#3780,#3943,.T.);
#3158=EDGE_CURVE('',#3938,#3778,#3944,.T.);
#3159=EDGE_CURVE('',#3938,#3749,#3945,.T.);
#3160=EDGE_CURVE('',#3749,#3883,#3946,.T.);
#3161=EDGE_CURVE('',#3747,#3867,#3947,.T.);
#3162=EDGE_CURVE('',#3948,#3782,#3949,.T.);
#3163=EDGE_CURVE('',#3948,#3941,#3950,.T.);
#3164=EDGE_CURVE('',#3948,#3926,#3951,.T.);
#3165=EDGE_CURVE('',#3941,#3928,#3952,.T.);
#3166=EDGE_CURVE('',#3924,#3953,#3954,.T.);
#3167=EDGE_CURVE('',#3953,#3955,#3956,.T.);
#3168=EDGE_CURVE('',#3784,#3955,#3957,.T.);
#3169=EDGE_CURVE('',#3958,#3786,#3959,.T.);
#3170=EDGE_CURVE('',#3955,#3958,#3960,.T.);
#3171=EDGE_CURVE('',#3961,#3962,#3963,.T.);
#3172=EDGE_CURVE('',#3964,#3962,#3965,.T.);
#3173=EDGE_CURVE('',#3964,#3966,#3967,.T.);
#3174=EDGE_CURVE('',#3966,#3961,#3968,.T.);
#3175=EDGE_CURVE('',#3958,#3969,#3970,.T.);
#3176=EDGE_CURVE('',#3953,#3969,#3971,.T.);
#3177=EDGE_CURVE('',#3972,#3966,#3973,.T.);
#3178=EDGE_CURVE('',#3974,#3972,#3975,.T.);
#3179=EDGE_CURVE('',#3909,#3974,#3976,.T.);
#3180=EDGE_CURVE('',#3961,#3907,#3977,.T.);
#3181=EDGE_CURVE('',#3802,#3962,#3978,.T.);
#3182=EDGE_CURVE('',#3905,#3979,#3980,.T.);
#3183=EDGE_CURVE('',#3979,#3804,#3981,.T.);
#3184=EDGE_CURVE('',#3899,#3979,#3982,.T.);
#3185=EDGE_CURVE('',#3964,#3800,#3983,.T.);
#3186=EDGE_CURVE('',#3984,#3798,#3985,.T.);
#3187=EDGE_CURVE('',#3984,#3986,#3987,.T.);
#3188=EDGE_CURVE('',#3972,#3986,#3988,.T.);
#3189=EDGE_CURVE('',#3989,#3986,#3990,.T.);
#3190=EDGE_CURVE('',#3989,#3991,#3992,.T.);
#3191=EDGE_CURVE('',#3991,#3993,#3994,.T.);
#3192=EDGE_CURVE('',#3993,#3995,#3996,.T.);
#3193=EDGE_CURVE('',#3995,#3997,#3998,.T.);
#3194=EDGE_CURVE('',#3997,#3974,#3999,.T.);
#3195=EDGE_CURVE('',#3997,#4000,#4001,.T.);
#3196=EDGE_CURVE('',#4000,#4002,#4003,.T.);
#3197=EDGE_CURVE('',#4004,#4002,#4005,.T.);
#3198=EDGE_CURVE('',#3550,#4004,#4006,.T.);
#3199=EDGE_CURVE('',#3548,#4007,#4008,.T.);
#3200=EDGE_CURVE('',#4009,#4007,#4010,.T.);
#3201=EDGE_CURVE('',#3911,#4009,#4011,.T.);
#3202=EDGE_CURVE('',#3645,#4012,#4013,.T.);
#3203=EDGE_CURVE('',#3920,#4012,#4014,.T.);
#3204=EDGE_CURVE('',#4015,#3918,#4016,.T.);
#3205=EDGE_CURVE('',#3643,#4015,#4017,.T.);
#3206=EDGE_CURVE('',#4018,#4019,#4020,.T.);
#3207=EDGE_CURVE('',#3515,#4019,#4021,.T.);
#3208=EDGE_CURVE('',#4009,#4018,#4022,.T.);
#3209=EDGE_CURVE('',#3499,#4023,#4024,.T.);
#3210=EDGE_CURVE('',#3652,#4023,#4025,.T.);
#3211=EDGE_CURVE('',#3638,#4026,#4027,.T.);
#3212=EDGE_CURVE('',#3657,#4026,#4028,.T.);
#3213=EDGE_CURVE('',#3528,#4019,#4029,.T.);
#3214=EDGE_CURVE('',#3523,#4015,#4030,.T.);
#3215=EDGE_CURVE('',#4031,#4032,#4033,.T.);
#3216=EDGE_CURVE('',#4032,#4031,#4034,.T.);
#3217=EDGE_CURVE('',#3543,#4023,#4035,.T.);
#3218=EDGE_CURVE('',#3541,#4036,#4037,.T.);
#3219=EDGE_CURVE('',#4036,#3654,#4038,.T.);
#3220=EDGE_CURVE('',#4039,#4018,#4040,.T.);
#3221=EDGE_CURVE('',#3546,#4039,#4041,.T.);
#3222=EDGE_CURVE('',#4036,#3634,#4042,.T.);
#3223=EDGE_CURVE('',#4026,#3535,#4043,.T.);
#3224=EDGE_CURVE('',#4007,#4039,#4044,.T.);
#3225=EDGE_CURVE('',#3629,#4012,#4045,.T.);
#3226=EDGE_CURVE('',#3552,#4046,#4047,.T.);
#3227=EDGE_CURVE('',#4048,#4046,#4049,.T.);
#3228=EDGE_CURVE('',#4048,#4050,#4051,.T.);
#3229=EDGE_CURVE('',#3995,#4050,#4052,.T.);
#3230=EDGE_CURVE('',#3993,#3922,#4053,.T.);
#3231=EDGE_CURVE('',#3969,#3991,#4054,.T.);
#3232=EDGE_CURVE('',#3989,#4055,#4056,.T.);
#3233=EDGE_CURVE('',#4055,#3788,#4057,.T.);
#3234=EDGE_CURVE('',#3984,#4058,#4059,.T.);
#3235=EDGE_CURVE('',#3796,#4060,#4061,.T.);
#3236=EDGE_CURVE('',#4058,#4060,#4062,.T.);
#3237=EDGE_CURVE('',#3790,#4063,#4064,.T.);
#3238=EDGE_CURVE('',#4065,#4055,#4066,.T.);
#3239=EDGE_CURVE('',#4065,#4063,#4067,.T.);
#3240=EDGE_CURVE('',#4068,#4060,#4069,.T.);
#3241=EDGE_CURVE('',#4070,#4068,#4071,.T.);
#3242=EDGE_CURVE('',#4070,#4058,#4072,.T.);
#3243=EDGE_CURVE('',#4073,#4070,#4074,.T.);
#3244=EDGE_CURVE('',#4065,#4073,#4075,.T.);
#3245=EDGE_CURVE('',#4073,#4076,#4077,.T.);
#3246=EDGE_CURVE('',#4076,#4063,#4078,.T.);
#3247=EDGE_CURVE('',#4079,#4063,#4080,.T.);
#3248=EDGE_CURVE('',#4068,#4076,#4081,.T.);
#3249=EDGE_CURVE('',#4082,#4060,#4083,.T.);
#3250=EDGE_CURVE('',#4082,#4079,#4084,.T.);
#3251=EDGE_CURVE('',#4085,#4079,#4086,.T.);
#3252=EDGE_CURVE('',#4087,#4082,#4088,.T.);
#3253=EDGE_CURVE('',#4087,#4000,#4089,.T.);
#3254=EDGE_CURVE('',#4050,#4085,#4090,.T.);
#3255=EDGE_CURVE('',#4048,#4091,#4092,.T.);
#3256=EDGE_CURVE('',#4085,#4091,#4093,.T.);
#3257=EDGE_CURVE('',#4091,#4094,#4095,.T.);
#3258=EDGE_CURVE('',#3792,#4094,#4096,.T.);
#3259=EDGE_CURVE('',#4004,#4097,#4098,.T.);
#3260=EDGE_CURVE('',#3794,#4097,#4099,.T.);
#3261=EDGE_CURVE('',#4094,#4046,#4100,.T.);
#3262=EDGE_CURVE('',#4101,#4097,#4102,.T.);
#3263=EDGE_CURVE('',#4101,#4002,#4103,.T.);
#3264=EDGE_CURVE('',#4101,#4087,#4104,.T.);
#3265=EDGE_CURVE('',#4032,#4105,#4106,.T.);
#3266=EDGE_CURVE('',#4031,#3488,#4107,.T.);
#3267=EDGE_CURVE('',#4105,#3491,#4108,.T.);
#3268=EDGE_CURVE('',#4109,#3492,#4110,.T.);
#3269=EDGE_CURVE('',#4109,#4105,#4111,.T.);
#3270=EDGE_CURVE('',#3483,#4109,#4112,.T.);
#3271=EDGE_CURVE('',#3484,#4105,#4113,.T.);
#3272=EDGE_CURVE('',#3775,#4114,#4115,.T.);
#3273=EDGE_CURVE('',#3686,#4114,#4116,.T.);
#3274=EDGE_CURVE('',#4114,#4117,#4118,.T.);
#3275=EDGE_CURVE('',#4117,#3688,#4119,.T.);
#3276=EDGE_CURVE('',#3773,#4117,#4120,.T.);
#3277=EDGE_CURVE('',#3770,#4121,#4122,.T.);
#3278=EDGE_CURVE('',#3694,#4121,#4123,.T.);
#3279=EDGE_CURVE('',#4121,#4124,#4125,.T.);
#3280=EDGE_CURVE('',#4124,#3696,#4126,.T.);
#3281=EDGE_CURVE('',#3768,#4124,#4127,.T.);
#3282=EDGE_CURVE('',#3765,#4128,#4129,.T.);
#3283=EDGE_CURVE('',#3702,#4128,#4130,.T.);
#3284=EDGE_CURVE('',#4128,#4131,#4132,.T.);
#3285=EDGE_CURVE('',#4131,#3704,#4133,.T.);
#3286=EDGE_CURVE('',#3763,#4131,#4134,.T.);
#3287=EDGE_CURVE('',#3760,#4135,#4136,.T.);
#3288=EDGE_CURVE('',#3710,#4135,#4137,.T.);
#3289=EDGE_CURVE('',#4135,#4138,#4139,.T.);
#3290=EDGE_CURVE('',#4138,#3712,#4140,.T.);
#3291=EDGE_CURVE('',#3758,#4138,#4141,.T.);
#3292=EDGE_CURVE('',#4142,#3819,#4143,.T.);
#3293=EDGE_CURVE('',#4144,#4142,#4145,.T.);
#3294=EDGE_CURVE('',#3814,#4144,#4146,.T.);
#3295=EDGE_CURVE('',#4147,#4148,#4149,.T.);
#3296=EDGE_CURVE('',#3597,#4147,#4150,.T.);
#3297=EDGE_CURVE('',#4148,#3602,#4151,.T.);
#3298=EDGE_CURVE('',#3838,#4152,#4153,.T.);
#3299=EDGE_CURVE('',#4152,#4154,#4155,.T.);
#3300=EDGE_CURVE('',#3839,#4154,#4156,.T.);
#3301=EDGE_CURVE('',#4144,#4157,#4158,.T.);
#3302=EDGE_CURVE('',#3815,#4157,#4159,.T.);
#3303=EDGE_CURVE('',#4160,#4161,#4162,.T.);
#3304=EDGE_CURVE('',#4161,#4148,#4163,.T.);
#3305=EDGE_CURVE('',#4164,#3600,#4165,.T.);
#3306=EDGE_CURVE('',#4164,#4166,#4167,.T.);
#3307=EDGE_CURVE('',#4166,#4168,#4169,.T.);
#3308=EDGE_CURVE('',#4168,#4160,#4170,.T.);
#3309=EDGE_CURVE('',#4171,#4172,#4173,.T.);
#3310=EDGE_CURVE('',#4172,#4174,#4175,.T.);
#3311=EDGE_CURVE('',#4174,#3626,#4176,.T.);
#3312=EDGE_CURVE('',#4177,#3624,#4178,.T.);
#3313=EDGE_CURVE('',#4177,#4179,#4180,.T.);
#3314=EDGE_CURVE('',#4179,#4181,#4182,.T.);
#3315=EDGE_CURVE('',#4181,#4171,#4183,.T.);
#3316=EDGE_CURVE('',#4154,#4184,#4185,.T.);
#3317=EDGE_CURVE('',#4184,#3841,#4186,.T.);
#3318=EDGE_CURVE('',#4187,#4177,#4188,.T.);
#3319=EDGE_CURVE('',#3622,#4187,#4189,.T.);
#3320=EDGE_CURVE('',#4190,#4184,#4191,.T.);
#3321=EDGE_CURVE('',#4190,#3843,#4192,.T.);
#3322=EDGE_CURVE('',#4193,#3817,#4194,.T.);
#3323=EDGE_CURVE('',#4142,#4193,#4195,.T.);
#3324=EDGE_CURVE('',#4196,#4197,#4198,.T.);
#3325=EDGE_CURVE('',#4199,#4196,#4200,.T.);
#3326=EDGE_CURVE('',#3598,#4199,#4201,.T.);
#3327=EDGE_CURVE('',#4202,#4147,#4203,.T.);
#3328=EDGE_CURVE('',#4204,#4202,#4205,.T.);
#3329=EDGE_CURVE('',#4204,#4197,#4206,.T.);
#3330=EDGE_CURVE('',#4207,#4208,#4209,.T.);
#3331=EDGE_CURVE('',#4187,#4207,#4210,.T.);
#3332=EDGE_CURVE('',#3621,#4211,#4212,.T.);
#3333=EDGE_CURVE('',#4213,#4211,#4214,.T.);
#3334=EDGE_CURVE('',#4215,#4213,#4216,.T.);
#3335=EDGE_CURVE('',#4215,#4208,#4217,.T.);
#3336=EDGE_CURVE('',#4152,#4190,#4218,.T.);
#3337=EDGE_CURVE('',#4211,#4174,#4219,.T.);
#3338=EDGE_CURVE('',#4172,#4213,#4220,.T.);
#3339=EDGE_CURVE('',#4171,#4215,#4221,.T.);
#3340=EDGE_CURVE('',#4171,#4222,#4223,.T.);
#3341=EDGE_CURVE('',#4222,#4224,#4225,.T.);
#3342=EDGE_CURVE('',#4224,#4215,#4226,.T.);
#3343=EDGE_CURVE('',#4224,#4227,#4228,.T.);
#3344=EDGE_CURVE('',#4227,#4208,#4229,.T.);
#3345=EDGE_CURVE('',#4230,#4227,#4231,.T.);
#3346=EDGE_CURVE('',#4230,#4181,#4232,.T.);
#3347=EDGE_CURVE('',#4181,#4208,#4233,.T.);
#3348=EDGE_CURVE('',#4179,#4207,#4234,.T.);
#3349=EDGE_CURVE('',#4230,#4222,#4235,.T.);
#3350=EDGE_CURVE('',#4157,#4193,#4236,.T.);
#3351=EDGE_CURVE('',#4199,#4164,#4237,.T.);
#3352=EDGE_CURVE('',#4166,#4196,#4238,.T.);
#3353=EDGE_CURVE('',#4168,#4197,#4239,.T.);
#3354=EDGE_CURVE('',#4240,#4197,#4241,.T.);
#3355=EDGE_CURVE('',#4242,#4240,#4243,.T.);
#3356=EDGE_CURVE('',#4242,#4168,#4244,.T.);
#3357=EDGE_CURVE('',#4160,#4245,#4246,.T.);
#3358=EDGE_CURVE('',#4242,#4245,#4247,.T.);
#3359=EDGE_CURVE('',#4248,#4240,#4249,.T.);
#3360=EDGE_CURVE('',#4245,#4248,#4250,.T.);
#3361=EDGE_CURVE('',#4248,#4204,#4251,.T.);
#3362=EDGE_CURVE('',#4160,#4204,#4252,.T.);
#3363=EDGE_CURVE('',#4161,#4202,#4253,.T.);
#3364=EDGE_CURVE('',#4254,#3827,#4255,.T.);
#3365=EDGE_CURVE('',#4256,#4254,#4257,.T.);
#3366=EDGE_CURVE('',#3822,#4256,#4258,.T.);
#3367=EDGE_CURVE('',#3605,#4259,#4260,.T.);
#3368=EDGE_CURVE('',#4261,#3610,#4262,.T.);
#3369=EDGE_CURVE('',#4261,#4259,#4263,.T.);
#3370=EDGE_CURVE('',#4256,#4264,#4265,.T.);
#3371=EDGE_CURVE('',#3823,#4264,#4266,.T.);
#3372=EDGE_CURVE('',#4267,#3608,#4268,.T.);
#3373=EDGE_CURVE('',#4267,#4261,#4269,.T.);
#3374=EDGE_CURVE('',#4264,#4270,#4271,.T.);
#3375=EDGE_CURVE('',#4270,#3825,#4272,.T.);
#3376=EDGE_CURVE('',#3606,#4273,#4274,.T.);
#3377=EDGE_CURVE('',#4273,#4267,#4275,.T.);
#3378=EDGE_CURVE('',#4254,#4270,#4276,.T.);
#3379=EDGE_CURVE('',#4273,#4259,#4277,.T.);
#3380=EDGE_CURVE('',#4278,#4259,#4279,.T.);
#3381=EDGE_CURVE('',#4280,#4278,#4281,.T.);
#3382=EDGE_CURVE('',#4280,#4273,#4282,.T.);
#3383=EDGE_CURVE('',#4267,#4283,#4284,.T.);
#3384=EDGE_CURVE('',#4280,#4283,#4285,.T.);
#3385=EDGE_CURVE('',#4286,#4278,#4287,.T.);
#3386=EDGE_CURVE('',#4283,#4286,#4288,.T.);
#3387=EDGE_CURVE('',#4286,#4261,#4289,.T.);
#3388=EDGE_CURVE('',#4290,#3835,#4291,.T.);
#3389=EDGE_CURVE('',#4292,#4290,#4293,.T.);
#3390=EDGE_CURVE('',#3830,#4292,#4294,.T.);
#3391=EDGE_CURVE('',#3613,#4295,#4296,.T.);
#3392=EDGE_CURVE('',#4297,#3618,#4298,.T.);
#3393=EDGE_CURVE('',#4297,#4295,#4299,.T.);
#3394=EDGE_CURVE('',#4292,#4300,#4301,.T.);
#3395=EDGE_CURVE('',#3831,#4300,#4302,.T.);
#3396=EDGE_CURVE('',#4303,#3616,#4304,.T.);
#3397=EDGE_CURVE('',#4303,#4297,#4305,.T.);
#3398=EDGE_CURVE('',#4300,#4306,#4307,.T.);
#3399=EDGE_CURVE('',#4306,#3833,#4308,.T.);
#3400=EDGE_CURVE('',#3614,#4309,#4310,.T.);
#3401=EDGE_CURVE('',#4309,#4303,#4311,.T.);
#3402=EDGE_CURVE('',#4290,#4306,#4312,.T.);
#3403=EDGE_CURVE('',#4309,#4295,#4313,.T.);
#3404=EDGE_CURVE('',#4314,#4295,#4315,.T.);
#3405=EDGE_CURVE('',#4316,#4314,#4317,.T.);
#3406=EDGE_CURVE('',#4316,#4309,#4318,.T.);
#3407=EDGE_CURVE('',#4303,#4319,#4320,.T.);
#3408=EDGE_CURVE('',#4316,#4319,#4321,.T.);
#3409=EDGE_CURVE('',#4322,#4314,#4323,.T.);
#3410=EDGE_CURVE('',#4319,#4322,#4324,.T.);
#3411=EDGE_CURVE('',#4322,#4297,#4325,.T.);
#3412=EDGE_CURVE('',#3562,#4326,#4327,.T.);
#3413=EDGE_CURVE('',#4328,#4326,#4329,.T.);
#3414=EDGE_CURVE('',#3558,#4328,#4330,.T.);
#3415=EDGE_CURVE('',#4331,#4328,#4332,.T.);
#3416=EDGE_CURVE('',#3557,#4331,#4333,.T.);
#3417=EDGE_CURVE('',#4334,#4331,#4335,.T.);
#3418=EDGE_CURVE('',#3560,#4334,#4336,.T.);
#3419=EDGE_CURVE('',#4326,#4334,#4337,.T.);
#3420=EDGE_CURVE('',#3570,#4338,#4339,.T.);
#3421=EDGE_CURVE('',#4340,#4338,#4341,.T.);
#3422=EDGE_CURVE('',#3566,#4340,#4342,.T.);
#3423=EDGE_CURVE('',#4343,#4340,#4344,.T.);
#3424=EDGE_CURVE('',#3565,#4343,#4345,.T.);
#3425=EDGE_CURVE('',#4346,#4343,#4347,.T.);
#3426=EDGE_CURVE('',#3568,#4346,#4348,.T.);
#3427=EDGE_CURVE('',#4338,#4346,#4349,.T.);
#3428=EDGE_CURVE('',#3578,#4350,#4351,.T.);
#3429=EDGE_CURVE('',#4352,#4350,#4353,.T.);
#3430=EDGE_CURVE('',#3574,#4352,#4354,.T.);
#3431=EDGE_CURVE('',#4355,#4352,#4356,.T.);
#3432=EDGE_CURVE('',#3573,#4355,#4357,.T.);
#3433=EDGE_CURVE('',#4358,#4355,#4359,.T.);
#3434=EDGE_CURVE('',#3576,#4358,#4360,.T.);
#3435=EDGE_CURVE('',#4350,#4358,#4361,.T.);
#3436=EDGE_CURVE('',#3586,#4362,#4363,.T.);
#3437=EDGE_CURVE('',#4364,#4362,#4365,.T.);
#3438=EDGE_CURVE('',#3582,#4364,#4366,.T.);
#3439=EDGE_CURVE('',#4367,#4364,#4368,.T.);
#3440=EDGE_CURVE('',#3581,#4367,#4369,.T.);
#3441=EDGE_CURVE('',#4370,#4367,#4371,.T.);
#3442=EDGE_CURVE('',#3584,#4370,#4372,.T.);
#3443=EDGE_CURVE('',#4362,#4370,#4373,.T.);
#3444=EDGE_CURVE('',#3594,#4374,#4375,.T.);
#3445=EDGE_CURVE('',#4376,#4374,#4377,.T.);
#3446=EDGE_CURVE('',#3590,#4376,#4378,.T.);
#3447=EDGE_CURVE('',#4379,#4376,#4380,.T.);
#3448=EDGE_CURVE('',#3589,#4379,#4381,.T.);
#3449=EDGE_CURVE('',#4382,#4379,#4383,.T.);
#3450=EDGE_CURVE('',#3592,#4382,#4384,.T.);
#3451=EDGE_CURVE('',#4374,#4382,#4385,.T.);
#3452=CARTESIAN_POINT('',(5.0,2.0,0.0));
#3453=DIRECTION('',(0.0,0.0,-1.0));
#3454=DIRECTION('',(-1.0,0.0,0.0));
#3455=CARTESIAN_POINT('',(5.0,2.0,0.0));
#3456=DIRECTION('',(0.0,0.0,-1.0));
#3457=DIRECTION('',(1.0,0.0,0.0));
#3458=CARTESIAN_POINT('',(3.0,0.1,0.0));
#3459=DIRECTION('',(0.0,0.0,-1.0));
#3460=DIRECTION('',(0.0,1.0,0.0));
#3461=CARTESIAN_POINT('',(3.0,0.1,0.0));
#3462=DIRECTION('',(0.0,0.0,-1.0));
#3463=DIRECTION('',(0.0,-1.0,0.0));
#3464=CARTESIAN_POINT('',(1.0,0.1,0.0));
#3465=DIRECTION('',(0.0,0.0,-1.0));
#3466=DIRECTION('',(0.0,1.0,0.0));
#3467=CARTESIAN_POINT('',(1.0,0.1,0.0));
#3468=DIRECTION('',(0.0,0.0,-1.0));
#3469=DIRECTION('',(0.0,-1.0,0.0));
#3470=CARTESIAN_POINT('',(-1.0,0.1,0.0));
#3471=DIRECTION('',(0.0,0.0,-1.0));
#3472=DIRECTION('',(0.0,1.0,0.0));
#3473=CARTESIAN_POINT('',(-1.0,0.1,0.0));
#3474=DIRECTION('',(0.0,0.0,-1.0));
#3475=DIRECTION('',(0.0,-1.0,0.0));
#3476=CARTESIAN_POINT('',(-3.0,0.1,0.0));
#3477=DIRECTION('',(0.0,0.0,-1.0));
#3478=DIRECTION('',(0.0,1.0,0.0));
#3479=CARTESIAN_POINT('',(-3.0,0.1,0.0));
#3480=DIRECTION('',(0.0,0.0,-1.0));
#3481=DIRECTION('',(0.0,-1.0,0.0));
#3482=DIRECTION('',(0.0,0.0,-1.0));
#3483=VERTEX_POINT('',#4386);
#3484=VERTEX_POINT('',#4387);
#3485=LINE('',#4388,#4389);
#3486=VERTEX_POINT('',#4390);
#3487=CIRCLE('',#4391,0.3);
#3488=VERTEX_POINT('',#4392);
#3489=LINE('',#4393,#4394);
#3490=CIRCLE('',#4395,0.5);
#3491=VERTEX_POINT('',#4396);
#3492=VERTEX_POINT('',#4397);
#3493=LINE('',#4398,#4399);
#3494=CIRCLE('',#4400,0.5);
#3495=CIRCLE('',#4401,0.3);
#3496=VERTEX_POINT('',#4402);
#3497=VERTEX_POINT('',#4403);
#3498=LINE('',#4404,#4405);
#3499=VERTEX_POINT('',#4406);
#3500=LINE('',#4407,#4408);
#3501=VERTEX_POINT('',#4409);
#3502=LINE('',#4410,#4411);
#3503=VERTEX_POINT('',#4412);
#3504=LINE('',#4413,#4414);
#3505=VERTEX_POINT('',#4415);
#3506=LINE('',#4416,#4417);
#3507=VERTEX_POINT('',#4418);
#3508=LINE('',#4419,#4420);
#3509=VERTEX_POINT('',#4421);
#3510=LINE('',#4422,#4423);
#3511=VERTEX_POINT('',#4424);
#3512=LINE('',#4425,#4426);
#3513=VERTEX_POINT('',#4427);
#3514=LINE('',#4428,#4429);
#3515=VERTEX_POINT('',#4430);
#3516=LINE('',#4431,#4432);
#3517=VERTEX_POINT('',#4433);
#3518=LINE('',#4434,#4435);
#3519=LINE('',#4436,#4437);
#3520=VERTEX_POINT('',#4438);
#3521=VERTEX_POINT('',#4439);
#3522=LINE('',#4440,#4441);
#3523=VERTEX_POINT('',#4442);
#3524=LINE('',#4443,#4444);
#3525=VERTEX_POINT('',#4445);
#3526=LINE('',#4446,#4447);
#3527=LINE('',#4448,#4449);
#3528=VERTEX_POINT('',#4450);
#3529=LINE('',#4451,#4452);
#3530=VERTEX_POINT('',#4453);
#3531=LINE('',#4454,#4455);
#3532=LINE('',#4456,#4457);
#3533=VERTEX_POINT('',#4458);
#3534=LINE('',#4459,#4460);
#3535=VERTEX_POINT('',#4461);
#3536=LINE('',#4462,#4463);
#3537=VERTEX_POINT('',#4464);
#3538=LINE('',#4465,#4466);
#3539=VERTEX_POINT('',#4467);
#3540=LINE('',#4468,#4469);
#3541=VERTEX_POINT('',#4470);
#3542=LINE('',#4471,#4472);
#3543=VERTEX_POINT('',#4473);
#3544=LINE('',#4474,#4475);
#3545=LINE('',#4476,#4477);
#3546=VERTEX_POINT('',#4478);
#3547=LINE('',#4479,#4480);
#3548=VERTEX_POINT('',#4481);
#3549=LINE('',#4482,#4483);
#3550=VERTEX_POINT('',#4484);
#3551=LINE('',#4485,#4486);
#3552=VERTEX_POINT('',#4487);
#3553=LINE('',#4488,#4489);
#3554=VERTEX_POINT('',#4490);
#3555=LINE('',#4491,#4492);
#3556=LINE('',#4493,#4494);
#3557=VERTEX_POINT('',#4495);
#3558=VERTEX_POINT('',#4496);
#3559=LINE('',#4497,#4498);
#3560=VERTEX_POINT('',#4499);
#3561=LINE('',#4500,#4501);
#3562=VERTEX_POINT('',#4502);
#3563=LINE('',#4503,#4504);
#3564=LINE('',#4505,#4506);
#3565=VERTEX_POINT('',#4507);
#3566=VERTEX_POINT('',#4508);
#3567=LINE('',#4509,#4510);
#3568=VERTEX_POINT('',#4511);
#3569=LINE('',#4512,#4513);
#3570=VERTEX_POINT('',#4514);
#3571=LINE('',#4515,#4516);
#3572=LINE('',#4517,#4518);
#3573=VERTEX_POINT('',#4519);
#3574=VERTEX_POINT('',#4520);
#3575=LINE('',#4521,#4522);
#3576=VERTEX_POINT('',#4523);
#3577=LINE('',#4524,#4525);
#3578=VERTEX_POINT('',#4526);
#3579=LINE('',#4527,#4528);
#3580=LINE('',#4529,#4530);
#3581=VERTEX_POINT('',#4531);
#3582=VERTEX_POINT('',#4532);
#3583=LINE('',#4533,#4534);
#3584=VERTEX_POINT('',#4535);
#3585=LINE('',#4536,#4537);
#3586=VERTEX_POINT('',#4538);
#3587=LINE('',#4539,#4540);
#3588=LINE('',#4541,#4542);
#3589=VERTEX_POINT('',#4543);
#3590=VERTEX_POINT('',#4544);
#3591=LINE('',#4545,#4546);
#3592=VERTEX_POINT('',#4547);
#3593=LINE('',#4548,#4549);
#3594=VERTEX_POINT('',#4550);
#3595=LINE('',#4551,#4552);
#3596=LINE('',#4553,#4554);
#3597=VERTEX_POINT('',#4555);
#3598=VERTEX_POINT('',#4556);
#3599=LINE('',#4557,#4558);
#3600=VERTEX_POINT('',#4559);
#3601=LINE('',#4560,#4561);
#3602=VERTEX_POINT('',#4562);
#3603=LINE('',#4563,#4564);
#3604=LINE('',#4565,#4566);
#3605=VERTEX_POINT('',#4567);
#3606=VERTEX_POINT('',#4568);
#3607=LINE('',#4569,#4570);
#3608=VERTEX_POINT('',#4571);
#3609=LINE('',#4572,#4573);
#3610=VERTEX_POINT('',#4574);
#3611=LINE('',#4575,#4576);
#3612=LINE('',#4577,#4578);
#3613=VERTEX_POINT('',#4579);
#3614=VERTEX_POINT('',#4580);
#3615=LINE('',#4581,#4582);
#3616=VERTEX_POINT('',#4583);
#3617=LINE('',#4584,#4585);
#3618=VERTEX_POINT('',#4586);
#3619=LINE('',#4587,#4588);
#3620=LINE('',#4589,#4590);
#3621=VERTEX_POINT('',#4591);
#3622=VERTEX_POINT('',#4592);
#3623=LINE('',#4593,#4594);
#3624=VERTEX_POINT('',#4595);
#3625=LINE('',#4596,#4597);
#3626=VERTEX_POINT('',#4598);
#3627=LINE('',#4599,#4600);
#3628=LINE('',#4601,#4602);
#3629=VERTEX_POINT('',#4603);
#3630=LINE('',#4604,#4605);
#3631=VERTEX_POINT('',#4606);
#3632=LINE('',#4607,#4608);
#3633=LINE('',#4609,#4610);
#3634=VERTEX_POINT('',#4611);
#3635=VERTEX_POINT('',#4612);
#3636=LINE('',#4613,#4614);
#3637=LINE('',#4615,#4616);
#3638=VERTEX_POINT('',#4617);
#3639=LINE('',#4618,#4619);
#3640=VERTEX_POINT('',#4620);
#3641=LINE('',#4621,#4622);
#3642=LINE('',#4623,#4624);
#3643=VERTEX_POINT('',#4625);
#3644=LINE('',#4626,#4627);
#3645=VERTEX_POINT('',#4628);
#3646=LINE('',#4629,#4630);
#3647=LINE('',#4631,#4632);
#3648=VERTEX_POINT('',#4633);
#3649=VERTEX_POINT('',#4634);
#3650=LINE('',#4635,#4636);
#3651=LINE('',#4637,#4638);
#3652=VERTEX_POINT('',#4639);
#3653=LINE('',#4640,#4641);
#3654=VERTEX_POINT('',#4642);
#3655=LINE('',#4643,#4644);
#3656=LINE('',#4645,#4646);
#3657=VERTEX_POINT('',#4647);
#3658=LINE('',#4648,#4649);
#3659=VERTEX_POINT('',#4650);
#3660=LINE('',#4651,#4652);
#3661=VERTEX_POINT('',#4653);
#3662=LINE('',#4654,#4655);
#3663=VERTEX_POINT('',#4656);
#3664=LINE('',#4657,#4658);
#3665=LINE('',#4659,#4660);
#3666=VERTEX_POINT('',#4661);
#3667=LINE('',#4662,#4663);
#3668=VERTEX_POINT('',#4664);
#3669=LINE('',#4665,#4666);
#3670=LINE('',#4667,#4668);
#3671=VERTEX_POINT('',#4669);
#3672=LINE('',#4670,#4671);
#3673=VERTEX_POINT('',#4672);
#3674=LINE('',#4673,#4674);
#3675=LINE('',#4675,#4676);
#3676=VERTEX_POINT('',#4677);
#3677=VERTEX_POINT('',#4678);
#3678=LINE('',#4679,#4680);
#3679=LINE('',#4681,#4682);
#3680=LINE('',#4683,#4684);
#3681=VERTEX_POINT('',#4685);
#3682=VERTEX_POINT('',#4686);
#3683=LINE('',#4687,#4688);
#3684=VERTEX_POINT('',#4689);
#3685=LINE('',#4690,#4691);
#3686=VERTEX_POINT('',#4692);
#3687=LINE('',#4693,#4694);
#3688=VERTEX_POINT('',#4695);
#3689=LINE('',#4696,#4697);
#3690=VERTEX_POINT('',#4698);
#3691=LINE('',#4699,#4700);
#3692=VERTEX_POINT('',#4701);
#3693=LINE('',#4702,#4703);
#3694=VERTEX_POINT('',#4704);
#3695=LINE('',#4705,#4706);
#3696=VERTEX_POINT('',#4707);
#3697=LINE('',#4708,#4709);
#3698=VERTEX_POINT('',#4710);
#3699=LINE('',#4711,#4712);
#3700=VERTEX_POINT('',#4713);
#3701=LINE('',#4714,#4715);
#3702=VERTEX_POINT('',#4716);
#3703=LINE('',#4717,#4718);
#3704=VERTEX_POINT('',#4719);
#3705=LINE('',#4720,#4721);
#3706=VERTEX_POINT('',#4722);
#3707=LINE('',#4723,#4724);
#3708=VERTEX_POINT('',#4725);
#3709=LINE('',#4726,#4727);
#3710=VERTEX_POINT('',#4728);
#3711=LINE('',#4729,#4730);
#3712=VERTEX_POINT('',#4731);
#3713=LINE('',#4732,#4733);
#3714=VERTEX_POINT('',#4734);
#3715=LINE('',#4735,#4736);
#3716=VERTEX_POINT('',#4737);
#3717=LINE('',#4738,#4739);
#3718=VERTEX_POINT('',#4740);
#3719=LINE('',#4741,#4742);
#3720=VERTEX_POINT('',#4743);
#3721=LINE('',#4744,#4745);
#3722=VERTEX_POINT('',#4746);
#3723=LINE('',#4747,#4748);
#3724=VERTEX_POINT('',#4749);
#3725=LINE('',#4750,#4751);
#3726=LINE('',#4752,#4753);
#3727=VERTEX_POINT('',#4754);
#3728=LINE('',#4755,#4756);
#3729=LINE('',#4757,#4758);
#3730=VERTEX_POINT('',#4759);
#3731=LINE('',#4760,#4761);
#3732=VERTEX_POINT('',#4762);
#3733=LINE('',#4763,#4764);
#3734=LINE('',#4765,#4766);
#3735=LINE('',#4767,#4768);
#3736=VERTEX_POINT('',#4769);
#3737=LINE('',#4770,#4771);
#3738=VERTEX_POINT('',#4772);
#3739=LINE('',#4773,#4774);
#3740=LINE('',#4775,#4776);
#3741=VERTEX_POINT('',#4777);
#3742=LINE('',#4778,#4779);
#3743=LINE('',#4780,#4781);
#3744=VERTEX_POINT('',#4782);
#3745=LINE('',#4783,#4784);
#3746=LINE('',#4785,#4786);
#3747=VERTEX_POINT('',#4787);
#3748=LINE('',#4788,#4789);
#3749=VERTEX_POINT('',#4790);
#3750=LINE('',#4791,#4792);
#3751=VERTEX_POINT('',#4793);
#3752=LINE('',#4794,#4795);
#3753=LINE('',#4796,#4797);
#3754=VERTEX_POINT('',#4798);
#3755=VERTEX_POINT('',#4799);
#3756=LINE('',#4800,#4801);
#3757=LINE('',#4802,#4803);
#3758=VERTEX_POINT('',#4804);
#3759=LINE('',#4805,#4806);
#3760=VERTEX_POINT('',#4807);
#3761=LINE('',#4808,#4809);
#3762=LINE('',#4810,#4811);
#3763=VERTEX_POINT('',#4812);
#3764=LINE('',#4813,#4814);
#3765=VERTEX_POINT('',#4815);
#3766=LINE('',#4816,#4817);
#3767=LINE('',#4818,#4819);
#3768=VERTEX_POINT('',#4820);
#3769=LINE('',#4821,#4822);
#3770=VERTEX_POINT('',#4823);
#3771=LINE('',#4824,#4825);
#3772=LINE('',#4826,#4827);
#3773=VERTEX_POINT('',#4828);
#3774=LINE('',#4829,#4830);
#3775=VERTEX_POINT('',#4831);
#3776=LINE('',#4832,#4833);
#3777=LINE('',#4834,#4835);
#3778=VERTEX_POINT('',#4836);
#3779=LINE('',#4837,#4838);
#3780=VERTEX_POINT('',#4839);
#3781=LINE('',#4840,#4841);
#3782=VERTEX_POINT('',#4842);
#3783=LINE('',#4843,#4844);
#3784=VERTEX_POINT('',#4845);
#3785=LINE('',#4846,#4847);
#3786=VERTEX_POINT('',#4848);
#3787=LINE('',#4849,#4850);
#3788=VERTEX_POINT('',#4851);
#3789=LINE('',#4852,#4853);
#3790=VERTEX_POINT('',#4854);
#3791=LINE('',#4855,#4856);
#3792=VERTEX_POINT('',#4857);
#3793=LINE('',#4858,#4859);
#3794=VERTEX_POINT('',#4860);
#3795=LINE('',#4861,#4862);
#3796=VERTEX_POINT('',#4863);
#3797=LINE('',#4864,#4865);
#3798=VERTEX_POINT('',#4866);
#3799=LINE('',#4867,#4868);
#3800=VERTEX_POINT('',#4869);
#3801=LINE('',#4870,#4871);
#3802=VERTEX_POINT('',#4872);
#3803=LINE('',#4873,#4874);
#3804=VERTEX_POINT('',#4875);
#3805=LINE('',#4876,#4877);
#3806=VERTEX_POINT('',#4878);
#3807=LINE('',#4879,#4880);
#3808=VERTEX_POINT('',#4881);
#3809=LINE('',#4882,#4883);
#3810=VERTEX_POINT('',#4884);
#3811=LINE('',#4885,#4886);
#3812=LINE('',#4887,#4888);
#3813=LINE('',#4889,#4890);
#3814=VERTEX_POINT('',#4891);
#3815=VERTEX_POINT('',#4892);
#3816=LINE('',#4893,#4894);
#3817=VERTEX_POINT('',#4895);
#3818=LINE('',#4896,#4897);
#3819=VERTEX_POINT('',#4898);
#3820=LINE('',#4899,#4900);
#3821=LINE('',#4901,#4902);
#3822=VERTEX_POINT('',#4903);
#3823=VERTEX_POINT('',#4904);
#3824=LINE('',#4905,#4906);
#3825=VERTEX_POINT('',#4907);
#3826=LINE('',#4908,#4909);
#3827=VERTEX_POINT('',#4910);
#3828=LINE('',#4911,#4912);
#3829=LINE('',#4913,#4914);
#3830=VERTEX_POINT('',#4915);
#3831=VERTEX_POINT('',#4916);
#3832=LINE('',#4917,#4918);
#3833=VERTEX_POINT('',#4919);
#3834=LINE('',#4920,#4921);
#3835=VERTEX_POINT('',#4922);
#3836=LINE('',#4923,#4924);
#3837=LINE('',#4925,#4926);
#3838=VERTEX_POINT('',#4927);
#3839=VERTEX_POINT('',#4928);
#3840=LINE('',#4929,#4930);
#3841=VERTEX_POINT('',#4931);
#3842=LINE('',#4932,#4933);
#3843=VERTEX_POINT('',#4934);
#3844=LINE('',#4935,#4936);
#3845=LINE('',#4937,#4938);
#3846=VERTEX_POINT('',#4939);
#3847=LINE('',#4940,#4941);
#3848=LINE('',#4942,#4943);
#3849=VERTEX_POINT('',#4944);
#3850=LINE('',#4945,#4946);
#3851=LINE('',#4947,#4948);
#3852=LINE('',#4949,#4950);
#3853=VERTEX_POINT('',#4951);
#3854=LINE('',#4952,#4953);
#3855=VERTEX_POINT('',#4954);
#3856=LINE('',#4955,#4956);
#3857=VERTEX_POINT('',#4957);
#3858=LINE('',#4958,#4959);
#3859=LINE('',#4960,#4961);
#3860=LINE('',#4962,#4963);
#3861=VERTEX_POINT('',#4964);
#3862=LINE('',#4965,#4966);
#3863=LINE('',#4967,#4968);
#3864=LINE('',#4969,#4970);
#3865=VERTEX_POINT('',#4971);
#3866=LINE('',#4972,#4973);
#3867=VERTEX_POINT('',#4974);
#3868=LINE('',#4975,#4976);
#3869=LINE('',#4977,#4978);
#3870=VERTEX_POINT('',#4979);
#3871=VERTEX_POINT('',#4980);
#3872=LINE('',#4981,#4982);
#3873=VERTEX_POINT('',#4983);
#3874=LINE('',#4984,#4985);
#3875=LINE('',#4986,#4987);
#3876=LINE('',#4988,#4989);
#3877=VERTEX_POINT('',#4990);
#3878=LINE('',#4991,#4992);
#3879=VERTEX_POINT('',#4993);
#3880=LINE('',#4994,#4995);
#3881=VERTEX_POINT('',#4996);
#3882=LINE('',#4997,#4998);
#3883=VERTEX_POINT('',#4999);
#3884=LINE('',#5000,#5001);
#3885=LINE('',#5002,#5003);
#3886=LINE('',#5004,#5005);
#3887=VERTEX_POINT('',#5006);
#3888=LINE('',#5007,#5008);
#3889=LINE('',#5009,#5010);
#3890=VERTEX_POINT('',#5011);
#3891=LINE('',#5012,#5013);
#3892=LINE('',#5014,#5015);
#3893=VERTEX_POINT('',#5016);
#3894=VERTEX_POINT('',#5017);
#3895=LINE('',#5018,#5019);
#3896=LINE('',#5020,#5021);
#3897=LINE('',#5022,#5023);
#3898=LINE('',#5024,#5025);
#3899=VERTEX_POINT('',#5026);
#3900=LINE('',#5027,#5028);
#3901=LINE('',#5029,#5030);
#3902=VERTEX_POINT('',#5031);
#3903=LINE('',#5032,#5033);
#3904=LINE('',#5034,#5035);
#3905=VERTEX_POINT('',#5036);
#3906=LINE('',#5037,#5038);
#3907=VERTEX_POINT('',#5039);
#3908=LINE('',#5040,#5041);
#3909=VERTEX_POINT('',#5042);
#3910=LINE('',#5043,#5044);
#3911=VERTEX_POINT('',#5045);
#3912=LINE('',#5046,#5047);
#3913=LINE('',#5048,#5049);
#3914=LINE('',#5050,#5051);
#3915=VERTEX_POINT('',#5052);
#3916=VERTEX_POINT('',#5053);
#3917=LINE('',#5054,#5055);
#3918=VERTEX_POINT('',#5056);
#3919=LINE('',#5057,#5058);
#3920=VERTEX_POINT('',#5059);
#3921=LINE('',#5060,#5061);
#3922=VERTEX_POINT('',#5062);
#3923=LINE('',#5063,#5064);
#3924=VERTEX_POINT('',#5065);
#3925=LINE('',#5066,#5067);
#3926=VERTEX_POINT('',#5068);
#3927=LINE('',#5069,#5070);
#3928=VERTEX_POINT('',#5071);
#3929=LINE('',#5072,#5073);
#3930=LINE('',#5074,#5075);
#3931=LINE('',#5076,#5077);
#3932=LINE('',#5078,#5079);
#3933=VERTEX_POINT('',#5080);
#3934=LINE('',#5081,#5082);
#3935=VERTEX_POINT('',#5083);
#3936=LINE('',#5084,#5085);
#3937=LINE('',#5086,#5087);
#3938=VERTEX_POINT('',#5088);
#3939=LINE('',#5089,#5090);
#3940=LINE('',#5091,#5092);
#3941=VERTEX_POINT('',#5093);
#3942=LINE('',#5094,#5095);
#3943=LINE('',#5096,#5097);
#3944=LINE('',#5098,#5099);
#3945=LINE('',#5100,#5101);
#3946=LINE('',#5102,#5103);
#3947=LINE('',#5104,#5105);
#3948=VERTEX_POINT('',#5106);
#3949=LINE('',#5107,#5108);
#3950=LINE('',#5109,#5110);
#3951=LINE('',#5111,#5112);
#3952=LINE('',#5113,#5114);
#3953=VERTEX_POINT('',#5115);
#3954=LINE('',#5116,#5117);
#3955=VERTEX_POINT('',#5118);
#3956=LINE('',#5119,#5120);
#3957=LINE('',#5121,#5122);
#3958=VERTEX_POINT('',#5123);
#3959=LINE('',#5124,#5125);
#3960=LINE('',#5126,#5127);
#3961=VERTEX_POINT('',#5128);
#3962=VERTEX_POINT('',#5129);
#3963=LINE('',#5130,#5131);
#3964=VERTEX_POINT('',#5132);
#3965=LINE('',#5133,#5134);
#3966=VERTEX_POINT('',#5135);
#3967=LINE('',#5136,#5137);
#3968=LINE('',#5138,#5139);
#3969=VERTEX_POINT('',#5140);
#3970=LINE('',#5141,#5142);
#3971=LINE('',#5143,#5144);
#3972=VERTEX_POINT('',#5145);
#3973=LINE('',#5146,#5147);
#3974=VERTEX_POINT('',#5148);
#3975=LINE('',#5149,#5150);
#3976=LINE('',#5151,#5152);
#3977=LINE('',#5153,#5154);
#3978=LINE('',#5155,#5156);
#3979=VERTEX_POINT('',#5157);
#3980=LINE('',#5158,#5159);
#3981=LINE('',#5160,#5161);
#3982=LINE('',#5162,#5163);
#3983=LINE('',#5164,#5165);
#3984=VERTEX_POINT('',#5166);
#3985=LINE('',#5167,#5168);
#3986=VERTEX_POINT('',#5169);
#3987=LINE('',#5170,#5171);
#3988=LINE('',#5172,#5173);
#3989=VERTEX_POINT('',#5174);
#3990=LINE('',#5175,#5176);
#3991=VERTEX_POINT('',#5177);
#3992=LINE('',#5178,#5179);
#3993=VERTEX_POINT('',#5180);
#3994=LINE('',#5181,#5182);
#3995=VERTEX_POINT('',#5183);
#3996=LINE('',#5184,#5185);
#3997=VERTEX_POINT('',#5186);
#3998=LINE('',#5187,#5188);
#3999=LINE('',#5189,#5190);
#4000=VERTEX_POINT('',#5191);
#4001=LINE('',#5192,#5193);
#4002=VERTEX_POINT('',#5194);
#4003=CIRCLE('',#5195,0.6);
#4004=VERTEX_POINT('',#5196);
#4005=LINE('',#5197,#5198);
#4006=LINE('',#5199,#5200);
#4007=VERTEX_POINT('',#5201);
#4008=LINE('',#5202,#5203);
#4009=VERTEX_POINT('',#5204);
#4010=LINE('',#5205,#5206);
#4011=LINE('',#5207,#5208);
#4012=VERTEX_POINT('',#5209);
#4013=LINE('',#5210,#5211);
#4014=LINE('',#5212,#5213);
#4015=VERTEX_POINT('',#5214);
#4016=LINE('',#5215,#5216);
#4017=LINE('',#5217,#5218);
#4018=VERTEX_POINT('',#5219);
#4019=VERTEX_POINT('',#5220);
#4020=LINE('',#5221,#5222);
#4021=LINE('',#5223,#5224);
#4022=LINE('',#5225,#5226);
#4023=VERTEX_POINT('',#5227);
#4024=LINE('',#5228,#5229);
#4025=LINE('',#5230,#5231);
#4026=VERTEX_POINT('',#5232);
#4027=LINE('',#5233,#5234);
#4028=LINE('',#5235,#5236);
#4029=LINE('',#5237,#5238);
#4030=LINE('',#5239,#5240);
#4031=VERTEX_POINT('',#5241);
#4032=VERTEX_POINT('',#5242);
#4033=CIRCLE('',#5243,0.5);
#4034=CIRCLE('',#5244,0.5);
#4035=LINE('',#5245,#5246);
#4036=VERTEX_POINT('',#5247);
#4037=LINE('',#5248,#5249);
#4038=LINE('',#5250,#5251);
#4039=VERTEX_POINT('',#5252);
#4040=LINE('',#5253,#5254);
#4041=LINE('',#5255,#5256);
#4042=LINE('',#5257,#5258);
#4043=LINE('',#5259,#5260);
#4044=LINE('',#5261,#5262);
#4045=LINE('',#5263,#5264);
#4046=VERTEX_POINT('',#5265);
#4047=LINE('',#5266,#5267);
#4048=VERTEX_POINT('',#5268);
#4049=LINE('',#5269,#5270);
#4050=VERTEX_POINT('',#5271);
#4051=CIRCLE('',#5272,0.6);
#4052=LINE('',#5273,#5274);
#4053=LINE('',#5275,#5276);
#4054=LINE('',#5277,#5278);
#4055=VERTEX_POINT('',#5279);
#4056=LINE('',#5280,#5281);
#4057=LINE('',#5282,#5283);
#4058=VERTEX_POINT('',#5284);
#4059=LINE('',#5285,#5286);
#4060=VERTEX_POINT('',#5287);
#4061=LINE('',#5288,#5289);
#4062=LINE('',#5290,#5291);
#4063=VERTEX_POINT('',#5292);
#4064=LINE('',#5293,#5294);
#4065=VERTEX_POINT('',#5295);
#4066=LINE('',#5296,#5297);
#4067=LINE('',#5298,#5299);
#4068=VERTEX_POINT('',#5300);
#4069=LINE('',#5301,#5302);
#4070=VERTEX_POINT('',#5303);
#4071=LINE('',#5304,#5305);
#4072=LINE('',#5306,#5307);
#4073=VERTEX_POINT('',#5308);
#4074=LINE('',#5309,#5310);
#4075=LINE('',#5311,#5312);
#4076=VERTEX_POINT('',#5313);
#4077=LINE('',#5314,#5315);
#4078=LINE('',#5316,#5317);
#4079=VERTEX_POINT('',#5318);
#4080=LINE('',#5319,#5320);
#4081=LINE('',#5321,#5322);
#4082=VERTEX_POINT('',#5323);
#4083=LINE('',#5324,#5325);
#4084=LINE('',#5326,#5327);
#4085=VERTEX_POINT('',#5328);
#4086=LINE('',#5329,#5330);
#4087=VERTEX_POINT('',#5331);
#4088=LINE('',#5332,#5333);
#4089=LINE('',#5334,#5335);
#4090=LINE('',#5336,#5337);
#4091=VERTEX_POINT('',#5338);
#4092=LINE('',#5339,#5340);
#4093=CIRCLE('',#5341,0.6);
#4094=VERTEX_POINT('',#5342);
#4095=LINE('',#5343,#5344);
#4096=LINE('',#5345,#5346);
#4097=VERTEX_POINT('',#5347);
#4098=LINE('',#5348,#5349);
#4099=LINE('',#5350,#5351);
#4100=LINE('',#5352,#5353);
#4101=VERTEX_POINT('',#5354);
#4102=LINE('',#5355,#5356);
#4103=LINE('',#5357,#5358);
#4104=CIRCLE('',#5359,0.6);
#4105=VERTEX_POINT('',#5360);
#4106=LINE('',#5361,#5362);
#4107=LINE('',#5363,#5364);
#4108=CIRCLE('',#5365,0.5);
#4109=VERTEX_POINT('',#5366);
#4110=CIRCLE('',#5367,0.3);
#4111=LINE('',#5368,#5369);
#4112=CIRCLE('',#5370,0.3);
#4113=CIRCLE('',#5371,0.5);
#4114=VERTEX_POINT('',#5372);
#4115=LINE('',#5373,#5374);
#4116=LINE('',#5375,#5376);
#4117=VERTEX_POINT('',#5377);
#4118=LINE('',#5378,#5379);
#4119=LINE('',#5380,#5381);
#4120=LINE('',#5382,#5383);
#4121=VERTEX_POINT('',#5384);
#4122=LINE('',#5385,#5386);
#4123=LINE('',#5387,#5388);
#4124=VERTEX_POINT('',#5389);
#4125=LINE('',#5390,#5391);
#4126=LINE('',#5392,#5393);
#4127=LINE('',#5394,#5395);
#4128=VERTEX_POINT('',#5396);
#4129=LINE('',#5397,#5398);
#4130=LINE('',#5399,#5400);
#4131=VERTEX_POINT('',#5401);
#4132=LINE('',#5402,#5403);
#4133=LINE('',#5404,#5405);
#4134=LINE('',#5406,#5407);
#4135=VERTEX_POINT('',#5408);
#4136=LINE('',#5409,#5410);
#4137=LINE('',#5411,#5412);
#4138=VERTEX_POINT('',#5413);
#4139=LINE('',#5414,#5415);
#4140=LINE('',#5416,#5417);
#4141=LINE('',#5418,#5419);
#4142=VERTEX_POINT('',#5420);
#4143=LINE('',#5421,#5422);
#4144=VERTEX_POINT('',#5423);
#4145=LINE('',#5424,#5425);
#4146=LINE('',#5426,#5427);
#4147=VERTEX_POINT('',#5428);
#4148=VERTEX_POINT('',#5429);
#4149=LINE('',#5430,#5431);
#4150=LINE('',#5432,#5433);
#4151=LINE('',#5434,#5435);
#4152=VERTEX_POINT('',#5436);
#4153=LINE('',#5437,#5438);
#4154=VERTEX_POINT('',#5439);
#4155=LINE('',#5440,#5441);
#4156=LINE('',#5442,#5443);
#4157=VERTEX_POINT('',#5444);
#4158=LINE('',#5445,#5446);
#4159=LINE('',#5447,#5448);
#4160=VERTEX_POINT('',#5449);
#4161=VERTEX_POINT('',#5450);
#4162=LINE('',#5451,#5452);
#4163=LINE('',#5453,#5454);
#4164=VERTEX_POINT('',#5455);
#4165=LINE('',#5456,#5457);
#4166=VERTEX_POINT('',#5458);
#4167=LINE('',#5459,#5460);
#4168=VERTEX_POINT('',#5461);
#4169=LINE('',#5462,#5463);
#4170=LINE('',#5464,#5465);
#4171=VERTEX_POINT('',#5466);
#4172=VERTEX_POINT('',#5467);
#4173=LINE('',#5468,#5469);
#4174=VERTEX_POINT('',#5470);
#4175=LINE('',#5471,#5472);
#4176=LINE('',#5473,#5474);
#4177=VERTEX_POINT('',#5475);
#4178=LINE('',#5476,#5477);
#4179=VERTEX_POINT('',#5478);
#4180=LINE('',#5479,#5480);
#4181=VERTEX_POINT('',#5481);
#4182=LINE('',#5482,#5483);
#4183=LINE('',#5484,#5485);
#4184=VERTEX_POINT('',#5486);
#4185=LINE('',#5487,#5488);
#4186=LINE('',#5489,#5490);
#4187=VERTEX_POINT('',#5491);
#4188=LINE('',#5492,#5493);
#4189=LINE('',#5494,#5495);
#4190=VERTEX_POINT('',#5496);
#4191=LINE('',#5497,#5498);
#4192=LINE('',#5499,#5500);
#4193=VERTEX_POINT('',#5501);
#4194=LINE('',#5502,#5503);
#4195=LINE('',#5504,#5505);
#4196=VERTEX_POINT('',#5506);
#4197=VERTEX_POINT('',#5507);
#4198=LINE('',#5508,#5509);
#4199=VERTEX_POINT('',#5510);
#4200=LINE('',#5511,#5512);
#4201=LINE('',#5513,#5514);
#4202=VERTEX_POINT('',#5515);
#4203=LINE('',#5516,#5517);
#4204=VERTEX_POINT('',#5518);
#4205=LINE('',#5519,#5520);
#4206=LINE('',#5521,#5522);
#4207=VERTEX_POINT('',#5523);
#4208=VERTEX_POINT('',#5524);
#4209=LINE('',#5525,#5526);
#4210=LINE('',#5527,#5528);
#4211=VERTEX_POINT('',#5529);
#4212=LINE('',#5530,#5531);
#4213=VERTEX_POINT('',#5532);
#4214=LINE('',#5533,#5534);
#4215=VERTEX_POINT('',#5535);
#4216=LINE('',#5536,#5537);
#4217=LINE('',#5538,#5539);
#4218=LINE('',#5540,#5541);
#4219=LINE('',#5542,#5543);
#4220=LINE('',#5544,#5545);
#4221=LINE('',#5546,#5547);
#4222=VERTEX_POINT('',#5548);
#4223=LINE('',#5549,#5550);
#4224=VERTEX_POINT('',#5551);
#4225=LINE('',#5552,#5553);
#4226=LINE('',#5554,#5555);
#4227=VERTEX_POINT('',#5556);
#4228=LINE('',#5557,#5558);
#4229=LINE('',#5559,#5560);
#4230=VERTEX_POINT('',#5561);
#4231=LINE('',#5562,#5563);
#4232=LINE('',#5564,#5565);
#4233=LINE('',#5566,#5567);
#4234=LINE('',#5568,#5569);
#4235=LINE('',#5570,#5571);
#4236=LINE('',#5572,#5573);
#4237=LINE('',#5574,#5575);
#4238=LINE('',#5576,#5577);
#4239=LINE('',#5578,#5579);
#4240=VERTEX_POINT('',#5580);
#4241=LINE('',#5581,#5582);
#4242=VERTEX_POINT('',#5583);
#4243=LINE('',#5584,#5585);
#4244=LINE('',#5586,#5587);
#4245=VERTEX_POINT('',#5588);
#4246=LINE('',#5589,#5590);
#4247=LINE('',#5591,#5592);
#4248=VERTEX_POINT('',#5593);
#4249=LINE('',#5594,#5595);
#4250=LINE('',#5596,#5597);
#4251=LINE('',#5598,#5599);
#4252=LINE('',#5600,#5601);
#4253=LINE('',#5602,#5603);
#4254=VERTEX_POINT('',#5604);
#4255=LINE('',#5605,#5606);
#4256=VERTEX_POINT('',#5607);
#4257=LINE('',#5608,#5609);
#4258=LINE('',#5610,#5611);
#4259=VERTEX_POINT('',#5612);
#4260=LINE('',#5613,#5614);
#4261=VERTEX_POINT('',#5615);
#4262=LINE('',#5616,#5617);
#4263=LINE('',#5618,#5619);
#4264=VERTEX_POINT('',#5620);
#4265=LINE('',#5621,#5622);
#4266=LINE('',#5623,#5624);
#4267=VERTEX_POINT('',#5625);
#4268=LINE('',#5626,#5627);
#4269=LINE('',#5628,#5629);
#4270=VERTEX_POINT('',#5630);
#4271=LINE('',#5631,#5632);
#4272=LINE('',#5633,#5634);
#4273=VERTEX_POINT('',#5635);
#4274=LINE('',#5636,#5637);
#4275=LINE('',#5638,#5639);
#4276=LINE('',#5640,#5641);
#4277=LINE('',#5642,#5643);
#4278=VERTEX_POINT('',#5644);
#4279=LINE('',#5645,#5646);
#4280=VERTEX_POINT('',#5647);
#4281=LINE('',#5648,#5649);
#4282=LINE('',#5650,#5651);
#4283=VERTEX_POINT('',#5652);
#4284=LINE('',#5653,#5654);
#4285=LINE('',#5655,#5656);
#4286=VERTEX_POINT('',#5657);
#4287=LINE('',#5658,#5659);
#4288=LINE('',#5660,#5661);
#4289=LINE('',#5662,#5663);
#4290=VERTEX_POINT('',#5664);
#4291=LINE('',#5665,#5666);
#4292=VERTEX_POINT('',#5667);
#4293=LINE('',#5668,#5669);
#4294=LINE('',#5670,#5671);
#4295=VERTEX_POINT('',#5672);
#4296=LINE('',#5673,#5674);
#4297=VERTEX_POINT('',#5675);
#4298=LINE('',#5676,#5677);
#4299=LINE('',#5678,#5679);
#4300=VERTEX_POINT('',#5680);
#4301=LINE('',#5681,#5682);
#4302=LINE('',#5683,#5684);
#4303=VERTEX_POINT('',#5685);
#4304=LINE('',#5686,#5687);
#4305=LINE('',#5688,#5689);
#4306=VERTEX_POINT('',#5690);
#4307=LINE('',#5691,#5692);
#4308=LINE('',#5693,#5694);
#4309=VERTEX_POINT('',#5695);
#4310=LINE('',#5696,#5697);
#4311=LINE('',#5698,#5699);
#4312=LINE('',#5700,#5701);
#4313=LINE('',#5702,#5703);
#4314=VERTEX_POINT('',#5704);
#4315=LINE('',#5705,#5706);
#4316=VERTEX_POINT('',#5707);
#4317=LINE('',#5708,#5709);
#4318=LINE('',#5710,#5711);
#4319=VERTEX_POINT('',#5712);
#4320=LINE('',#5713,#5714);
#4321=LINE('',#5715,#5716);
#4322=VERTEX_POINT('',#5717);
#4323=LINE('',#5718,#5719);
#4324=LINE('',#5720,#5721);
#4325=LINE('',#5722,#5723);
#4326=VERTEX_POINT('',#5724);
#4327=LINE('',#5725,#5726);
#4328=VERTEX_POINT('',#5727);
#4329=LINE('',#5728,#5729);
#4330=LINE('',#5730,#5731);
#4331=VERTEX_POINT('',#5732);
#4332=LINE('',#5733,#5734);
#4333=LINE('',#5735,#5736);
#4334=VERTEX_POINT('',#5737);
#4335=LINE('',#5738,#5739);
#4336=LINE('',#5740,#5741);
#4337=LINE('',#5742,#5743);
#4338=VERTEX_POINT('',#5744);
#4339=LINE('',#5745,#5746);
#4340=VERTEX_POINT('',#5747);
#4341=LINE('',#5748,#5749);
#4342=LINE('',#5750,#5751);
#4343=VERTEX_POINT('',#5752);
#4344=LINE('',#5753,#5754);
#4345=LINE('',#5755,#5756);
#4346=VERTEX_POINT('',#5757);
#4347=LINE('',#5758,#5759);
#4348=LINE('',#5760,#5761);
#4349=LINE('',#5762,#5763);
#4350=VERTEX_POINT('',#5764);
#4351=LINE('',#5765,#5766);
#4352=VERTEX_POINT('',#5767);
#4353=LINE('',#5768,#5769);
#4354=LINE('',#5770,#5771);
#4355=VERTEX_POINT('',#5772);
#4356=LINE('',#5773,#5774);
#4357=LINE('',#5775,#5776);
#4358=VERTEX_POINT('',#5777);
#4359=LINE('',#5778,#5779);
#4360=LINE('',#5780,#5781);
#4361=LINE('',#5782,#5783);
#4362=VERTEX_POINT('',#5784);
#4363=LINE('',#5785,#5786);
#4364=VERTEX_POINT('',#5787);
#4365=LINE('',#5788,#5789);
#4366=LINE('',#5790,#5791);
#4367=VERTEX_POINT('',#5792);
#4368=LINE('',#5793,#5794);
#4369=LINE('',#5795,#5796);
#4370=VERTEX_POINT('',#5797);
#4371=LINE('',#5798,#5799);
#4372=LINE('',#5800,#5801);
#4373=LINE('',#5802,#5803);
#4374=VERTEX_POINT('',#5804);
#4375=LINE('',#5805,#5806);
#4376=VERTEX_POINT('',#5807);
#4377=LINE('',#5808,#5809);
#4378=LINE('',#5810,#5811);
#4379=VERTEX_POINT('',#5812);
#4380=LINE('',#5813,#5814);
#4381=LINE('',#5815,#5816);
#4382=VERTEX_POINT('',#5817);
#4383=LINE('',#5818,#5819);
#4384=LINE('',#5820,#5821);
#4385=LINE('',#5822,#5823);
#4386=CARTESIAN_POINT('',(5.0,1.7,-1.3));
#4387=CARTESIAN_POINT('',(5.0,1.5,-0.9));
#4388=CARTESIAN_POINT('',(5.0,1.600000000196,-1.100000000392));
#4389=VECTOR('',#5824,1.0);
#4390=CARTESIAN_POINT('',(5.3,2.0,-1.3));
#4391=AXIS2_PLACEMENT_3D('',#5825,#5826,#5827);
#4392=CARTESIAN_POINT('',(5.5,2.0,-0.9));
#4393=CARTESIAN_POINT('',(5.29999999972,2.000000003504,-1.30000000056));
#4394=VECTOR('',#5828,0.4472135953435);
#4395=AXIS2_PLACEMENT_3D('',#5829,#5830,#5831);
#4396=CARTESIAN_POINT('',(5.0,2.5,-0.9));
#4397=CARTESIAN_POINT('',(5.0,2.3,-1.3));
#4398=CARTESIAN_POINT('',(5.0,2.399999999804,-1.100000000392));
#4399=VECTOR('',#5832,1.0);
#4400=AXIS2_PLACEMENT_3D('',#5833,#5834,#5835);
#4401=AXIS2_PLACEMENT_3D('',#5836,#5837,#5838);
#4402=CARTESIAN_POINT('',(-6.0,1.3,0.3));
#4403=CARTESIAN_POINT('',(-6.0,-1.65,0.3));
#4404=CARTESIAN_POINT('',(-6.0,1.3,0.3));
#4405=VECTOR('',#5839,2.95);
#4406=CARTESIAN_POINT('',(-6.0,-1.65,0.0));
#4407=CARTESIAN_POINT('',(-6.0,-1.65,0.0));
#4408=VECTOR('',#5840,0.3);
#4409=CARTESIAN_POINT('',(-6.0,-2.9,0.0));
#4410=CARTESIAN_POINT('',(-6.0,-2.9,0.0));
#4411=VECTOR('',#5841,1.25);
#4412=CARTESIAN_POINT('',(-6.0,-2.9,9.25));
#4413=CARTESIAN_POINT('',(-6.0,-2.9,9.25));
#4414=VECTOR('',#5842,9.25);
#4415=CARTESIAN_POINT('',(-6.0,-1.7,9.25));
#4416=CARTESIAN_POINT('',(-6.0,-1.7,9.25));
#4417=VECTOR('',#5843,1.2);
#4418=CARTESIAN_POINT('',(-6.0,-1.7,7.11));
#4419=CARTESIAN_POINT('',(-6.0,-1.7,7.11));
#4420=VECTOR('',#5844,2.14);
#4421=CARTESIAN_POINT('',(-6.0,1.2,7.11));
#4422=CARTESIAN_POINT('',(-6.0,1.2,7.11));
#4423=VECTOR('',#5845,2.9);
#4424=CARTESIAN_POINT('',(-6.0,1.2,9.25));
#4425=CARTESIAN_POINT('',(-6.0,1.2,9.25));
#4426=VECTOR('',#5846,2.14);
#4427=CARTESIAN_POINT('',(-6.0,2.9,9.25));
#4428=CARTESIAN_POINT('',(-6.0,2.9,9.25));
#4429=VECTOR('',#5847,1.7);
#4430=CARTESIAN_POINT('',(-6.0,2.9,0.0));
#4431=CARTESIAN_POINT('',(-6.0,2.9,0.0));
#4432=VECTOR('',#5848,9.25);
#4433=CARTESIAN_POINT('',(-6.0,1.3,0.0));
#4434=CARTESIAN_POINT('',(-6.0,1.3,0.0));
#4435=VECTOR('',#5849,1.6);
#4436=CARTESIAN_POINT('',(-6.0,1.3,0.0));
#4437=VECTOR('',#5850,0.3);
#4438=CARTESIAN_POINT('',(4.25,1.3,0.0));
#4439=CARTESIAN_POINT('',(4.25,1.3,0.3));
#4440=CARTESIAN_POINT('',(4.25,1.3,0.0));
#4441=VECTOR('',#5851,0.3);
#4442=CARTESIAN_POINT('',(6.0,1.3,0.0));
#4443=CARTESIAN_POINT('',(4.25,1.3,0.0));
#4444=VECTOR('',#5852,1.75);
#4445=CARTESIAN_POINT('',(6.0,1.3,0.3));
#4446=CARTESIAN_POINT('',(6.0,1.3,0.0));
#4447=VECTOR('',#5853,0.3);
#4448=CARTESIAN_POINT('',(6.0,1.3,0.3));
#4449=VECTOR('',#5854,1.75);
#4450=CARTESIAN_POINT('',(-4.25,1.3,0.0));
#4451=CARTESIAN_POINT('',(-6.0,1.3,0.0));
#4452=VECTOR('',#5855,1.75);
#4453=CARTESIAN_POINT('',(-4.25,1.3,0.3));
#4454=CARTESIAN_POINT('',(-4.25,1.3,0.0));
#4455=VECTOR('',#5856,0.3);
#4456=CARTESIAN_POINT('',(-4.25,1.3,0.3));
#4457=VECTOR('',#5857,1.75);
#4458=CARTESIAN_POINT('',(4.25,2.1,0.3));
#4459=CARTESIAN_POINT('',(4.25,2.1,0.3));
#4460=VECTOR('',#5858,0.8);
#4461=CARTESIAN_POINT('',(6.0,-1.65,0.3));
#4462=CARTESIAN_POINT('',(6.0,1.3,0.3));
#4463=VECTOR('',#5859,2.95);
#4464=CARTESIAN_POINT('',(4.25,-1.65,0.3));
#4465=CARTESIAN_POINT('',(6.0,-1.65,0.3));
#4466=VECTOR('',#5860,1.75);
#4467=CARTESIAN_POINT('',(4.25,-1.6,0.3));
#4468=CARTESIAN_POINT('',(4.25,-1.6,0.3));
#4469=VECTOR('',#5861,0.05);
#4470=CARTESIAN_POINT('',(-4.25,-1.6,0.3));
#4471=CARTESIAN_POINT('',(-4.25,-1.6,0.3));
#4472=VECTOR('',#5862,8.5);
#4473=CARTESIAN_POINT('',(-4.25,-1.65,0.3));
#4474=CARTESIAN_POINT('',(-4.25,-1.6,0.3));
#4475=VECTOR('',#5863,0.05);
#4476=CARTESIAN_POINT('',(-4.25,-1.65,0.3));
#4477=VECTOR('',#5864,1.75);
#4478=CARTESIAN_POINT('',(-4.25,2.1,0.3));
#4479=CARTESIAN_POINT('',(-4.25,2.1,0.3));
#4480=VECTOR('',#5865,0.8);
#4481=CARTESIAN_POINT('',(-3.39,2.1,0.3));
#4482=CARTESIAN_POINT('',(-3.39,2.1,0.3));
#4483=VECTOR('',#5866,0.86);
#4484=CARTESIAN_POINT('',(-3.39,2.65,0.3));
#4485=CARTESIAN_POINT('',(-3.39,2.65,0.3));
#4486=VECTOR('',#5867,0.55);
#4487=CARTESIAN_POINT('',(3.39,2.65,0.3));
#4488=CARTESIAN_POINT('',(-3.39,2.65,0.3));
#4489=VECTOR('',#5868,6.78);
#4490=CARTESIAN_POINT('',(3.39,2.1,0.3));
#4491=CARTESIAN_POINT('',(3.39,2.65,0.3));
#4492=VECTOR('',#5869,0.55);
#4493=CARTESIAN_POINT('',(3.39,2.1,0.3));
#4494=VECTOR('',#5870,0.86);
#4495=CARTESIAN_POINT('',(3.75,0.6,0.3));
#4496=CARTESIAN_POINT('',(4.25,0.6,0.3));
#4497=CARTESIAN_POINT('',(3.75,0.6,0.3));
#4498=VECTOR('',#5871,0.5);
#4499=CARTESIAN_POINT('',(3.75,-0.8,0.3));
#4500=CARTESIAN_POINT('',(3.75,-0.8,0.3));
#4501=VECTOR('',#5872,1.4);
#4502=CARTESIAN_POINT('',(4.25,-0.8,0.3));
#4503=CARTESIAN_POINT('',(4.25,-0.8,0.3));
#4504=VECTOR('',#5873,0.5);
#4505=CARTESIAN_POINT('',(4.25,0.6,0.3));
#4506=VECTOR('',#5874,1.4);
#4507=CARTESIAN_POINT('',(1.75,0.6,0.3));
#4508=CARTESIAN_POINT('',(2.25,0.6,0.3));
#4509=CARTESIAN_POINT('',(1.75,0.6,0.3));
#4510=VECTOR('',#5875,0.5);
#4511=CARTESIAN_POINT('',(1.75,-0.8,0.3));
#4512=CARTESIAN_POINT('',(1.75,-0.8,0.3));
#4513=VECTOR('',#5876,1.4);
#4514=CARTESIAN_POINT('',(2.25,-0.8,0.3));
#4515=CARTESIAN_POINT('',(2.25,-0.8,0.3));
#4516=VECTOR('',#5877,0.5);
#4517=CARTESIAN_POINT('',(2.25,0.6,0.3));
#4518=VECTOR('',#5878,1.4);
#4519=CARTESIAN_POINT('',(-0.25,0.6,0.3));
#4520=CARTESIAN_POINT('',(0.25,0.6,0.3));
#4521=CARTESIAN_POINT('',(-0.25,0.6,0.3));
#4522=VECTOR('',#5879,0.5);
#4523=CARTESIAN_POINT('',(-0.25,-0.8,0.3));
#4524=CARTESIAN_POINT('',(-0.25,-0.8,0.3));
#4525=VECTOR('',#5880,1.4);
#4526=CARTESIAN_POINT('',(0.25,-0.8,0.3));
#4527=CARTESIAN_POINT('',(0.25,-0.8,0.3));
#4528=VECTOR('',#5881,0.5);
#4529=CARTESIAN_POINT('',(0.25,0.6,0.3));
#4530=VECTOR('',#5882,1.4);
#4531=CARTESIAN_POINT('',(-2.25,0.6,0.3));
#4532=CARTESIAN_POINT('',(-1.75,0.6,0.3));
#4533=CARTESIAN_POINT('',(-2.25,0.6,0.3));
#4534=VECTOR('',#5883,0.5);
#4535=CARTESIAN_POINT('',(-2.25,-0.8,0.3));
#4536=CARTESIAN_POINT('',(-2.25,-0.8,0.3));
#4537=VECTOR('',#5884,1.4);
#4538=CARTESIAN_POINT('',(-1.75,-0.8,0.3));
#4539=CARTESIAN_POINT('',(-1.75,-0.8,0.3));
#4540=VECTOR('',#5885,0.5);
#4541=CARTESIAN_POINT('',(-1.75,0.6,0.3));
#4542=VECTOR('',#5886,1.4);
#4543=CARTESIAN_POINT('',(-4.25,0.6,0.3));
#4544=CARTESIAN_POINT('',(-3.75,0.6,0.3));
#4545=CARTESIAN_POINT('',(-4.25,0.6,0.3));
#4546=VECTOR('',#5887,0.5);
#4547=CARTESIAN_POINT('',(-4.25,-0.8,0.3));
#4548=CARTESIAN_POINT('',(-4.25,-0.8,0.3));
#4549=VECTOR('',#5888,1.4);
#4550=CARTESIAN_POINT('',(-3.75,-0.8,0.3));
#4551=CARTESIAN_POINT('',(-3.75,-0.8,0.3));
#4552=VECTOR('',#5889,0.5);
#4553=CARTESIAN_POINT('',(-3.75,0.6,0.3));
#4554=VECTOR('',#5890,1.4);
#4555=CARTESIAN_POINT('',(2.75,-0.15,0.3));
#4556=CARTESIAN_POINT('',(3.25,-0.15,0.3));
#4557=CARTESIAN_POINT('',(2.75,-0.15,0.3));
#4558=VECTOR('',#5891,0.5);
#4559=CARTESIAN_POINT('',(3.25,0.35,0.3));
#4560=CARTESIAN_POINT('',(3.25,-0.15,0.3));
#4561=VECTOR('',#5892,0.5);
#4562=CARTESIAN_POINT('',(2.75,0.35,0.3));
#4563=CARTESIAN_POINT('',(2.75,0.35,0.3));
#4564=VECTOR('',#5893,0.5);
#4565=CARTESIAN_POINT('',(2.75,-0.15,0.3));
#4566=VECTOR('',#5894,0.5);
#4567=CARTESIAN_POINT('',(0.75,-0.15,0.3));
#4568=CARTESIAN_POINT('',(1.25,-0.15,0.3));
#4569=CARTESIAN_POINT('',(0.75,-0.15,0.3));
#4570=VECTOR('',#5895,0.5);
#4571=CARTESIAN_POINT('',(1.25,0.35,0.3));
#4572=CARTESIAN_POINT('',(1.25,-0.15,0.3));
#4573=VECTOR('',#5896,0.5);
#4574=CARTESIAN_POINT('',(0.75,0.35,0.3));
#4575=CARTESIAN_POINT('',(0.75,0.35,0.3));
#4576=VECTOR('',#5897,0.5);
#4577=CARTESIAN_POINT('',(0.75,-0.15,0.3));
#4578=VECTOR('',#5898,0.5);
#4579=CARTESIAN_POINT('',(-1.25,-0.15,0.3));
#4580=CARTESIAN_POINT('',(-0.75,-0.15,0.3));
#4581=CARTESIAN_POINT('',(-1.25,-0.15,0.3));
#4582=VECTOR('',#5899,0.5);
#4583=CARTESIAN_POINT('',(-0.75,0.35,0.3));
#4584=CARTESIAN_POINT('',(-0.75,-0.15,0.3));
#4585=VECTOR('',#5900,0.5);
#4586=CARTESIAN_POINT('',(-1.25,0.35,0.3));
#4587=CARTESIAN_POINT('',(-1.25,0.35,0.3));
#4588=VECTOR('',#5901,0.5);
#4589=CARTESIAN_POINT('',(-1.25,-0.15,0.3));
#4590=VECTOR('',#5902,0.5);
#4591=CARTESIAN_POINT('',(-3.25,-0.15,0.3));
#4592=CARTESIAN_POINT('',(-2.75,-0.15,0.3));
#4593=CARTESIAN_POINT('',(-3.25,-0.15,0.3));
#4594=VECTOR('',#5903,0.5);
#4595=CARTESIAN_POINT('',(-2.75,0.35,0.3));
#4596=CARTESIAN_POINT('',(-2.75,-0.15,0.3));
#4597=VECTOR('',#5904,0.5);
#4598=CARTESIAN_POINT('',(-3.25,0.35,0.3));
#4599=CARTESIAN_POINT('',(-3.25,0.35,0.3));
#4600=VECTOR('',#5905,0.5);
#4601=CARTESIAN_POINT('',(-3.25,-0.15,0.3));
#4602=VECTOR('',#5906,0.5);
#4603=CARTESIAN_POINT('',(3.39,2.1,1.95));
#4604=CARTESIAN_POINT('',(3.39,2.1,0.3));
#4605=VECTOR('',#5907,1.65);
#4606=CARTESIAN_POINT('',(4.25,2.1,1.95));
#4607=CARTESIAN_POINT('',(4.25,2.1,1.95));
#4608=VECTOR('',#5908,0.86);
#4609=CARTESIAN_POINT('',(4.25,2.1,0.3));
#4610=VECTOR('',#5909,1.65);
#4611=CARTESIAN_POINT('',(4.25,-1.6,1.15));
#4612=CARTESIAN_POINT('',(4.25,-2.9,1.15));
#4613=CARTESIAN_POINT('',(4.25,-1.6,1.15));
#4614=VECTOR('',#5910,1.3);
#4615=CARTESIAN_POINT('',(4.25,-1.6,0.3));
#4616=VECTOR('',#5911,0.85);
#4617=CARTESIAN_POINT('',(4.25,-1.65,0.0));
#4618=CARTESIAN_POINT('',(4.25,-1.65,0.3));
#4619=VECTOR('',#5912,0.3);
#4620=CARTESIAN_POINT('',(4.25,-2.9,0.0));
#4621=CARTESIAN_POINT('',(4.25,-2.9,0.0));
#4622=VECTOR('',#5913,1.25);
#4623=CARTESIAN_POINT('',(4.25,-2.9,1.15));
#4624=VECTOR('',#5914,1.15);
#4625=CARTESIAN_POINT('',(4.25,2.9,0.0));
#4626=CARTESIAN_POINT('',(4.25,1.3,0.0));
#4627=VECTOR('',#5915,1.6);
#4628=CARTESIAN_POINT('',(4.25,2.9,1.95));
#4629=CARTESIAN_POINT('',(4.25,2.9,1.95));
#4630=VECTOR('',#5916,0.8);
#4631=CARTESIAN_POINT('',(4.25,2.9,0.0));
#4632=VECTOR('',#5917,1.95);
#4633=CARTESIAN_POINT('',(-3.0,-2.9,9.25));
#4634=CARTESIAN_POINT('',(-3.0,-2.9,8.95));
#4635=CARTESIAN_POINT('',(-3.0,-2.9,9.25));
#4636=VECTOR('',#5918,0.3);
#4637=CARTESIAN_POINT('',(-6.0,-2.9,9.25));
#4638=VECTOR('',#5919,3.0);
#4639=CARTESIAN_POINT('',(-4.25,-2.9,0.0));
#4640=CARTESIAN_POINT('',(-6.0,-2.9,0.0));
#4641=VECTOR('',#5920,1.75);
#4642=CARTESIAN_POINT('',(-4.25,-2.9,1.15));
#4643=CARTESIAN_POINT('',(-4.25,-2.9,1.15));
#4644=VECTOR('',#5921,1.15);
#4645=CARTESIAN_POINT('',(-4.25,-2.9,1.15));
#4646=VECTOR('',#5922,8.5);
#4647=CARTESIAN_POINT('',(6.0,-2.9,0.0));
#4648=CARTESIAN_POINT('',(4.25,-2.9,0.0));
#4649=VECTOR('',#5923,1.75);
#4650=CARTESIAN_POINT('',(6.0,-2.9,9.25));
#4651=CARTESIAN_POINT('',(6.0,-2.9,9.25));
#4652=VECTOR('',#5924,9.25);
#4653=CARTESIAN_POINT('',(3.0,-2.9,9.25));
#4654=CARTESIAN_POINT('',(3.0,-2.9,9.25));
#4655=VECTOR('',#5925,3.0);
#4656=CARTESIAN_POINT('',(3.0,-2.9,8.95));
#4657=CARTESIAN_POINT('',(3.0,-2.9,9.25));
#4658=VECTOR('',#5926,0.3);
#4659=CARTESIAN_POINT('',(-3.0,-2.9,8.95));
#4660=VECTOR('',#5927,6.0);
#4661=CARTESIAN_POINT('',(3.0,-2.15,8.95));
#4662=CARTESIAN_POINT('',(3.0,-2.9,8.95));
#4663=VECTOR('',#5928,0.75);
#4664=CARTESIAN_POINT('',(-3.0,-2.15,8.95));
#4665=CARTESIAN_POINT('',(-3.0,-2.15,8.95));
#4666=VECTOR('',#5929,6.0);
#4667=CARTESIAN_POINT('',(-3.0,-2.15,8.95));
#4668=VECTOR('',#5930,0.75);
#4669=CARTESIAN_POINT('',(-3.0,-2.35,9.25));
#4670=CARTESIAN_POINT('',(-3.0,-2.9,9.25));
#4671=VECTOR('',#5931,0.55);
#4672=CARTESIAN_POINT('',(-3.0,-2.15,9.05));
#4673=CARTESIAN_POINT('',(-3.0,-2.15,9.05));
#4674=VECTOR('',#5932,0.1);
#4675=CARTESIAN_POINT('',(-3.0,-2.15,9.05));
#4676=VECTOR('',#5933,0.2828427124746);
#4677=CARTESIAN_POINT('',(-5.2,-2.15,9.05));
#4678=CARTESIAN_POINT('',(-5.4,-2.35,9.25));
#4679=CARTESIAN_POINT('',(-5.2,-2.15,9.05));
#4680=VECTOR('',#5934,0.3464101615138);
#4681=CARTESIAN_POINT('',(-3.0,-2.35,9.25));
#4682=VECTOR('',#5935,2.4);
#4683=CARTESIAN_POINT('',(-3.0,-2.15,9.05));
#4684=VECTOR('',#5936,2.2);
#4685=CARTESIAN_POINT('',(5.2,-2.15,9.05));
#4686=CARTESIAN_POINT('',(5.2,-2.15,2.15));
#4687=CARTESIAN_POINT('',(5.2,-2.15,9.05));
#4688=VECTOR('',#5937,6.9);
#4689=CARTESIAN_POINT('',(4.25,-2.15,2.15));
#4690=CARTESIAN_POINT('',(4.25,-2.15,2.15));
#4691=VECTOR('',#5938,0.95);
#4692=CARTESIAN_POINT('',(4.25,-2.15,2.3));
#4693=CARTESIAN_POINT('',(4.25,-2.15,2.15));
#4694=VECTOR('',#5939,0.15);
#4695=CARTESIAN_POINT('',(3.75,-2.15,2.3));
#4696=CARTESIAN_POINT('',(3.75,-2.15,2.3));
#4697=VECTOR('',#5940,0.5);
#4698=CARTESIAN_POINT('',(3.75,-2.15,2.15));
#4699=CARTESIAN_POINT('',(3.75,-2.15,2.15));
#4700=VECTOR('',#5941,0.15);
#4701=CARTESIAN_POINT('',(2.25,-2.15,2.15));
#4702=CARTESIAN_POINT('',(2.25,-2.15,2.15));
#4703=VECTOR('',#5942,1.5);
#4704=CARTESIAN_POINT('',(2.25,-2.15,2.3));
#4705=CARTESIAN_POINT('',(2.25,-2.15,2.15));
#4706=VECTOR('',#5943,0.15);
#4707=CARTESIAN_POINT('',(1.75,-2.15,2.3));
#4708=CARTESIAN_POINT('',(1.75,-2.15,2.3));
#4709=VECTOR('',#5944,0.5);
#4710=CARTESIAN_POINT('',(1.75,-2.15,2.15));
#4711=CARTESIAN_POINT('',(1.75,-2.15,2.15));
#4712=VECTOR('',#5945,0.15);
#4713=CARTESIAN_POINT('',(0.25,-2.15,2.15));
#4714=CARTESIAN_POINT('',(0.25,-2.15,2.15));
#4715=VECTOR('',#5946,1.5);
#4716=CARTESIAN_POINT('',(0.25,-2.15,2.3));
#4717=CARTESIAN_POINT('',(0.25,-2.15,2.15));
#4718=VECTOR('',#5947,0.15);
#4719=CARTESIAN_POINT('',(-0.25,-2.15,2.3));
#4720=CARTESIAN_POINT('',(-0.25,-2.15,2.3));
#4721=VECTOR('',#5948,0.5);
#4722=CARTESIAN_POINT('',(-0.25,-2.15,2.15));
#4723=CARTESIAN_POINT('',(-0.25,-2.15,2.15));
#4724=VECTOR('',#5949,0.15);
#4725=CARTESIAN_POINT('',(-1.75,-2.15,2.15));
#4726=CARTESIAN_POINT('',(-1.75,-2.15,2.15));
#4727=VECTOR('',#5950,1.5);
#4728=CARTESIAN_POINT('',(-1.75,-2.15,2.3));
#4729=CARTESIAN_POINT('',(-1.75,-2.15,2.15));
#4730=VECTOR('',#5951,0.15);
#4731=CARTESIAN_POINT('',(-2.25,-2.15,2.3));
#4732=CARTESIAN_POINT('',(-2.25,-2.15,2.3));
#4733=VECTOR('',#5952,0.5);
#4734=CARTESIAN_POINT('',(-2.25,-2.15,2.15));
#4735=CARTESIAN_POINT('',(-2.25,-2.15,2.15));
#4736=VECTOR('',#5953,0.15);
#4737=CARTESIAN_POINT('',(-3.75,-2.15,2.15));
#4738=CARTESIAN_POINT('',(-3.75,-2.15,2.15));
#4739=VECTOR('',#5954,1.5);
#4740=CARTESIAN_POINT('',(-3.75,-2.15,2.3));
#4741=CARTESIAN_POINT('',(-3.75,-2.15,2.15));
#4742=VECTOR('',#5955,0.15);
#4743=CARTESIAN_POINT('',(-4.25,-2.15,2.3));
#4744=CARTESIAN_POINT('',(-4.25,-2.15,2.3));
#4745=VECTOR('',#5956,0.5);
#4746=CARTESIAN_POINT('',(-4.25,-2.15,2.15));
#4747=CARTESIAN_POINT('',(-4.25,-2.15,2.15));
#4748=VECTOR('',#5957,0.15);
#4749=CARTESIAN_POINT('',(-5.2,-2.15,2.15));
#4750=CARTESIAN_POINT('',(-5.2,-2.15,2.15));
#4751=VECTOR('',#5958,0.95);
#4752=CARTESIAN_POINT('',(-5.2,-2.15,9.05));
#4753=VECTOR('',#5959,6.9);
#4754=CARTESIAN_POINT('',(3.0,-2.15,9.05));
#4755=CARTESIAN_POINT('',(3.0,-2.15,9.05));
#4756=VECTOR('',#5960,0.1);
#4757=CARTESIAN_POINT('',(5.2,-2.15,9.05));
#4758=VECTOR('',#5961,2.2);
#4759=CARTESIAN_POINT('',(5.4,-2.35,9.25));
#4760=CARTESIAN_POINT('',(5.2,-2.15,9.05));
#4761=VECTOR('',#5962,0.3464101615138);
#4762=CARTESIAN_POINT('',(3.0,-2.35,9.25));
#4763=CARTESIAN_POINT('',(3.0,-2.35,9.25));
#4764=VECTOR('',#5963,0.2828427124746);
#4765=CARTESIAN_POINT('',(5.4,-2.35,9.25));
#4766=VECTOR('',#5964,2.4);
#4767=CARTESIAN_POINT('',(3.0,-2.9,9.25));
#4768=VECTOR('',#5965,0.55);
#4769=CARTESIAN_POINT('',(6.0,-1.7,9.25));
#4770=CARTESIAN_POINT('',(6.0,-1.7,9.25));
#4771=VECTOR('',#5966,1.2);
#4772=CARTESIAN_POINT('',(5.4,-1.7,9.25));
#4773=CARTESIAN_POINT('',(5.4,-1.7,9.25));
#4774=VECTOR('',#5967,0.6);
#4775=CARTESIAN_POINT('',(5.4,-1.7,9.25));
#4776=VECTOR('',#5968,0.65);
#4777=CARTESIAN_POINT('',(-5.4,-1.7,9.25));
#4778=CARTESIAN_POINT('',(-6.0,-1.7,9.25));
#4779=VECTOR('',#5969,0.6);
#4780=CARTESIAN_POINT('',(-5.4,-2.35,9.25));
#4781=VECTOR('',#5970,0.65);
#4782=CARTESIAN_POINT('',(5.2,-1.9,9.05));
#4783=CARTESIAN_POINT('',(5.2,-1.9,9.05));
#4784=VECTOR('',#5971,0.3464101615138);
#4785=CARTESIAN_POINT('',(5.2,-1.9,9.05));
#4786=VECTOR('',#5972,0.25);
#4787=CARTESIAN_POINT('',(5.2,-1.9,6.91));
#4788=CARTESIAN_POINT('',(5.2,-1.9,6.91));
#4789=VECTOR('',#5973,2.14);
#4790=CARTESIAN_POINT('',(5.2,-0.95,6.91));
#4791=CARTESIAN_POINT('',(5.2,-0.95,6.91));
#4792=VECTOR('',#5974,0.95);
#4793=CARTESIAN_POINT('',(5.2,-0.95,2.15));
#4794=CARTESIAN_POINT('',(5.2,-0.95,6.91));
#4795=VECTOR('',#5975,4.76);
#4796=CARTESIAN_POINT('',(5.2,-2.15,2.15));
#4797=VECTOR('',#5976,1.2);
#4798=CARTESIAN_POINT('',(-3.75,1.15,2.15));
#4799=CARTESIAN_POINT('',(-4.25,1.15,2.15));
#4800=CARTESIAN_POINT('',(-3.75,1.15,2.15));
#4801=VECTOR('',#5977,0.5);
#4802=CARTESIAN_POINT('',(-3.75,-2.15,2.15));
#4803=VECTOR('',#5978,3.3);
#4804=CARTESIAN_POINT('',(-2.25,1.15,2.15));
#4805=CARTESIAN_POINT('',(-2.25,-2.15,2.15));
#4806=VECTOR('',#5979,3.3);
#4807=CARTESIAN_POINT('',(-1.75,1.15,2.15));
#4808=CARTESIAN_POINT('',(-1.75,1.15,2.15));
#4809=VECTOR('',#5980,0.5);
#4810=CARTESIAN_POINT('',(-1.75,-2.15,2.15));
#4811=VECTOR('',#5981,3.3);
#4812=CARTESIAN_POINT('',(-0.25,1.15,2.15));
#4813=CARTESIAN_POINT('',(-0.25,-2.15,2.15));
#4814=VECTOR('',#5982,3.3);
#4815=CARTESIAN_POINT('',(0.25,1.15,2.15));
#4816=CARTESIAN_POINT('',(0.25,1.15,2.15));
#4817=VECTOR('',#5983,0.5);
#4818=CARTESIAN_POINT('',(0.25,-2.15,2.15));
#4819=VECTOR('',#5984,3.3);
#4820=CARTESIAN_POINT('',(1.75,1.15,2.15));
#4821=CARTESIAN_POINT('',(1.75,-2.15,2.15));
#4822=VECTOR('',#5985,3.3);
#4823=CARTESIAN_POINT('',(2.25,1.15,2.15));
#4824=CARTESIAN_POINT('',(2.25,1.15,2.15));
#4825=VECTOR('',#5986,0.5);
#4826=CARTESIAN_POINT('',(2.25,-2.15,2.15));
#4827=VECTOR('',#5987,3.3);
#4828=CARTESIAN_POINT('',(3.75,1.15,2.15));
#4829=CARTESIAN_POINT('',(3.75,-2.15,2.15));
#4830=VECTOR('',#5988,3.3);
#4831=CARTESIAN_POINT('',(4.25,1.15,2.15));
#4832=CARTESIAN_POINT('',(4.25,1.15,2.15));
#4833=VECTOR('',#5989,0.5);
#4834=CARTESIAN_POINT('',(4.25,-2.15,2.15));
#4835=VECTOR('',#5990,3.3);
#4836=CARTESIAN_POINT('',(4.5,-0.95,2.15));
#4837=CARTESIAN_POINT('',(5.2,-0.95,2.15));
#4838=VECTOR('',#5991,0.7);
#4839=CARTESIAN_POINT('',(4.5,2.2,2.15));
#4840=CARTESIAN_POINT('',(4.5,2.2,2.15));
#4841=VECTOR('',#5992,3.15);
#4842=CARTESIAN_POINT('',(3.55,2.2,2.15));
#4843=CARTESIAN_POINT('',(4.5,2.2,2.15));
#4844=VECTOR('',#5993,0.95);
#4845=CARTESIAN_POINT('',(3.55,1.65,2.15));
#4846=CARTESIAN_POINT('',(3.55,2.2,2.15));
#4847=VECTOR('',#5994,0.55);
#4848=CARTESIAN_POINT('',(2.7,1.65,2.15));
#4849=CARTESIAN_POINT('',(3.55,1.65,2.15));
#4850=VECTOR('',#5995,0.85);
#4851=CARTESIAN_POINT('',(2.7,3.15,2.15));
#4852=CARTESIAN_POINT('',(2.7,1.65,2.15));
#4853=VECTOR('',#5996,1.5);
#4854=CARTESIAN_POINT('',(1.05,3.15,2.15));
#4855=CARTESIAN_POINT('',(2.7,3.15,2.15));
#4856=VECTOR('',#5997,1.65);
#4857=CARTESIAN_POINT('',(1.05,2.65,2.15));
#4858=CARTESIAN_POINT('',(1.05,3.15,2.15));
#4859=VECTOR('',#5998,0.5);
#4860=CARTESIAN_POINT('',(-1.05,2.65,2.15));
#4861=CARTESIAN_POINT('',(-1.05,2.65,2.15));
#4862=VECTOR('',#5999,2.1);
#4863=CARTESIAN_POINT('',(-1.05,3.15,2.15));
#4864=CARTESIAN_POINT('',(-1.05,3.15,2.15));
#4865=VECTOR('',#6000,0.5);
#4866=CARTESIAN_POINT('',(-2.7,3.15,2.15));
#4867=CARTESIAN_POINT('',(-1.05,3.15,2.15));
#4868=VECTOR('',#6001,1.65);
#4869=CARTESIAN_POINT('',(-2.7,1.65,2.15));
#4870=CARTESIAN_POINT('',(-2.7,3.15,2.15));
#4871=VECTOR('',#6002,1.5);
#4872=CARTESIAN_POINT('',(-3.55,1.65,2.15));
#4873=CARTESIAN_POINT('',(-2.7,1.65,2.15));
#4874=VECTOR('',#6003,0.85);
#4875=CARTESIAN_POINT('',(-3.55,2.2,2.15));
#4876=CARTESIAN_POINT('',(-3.55,1.65,2.15));
#4877=VECTOR('',#6004,0.55);
#4878=CARTESIAN_POINT('',(-4.5,2.2,2.15));
#4879=CARTESIAN_POINT('',(-3.55,2.2,2.15));
#4880=VECTOR('',#6005,0.95);
#4881=CARTESIAN_POINT('',(-4.5,-0.95,2.15));
#4882=CARTESIAN_POINT('',(-4.5,-0.95,2.15));
#4883=VECTOR('',#6006,3.15);
#4884=CARTESIAN_POINT('',(-5.2,-0.95,2.15));
#4885=CARTESIAN_POINT('',(-4.5,-0.95,2.15));
#4886=VECTOR('',#6007,0.7);
#4887=CARTESIAN_POINT('',(-5.2,-0.95,2.15));
#4888=VECTOR('',#6008,1.2);
#4889=CARTESIAN_POINT('',(-4.25,-2.15,2.15));
#4890=VECTOR('',#6009,3.3);
#4891=CARTESIAN_POINT('',(2.75,0.35,2.15));
#4892=CARTESIAN_POINT('',(3.25,0.35,2.15));
#4893=CARTESIAN_POINT('',(2.75,0.35,2.15));
#4894=VECTOR('',#6010,0.5);
#4895=CARTESIAN_POINT('',(3.25,-0.15,2.15));
#4896=CARTESIAN_POINT('',(3.25,-0.15,2.15));
#4897=VECTOR('',#6011,0.5);
#4898=CARTESIAN_POINT('',(2.75,-0.15,2.15));
#4899=CARTESIAN_POINT('',(2.75,-0.15,2.15));
#4900=VECTOR('',#6012,0.5);
#4901=CARTESIAN_POINT('',(2.75,-0.15,2.15));
#4902=VECTOR('',#6013,0.5);
#4903=CARTESIAN_POINT('',(0.75,0.35,2.15));
#4904=CARTESIAN_POINT('',(1.25,0.35,2.15));
#4905=CARTESIAN_POINT('',(0.75,0.35,2.15));
#4906=VECTOR('',#6014,0.5);
#4907=CARTESIAN_POINT('',(1.25,-0.15,2.15));
#4908=CARTESIAN_POINT('',(1.25,-0.15,2.15));
#4909=VECTOR('',#6015,0.5);
#4910=CARTESIAN_POINT('',(0.75,-0.15,2.15));
#4911=CARTESIAN_POINT('',(0.75,-0.15,2.15));
#4912=VECTOR('',#6016,0.5);
#4913=CARTESIAN_POINT('',(0.75,-0.15,2.15));
#4914=VECTOR('',#6017,0.5);
#4915=CARTESIAN_POINT('',(-1.25,0.35,2.15));
#4916=CARTESIAN_POINT('',(-0.75,0.35,2.15));
#4917=CARTESIAN_POINT('',(-1.25,0.35,2.15));
#4918=VECTOR('',#6018,0.5);
#4919=CARTESIAN_POINT('',(-0.75,-0.15,2.15));
#4920=CARTESIAN_POINT('',(-0.75,-0.15,2.15));
#4921=VECTOR('',#6019,0.5);
#4922=CARTESIAN_POINT('',(-1.25,-0.15,2.15));
#4923=CARTESIAN_POINT('',(-1.25,-0.15,2.15));
#4924=VECTOR('',#6020,0.5);
#4925=CARTESIAN_POINT('',(-1.25,-0.15,2.15));
#4926=VECTOR('',#6021,0.5);
#4927=CARTESIAN_POINT('',(-3.25,0.35,2.15));
#4928=CARTESIAN_POINT('',(-2.75,0.35,2.15));
#4929=CARTESIAN_POINT('',(-3.25,0.35,2.15));
#4930=VECTOR('',#6022,0.5);
#4931=CARTESIAN_POINT('',(-2.75,-0.15,2.15));
#4932=CARTESIAN_POINT('',(-2.75,-0.15,2.15));
#4933=VECTOR('',#6023,0.5);
#4934=CARTESIAN_POINT('',(-3.25,-0.15,2.15));
#4935=CARTESIAN_POINT('',(-3.25,-0.15,2.15));
#4936=VECTOR('',#6024,0.5);
#4937=CARTESIAN_POINT('',(-3.25,-0.15,2.15));
#4938=VECTOR('',#6025,0.5);
#4939=CARTESIAN_POINT('',(-4.25,1.15,2.3));
#4940=CARTESIAN_POINT('',(-4.25,1.15,2.3));
#4941=VECTOR('',#6026,3.3);
#4942=CARTESIAN_POINT('',(-4.25,1.15,2.15));
#4943=VECTOR('',#6027,0.15);
#4944=CARTESIAN_POINT('',(-3.75,1.15,2.3));
#4945=CARTESIAN_POINT('',(-3.75,1.15,2.3));
#4946=VECTOR('',#6028,0.5);
#4947=CARTESIAN_POINT('',(-3.75,1.15,2.15));
#4948=VECTOR('',#6029,0.15);
#4949=CARTESIAN_POINT('',(-3.75,-2.15,2.3));
#4950=VECTOR('',#6030,3.3);
#4951=CARTESIAN_POINT('',(-5.2,-0.95,6.91));
#4952=CARTESIAN_POINT('',(-5.2,-0.95,6.91));
#4953=VECTOR('',#6031,4.76);
#4954=CARTESIAN_POINT('',(-5.2,-1.9,6.91));
#4955=CARTESIAN_POINT('',(-5.2,-1.9,6.91));
#4956=VECTOR('',#6032,0.95);
#4957=CARTESIAN_POINT('',(-5.2,-1.9,9.05));
#4958=CARTESIAN_POINT('',(-5.2,-1.9,9.05));
#4959=VECTOR('',#6033,2.14);
#4960=CARTESIAN_POINT('',(-5.2,-2.15,9.05));
#4961=VECTOR('',#6034,0.25);
#4962=CARTESIAN_POINT('',(-5.2,-1.9,9.05));
#4963=VECTOR('',#6035,0.3464101615138);
#4964=CARTESIAN_POINT('',(-5.4,-1.7,7.11));
#4965=CARTESIAN_POINT('',(-5.2,-1.9,6.91));
#4966=VECTOR('',#6036,0.3464101615138);
#4967=CARTESIAN_POINT('',(-5.4,-1.7,9.25));
#4968=VECTOR('',#6037,2.14);
#4969=CARTESIAN_POINT('',(-6.0,-1.7,7.11));
#4970=VECTOR('',#6038,0.6);
#4971=CARTESIAN_POINT('',(6.0,-1.7,7.11));
#4972=CARTESIAN_POINT('',(6.0,-1.7,7.11));
#4973=VECTOR('',#6039,2.14);
#4974=CARTESIAN_POINT('',(5.4,-1.7,7.11));
#4975=CARTESIAN_POINT('',(5.4,-1.7,7.11));
#4976=VECTOR('',#6040,0.6);
#4977=CARTESIAN_POINT('',(5.4,-1.7,7.11));
#4978=VECTOR('',#6041,2.14);
#4979=CARTESIAN_POINT('',(-5.4,-0.75,7.11));
#4980=CARTESIAN_POINT('',(-4.7,-0.75,7.11));
#4981=CARTESIAN_POINT('',(-5.4,-0.75,7.11));
#4982=VECTOR('',#6042,0.7);
#4983=CARTESIAN_POINT('',(-4.7,1.2,7.11));
#4984=CARTESIAN_POINT('',(-4.7,-0.75,7.11));
#4985=VECTOR('',#6043,1.95);
#4986=CARTESIAN_POINT('',(-6.0,1.2,7.11));
#4987=VECTOR('',#6044,1.3);
#4988=CARTESIAN_POINT('',(-5.4,-1.7,7.11));
#4989=VECTOR('',#6045,0.95);
#4990=CARTESIAN_POINT('',(6.0,1.2,7.11));
#4991=CARTESIAN_POINT('',(6.0,1.2,7.11));
#4992=VECTOR('',#6046,2.9);
#4993=CARTESIAN_POINT('',(4.7,1.2,7.11));
#4994=CARTESIAN_POINT('',(4.7,1.2,7.11));
#4995=VECTOR('',#6047,1.3);
#4996=CARTESIAN_POINT('',(4.7,-0.75,7.11));
#4997=CARTESIAN_POINT('',(4.7,1.2,7.11));
#4998=VECTOR('',#6048,1.95);
#4999=CARTESIAN_POINT('',(5.4,-0.75,7.11));
#5000=CARTESIAN_POINT('',(4.7,-0.75,7.11));
#5001=VECTOR('',#6049,0.7);
#5002=CARTESIAN_POINT('',(5.4,-0.75,7.11));
#5003=VECTOR('',#6050,0.95);
#5004=CARTESIAN_POINT('',(-5.2,-0.95,6.91));
#5005=VECTOR('',#6051,0.3464101615138);
#5006=CARTESIAN_POINT('',(-4.5,-0.95,6.91));
#5007=CARTESIAN_POINT('',(-5.2,-0.95,6.91));
#5008=VECTOR('',#6052,0.7);
#5009=CARTESIAN_POINT('',(-4.5,-0.95,6.91));
#5010=VECTOR('',#6053,0.3464101615138);
#5011=CARTESIAN_POINT('',(-4.5,1.4,6.91));
#5012=CARTESIAN_POINT('',(-4.5,-0.95,6.91));
#5013=VECTOR('',#6054,2.35);
#5014=CARTESIAN_POINT('',(-4.5,1.4,6.91));
#5015=VECTOR('',#6055,0.3464101615138);
#5016=CARTESIAN_POINT('',(-4.5,1.4,9.05));
#5017=CARTESIAN_POINT('',(-4.7,1.2,9.25));
#5018=CARTESIAN_POINT('',(-4.5,1.4,9.05));
#5019=VECTOR('',#6056,0.3464101615138);
#5020=CARTESIAN_POINT('',(-4.7,1.2,7.11));
#5021=VECTOR('',#6057,2.14);
#5022=CARTESIAN_POINT('',(-4.5,1.4,6.91));
#5023=VECTOR('',#6058,2.14);
#5024=CARTESIAN_POINT('',(-4.5,-0.95,6.91));
#5025=VECTOR('',#6059,4.76);
#5026=CARTESIAN_POINT('',(-4.5,2.2,9.05));
#5027=CARTESIAN_POINT('',(-4.5,2.2,9.05));
#5028=VECTOR('',#6060,6.9);
#5029=CARTESIAN_POINT('',(-4.5,2.2,9.05));
#5030=VECTOR('',#6061,0.8);
#5031=CARTESIAN_POINT('',(-4.7,2.4,9.25));
#5032=CARTESIAN_POINT('',(-4.5,2.2,9.05));
#5033=VECTOR('',#6062,0.3464101615138);
#5034=CARTESIAN_POINT('',(-4.7,2.4,9.25));
#5035=VECTOR('',#6063,1.2);
#5036=CARTESIAN_POINT('',(-3.55,2.4,9.25));
#5037=CARTESIAN_POINT('',(-4.7,2.4,9.25));
#5038=VECTOR('',#6064,1.15);
#5039=CARTESIAN_POINT('',(-3.55,2.130571673965,9.25002613785));
#5040=CARTESIAN_POINT('',(-3.55,2.4,9.25));
#5041=VECTOR('',#6065,0.2694283273024);
#5042=CARTESIAN_POINT('',(-3.39,2.130509101059,9.25002613785));
#5043=CARTESIAN_POINT('',(-3.55,2.130571673965,9.25002613785));
#5044=VECTOR('',#6066,0.1600000122355);
#5045=CARTESIAN_POINT('',(-3.39,2.9,9.25));
#5046=CARTESIAN_POINT('',(-3.39,2.9,9.25));
#5047=VECTOR('',#6067,0.7694908993847);
#5048=CARTESIAN_POINT('',(-6.0,2.9,9.25));
#5049=VECTOR('',#6068,2.61);
#5050=CARTESIAN_POINT('',(-6.0,1.2,9.25));
#5051=VECTOR('',#6069,1.3);
#5052=CARTESIAN_POINT('',(4.7,1.2,9.25));
#5053=CARTESIAN_POINT('',(6.0,1.2,9.25));
#5054=CARTESIAN_POINT('',(4.7,1.2,9.25));
#5055=VECTOR('',#6070,1.3);
#5056=CARTESIAN_POINT('',(6.0,2.9,9.25));
#5057=CARTESIAN_POINT('',(6.0,2.9,9.25));
#5058=VECTOR('',#6071,1.7);
#5059=CARTESIAN_POINT('',(3.39,2.9,9.25));
#5060=CARTESIAN_POINT('',(3.39,2.9,9.25));
#5061=VECTOR('',#6072,2.61);
#5062=CARTESIAN_POINT('',(3.39,2.130509101059,9.25002613785));
#5063=CARTESIAN_POINT('',(3.39,2.9,9.25));
#5064=VECTOR('',#6073,0.7694908993847);
#5065=CARTESIAN_POINT('',(3.55,2.130571673965,9.25002613785));
#5066=CARTESIAN_POINT('',(3.39,2.130509101059,9.25002613785));
#5067=VECTOR('',#6074,0.1600000122355);
#5068=CARTESIAN_POINT('',(3.55,2.4,9.25));
#5069=CARTESIAN_POINT('',(3.55,2.130571673965,9.25002613785));
#5070=VECTOR('',#6075,0.2694283273024);
#5071=CARTESIAN_POINT('',(4.7,2.4,9.25));
#5072=CARTESIAN_POINT('',(3.55,2.4,9.25));
#5073=VECTOR('',#6076,1.15);
#5074=CARTESIAN_POINT('',(4.7,1.2,9.25));
#5075=VECTOR('',#6077,1.2);
#5076=CARTESIAN_POINT('',(6.0,1.2,9.25));
#5077=VECTOR('',#6078,2.14);
#5078=CARTESIAN_POINT('',(4.7,1.2,9.25));
#5079=VECTOR('',#6079,2.14);
#5080=CARTESIAN_POINT('',(4.5,1.4,9.05));
#5081=CARTESIAN_POINT('',(4.5,1.4,9.05));
#5082=VECTOR('',#6080,0.3464101615138);
#5083=CARTESIAN_POINT('',(4.5,1.4,6.91));
#5084=CARTESIAN_POINT('',(4.5,1.4,9.05));
#5085=VECTOR('',#6081,2.14);
#5086=CARTESIAN_POINT('',(4.5,1.4,6.91));
#5087=VECTOR('',#6082,0.3464101615138);
#5088=CARTESIAN_POINT('',(4.5,-0.95,6.91));
#5089=CARTESIAN_POINT('',(4.5,-0.95,6.91));
#5090=VECTOR('',#6083,0.3464101615138);
#5091=CARTESIAN_POINT('',(4.5,1.4,6.91));
#5092=VECTOR('',#6084,2.35);
#5093=CARTESIAN_POINT('',(4.5,2.2,9.05));
#5094=CARTESIAN_POINT('',(4.5,1.4,9.05));
#5095=VECTOR('',#6085,0.8);
#5096=CARTESIAN_POINT('',(4.5,2.2,9.05));
#5097=VECTOR('',#6086,6.9);
#5098=CARTESIAN_POINT('',(4.5,-0.95,6.91));
#5099=VECTOR('',#6087,4.76);
#5100=CARTESIAN_POINT('',(4.5,-0.95,6.91));
#5101=VECTOR('',#6088,0.7);
#5102=CARTESIAN_POINT('',(5.2,-0.95,6.91));
#5103=VECTOR('',#6089,0.3464101615138);
#5104=CARTESIAN_POINT('',(5.2,-1.9,6.91));
#5105=VECTOR('',#6090,0.3464101615138);
#5106=CARTESIAN_POINT('',(3.55,2.2,9.05));
#5107=CARTESIAN_POINT('',(3.55,2.2,9.05));
#5108=VECTOR('',#6091,6.9);
#5109=CARTESIAN_POINT('',(3.55,2.2,9.05));
#5110=VECTOR('',#6092,0.95);
#5111=CARTESIAN_POINT('',(3.55,2.2,9.05));
#5112=VECTOR('',#6093,0.2828427124746);
#5113=CARTESIAN_POINT('',(4.5,2.2,9.05));
#5114=VECTOR('',#6094,0.3464101615138);
#5115=CARTESIAN_POINT('',(3.55,1.861206369924,8.750401293592));
#5116=CARTESIAN_POINT('',(3.55,2.130571673965,9.25002613785));
#5117=VECTOR('',#6095,0.5676113564936);
#5118=CARTESIAN_POINT('',(3.55,1.65,3.3));
#5119=CARTESIAN_POINT('',(3.55,1.861206369924,8.750401293592));
#5120=VECTOR('',#6096,5.454491946267);
#5121=CARTESIAN_POINT('',(3.55,1.65,2.15));
#5122=VECTOR('',#6097,1.15);
#5123=CARTESIAN_POINT('',(2.7,1.65,3.3));
#5124=CARTESIAN_POINT('',(2.7,1.65,3.3));
#5125=VECTOR('',#6098,1.15);
#5126=CARTESIAN_POINT('',(3.55,1.65,3.3));
#5127=VECTOR('',#6099,0.85);
#5128=CARTESIAN_POINT('',(-3.55,1.861206369924,8.750401293592));
#5129=CARTESIAN_POINT('',(-3.55,1.65,3.3));
#5130=CARTESIAN_POINT('',(-3.55,1.861206369924,8.750401293592));
#5131=VECTOR('',#6100,5.454491946267);
#5132=CARTESIAN_POINT('',(-2.7,1.65,3.3));
#5133=CARTESIAN_POINT('',(-2.7,1.65,3.3));
#5134=VECTOR('',#6101,0.85);
#5135=CARTESIAN_POINT('',(-2.7,1.861269391918,8.750750311485));
#5136=CARTESIAN_POINT('',(-2.7,1.65,3.3));
#5137=VECTOR('',#6102,5.454843142943);
#5138=CARTESIAN_POINT('',(-2.7,1.861269391918,8.750750311485));
#5139=VECTOR('',#6103,0.8500000739913);
#5140=CARTESIAN_POINT('',(2.7,1.861269391918,8.750750311485));
#5141=CARTESIAN_POINT('',(2.7,1.65,3.3));
#5142=VECTOR('',#6104,5.454843142943);
#5143=CARTESIAN_POINT('',(3.55,1.861206369924,8.750401293592));
#5144=VECTOR('',#6105,0.8500000739913);
#5145=CARTESIAN_POINT('',(-2.7,2.4,9.75));
#5146=CARTESIAN_POINT('',(-2.7,2.4,9.75));
#5147=VECTOR('',#6106,1.135222712987);
#5148=CARTESIAN_POINT('',(-3.39,2.4,9.75));
#5149=CARTESIAN_POINT('',(-3.39,2.4,9.75));
#5150=VECTOR('',#6107,0.69);
#5151=CARTESIAN_POINT('',(-3.39,2.130509101059,9.25002613785));
#5152=VECTOR('',#6108,0.5679781751489);
#5153=CARTESIAN_POINT('',(-3.55,1.861206369924,8.750401293592));
#5154=VECTOR('',#6109,0.5676113564936);
#5155=CARTESIAN_POINT('',(-3.55,1.65,2.15));
#5156=VECTOR('',#6110,1.15);
#5157=CARTESIAN_POINT('',(-3.55,2.2,9.05));
#5158=CARTESIAN_POINT('',(-3.55,2.4,9.25));
#5159=VECTOR('',#6111,0.2828427124746);
#5160=CARTESIAN_POINT('',(-3.55,2.2,9.05));
#5161=VECTOR('',#6112,6.9);
#5162=CARTESIAN_POINT('',(-4.5,2.2,9.05));
#5163=VECTOR('',#6113,0.95);
#5164=CARTESIAN_POINT('',(-2.7,1.65,3.3));
#5165=VECTOR('',#6114,1.15);
#5166=CARTESIAN_POINT('',(-2.7,3.15,8.982));
#5167=CARTESIAN_POINT('',(-2.7,3.15,8.982));
#5168=VECTOR('',#6115,6.832);
#5169=CARTESIAN_POINT('',(-2.7,3.45,9.75));
#5170=CARTESIAN_POINT('',(-2.7,3.15,8.982));
#5171=VECTOR('',#6116,0.8245144025425);
#5172=CARTESIAN_POINT('',(-2.7,2.4,9.75));
#5173=VECTOR('',#6117,1.05);
#5174=CARTESIAN_POINT('',(2.7,3.45,9.75));
#5175=CARTESIAN_POINT('',(2.7,3.45,9.75));
#5176=VECTOR('',#6118,5.4);
#5177=CARTESIAN_POINT('',(2.7,2.4,9.75));
#5178=CARTESIAN_POINT('',(2.7,3.45,9.75));
#5179=VECTOR('',#6119,1.05);
#5180=CARTESIAN_POINT('',(3.39,2.4,9.75));
#5181=CARTESIAN_POINT('',(2.7,2.4,9.75));
#5182=VECTOR('',#6120,0.69);
#5183=CARTESIAN_POINT('',(3.39,3.8,9.75));
#5184=CARTESIAN_POINT('',(3.39,2.4,9.75));
#5185=VECTOR('',#6121,1.4);
#5186=CARTESIAN_POINT('',(-3.39,3.8,9.75));
#5187=CARTESIAN_POINT('',(3.39,3.8,9.75));
#5188=VECTOR('',#6122,6.78);
#5189=CARTESIAN_POINT('',(-3.39,3.8,9.75));
#5190=VECTOR('',#6123,1.4);
#5191=CARTESIAN_POINT('',(-3.39,3.8,1.7));
#5192=CARTESIAN_POINT('',(-3.39,3.8,9.75));
#5193=VECTOR('',#6124,8.05);
#5194=CARTESIAN_POINT('',(-3.39,3.2,1.1));
#5195=AXIS2_PLACEMENT_3D('',#6125,#6126,#6127);
#5196=CARTESIAN_POINT('',(-3.39,2.65,1.1));
#5197=CARTESIAN_POINT('',(-3.39,2.65,1.1));
#5198=VECTOR('',#6128,0.55);
#5199=CARTESIAN_POINT('',(-3.39,2.65,0.3));
#5200=VECTOR('',#6129,0.8);
#5201=CARTESIAN_POINT('',(-3.39,2.1,1.95));
#5202=CARTESIAN_POINT('',(-3.39,2.1,0.3));
#5203=VECTOR('',#6130,1.65);
#5204=CARTESIAN_POINT('',(-3.39,2.9,1.95));
#5205=CARTESIAN_POINT('',(-3.39,2.9,1.95));
#5206=VECTOR('',#6131,0.8);
#5207=CARTESIAN_POINT('',(-3.39,2.9,9.25));
#5208=VECTOR('',#6132,7.3);
#5209=CARTESIAN_POINT('',(3.39,2.9,1.95));
#5210=CARTESIAN_POINT('',(4.25,2.9,1.95));
#5211=VECTOR('',#6133,0.86);
#5212=CARTESIAN_POINT('',(3.39,2.9,9.25));
#5213=VECTOR('',#6134,7.3);
#5214=CARTESIAN_POINT('',(6.0,2.9,0.0));
#5215=CARTESIAN_POINT('',(6.0,2.9,0.0));
#5216=VECTOR('',#6135,9.25);
#5217=CARTESIAN_POINT('',(4.25,2.9,0.0));
#5218=VECTOR('',#6136,1.75);
#5219=CARTESIAN_POINT('',(-4.25,2.9,1.95));
#5220=CARTESIAN_POINT('',(-4.25,2.9,0.0));
#5221=CARTESIAN_POINT('',(-4.25,2.9,1.95));
#5222=VECTOR('',#6137,1.95);
#5223=CARTESIAN_POINT('',(-6.0,2.9,0.0));
#5224=VECTOR('',#6138,1.75);
#5225=CARTESIAN_POINT('',(-3.39,2.9,1.95));
#5226=VECTOR('',#6139,0.86);
#5227=CARTESIAN_POINT('',(-4.25,-1.65,0.0));
#5228=CARTESIAN_POINT('',(-6.0,-1.65,0.0));
#5229=VECTOR('',#6140,1.75);
#5230=CARTESIAN_POINT('',(-4.25,-2.9,0.0));
#5231=VECTOR('',#6141,1.25);
#5232=CARTESIAN_POINT('',(6.0,-1.65,0.0));
#5233=CARTESIAN_POINT('',(4.25,-1.65,0.0));
#5234=VECTOR('',#6142,1.75);
#5235=CARTESIAN_POINT('',(6.0,-2.9,0.0));
#5236=VECTOR('',#6143,1.25);
#5237=CARTESIAN_POINT('',(-4.25,1.3,0.0));
#5238=VECTOR('',#6144,1.6);
#5239=CARTESIAN_POINT('',(6.0,1.3,0.0));
#5240=VECTOR('',#6145,1.6);
#5241=CARTESIAN_POINT('',(5.5,2.0,0.0));
#5242=CARTESIAN_POINT('',(4.5,2.0,0.0));
#5243=AXIS2_PLACEMENT_3D('',#6146,#6147,#6148);
#5244=AXIS2_PLACEMENT_3D('',#6149,#6150,#6151);
#5245=CARTESIAN_POINT('',(-4.25,-1.65,0.3));
#5246=VECTOR('',#6152,0.3);
#5247=CARTESIAN_POINT('',(-4.25,-1.6,1.15));
#5248=CARTESIAN_POINT('',(-4.25,-1.6,0.3));
#5249=VECTOR('',#6153,0.85);
#5250=CARTESIAN_POINT('',(-4.25,-1.6,1.15));
#5251=VECTOR('',#6154,1.3);
#5252=CARTESIAN_POINT('',(-4.25,2.1,1.95));
#5253=CARTESIAN_POINT('',(-4.25,2.1,1.95));
#5254=VECTOR('',#6155,0.8);
#5255=CARTESIAN_POINT('',(-4.25,2.1,0.3));
#5256=VECTOR('',#6156,1.65);
#5257=CARTESIAN_POINT('',(-4.25,-1.6,1.15));
#5258=VECTOR('',#6157,8.5);
#5259=CARTESIAN_POINT('',(6.0,-1.65,0.0));
#5260=VECTOR('',#6158,0.3);
#5261=CARTESIAN_POINT('',(-3.39,2.1,1.95));
#5262=VECTOR('',#6159,0.86);
#5263=CARTESIAN_POINT('',(3.39,2.1,1.95));
#5264=VECTOR('',#6160,0.8);
#5265=CARTESIAN_POINT('',(3.39,2.65,1.1));
#5266=CARTESIAN_POINT('',(3.39,2.65,0.3));
#5267=VECTOR('',#6161,0.8);
#5268=CARTESIAN_POINT('',(3.39,3.2,1.1));
#5269=CARTESIAN_POINT('',(3.39,3.2,1.1));
#5270=VECTOR('',#6162,0.55);
#5271=CARTESIAN_POINT('',(3.39,3.8,1.7));
#5272=AXIS2_PLACEMENT_3D('',#6163,#6164,#6165);
#5273=CARTESIAN_POINT('',(3.39,3.8,9.75));
#5274=VECTOR('',#6166,8.05);
#5275=CARTESIAN_POINT('',(3.39,2.4,9.75));
#5276=VECTOR('',#6167,0.5679781751489);
#5277=CARTESIAN_POINT('',(2.7,1.861269391918,8.750750311485));
#5278=VECTOR('',#6168,1.135222712987);
#5279=CARTESIAN_POINT('',(2.7,3.15,8.982));
#5280=CARTESIAN_POINT('',(2.7,3.45,9.75));
#5281=VECTOR('',#6169,0.8245144025425);
#5282=CARTESIAN_POINT('',(2.7,3.15,8.982));
#5283=VECTOR('',#6170,6.832);
#5284=CARTESIAN_POINT('',(-1.05,3.15,8.982));
#5285=CARTESIAN_POINT('',(-2.7,3.15,8.982));
#5286=VECTOR('',#6171,1.65);
#5287=CARTESIAN_POINT('',(-1.05,3.15,7.671176470588));
#5288=CARTESIAN_POINT('',(-1.05,3.15,2.15));
#5289=VECTOR('',#6172,5.521176470588);
#5290=CARTESIAN_POINT('',(-1.05,3.15,8.982));
#5291=VECTOR('',#6173,1.310823529412);
#5292=CARTESIAN_POINT('',(1.05,3.15,7.671176470588));
#5293=CARTESIAN_POINT('',(1.05,3.15,2.15));
#5294=VECTOR('',#6174,5.521176470588);
#5295=CARTESIAN_POINT('',(1.05,3.15,8.982));
#5296=CARTESIAN_POINT('',(1.05,3.15,8.982));
#5297=VECTOR('',#6175,1.65);
#5298=CARTESIAN_POINT('',(1.05,3.15,8.982));
#5299=VECTOR('',#6176,1.310823529412);
#5300=CARTESIAN_POINT('',(-1.05,2.95,7.65));
#5301=CARTESIAN_POINT('',(-1.05,2.95,7.65));
#5302=VECTOR('',#6177,0.201117982554);
#5303=CARTESIAN_POINT('',(-1.05,2.95,8.47));
#5304=CARTESIAN_POINT('',(-1.05,2.95,8.47));
#5305=VECTOR('',#6178,0.82);
#5306=CARTESIAN_POINT('',(-1.05,2.95,8.47));
#5307=VECTOR('',#6179,0.5496762683617);
#5308=CARTESIAN_POINT('',(1.05,2.95,8.47));
#5309=CARTESIAN_POINT('',(1.05,2.95,8.47));
#5310=VECTOR('',#6180,2.1);
#5311=CARTESIAN_POINT('',(1.05,3.15,8.982));
#5312=VECTOR('',#6181,0.5496762683617);
#5313=CARTESIAN_POINT('',(1.05,2.95,7.65));
#5314=CARTESIAN_POINT('',(1.05,2.95,8.47));
#5315=VECTOR('',#6182,0.82);
#5316=CARTESIAN_POINT('',(1.05,2.95,7.65));
#5317=VECTOR('',#6183,0.201117982554);
#5318=CARTESIAN_POINT('',(1.05,3.8,7.74));
#5319=CARTESIAN_POINT('',(1.05,3.8,7.74));
#5320=VECTOR('',#6184,0.6536334433004);
#5321=CARTESIAN_POINT('',(-1.05,2.95,7.65));
#5322=VECTOR('',#6185,2.1);
#5323=CARTESIAN_POINT('',(-1.05,3.8,7.74));
#5324=CARTESIAN_POINT('',(-1.05,3.8,7.74));
#5325=VECTOR('',#6186,0.6536334433004);
#5326=CARTESIAN_POINT('',(-1.05,3.8,7.74));
#5327=VECTOR('',#6187,2.1);
#5328=CARTESIAN_POINT('',(1.05,3.8,1.7));
#5329=CARTESIAN_POINT('',(1.05,3.8,1.7));
#5330=VECTOR('',#6188,6.04);
#5331=CARTESIAN_POINT('',(-1.05,3.8,1.7));
#5332=CARTESIAN_POINT('',(-1.05,3.8,1.7));
#5333=VECTOR('',#6189,6.04);
#5334=CARTESIAN_POINT('',(-1.05,3.8,1.7));
#5335=VECTOR('',#6190,2.34);
#5336=CARTESIAN_POINT('',(3.39,3.8,1.7));
#5337=VECTOR('',#6191,2.34);
#5338=CARTESIAN_POINT('',(1.05,3.2,1.1));
#5339=CARTESIAN_POINT('',(3.39,3.2,1.1));
#5340=VECTOR('',#6192,2.34);
#5341=AXIS2_PLACEMENT_3D('',#6193,#6194,#6195);
#5342=CARTESIAN_POINT('',(1.05,2.65,1.1));
#5343=CARTESIAN_POINT('',(1.05,3.2,1.1));
#5344=VECTOR('',#6196,0.55);
#5345=CARTESIAN_POINT('',(1.05,2.65,2.15));
#5346=VECTOR('',#6197,1.05);
#5347=CARTESIAN_POINT('',(-1.05,2.65,1.1));
#5348=CARTESIAN_POINT('',(-3.39,2.65,1.1));
#5349=VECTOR('',#6198,2.34);
#5350=CARTESIAN_POINT('',(-1.05,2.65,2.15));
#5351=VECTOR('',#6199,1.05);
#5352=CARTESIAN_POINT('',(1.05,2.65,1.1));
#5353=VECTOR('',#6200,2.34);
#5354=CARTESIAN_POINT('',(-1.05,3.2,1.1));
#5355=CARTESIAN_POINT('',(-1.05,3.2,1.1));
#5356=VECTOR('',#6201,0.55);
#5357=CARTESIAN_POINT('',(-1.05,3.2,1.1));
#5358=VECTOR('',#6202,2.34);
#5359=AXIS2_PLACEMENT_3D('',#6203,#6204,#6205);
#5360=CARTESIAN_POINT('',(4.5,2.0,-0.9));
#5361=CARTESIAN_POINT('',(4.5,2.0,0.0));
#5362=VECTOR('',#6206,0.9000000006999);
#5363=CARTESIAN_POINT('',(5.5,2.0,0.0));
#5364=VECTOR('',#6207,0.9000000006999);
#5365=AXIS2_PLACEMENT_3D('',#6208,#6209,#6210);
#5366=CARTESIAN_POINT('',(4.7,2.0,-1.3));
#5367=AXIS2_PLACEMENT_3D('',#6211,#6212,#6213);
#5368=CARTESIAN_POINT('',(4.70000000028,1.999999996496,-1.30000000056));
#5369=VECTOR('',#6214,0.4472135953435);
#5370=AXIS2_PLACEMENT_3D('',#6215,#6216,#6217);
#5371=AXIS2_PLACEMENT_3D('',#6218,#6219,#6220);
#5372=CARTESIAN_POINT('',(4.25,1.15,2.3));
#5373=CARTESIAN_POINT('',(4.25,1.15,2.15));
#5374=VECTOR('',#6221,0.15);
#5375=CARTESIAN_POINT('',(4.25,-2.15,2.3));
#5376=VECTOR('',#6222,3.3);
#5377=CARTESIAN_POINT('',(3.75,1.15,2.3));
#5378=CARTESIAN_POINT('',(4.25,1.15,2.3));
#5379=VECTOR('',#6223,0.5);
#5380=CARTESIAN_POINT('',(3.75,1.15,2.3));
#5381=VECTOR('',#6224,3.3);
#5382=CARTESIAN_POINT('',(3.75,1.15,2.15));
#5383=VECTOR('',#6225,0.15);
#5384=CARTESIAN_POINT('',(2.25,1.15,2.3));
#5385=CARTESIAN_POINT('',(2.25,1.15,2.15));
#5386=VECTOR('',#6226,0.15);
#5387=CARTESIAN_POINT('',(2.25,-2.15,2.3));
#5388=VECTOR('',#6227,3.3);
#5389=CARTESIAN_POINT('',(1.75,1.15,2.3));
#5390=CARTESIAN_POINT('',(2.25,1.15,2.3));
#5391=VECTOR('',#6228,0.5);
#5392=CARTESIAN_POINT('',(1.75,1.15,2.3));
#5393=VECTOR('',#6229,3.3);
#5394=CARTESIAN_POINT('',(1.75,1.15,2.15));
#5395=VECTOR('',#6230,0.15);
#5396=CARTESIAN_POINT('',(0.25,1.15,2.3));
#5397=CARTESIAN_POINT('',(0.25,1.15,2.15));
#5398=VECTOR('',#6231,0.15);
#5399=CARTESIAN_POINT('',(0.25,-2.15,2.3));
#5400=VECTOR('',#6232,3.3);
#5401=CARTESIAN_POINT('',(-0.25,1.15,2.3));
#5402=CARTESIAN_POINT('',(0.25,1.15,2.3));
#5403=VECTOR('',#6233,0.5);
#5404=CARTESIAN_POINT('',(-0.25,1.15,2.3));
#5405=VECTOR('',#6234,3.3);
#5406=CARTESIAN_POINT('',(-0.25,1.15,2.15));
#5407=VECTOR('',#6235,0.15);
#5408=CARTESIAN_POINT('',(-1.75,1.15,2.3));
#5409=CARTESIAN_POINT('',(-1.75,1.15,2.15));
#5410=VECTOR('',#6236,0.15);
#5411=CARTESIAN_POINT('',(-1.75,-2.15,2.3));
#5412=VECTOR('',#6237,3.3);
#5413=CARTESIAN_POINT('',(-2.25,1.15,2.3));
#5414=CARTESIAN_POINT('',(-1.75,1.15,2.3));
#5415=VECTOR('',#6238,0.5);
#5416=CARTESIAN_POINT('',(-2.25,1.15,2.3));
#5417=VECTOR('',#6239,3.3);
#5418=CARTESIAN_POINT('',(-2.25,1.15,2.15));
#5419=VECTOR('',#6240,0.15);
#5420=CARTESIAN_POINT('',(2.75,-0.15,5.95));
#5421=CARTESIAN_POINT('',(2.75,-0.15,5.95));
#5422=VECTOR('',#6241,3.8);
#5423=CARTESIAN_POINT('',(2.75,0.35,5.95));
#5424=CARTESIAN_POINT('',(2.75,0.35,5.95));
#5425=VECTOR('',#6242,0.5);
#5426=CARTESIAN_POINT('',(2.75,0.35,2.15));
#5427=VECTOR('',#6243,3.8);
#5428=CARTESIAN_POINT('',(2.75,-0.15,-0.5));
#5429=CARTESIAN_POINT('',(2.75,0.35,-0.5));
#5430=CARTESIAN_POINT('',(2.75,-0.15,-0.5));
#5431=VECTOR('',#6244,0.5);
#5432=CARTESIAN_POINT('',(2.75,-0.15,0.3));
#5433=VECTOR('',#6245,0.8);
#5434=CARTESIAN_POINT('',(2.75,0.35,-0.5));
#5435=VECTOR('',#6246,0.8);
#5436=CARTESIAN_POINT('',(-3.25,0.35,5.95));
#5437=CARTESIAN_POINT('',(-3.25,0.35,2.15));
#5438=VECTOR('',#6247,3.8);
#5439=CARTESIAN_POINT('',(-2.75,0.35,5.95));
#5440=CARTESIAN_POINT('',(-3.25,0.35,5.95));
#5441=VECTOR('',#6248,0.5);
#5442=CARTESIAN_POINT('',(-2.75,0.35,2.15));
#5443=VECTOR('',#6249,3.8);
#5444=CARTESIAN_POINT('',(3.25,0.35,5.95));
#5445=CARTESIAN_POINT('',(2.75,0.35,5.95));
#5446=VECTOR('',#6250,0.5);
#5447=CARTESIAN_POINT('',(3.25,0.35,2.15));
#5448=VECTOR('',#6251,3.8);
#5449=CARTESIAN_POINT('',(2.791852825103,0.35,-2.687342893842));
#5450=CARTESIAN_POINT('',(2.89800571999,0.35,-1.5));
#5451=CARTESIAN_POINT('',(2.791852825103,0.35,-2.687342893842));
#5452=VECTOR('',#6252,1.19207868224);
#5453=CARTESIAN_POINT('',(2.89800571999,0.35,-1.5));
#5454=VECTOR('',#6253,1.01089351227);
#5455=CARTESIAN_POINT('',(3.25,0.35,-0.5));
#5456=CARTESIAN_POINT('',(3.25,0.35,-0.5));
#5457=VECTOR('',#6254,0.8);
#5458=CARTESIAN_POINT('',(3.4,0.35,-1.5));
#5459=CARTESIAN_POINT('',(3.25,0.35,-0.5));
#5460=VECTOR('',#6255,1.011187420808);
#5461=CARTESIAN_POINT('',(3.289866467798,0.35,-2.731867175867));
#5462=CARTESIAN_POINT('',(3.4,0.35,-1.5));
#5463=VECTOR('',#6256,1.236780552036);
#5464=CARTESIAN_POINT('',(3.289866467798,0.35,-2.731867175867));
#5465=VECTOR('',#6257,0.5);
#5466=CARTESIAN_POINT('',(-3.289866467798,0.35,-2.731867175867));
#5467=CARTESIAN_POINT('',(-3.4,0.35,-1.5));
#5468=CARTESIAN_POINT('',(-3.289866467798,0.35,-2.731867175867));
#5469=VECTOR('',#6258,1.236780552036);
#5470=CARTESIAN_POINT('',(-3.25,0.35,-0.5));
#5471=CARTESIAN_POINT('',(-3.4,0.35,-1.5));
#5472=VECTOR('',#6259,1.011187420808);
#5473=CARTESIAN_POINT('',(-3.25,0.35,-0.5));
#5474=VECTOR('',#6260,0.8);
#5475=CARTESIAN_POINT('',(-2.75,0.35,-0.5));
#5476=CARTESIAN_POINT('',(-2.75,0.35,-0.5));
#5477=VECTOR('',#6261,0.8);
#5478=CARTESIAN_POINT('',(-2.89800571999,0.35,-1.5));
#5479=CARTESIAN_POINT('',(-2.75,0.35,-0.5));
#5480=VECTOR('',#6262,1.01089351227);
#5481=CARTESIAN_POINT('',(-2.791852825103,0.35,-2.687342893842));
#5482=CARTESIAN_POINT('',(-2.89800571999,0.35,-1.5));
#5483=VECTOR('',#6263,1.19207868224);
#5484=CARTESIAN_POINT('',(-2.791852825103,0.35,-2.687342893842));
#5485=VECTOR('',#6264,0.5);
#5486=CARTESIAN_POINT('',(-2.75,-0.15,5.95));
#5487=CARTESIAN_POINT('',(-2.75,0.35,5.95));
#5488=VECTOR('',#6265,0.5);
#5489=CARTESIAN_POINT('',(-2.75,-0.15,5.95));
#5490=VECTOR('',#6266,3.8);
#5491=CARTESIAN_POINT('',(-2.75,-0.15,-0.5));
#5492=CARTESIAN_POINT('',(-2.75,-0.15,-0.5));
#5493=VECTOR('',#6267,0.5);
#5494=CARTESIAN_POINT('',(-2.75,-0.15,0.3));
#5495=VECTOR('',#6268,0.8);
#5496=CARTESIAN_POINT('',(-3.25,-0.15,5.95));
#5497=CARTESIAN_POINT('',(-3.25,-0.15,5.95));
#5498=VECTOR('',#6269,0.5);
#5499=CARTESIAN_POINT('',(-3.25,-0.15,5.95));
#5500=VECTOR('',#6270,3.8);
#5501=CARTESIAN_POINT('',(3.25,-0.15,5.95));
#5502=CARTESIAN_POINT('',(3.25,-0.15,5.95));
#5503=VECTOR('',#6271,3.8);
#5504=CARTESIAN_POINT('',(2.75,-0.15,5.95));
#5505=VECTOR('',#6272,0.5);
#5506=CARTESIAN_POINT('',(3.4,-0.15,-1.5));
#5507=CARTESIAN_POINT('',(3.289866467798,-0.15,-2.731867175867));
#5508=CARTESIAN_POINT('',(3.4,-0.15,-1.5));
#5509=VECTOR('',#6273,1.236780552036);
#5510=CARTESIAN_POINT('',(3.25,-0.15,-0.5));
#5511=CARTESIAN_POINT('',(3.25,-0.15,-0.5));
#5512=VECTOR('',#6274,1.011187420808);
#5513=CARTESIAN_POINT('',(3.25,-0.15,0.3));
#5514=VECTOR('',#6275,0.8);
#5515=CARTESIAN_POINT('',(2.89800571999,-0.15,-1.5));
#5516=CARTESIAN_POINT('',(2.89800571999,-0.15,-1.5));
#5517=VECTOR('',#6276,1.01089351227);
#5518=CARTESIAN_POINT('',(2.791852825103,-0.15,-2.687342893842));
#5519=CARTESIAN_POINT('',(2.791852825103,-0.15,-2.687342893842));
#5520=VECTOR('',#6277,1.19207868224);
#5521=CARTESIAN_POINT('',(2.791852825103,-0.15,-2.687342893842));
#5522=VECTOR('',#6278,0.5);
#5523=CARTESIAN_POINT('',(-2.89800571999,-0.15,-1.5));
#5524=CARTESIAN_POINT('',(-2.791852825103,-0.15,-2.687342893842));
#5525=CARTESIAN_POINT('',(-2.89800571999,-0.15,-1.5));
#5526=VECTOR('',#6279,1.19207868224);
#5527=CARTESIAN_POINT('',(-2.75,-0.15,-0.5));
#5528=VECTOR('',#6280,1.01089351227);
#5529=CARTESIAN_POINT('',(-3.25,-0.15,-0.5));
#5530=CARTESIAN_POINT('',(-3.25,-0.15,0.3));
#5531=VECTOR('',#6281,0.8);
#5532=CARTESIAN_POINT('',(-3.4,-0.15,-1.5));
#5533=CARTESIAN_POINT('',(-3.4,-0.15,-1.5));
#5534=VECTOR('',#6282,1.011187420808);
#5535=CARTESIAN_POINT('',(-3.289866467798,-0.15,-2.731867175867));
#5536=CARTESIAN_POINT('',(-3.289866467798,-0.15,-2.731867175867));
#5537=VECTOR('',#6283,1.236780552036);
#5538=CARTESIAN_POINT('',(-3.289866467798,-0.15,-2.731867175867));
#5539=VECTOR('',#6284,0.5);
#5540=CARTESIAN_POINT('',(-3.25,0.35,5.95));
#5541=VECTOR('',#6285,0.5);
#5542=CARTESIAN_POINT('',(-3.25,-0.15,-0.5));
#5543=VECTOR('',#6286,0.5);
#5544=CARTESIAN_POINT('',(-3.4,0.35,-1.5));
#5545=VECTOR('',#6287,0.5);
#5546=CARTESIAN_POINT('',(-3.289866467798,0.35,-2.731867175867));
#5547=VECTOR('',#6288,0.5);
#5548=CARTESIAN_POINT('',(-3.123510232021,0.225,-3.188868929494));
#5549=CARTESIAN_POINT('',(-3.289866467798,0.35,-2.731867175867));
#5550=VECTOR('',#6289,0.5021453972706);
#5551=CARTESIAN_POINT('',(-3.123510232021,-0.02499999999998,-3.188868929494));
#5552=CARTESIAN_POINT('',(-3.123510232021,0.225,-3.188868929494));
#5553=VECTOR('',#6290,0.25);
#5554=CARTESIAN_POINT('',(-3.123510232021,-0.02499999999998,-3.188868929494));
#5555=VECTOR('',#6291,0.5021453972706);
#5556=CARTESIAN_POINT('',(-2.874503410674,-0.02499999999998,-3.166606788482));
#5557=CARTESIAN_POINT('',(-3.123510232021,-0.02499999999998,-3.188868929494));
#5558=VECTOR('',#6292,0.25);
#5559=CARTESIAN_POINT('',(-2.874503410674,-0.02499999999998,-3.166606788482));
#5560=VECTOR('',#6293,0.5021453972706);
#5561=CARTESIAN_POINT('',(-2.874503410674,0.225,-3.166606788482));
#5562=CARTESIAN_POINT('',(-2.874503410674,0.225,-3.166606788482));
#5563=VECTOR('',#6294,0.25);
#5564=CARTESIAN_POINT('',(-2.874503410674,0.225,-3.166606788482));
#5565=VECTOR('',#6295,0.5021453972706);
#5566=CARTESIAN_POINT('',(-2.791852825103,0.35,-2.687342893842));
#5567=VECTOR('',#6296,0.5);
#5568=CARTESIAN_POINT('',(-2.89800571999,0.35,-1.5));
#5569=VECTOR('',#6297,0.5);
#5570=CARTESIAN_POINT('',(-2.874503410674,0.225,-3.166606788482));
#5571=VECTOR('',#6298,0.25);
#5572=CARTESIAN_POINT('',(3.25,0.35,5.95));
#5573=VECTOR('',#6299,0.5);
#5574=CARTESIAN_POINT('',(3.25,-0.15,-0.5));
#5575=VECTOR('',#6300,0.5);
#5576=CARTESIAN_POINT('',(3.4,0.35,-1.5));
#5577=VECTOR('',#6301,0.5);
#5578=CARTESIAN_POINT('',(3.289866467798,0.35,-2.731867175867));
#5579=VECTOR('',#6302,0.5);
#5580=CARTESIAN_POINT('',(3.123510232021,-0.02499999999998,-3.188868929494));
#5581=CARTESIAN_POINT('',(3.123510232021,-0.02499999999998,-3.188868929494));
#5582=VECTOR('',#6303,0.5021453972706);
#5583=CARTESIAN_POINT('',(3.123510232021,0.225,-3.188868929494));
#5584=CARTESIAN_POINT('',(3.123510232021,0.225,-3.188868929494));
#5585=VECTOR('',#6304,0.25);
#5586=CARTESIAN_POINT('',(3.123510232021,0.225,-3.188868929494));
#5587=VECTOR('',#6305,0.5021453972706);
#5588=CARTESIAN_POINT('',(2.874503410674,0.225,-3.166606788482));
#5589=CARTESIAN_POINT('',(2.791852825103,0.35,-2.687342893842));
#5590=VECTOR('',#6306,0.5021453972706);
#5591=CARTESIAN_POINT('',(3.123510232021,0.225,-3.188868929494));
#5592=VECTOR('',#6307,0.25);
#5593=CARTESIAN_POINT('',(2.874503410674,-0.02499999999998,-3.166606788482));
#5594=CARTESIAN_POINT('',(2.874503410674,-0.02499999999998,-3.166606788482));
#5595=VECTOR('',#6308,0.25);
#5596=CARTESIAN_POINT('',(2.874503410674,0.225,-3.166606788482));
#5597=VECTOR('',#6309,0.25);
#5598=CARTESIAN_POINT('',(2.874503410674,-0.02499999999998,-3.166606788482));
#5599=VECTOR('',#6310,0.5021453972706);
#5600=CARTESIAN_POINT('',(2.791852825103,0.35,-2.687342893842));
#5601=VECTOR('',#6311,0.5);
#5602=CARTESIAN_POINT('',(2.89800571999,0.35,-1.5));
#5603=VECTOR('',#6312,0.5);
#5604=CARTESIAN_POINT('',(0.75,-0.15,5.95));
#5605=CARTESIAN_POINT('',(0.75,-0.15,5.95));
#5606=VECTOR('',#6313,3.8);
#5607=CARTESIAN_POINT('',(0.75,0.35,5.95));
#5608=CARTESIAN_POINT('',(0.75,0.35,5.95));
#5609=VECTOR('',#6314,0.5);
#5610=CARTESIAN_POINT('',(0.75,0.35,2.15));
#5611=VECTOR('',#6315,3.8);
#5612=CARTESIAN_POINT('',(0.75,-0.15,-2.73));
#5613=CARTESIAN_POINT('',(0.75,-0.15,0.3));
#5614=VECTOR('',#6316,3.03);
#5615=CARTESIAN_POINT('',(0.75,0.35,-2.73));
#5616=CARTESIAN_POINT('',(0.75,0.35,-2.73));
#5617=VECTOR('',#6317,3.03);
#5618=CARTESIAN_POINT('',(0.75,0.35,-2.73));
#5619=VECTOR('',#6318,0.5);
#5620=CARTESIAN_POINT('',(1.25,0.35,5.95));
#5621=CARTESIAN_POINT('',(0.75,0.35,5.95));
#5622=VECTOR('',#6319,0.5);
#5623=CARTESIAN_POINT('',(1.25,0.35,2.15));
#5624=VECTOR('',#6320,3.8);
#5625=CARTESIAN_POINT('',(1.25,0.35,-2.73));
#5626=CARTESIAN_POINT('',(1.25,0.35,-2.73));
#5627=VECTOR('',#6321,3.03);
#5628=CARTESIAN_POINT('',(1.25,0.35,-2.73));
#5629=VECTOR('',#6322,0.5);
#5630=CARTESIAN_POINT('',(1.25,-0.15,5.95));
#5631=CARTESIAN_POINT('',(1.25,0.35,5.95));
#5632=VECTOR('',#6323,0.5);
#5633=CARTESIAN_POINT('',(1.25,-0.15,5.95));
#5634=VECTOR('',#6324,3.8);
#5635=CARTESIAN_POINT('',(1.25,-0.15,-2.73));
#5636=CARTESIAN_POINT('',(1.25,-0.15,0.3));
#5637=VECTOR('',#6325,3.03);
#5638=CARTESIAN_POINT('',(1.25,-0.15,-2.73));
#5639=VECTOR('',#6326,0.5);
#5640=CARTESIAN_POINT('',(0.75,-0.15,5.95));
#5641=VECTOR('',#6327,0.5);
#5642=CARTESIAN_POINT('',(1.25,-0.15,-2.73));
#5643=VECTOR('',#6328,0.5);
#5644=CARTESIAN_POINT('',(0.875,-0.02499999999998,-3.2));
#5645=CARTESIAN_POINT('',(0.875,-0.02499999999998,-3.2));
#5646=VECTOR('',#6329,0.5021453972706);
#5647=CARTESIAN_POINT('',(1.125,-0.02499999999998,-3.2));
#5648=CARTESIAN_POINT('',(1.125,-0.02499999999998,-3.2));
#5649=VECTOR('',#6330,0.25);
#5650=CARTESIAN_POINT('',(1.125,-0.02499999999998,-3.2));
#5651=VECTOR('',#6331,0.5021453972706);
#5652=CARTESIAN_POINT('',(1.125,0.225,-3.2));
#5653=CARTESIAN_POINT('',(1.25,0.35,-2.73));
#5654=VECTOR('',#6332,0.5021453972706);
#5655=CARTESIAN_POINT('',(1.125,-0.02499999999998,-3.2));
#5656=VECTOR('',#6333,0.25);
#5657=CARTESIAN_POINT('',(0.875,0.225,-3.2));
#5658=CARTESIAN_POINT('',(0.875,0.225,-3.2));
#5659=VECTOR('',#6334,0.25);
#5660=CARTESIAN_POINT('',(1.125,0.225,-3.2));
#5661=VECTOR('',#6335,0.25);
#5662=CARTESIAN_POINT('',(0.875,0.225,-3.2));
#5663=VECTOR('',#6336,0.5021453972706);
#5664=CARTESIAN_POINT('',(-1.25,-0.15,5.95));
#5665=CARTESIAN_POINT('',(-1.25,-0.15,5.95));
#5666=VECTOR('',#6337,3.8);
#5667=CARTESIAN_POINT('',(-1.25,0.35,5.95));
#5668=CARTESIAN_POINT('',(-1.25,0.35,5.95));
#5669=VECTOR('',#6338,0.5);
#5670=CARTESIAN_POINT('',(-1.25,0.35,2.15));
#5671=VECTOR('',#6339,3.8);
#5672=CARTESIAN_POINT('',(-1.25,-0.15,-2.73));
#5673=CARTESIAN_POINT('',(-1.25,-0.15,0.3));
#5674=VECTOR('',#6340,3.03);
#5675=CARTESIAN_POINT('',(-1.25,0.35,-2.73));
#5676=CARTESIAN_POINT('',(-1.25,0.35,-2.73));
#5677=VECTOR('',#6341,3.03);
#5678=CARTESIAN_POINT('',(-1.25,0.35,-2.73));
#5679=VECTOR('',#6342,0.5);
#5680=CARTESIAN_POINT('',(-0.75,0.35,5.95));
#5681=CARTESIAN_POINT('',(-1.25,0.35,5.95));
#5682=VECTOR('',#6343,0.5);
#5683=CARTESIAN_POINT('',(-0.75,0.35,2.15));
#5684=VECTOR('',#6344,3.8);
#5685=CARTESIAN_POINT('',(-0.75,0.35,-2.73));
#5686=CARTESIAN_POINT('',(-0.75,0.35,-2.73));
#5687=VECTOR('',#6345,3.03);
#5688=CARTESIAN_POINT('',(-0.75,0.35,-2.73));
#5689=VECTOR('',#6346,0.5);
#5690=CARTESIAN_POINT('',(-0.75,-0.15,5.95));
#5691=CARTESIAN_POINT('',(-0.75,0.35,5.95));
#5692=VECTOR('',#6347,0.5);
#5693=CARTESIAN_POINT('',(-0.75,-0.15,5.95));
#5694=VECTOR('',#6348,3.8);
#5695=CARTESIAN_POINT('',(-0.75,-0.15,-2.73));
#5696=CARTESIAN_POINT('',(-0.75,-0.15,0.3));
#5697=VECTOR('',#6349,3.03);
#5698=CARTESIAN_POINT('',(-0.75,-0.15,-2.73));
#5699=VECTOR('',#6350,0.5);
#5700=CARTESIAN_POINT('',(-1.25,-0.15,5.95));
#5701=VECTOR('',#6351,0.5);
#5702=CARTESIAN_POINT('',(-0.75,-0.15,-2.73));
#5703=VECTOR('',#6352,0.5);
#5704=CARTESIAN_POINT('',(-1.125,-0.02499999999998,-3.2));
#5705=CARTESIAN_POINT('',(-1.125,-0.02499999999998,-3.2));
#5706=VECTOR('',#6353,0.5021453972706);
#5707=CARTESIAN_POINT('',(-0.875,-0.02499999999998,-3.2));
#5708=CARTESIAN_POINT('',(-0.875,-0.02499999999998,-3.2));
#5709=VECTOR('',#6354,0.25);
#5710=CARTESIAN_POINT('',(-0.875,-0.02499999999998,-3.2));
#5711=VECTOR('',#6355,0.5021453972706);
#5712=CARTESIAN_POINT('',(-0.875,0.225,-3.2));
#5713=CARTESIAN_POINT('',(-0.75,0.35,-2.73));
#5714=VECTOR('',#6356,0.5021453972706);
#5715=CARTESIAN_POINT('',(-0.875,-0.02499999999998,-3.2));
#5716=VECTOR('',#6357,0.25);
#5717=CARTESIAN_POINT('',(-1.125,0.225,-3.2));
#5718=CARTESIAN_POINT('',(-1.125,0.225,-3.2));
#5719=VECTOR('',#6358,0.25);
#5720=CARTESIAN_POINT('',(-0.875,0.225,-3.2));
#5721=VECTOR('',#6359,0.25);
#5722=CARTESIAN_POINT('',(-1.125,0.225,-3.2));
#5723=VECTOR('',#6360,0.5021453972706);
#5724=CARTESIAN_POINT('',(4.25,-0.8,0.0));
#5725=CARTESIAN_POINT('',(4.25,-0.8,0.3));
#5726=VECTOR('',#6361,0.3);
#5727=CARTESIAN_POINT('',(4.25,0.6,0.0));
#5728=CARTESIAN_POINT('',(4.25,0.6,0.0));
#5729=VECTOR('',#6362,1.4);
#5730=CARTESIAN_POINT('',(4.25,0.6,0.3));
#5731=VECTOR('',#6363,0.3);
#5732=CARTESIAN_POINT('',(3.75,0.6,0.0));
#5733=CARTESIAN_POINT('',(3.75,0.6,0.0));
#5734=VECTOR('',#6364,0.5);
#5735=CARTESIAN_POINT('',(3.75,0.6,0.3));
#5736=VECTOR('',#6365,0.3);
#5737=CARTESIAN_POINT('',(3.75,-0.8,0.0));
#5738=CARTESIAN_POINT('',(3.75,-0.8,0.0));
#5739=VECTOR('',#6366,1.4);
#5740=CARTESIAN_POINT('',(3.75,-0.8,0.3));
#5741=VECTOR('',#6367,0.3);
#5742=CARTESIAN_POINT('',(4.25,-0.8,0.0));
#5743=VECTOR('',#6368,0.5);
#5744=CARTESIAN_POINT('',(2.25,-0.8,0.0));
#5745=CARTESIAN_POINT('',(2.25,-0.8,0.3));
#5746=VECTOR('',#6369,0.3);
#5747=CARTESIAN_POINT('',(2.25,0.6,0.0));
#5748=CARTESIAN_POINT('',(2.25,0.6,0.0));
#5749=VECTOR('',#6370,1.4);
#5750=CARTESIAN_POINT('',(2.25,0.6,0.3));
#5751=VECTOR('',#6371,0.3);
#5752=CARTESIAN_POINT('',(1.75,0.6,0.0));
#5753=CARTESIAN_POINT('',(1.75,0.6,0.0));
#5754=VECTOR('',#6372,0.5);
#5755=CARTESIAN_POINT('',(1.75,0.6,0.3));
#5756=VECTOR('',#6373,0.3);
#5757=CARTESIAN_POINT('',(1.75,-0.8,0.0));
#5758=CARTESIAN_POINT('',(1.75,-0.8,0.0));
#5759=VECTOR('',#6374,1.4);
#5760=CARTESIAN_POINT('',(1.75,-0.8,0.3));
#5761=VECTOR('',#6375,0.3);
#5762=CARTESIAN_POINT('',(2.25,-0.8,0.0));
#5763=VECTOR('',#6376,0.5);
#5764=CARTESIAN_POINT('',(0.25,-0.8,0.0));
#5765=CARTESIAN_POINT('',(0.25,-0.8,0.3));
#5766=VECTOR('',#6377,0.3);
#5767=CARTESIAN_POINT('',(0.25,0.6,0.0));
#5768=CARTESIAN_POINT('',(0.25,0.6,0.0));
#5769=VECTOR('',#6378,1.4);
#5770=CARTESIAN_POINT('',(0.25,0.6,0.3));
#5771=VECTOR('',#6379,0.3);
#5772=CARTESIAN_POINT('',(-0.25,0.6,0.0));
#5773=CARTESIAN_POINT('',(-0.25,0.6,0.0));
#5774=VECTOR('',#6380,0.5);
#5775=CARTESIAN_POINT('',(-0.25,0.6,0.3));
#5776=VECTOR('',#6381,0.3);
#5777=CARTESIAN_POINT('',(-0.25,-0.8,0.0));
#5778=CARTESIAN_POINT('',(-0.25,-0.8,0.0));
#5779=VECTOR('',#6382,1.4);
#5780=CARTESIAN_POINT('',(-0.25,-0.8,0.3));
#5781=VECTOR('',#6383,0.3);
#5782=CARTESIAN_POINT('',(0.25,-0.8,0.0));
#5783=VECTOR('',#6384,0.5);
#5784=CARTESIAN_POINT('',(-1.75,-0.8,0.0));
#5785=CARTESIAN_POINT('',(-1.75,-0.8,0.3));
#5786=VECTOR('',#6385,0.3);
#5787=CARTESIAN_POINT('',(-1.75,0.6,0.0));
#5788=CARTESIAN_POINT('',(-1.75,0.6,0.0));
#5789=VECTOR('',#6386,1.4);
#5790=CARTESIAN_POINT('',(-1.75,0.6,0.3));
#5791=VECTOR('',#6387,0.3);
#5792=CARTESIAN_POINT('',(-2.25,0.6,0.0));
#5793=CARTESIAN_POINT('',(-2.25,0.6,0.0));
#5794=VECTOR('',#6388,0.5);
#5795=CARTESIAN_POINT('',(-2.25,0.6,0.3));
#5796=VECTOR('',#6389,0.3);
#5797=CARTESIAN_POINT('',(-2.25,-0.8,0.0));
#5798=CARTESIAN_POINT('',(-2.25,-0.8,0.0));
#5799=VECTOR('',#6390,1.4);
#5800=CARTESIAN_POINT('',(-2.25,-0.8,0.3));
#5801=VECTOR('',#6391,0.3);
#5802=CARTESIAN_POINT('',(-1.75,-0.8,0.0));
#5803=VECTOR('',#6392,0.5);
#5804=CARTESIAN_POINT('',(-3.75,-0.8,0.0));
#5805=CARTESIAN_POINT('',(-3.75,-0.8,0.3));
#5806=VECTOR('',#6393,0.3);
#5807=CARTESIAN_POINT('',(-3.75,0.6,0.0));
#5808=CARTESIAN_POINT('',(-3.75,0.6,0.0));
#5809=VECTOR('',#6394,1.4);
#5810=CARTESIAN_POINT('',(-3.75,0.6,0.3));
#5811=VECTOR('',#6395,0.3);
#5812=CARTESIAN_POINT('',(-4.25,0.6,0.0));
#5813=CARTESIAN_POINT('',(-4.25,0.6,0.0));
#5814=VECTOR('',#6396,0.5);
#5815=CARTESIAN_POINT('',(-4.25,0.6,0.3));
#5816=VECTOR('',#6397,0.3);
#5817=CARTESIAN_POINT('',(-4.25,-0.8,0.0));
#5818=CARTESIAN_POINT('',(-4.25,-0.8,0.0));
#5819=VECTOR('',#6398,1.4);
#5820=CARTESIAN_POINT('',(-4.25,-0.8,0.3));
#5821=VECTOR('',#6399,0.3);
#5822=CARTESIAN_POINT('',(-3.75,-0.8,0.0));
#5823=VECTOR('',#6400,0.5);
#5824=DIRECTION('',(-0.0,-0.447213595499911,0.89442719099994));
#5825=CARTESIAN_POINT('',(5.0,2.0,-1.3));
#5826=DIRECTION('',(0.0,0.0,-1.0));
#5827=DIRECTION('',(1.0,0.0,0.0));
#5828=DIRECTION('',(0.447213595499998,1.95896869402699E-09,0.894427190999896));
#5829=CARTESIAN_POINT('',(5.0,2.0,-0.9));
#5830=DIRECTION('',(0.0,0.0,-1.0));
#5831=DIRECTION('',(1.0,0.0,0.0));
#5832=DIRECTION('',(0.0,-0.447213595499911,-0.89442719099994));
#5833=CARTESIAN_POINT('',(5.0,2.0,-0.9));
#5834=DIRECTION('',(0.0,0.0,-1.0));
#5835=DIRECTION('',(-1.0,0.0,0.0));
#5836=CARTESIAN_POINT('',(5.0,2.0,-1.3));
#5837=DIRECTION('',(0.0,0.0,-1.0));
#5838=DIRECTION('',(-1.0,0.0,0.0));
#5839=DIRECTION('',(0.0,-1.0,0.0));
#5840=DIRECTION('',(0.0,0.0,1.0));
#5841=DIRECTION('',(0.0,1.0,0.0));
#5842=DIRECTION('',(0.0,0.0,-1.0));
#5843=DIRECTION('',(0.0,-1.0,0.0));
#5844=DIRECTION('',(0.0,0.0,1.0));
#5845=DIRECTION('',(0.0,-1.0,0.0));
#5846=DIRECTION('',(0.0,0.0,-1.0));
#5847=DIRECTION('',(0.0,-1.0,0.0));
#5848=DIRECTION('',(0.0,0.0,1.0));
#5849=DIRECTION('',(0.0,1.0,0.0));
#5850=DIRECTION('',(0.0,0.0,1.0));
#5851=DIRECTION('',(0.0,0.0,1.0));
#5852=DIRECTION('',(1.0,0.0,0.0));
#5853=DIRECTION('',(0.0,0.0,1.0));
#5854=DIRECTION('',(-1.0,0.0,0.0));
#5855=DIRECTION('',(1.0,0.0,0.0));
#5856=DIRECTION('',(0.0,0.0,1.0));
#5857=DIRECTION('',(-1.0,0.0,0.0));
#5858=DIRECTION('',(0.0,-1.0,0.0));
#5859=DIRECTION('',(0.0,-1.0,0.0));
#5860=DIRECTION('',(-1.0,0.0,0.0));
#5861=DIRECTION('',(0.0,-1.0,0.0));
#5862=DIRECTION('',(1.0,0.0,0.0));
#5863=DIRECTION('',(0.0,-1.0,0.0));
#5864=DIRECTION('',(-1.0,0.0,0.0));
#5865=DIRECTION('',(0.0,-1.0,0.0));
#5866=DIRECTION('',(-1.0,0.0,0.0));
#5867=DIRECTION('',(0.0,-1.0,0.0));
#5868=DIRECTION('',(1.0,0.0,0.0));
#5869=DIRECTION('',(0.0,-1.0,0.0));
#5870=DIRECTION('',(1.0,0.0,0.0));
#5871=DIRECTION('',(1.0,0.0,0.0));
#5872=DIRECTION('',(0.0,1.0,0.0));
#5873=DIRECTION('',(-1.0,0.0,0.0));
#5874=DIRECTION('',(0.0,-1.0,0.0));
#5875=DIRECTION('',(1.0,0.0,0.0));
#5876=DIRECTION('',(0.0,1.0,0.0));
#5877=DIRECTION('',(-1.0,0.0,0.0));
#5878=DIRECTION('',(0.0,-1.0,0.0));
#5879=DIRECTION('',(1.0,0.0,0.0));
#5880=DIRECTION('',(0.0,1.0,0.0));
#5881=DIRECTION('',(-1.0,0.0,0.0));
#5882=DIRECTION('',(0.0,-1.0,0.0));
#5883=DIRECTION('',(1.0,0.0,0.0));
#5884=DIRECTION('',(0.0,1.0,0.0));
#5885=DIRECTION('',(-1.0,0.0,0.0));
#5886=DIRECTION('',(0.0,-1.0,0.0));
#5887=DIRECTION('',(1.0,0.0,0.0));
#5888=DIRECTION('',(0.0,1.0,0.0));
#5889=DIRECTION('',(-1.0,0.0,0.0));
#5890=DIRECTION('',(0.0,-1.0,0.0));
#5891=DIRECTION('',(1.0,0.0,0.0));
#5892=DIRECTION('',(0.0,1.0,0.0));
#5893=DIRECTION('',(1.0,0.0,0.0));
#5894=DIRECTION('',(0.0,1.0,0.0));
#5895=DIRECTION('',(1.0,0.0,0.0));
#5896=DIRECTION('',(0.0,1.0,0.0));
#5897=DIRECTION('',(1.0,0.0,0.0));
#5898=DIRECTION('',(0.0,1.0,0.0));
#5899=DIRECTION('',(1.0,0.0,0.0));
#5900=DIRECTION('',(0.0,1.0,0.0));
#5901=DIRECTION('',(1.0,0.0,0.0));
#5902=DIRECTION('',(0.0,1.0,0.0));
#5903=DIRECTION('',(1.0,0.0,0.0));
#5904=DIRECTION('',(0.0,1.0,0.0));
#5905=DIRECTION('',(1.0,0.0,0.0));
#5906=DIRECTION('',(0.0,1.0,0.0));
#5907=DIRECTION('',(0.0,0.0,1.0));
#5908=DIRECTION('',(-1.0,0.0,0.0));
#5909=DIRECTION('',(0.0,0.0,1.0));
#5910=DIRECTION('',(0.0,-1.0,0.0));
#5911=DIRECTION('',(0.0,0.0,1.0));
#5912=DIRECTION('',(0.0,0.0,-1.0));
#5913=DIRECTION('',(0.0,1.0,0.0));
#5914=DIRECTION('',(0.0,0.0,-1.0));
#5915=DIRECTION('',(0.0,1.0,0.0));
#5916=DIRECTION('',(0.0,-1.0,0.0));
#5917=DIRECTION('',(0.0,0.0,1.0));
#5918=DIRECTION('',(0.0,0.0,-1.0));
#5919=DIRECTION('',(1.0,0.0,0.0));
#5920=DIRECTION('',(1.0,0.0,0.0));
#5921=DIRECTION('',(0.0,0.0,-1.0));
#5922=DIRECTION('',(1.0,0.0,0.0));
#5923=DIRECTION('',(1.0,0.0,0.0));
#5924=DIRECTION('',(0.0,0.0,-1.0));
#5925=DIRECTION('',(1.0,0.0,0.0));
#5926=DIRECTION('',(0.0,0.0,-1.0));
#5927=DIRECTION('',(1.0,0.0,0.0));
#5928=DIRECTION('',(0.0,1.0,0.0));
#5929=DIRECTION('',(1.0,0.0,0.0));
#5930=DIRECTION('',(0.0,-1.0,0.0));
#5931=DIRECTION('',(0.0,1.0,0.0));
#5932=DIRECTION('',(0.0,0.0,-1.0));
#5933=DIRECTION('',(0.0,-0.707106781186548,0.707106781186548));
#5934=DIRECTION('',(-0.577350269189626,-0.577350269189626,0.577350269189626));
#5935=DIRECTION('',(-1.0,0.0,0.0));
#5936=DIRECTION('',(-1.0,0.0,0.0));
#5937=DIRECTION('',(0.0,0.0,-1.0));
#5938=DIRECTION('',(1.0,0.0,0.0));
#5939=DIRECTION('',(0.0,0.0,1.0));
#5940=DIRECTION('',(1.0,0.0,0.0));
#5941=DIRECTION('',(0.0,0.0,1.0));
#5942=DIRECTION('',(1.0,0.0,0.0));
#5943=DIRECTION('',(0.0,0.0,1.0));
#5944=DIRECTION('',(1.0,0.0,0.0));
#5945=DIRECTION('',(0.0,0.0,1.0));
#5946=DIRECTION('',(1.0,0.0,0.0));
#5947=DIRECTION('',(0.0,0.0,1.0));
#5948=DIRECTION('',(1.0,0.0,0.0));
#5949=DIRECTION('',(0.0,0.0,1.0));
#5950=DIRECTION('',(1.0,0.0,0.0));
#5951=DIRECTION('',(0.0,0.0,1.0));
#5952=DIRECTION('',(1.0,0.0,0.0));
#5953=DIRECTION('',(0.0,0.0,1.0));
#5954=DIRECTION('',(1.0,0.0,0.0));
#5955=DIRECTION('',(0.0,0.0,1.0));
#5956=DIRECTION('',(1.0,0.0,0.0));
#5957=DIRECTION('',(0.0,0.0,1.0));
#5958=DIRECTION('',(1.0,0.0,0.0));
#5959=DIRECTION('',(0.0,0.0,-1.0));
#5960=DIRECTION('',(0.0,0.0,-1.0));
#5961=DIRECTION('',(-1.0,0.0,0.0));
#5962=DIRECTION('',(0.577350269189626,-0.577350269189626,0.577350269189626));
#5963=DIRECTION('',(0.0,0.707106781186548,-0.707106781186548));
#5964=DIRECTION('',(-1.0,0.0,0.0));
#5965=DIRECTION('',(0.0,1.0,0.0));
#5966=DIRECTION('',(0.0,-1.0,0.0));
#5967=DIRECTION('',(1.0,0.0,0.0));
#5968=DIRECTION('',(0.0,-1.0,0.0));
#5969=DIRECTION('',(1.0,0.0,0.0));
#5970=DIRECTION('',(0.0,1.0,0.0));
#5971=DIRECTION('',(0.577350269189626,0.577350269189626,0.577350269189626));
#5972=DIRECTION('',(0.0,-1.0,0.0));
#5973=DIRECTION('',(0.0,0.0,1.0));
#5974=DIRECTION('',(0.0,-1.0,0.0));
#5975=DIRECTION('',(0.0,0.0,-1.0));
#5976=DIRECTION('',(0.0,1.0,0.0));
#5977=DIRECTION('',(-1.0,0.0,0.0));
#5978=DIRECTION('',(0.0,1.0,0.0));
#5979=DIRECTION('',(0.0,1.0,0.0));
#5980=DIRECTION('',(-1.0,0.0,0.0));
#5981=DIRECTION('',(0.0,1.0,0.0));
#5982=DIRECTION('',(0.0,1.0,0.0));
#5983=DIRECTION('',(-1.0,0.0,0.0));
#5984=DIRECTION('',(0.0,1.0,0.0));
#5985=DIRECTION('',(0.0,1.0,0.0));
#5986=DIRECTION('',(-1.0,0.0,0.0));
#5987=DIRECTION('',(0.0,1.0,0.0));
#5988=DIRECTION('',(0.0,1.0,0.0));
#5989=DIRECTION('',(-1.0,0.0,0.0));
#5990=DIRECTION('',(0.0,1.0,0.0));
#5991=DIRECTION('',(-1.0,0.0,0.0));
#5992=DIRECTION('',(0.0,-1.0,0.0));
#5993=DIRECTION('',(-1.0,0.0,0.0));
#5994=DIRECTION('',(0.0,-1.0,0.0));
#5995=DIRECTION('',(-1.0,0.0,0.0));
#5996=DIRECTION('',(0.0,1.0,0.0));
#5997=DIRECTION('',(-1.0,0.0,0.0));
#5998=DIRECTION('',(0.0,-1.0,0.0));
#5999=DIRECTION('',(1.0,0.0,0.0));
#6000=DIRECTION('',(0.0,-1.0,0.0));
#6001=DIRECTION('',(-1.0,0.0,0.0));
#6002=DIRECTION('',(0.0,-1.0,0.0));
#6003=DIRECTION('',(-1.0,0.0,0.0));
#6004=DIRECTION('',(0.0,1.0,0.0));
#6005=DIRECTION('',(-1.0,0.0,0.0));
#6006=DIRECTION('',(0.0,1.0,0.0));
#6007=DIRECTION('',(-1.0,0.0,0.0));
#6008=DIRECTION('',(0.0,-1.0,0.0));
#6009=DIRECTION('',(0.0,1.0,0.0));
#6010=DIRECTION('',(1.0,0.0,0.0));
#6011=DIRECTION('',(0.0,1.0,0.0));
#6012=DIRECTION('',(1.0,0.0,0.0));
#6013=DIRECTION('',(0.0,1.0,0.0));
#6014=DIRECTION('',(1.0,0.0,0.0));
#6015=DIRECTION('',(0.0,1.0,0.0));
#6016=DIRECTION('',(1.0,0.0,0.0));
#6017=DIRECTION('',(0.0,1.0,0.0));
#6018=DIRECTION('',(1.0,0.0,0.0));
#6019=DIRECTION('',(0.0,1.0,0.0));
#6020=DIRECTION('',(1.0,0.0,0.0));
#6021=DIRECTION('',(0.0,1.0,0.0));
#6022=DIRECTION('',(1.0,0.0,0.0));
#6023=DIRECTION('',(0.0,1.0,0.0));
#6024=DIRECTION('',(1.0,0.0,0.0));
#6025=DIRECTION('',(0.0,1.0,0.0));
#6026=DIRECTION('',(0.0,-1.0,0.0));
#6027=DIRECTION('',(0.0,0.0,1.0));
#6028=DIRECTION('',(-1.0,0.0,0.0));
#6029=DIRECTION('',(0.0,0.0,1.0));
#6030=DIRECTION('',(0.0,1.0,0.0));
#6031=DIRECTION('',(0.0,0.0,-1.0));
#6032=DIRECTION('',(0.0,1.0,0.0));
#6033=DIRECTION('',(0.0,0.0,-1.0));
#6034=DIRECTION('',(0.0,1.0,0.0));
#6035=DIRECTION('',(-0.577350269189626,0.577350269189626,0.577350269189626));
#6036=DIRECTION('',(-0.577350269189626,0.577350269189626,0.577350269189626));
#6037=DIRECTION('',(0.0,0.0,-1.0));
#6038=DIRECTION('',(1.0,0.0,0.0));
#6039=DIRECTION('',(0.0,0.0,1.0));
#6040=DIRECTION('',(1.0,0.0,0.0));
#6041=DIRECTION('',(0.0,0.0,1.0));
#6042=DIRECTION('',(1.0,0.0,0.0));
#6043=DIRECTION('',(0.0,1.0,0.0));
#6044=DIRECTION('',(1.0,0.0,0.0));
#6045=DIRECTION('',(0.0,1.0,0.0));
#6046=DIRECTION('',(0.0,-1.0,0.0));
#6047=DIRECTION('',(1.0,0.0,0.0));
#6048=DIRECTION('',(0.0,-1.0,0.0));
#6049=DIRECTION('',(1.0,0.0,0.0));
#6050=DIRECTION('',(0.0,-1.0,0.0));
#6051=DIRECTION('',(-0.577350269189626,0.577350269189626,0.577350269189626));
#6052=DIRECTION('',(1.0,0.0,0.0));
#6053=DIRECTION('',(-0.577350269189626,0.577350269189626,0.577350269189626));
#6054=DIRECTION('',(0.0,1.0,0.0));
#6055=DIRECTION('',(-0.577350269189626,-0.577350269189626,0.577350269189626));
#6056=DIRECTION('',(-0.577350269189626,-0.577350269189626,0.577350269189626));
#6057=DIRECTION('',(0.0,0.0,1.0));
#6058=DIRECTION('',(0.0,0.0,1.0));
#6059=DIRECTION('',(0.0,0.0,-1.0));
#6060=DIRECTION('',(0.0,0.0,-1.0));
#6061=DIRECTION('',(0.0,-1.0,0.0));
#6062=DIRECTION('',(-0.577350269189626,0.577350269189626,0.577350269189626));
#6063=DIRECTION('',(0.0,-1.0,0.0));
#6064=DIRECTION('',(1.0,0.0,0.0));
#6065=DIRECTION('',(0.0,-0.999999995294311,9.70122552200511E-05));
#6066=DIRECTION('',(0.999999923527966,-0.000391080634107187,0.0));
#6067=DIRECTION('',(0.0,-0.999999999423097,3.39677177113799E-05));
#6068=DIRECTION('',(1.0,0.0,0.0));
#6069=DIRECTION('',(1.0,0.0,0.0));
#6070=DIRECTION('',(1.0,0.0,0.0));
#6071=DIRECTION('',(0.0,-1.0,0.0));
#6072=DIRECTION('',(1.0,0.0,0.0));
#6073=DIRECTION('',(0.0,-0.999999999423097,3.39677177113799E-05));
#6074=DIRECTION('',(0.999999923527966,0.000391080634101687,0.0));
#6075=DIRECTION('',(0.0,0.999999995294311,-9.70122552200511E-05));
#6076=DIRECTION('',(1.0,0.0,0.0));
#6077=DIRECTION('',(0.0,1.0,0.0));
#6078=DIRECTION('',(0.0,0.0,-1.0));
#6079=DIRECTION('',(0.0,0.0,-1.0));
#6080=DIRECTION('',(0.577350269189626,-0.577350269189626,0.577350269189626));
#6081=DIRECTION('',(0.0,0.0,-1.0));
#6082=DIRECTION('',(0.577350269189626,-0.577350269189626,0.577350269189626));
#6083=DIRECTION('',(0.577350269189626,0.577350269189626,0.577350269189626));
#6084=DIRECTION('',(0.0,-1.0,0.0));
#6085=DIRECTION('',(0.0,1.0,0.0));
#6086=DIRECTION('',(0.0,0.0,-1.0));
#6087=DIRECTION('',(0.0,0.0,-1.0));
#6088=DIRECTION('',(1.0,0.0,0.0));
#6089=DIRECTION('',(0.577350269189626,0.577350269189626,0.577350269189626));
#6090=DIRECTION('',(0.577350269189626,0.577350269189626,0.577350269189626));
#6091=DIRECTION('',(0.0,0.0,-1.0));
#6092=DIRECTION('',(1.0,0.0,0.0));
#6093=DIRECTION('',(0.0,0.707106781186548,0.707106781186548));
#6094=DIRECTION('',(0.577350269189626,0.577350269189626,0.577350269189626));
#6095=DIRECTION('',(0.0,-0.4745593987143,-0.8802234813341));
#6096=DIRECTION('',(0.0,-0.0387215476720991,-0.999250039652678));
#6097=DIRECTION('',(0.0,0.0,1.0));
#6098=DIRECTION('',(0.0,0.0,-1.0));
#6099=DIRECTION('',(-1.0,0.0,0.0));
#6100=DIRECTION('',(0.0,-0.0387215476720991,-0.999250039652678));
#6101=DIRECTION('',(-1.0,0.0,0.0));
#6102=DIRECTION('',(0.0,0.0387306080819815,0.999249688515138));
#6103=DIRECTION('',(-0.999999912951388,-7.41435154169991E-05,-0.000410609249881195));
#6104=DIRECTION('',(0.0,0.0387306080819815,0.999249688515138));
#6105=DIRECTION('',(-0.999999912951388,7.41435154175191E-05,0.000410609249881195));
#6106=DIRECTION('',(0.0,-0.4745593987143,-0.8802234813341));
#6107=DIRECTION('',(1.0,0.0,0.0));
#6108=DIRECTION('',(0.0,0.474474039200829,0.880269496304654));
#6109=DIRECTION('',(0.0,0.4745593987143,0.8802234813341));
#6110=DIRECTION('',(0.0,0.0,1.0));
#6111=DIRECTION('',(0.0,-0.707106781186498,-0.707106781186597));
#6112=DIRECTION('',(0.0,0.0,-1.0));
#6113=DIRECTION('',(1.0,0.0,0.0));
#6114=DIRECTION('',(0.0,0.0,-1.0));
#6115=DIRECTION('',(0.0,0.0,-1.0));
#6116=DIRECTION('',(0.0,0.363850527140503,0.931457349479609));
#6117=DIRECTION('',(0.0,1.0,0.0));
#6118=DIRECTION('',(-1.0,0.0,0.0));
#6119=DIRECTION('',(0.0,-1.0,0.0));
#6120=DIRECTION('',(1.0,0.0,0.0));
#6121=DIRECTION('',(0.0,1.0,0.0));
#6122=DIRECTION('',(-1.0,0.0,0.0));
#6123=DIRECTION('',(0.0,-1.0,0.0));
#6124=DIRECTION('',(0.0,0.0,-1.0));
#6125=CARTESIAN_POINT('',(-3.39,3.2,1.7));
#6126=DIRECTION('',(-1.0,0.0,0.0));
#6127=DIRECTION('',(0.0,1.0,0.0));
#6128=DIRECTION('',(0.0,1.0,0.0));
#6129=DIRECTION('',(0.0,0.0,1.0));
#6130=DIRECTION('',(0.0,0.0,1.0));
#6131=DIRECTION('',(0.0,-1.0,0.0));
#6132=DIRECTION('',(0.0,0.0,-1.0));
#6133=DIRECTION('',(-1.0,0.0,0.0));
#6134=DIRECTION('',(0.0,0.0,-1.0));
#6135=DIRECTION('',(0.0,0.0,1.0));
#6136=DIRECTION('',(1.0,0.0,0.0));
#6137=DIRECTION('',(0.0,0.0,-1.0));
#6138=DIRECTION('',(1.0,0.0,0.0));
#6139=DIRECTION('',(-1.0,0.0,0.0));
#6140=DIRECTION('',(1.0,0.0,0.0));
#6141=DIRECTION('',(0.0,1.0,0.0));
#6142=DIRECTION('',(1.0,0.0,0.0));
#6143=DIRECTION('',(0.0,1.0,0.0));
#6144=DIRECTION('',(0.0,1.0,0.0));
#6145=DIRECTION('',(0.0,1.0,0.0));
#6146=CARTESIAN_POINT('',(5.0,2.0,0.0));
#6147=DIRECTION('',(0.0,0.0,-1.0));
#6148=DIRECTION('',(1.0,0.0,0.0));
#6149=CARTESIAN_POINT('',(5.0,2.0,0.0));
#6150=DIRECTION('',(0.0,0.0,-1.0));
#6151=DIRECTION('',(-1.0,0.0,0.0));
#6152=DIRECTION('',(0.0,0.0,-1.0));
#6153=DIRECTION('',(0.0,0.0,1.0));
#6154=DIRECTION('',(0.0,-1.0,0.0));
#6155=DIRECTION('',(0.0,1.0,0.0));
#6156=DIRECTION('',(0.0,0.0,1.0));
#6157=DIRECTION('',(1.0,0.0,0.0));
#6158=DIRECTION('',(0.0,0.0,1.0));
#6159=DIRECTION('',(-1.0,0.0,0.0));
#6160=DIRECTION('',(0.0,1.0,0.0));
#6161=DIRECTION('',(0.0,0.0,1.0));
#6162=DIRECTION('',(0.0,-1.0,0.0));
#6163=CARTESIAN_POINT('',(3.39,3.2,1.7));
#6164=DIRECTION('',(1.0,0.0,0.0));
#6165=DIRECTION('',(0.0,0.0,-1.0));
#6166=DIRECTION('',(0.0,0.0,-1.0));
#6167=DIRECTION('',(0.0,-0.474474039200829,-0.880269496304654));
#6168=DIRECTION('',(0.0,0.4745593987143,0.8802234813341));
#6169=DIRECTION('',(0.0,-0.363850527140503,-0.931457349479609));
#6170=DIRECTION('',(0.0,0.0,-1.0));
#6171=DIRECTION('',(1.0,0.0,0.0));
#6172=DIRECTION('',(0.0,0.0,1.0));
#6173=DIRECTION('',(0.0,0.0,-1.0));
#6174=DIRECTION('',(0.0,0.0,1.0));
#6175=DIRECTION('',(1.0,0.0,0.0));
#6176=DIRECTION('',(0.0,0.0,-1.0));
#6177=DIRECTION('',(0.0,0.994441160657238,0.105293769951904));
#6178=DIRECTION('',(0.0,0.0,-1.0));
#6179=DIRECTION('',(0.0,0.363850527140503,0.931457349479609));
#6180=DIRECTION('',(-1.0,0.0,0.0));
#6181=DIRECTION('',(0.0,-0.363850527140503,-0.931457349479609));
#6182=DIRECTION('',(0.0,0.0,-1.0));
#6183=DIRECTION('',(0.0,0.994441160657238,0.105293769951904));
#6184=DIRECTION('',(0.0,-0.994441160657238,-0.105293769951904));
#6185=DIRECTION('',(1.0,0.0,0.0));
#6186=DIRECTION('',(0.0,-0.994441160657238,-0.105293769951904));
#6187=DIRECTION('',(1.0,0.0,0.0));
#6188=DIRECTION('',(0.0,0.0,1.0));
#6189=DIRECTION('',(0.0,0.0,1.0));
#6190=DIRECTION('',(-1.0,0.0,0.0));
#6191=DIRECTION('',(-1.0,0.0,0.0));
#6192=DIRECTION('',(-1.0,0.0,0.0));
#6193=CARTESIAN_POINT('',(1.05,3.2,1.7));
#6194=DIRECTION('',(-1.0,0.0,0.0));
#6195=DIRECTION('',(0.0,1.0,0.0));
#6196=DIRECTION('',(0.0,-1.0,0.0));
#6197=DIRECTION('',(0.0,0.0,-1.0));
#6198=DIRECTION('',(1.0,0.0,0.0));
#6199=DIRECTION('',(0.0,0.0,-1.0));
#6200=DIRECTION('',(1.0,0.0,0.0));
#6201=DIRECTION('',(0.0,-1.0,0.0));
#6202=DIRECTION('',(-1.0,0.0,0.0));
#6203=CARTESIAN_POINT('',(-1.05,3.2,1.7));
#6204=DIRECTION('',(1.0,0.0,0.0));
#6205=DIRECTION('',(0.0,0.0,-1.0));
#6206=DIRECTION('',(3.888415512476E-10,-4.86709487149E-09,-1.0));
#6207=DIRECTION('',(-3.888415512476E-10,4.867094378058E-09,-1.0));
#6208=CARTESIAN_POINT('',(5.0,2.0,-0.9));
#6209=DIRECTION('',(0.0,0.0,-1.0));
#6210=DIRECTION('',(-1.0,0.0,0.0));
#6211=CARTESIAN_POINT('',(5.0,2.0,-1.3));
#6212=DIRECTION('',(0.0,0.0,-1.0));
#6213=DIRECTION('',(-1.0,0.0,0.0));
#6214=DIRECTION('',(-0.447213595499998,-1.95896770101299E-09,0.894427190999896));
#6215=CARTESIAN_POINT('',(5.0,2.0,-1.3));
#6216=DIRECTION('',(0.0,0.0,-1.0));
#6217=DIRECTION('',(1.0,0.0,0.0));
#6218=CARTESIAN_POINT('',(5.0,2.0,-0.9));
#6219=DIRECTION('',(0.0,0.0,-1.0));
#6220=DIRECTION('',(1.0,0.0,0.0));
#6221=DIRECTION('',(0.0,0.0,1.0));
#6222=DIRECTION('',(0.0,1.0,0.0));
#6223=DIRECTION('',(-1.0,0.0,0.0));
#6224=DIRECTION('',(0.0,-1.0,0.0));
#6225=DIRECTION('',(0.0,0.0,1.0));
#6226=DIRECTION('',(0.0,0.0,1.0));
#6227=DIRECTION('',(0.0,1.0,0.0));
#6228=DIRECTION('',(-1.0,0.0,0.0));
#6229=DIRECTION('',(0.0,-1.0,0.0));
#6230=DIRECTION('',(0.0,0.0,1.0));
#6231=DIRECTION('',(0.0,0.0,1.0));
#6232=DIRECTION('',(0.0,1.0,0.0));
#6233=DIRECTION('',(-1.0,0.0,0.0));
#6234=DIRECTION('',(0.0,-1.0,0.0));
#6235=DIRECTION('',(0.0,0.0,1.0));
#6236=DIRECTION('',(0.0,0.0,1.0));
#6237=DIRECTION('',(0.0,1.0,0.0));
#6238=DIRECTION('',(-1.0,0.0,0.0));
#6239=DIRECTION('',(0.0,-1.0,0.0));
#6240=DIRECTION('',(0.0,0.0,1.0));
#6241=DIRECTION('',(0.0,0.0,-1.0));
#6242=DIRECTION('',(0.0,-1.0,0.0));
#6243=DIRECTION('',(0.0,0.0,1.0));
#6244=DIRECTION('',(0.0,1.0,0.0));
#6245=DIRECTION('',(0.0,0.0,-1.0));
#6246=DIRECTION('',(0.0,0.0,1.0));
#6247=DIRECTION('',(0.0,0.0,1.0));
#6248=DIRECTION('',(1.0,0.0,0.0));
#6249=DIRECTION('',(0.0,0.0,1.0));
#6250=DIRECTION('',(1.0,0.0,0.0));
#6251=DIRECTION('',(0.0,0.0,1.0));
#6252=DIRECTION('',(0.0890485640487734,0.0,0.996027285389739));
#6253=DIRECTION('',(-0.146410792227899,0.0,0.989223877552093));
#6254=DIRECTION('',(0.0,0.0,1.0));
#6255=DIRECTION('',(0.148340452930201,0.0,-0.988936352868304));
#6256=DIRECTION('',(-0.0890485640487734,0.0,-0.996027285389739));
#6257=DIRECTION('',(-0.996027285389739,0.0,0.0890485640487734));
#6258=DIRECTION('',(-0.0890485640487734,0.0,0.996027285389739));
#6259=DIRECTION('',(0.148340452930201,0.0,0.988936352868304));
#6260=DIRECTION('',(0.0,0.0,1.0));
#6261=DIRECTION('',(0.0,0.0,1.0));
#6262=DIRECTION('',(-0.146410792227899,0.0,-0.989223877552093));
#6263=DIRECTION('',(0.0890485640487734,0.0,-0.996027285389739));
#6264=DIRECTION('',(-0.996027285389739,0.0,-0.0890485640487734));
#6265=DIRECTION('',(0.0,-1.0,0.0));
#6266=DIRECTION('',(0.0,0.0,-1.0));
#6267=DIRECTION('',(0.0,1.0,0.0));
#6268=DIRECTION('',(0.0,0.0,-1.0));
#6269=DIRECTION('',(1.0,0.0,0.0));
#6270=DIRECTION('',(0.0,0.0,-1.0));
#6271=DIRECTION('',(0.0,0.0,-1.0));
#6272=DIRECTION('',(1.0,0.0,0.0));
#6273=DIRECTION('',(-0.0890485640487734,0.0,-0.996027285389739));
#6274=DIRECTION('',(0.148340452930201,0.0,-0.988936352868304));
#6275=DIRECTION('',(0.0,0.0,-1.0));
#6276=DIRECTION('',(-0.146410792227899,0.0,0.989223877552093));
#6277=DIRECTION('',(0.0890485640487734,0.0,0.996027285389739));
#6278=DIRECTION('',(0.996027285389739,0.0,-0.0890485640487734));
#6279=DIRECTION('',(0.0890485640487734,0.0,-0.996027285389739));
#6280=DIRECTION('',(-0.146410792227899,0.0,-0.989223877552093));
#6281=DIRECTION('',(0.0,0.0,-1.0));
#6282=DIRECTION('',(0.148340452930201,0.0,0.988936352868304));
#6283=DIRECTION('',(-0.0890485640487734,0.0,0.996027285389739));
#6284=DIRECTION('',(0.996027285389739,0.0,0.0890485640487734));
#6285=DIRECTION('',(0.0,-1.0,0.0));
#6286=DIRECTION('',(0.0,1.0,0.0));
#6287=DIRECTION('',(0.0,-1.0,0.0));
#6288=DIRECTION('',(0.0,-1.0,0.0));
#6289=DIRECTION('',(0.331290970067383,-0.248931884429188,-0.910098461742654));
#6290=DIRECTION('',(0.0,-1.0,0.0));
#6291=DIRECTION('',(-0.331290970067383,-0.248931884429188,0.910098461742654));
#6292=DIRECTION('',(0.996027285389739,0.0,0.0890485640487734));
#6293=DIRECTION('',(0.164594928122499,-0.248931884429199,0.954432515451395));
#6294=DIRECTION('',(0.0,-1.0,0.0));
#6295=DIRECTION('',(0.164594928122499,0.248931884429199,0.954432515451395));
#6296=DIRECTION('',(0.0,-1.0,0.0));
#6297=DIRECTION('',(0.0,-1.0,0.0));
#6298=DIRECTION('',(-0.996027285389739,0.0,-0.0890485640487734));
#6299=DIRECTION('',(0.0,-1.0,0.0));
#6300=DIRECTION('',(0.0,1.0,0.0));
#6301=DIRECTION('',(0.0,-1.0,0.0));
#6302=DIRECTION('',(0.0,-1.0,0.0));
#6303=DIRECTION('',(0.331290970067383,-0.248931884429188,0.910098461742654));
#6304=DIRECTION('',(0.0,-1.0,0.0));
#6305=DIRECTION('',(0.331290970067383,0.248931884429188,0.910098461742654));
#6306=DIRECTION('',(0.164594928122499,-0.248931884429199,-0.954432515451395));
#6307=DIRECTION('',(-0.996027285389739,0.0,0.0890485640487734));
#6308=DIRECTION('',(0.996027285389739,0.0,-0.0890485640487734));
#6309=DIRECTION('',(0.0,-1.0,0.0));
#6310=DIRECTION('',(-0.164594928122499,-0.248931884429199,0.954432515451395));
#6311=DIRECTION('',(0.0,-1.0,0.0));
#6312=DIRECTION('',(0.0,-1.0,0.0));
#6313=DIRECTION('',(0.0,0.0,-1.0));
#6314=DIRECTION('',(0.0,-1.0,0.0));
#6315=DIRECTION('',(0.0,0.0,1.0));
#6316=DIRECTION('',(0.0,0.0,-1.0));
#6317=DIRECTION('',(0.0,0.0,1.0));
#6318=DIRECTION('',(0.0,-1.0,0.0));
#6319=DIRECTION('',(1.0,0.0,0.0));
#6320=DIRECTION('',(0.0,0.0,1.0));
#6321=DIRECTION('',(0.0,0.0,1.0));
#6322=DIRECTION('',(-1.0,0.0,0.0));
#6323=DIRECTION('',(0.0,-1.0,0.0));
#6324=DIRECTION('',(0.0,0.0,-1.0));
#6325=DIRECTION('',(0.0,0.0,-1.0));
#6326=DIRECTION('',(0.0,1.0,0.0));
#6327=DIRECTION('',(1.0,0.0,0.0));
#6328=DIRECTION('',(-1.0,0.0,0.0));
#6329=DIRECTION('',(-0.248931884429206,-0.248931884429206,0.935983885453723));
#6330=DIRECTION('',(-1.0,0.0,0.0));
#6331=DIRECTION('',(0.248931884429206,-0.248931884429206,0.935983885453723));
#6332=DIRECTION('',(-0.248931884429206,-0.248931884429206,-0.935983885453723));
#6333=DIRECTION('',(0.0,1.0,0.0));
#6334=DIRECTION('',(0.0,-1.0,0.0));
#6335=DIRECTION('',(-1.0,0.0,0.0));
#6336=DIRECTION('',(-0.248931884429206,0.248931884429206,0.935983885453723));
#6337=DIRECTION('',(0.0,0.0,-1.0));
#6338=DIRECTION('',(0.0,-1.0,0.0));
#6339=DIRECTION('',(0.0,0.0,1.0));
#6340=DIRECTION('',(0.0,0.0,-1.0));
#6341=DIRECTION('',(0.0,0.0,1.0));
#6342=DIRECTION('',(0.0,-1.0,0.0));
#6343=DIRECTION('',(1.0,0.0,0.0));
#6344=DIRECTION('',(0.0,0.0,1.0));
#6345=DIRECTION('',(0.0,0.0,1.0));
#6346=DIRECTION('',(-1.0,0.0,0.0));
#6347=DIRECTION('',(0.0,-1.0,0.0));
#6348=DIRECTION('',(0.0,0.0,-1.0));
#6349=DIRECTION('',(0.0,0.0,-1.0));
#6350=DIRECTION('',(0.0,1.0,0.0));
#6351=DIRECTION('',(1.0,0.0,0.0));
#6352=DIRECTION('',(-1.0,0.0,0.0));
#6353=DIRECTION('',(-0.248931884429206,-0.248931884429206,0.935983885453723));
#6354=DIRECTION('',(-1.0,0.0,0.0));
#6355=DIRECTION('',(0.248931884429206,-0.248931884429206,0.935983885453723));
#6356=DIRECTION('',(-0.248931884429206,-0.248931884429206,-0.935983885453723));
#6357=DIRECTION('',(0.0,1.0,0.0));
#6358=DIRECTION('',(0.0,-1.0,0.0));
#6359=DIRECTION('',(-1.0,0.0,0.0));
#6360=DIRECTION('',(-0.248931884429206,0.248931884429206,0.935983885453723));
#6361=DIRECTION('',(0.0,0.0,-1.0));
#6362=DIRECTION('',(0.0,-1.0,0.0));
#6363=DIRECTION('',(0.0,0.0,-1.0));
#6364=DIRECTION('',(1.0,0.0,0.0));
#6365=DIRECTION('',(0.0,0.0,-1.0));
#6366=DIRECTION('',(0.0,1.0,0.0));
#6367=DIRECTION('',(0.0,0.0,-1.0));
#6368=DIRECTION('',(-1.0,0.0,0.0));
#6369=DIRECTION('',(0.0,0.0,-1.0));
#6370=DIRECTION('',(0.0,-1.0,0.0));
#6371=DIRECTION('',(0.0,0.0,-1.0));
#6372=DIRECTION('',(1.0,0.0,0.0));
#6373=DIRECTION('',(0.0,0.0,-1.0));
#6374=DIRECTION('',(0.0,1.0,0.0));
#6375=DIRECTION('',(0.0,0.0,-1.0));
#6376=DIRECTION('',(-1.0,0.0,0.0));
#6377=DIRECTION('',(0.0,0.0,-1.0));
#6378=DIRECTION('',(0.0,-1.0,0.0));
#6379=DIRECTION('',(0.0,0.0,-1.0));
#6380=DIRECTION('',(1.0,0.0,0.0));
#6381=DIRECTION('',(0.0,0.0,-1.0));
#6382=DIRECTION('',(0.0,1.0,0.0));
#6383=DIRECTION('',(0.0,0.0,-1.0));
#6384=DIRECTION('',(-1.0,0.0,0.0));
#6385=DIRECTION('',(0.0,0.0,-1.0));
#6386=DIRECTION('',(0.0,-1.0,0.0));
#6387=DIRECTION('',(0.0,0.0,-1.0));
#6388=DIRECTION('',(1.0,0.0,0.0));
#6389=DIRECTION('',(0.0,0.0,-1.0));
#6390=DIRECTION('',(0.0,1.0,0.0));
#6391=DIRECTION('',(0.0,0.0,-1.0));
#6392=DIRECTION('',(-1.0,0.0,0.0));
#6393=DIRECTION('',(0.0,0.0,-1.0));
#6394=DIRECTION('',(0.0,-1.0,0.0));
#6395=DIRECTION('',(0.0,0.0,-1.0));
#6396=DIRECTION('',(1.0,0.0,0.0));
#6397=DIRECTION('',(0.0,0.0,-1.0));
#6398=DIRECTION('',(0.0,1.0,0.0));
#6399=DIRECTION('',(0.0,0.0,-1.0));
#6400=DIRECTION('',(-1.0,0.0,0.0));
#6401=PRESENTATION_LAYER_ASSIGNMENT('','',(#26,#49,#50,#51,#52,#53,#54,#59,#60,#61,#62,#63,#64,#65,#66,#67,#68,#69,#70,#71,#72,#73,#74,#75,#76,#77,#78,#79,#80,#81,#82,#83,#84,#85,#86,#87,#88,#89,#90,#91,#92,#93,#94,#95,#96,#97,#98,#99,#100,#101,#102,#103,#104,#105,#106,#107,#108,#109,#110,#111,#112,#113,#114,#115,#116,#117,#118,#119,#120,#121,#122,#123,#124,#125,#126,#127,#128,#129,#130,#131,#132,#133,#134,#135,#136,#137,#138,#139,#140,#141,#142,#143,#144,#145,#146,#147,#148,#149,#150,#151,#152,#153,#154,#155,#156,#157,#158,#159,#160,#161,#162,#163,#164,#165,#166,#167,#168,#169,#170,#171,#172,#173,#174,#175,#176,#177,#178,#179,#180,#181,#182,#183,#184,#185,#186,#187,#188,#189,#190,#191,#192,#193,#194,#195,#196,#197,#198,#199,#200,#201,#202,#203,#204,#205,#206,#207,#208,#209,#210,#211,#212,#213,#214,#215,#216,#217,#218,#219,#220,#221,#222,#223,#224,#225,#226,#227,#228,#229,#230,#231,#232,#233,#234,#235,#236,#237,#238,#239,#240,#241,#242,#243,#244,#245,#246,#247,#248,#249,#250,#251,#252,#253,#254,#255,#256,#257,#258,#259,#260,#261,#262,#263,#264,#265,#266,#267,#712,#713,#714,#715,#716,#717,#718,#719,#720,#721,#722,#2904,#2905,#2906,#2908,#2909,#2910,#2911,#2912,#2913,#2914,#2915,#2916,#2917,#2918,#2919,#2920,#2921,#2922,#2923,#2924,#2925,#2926,#2927,#2928,#2929,#2930,#2931,#2932,#2933,#2934,#2935,#2936,#2937,#2938,#2939,#2940,#2941,#2942,#2943,#2944,#2945,#2946,#2947,#2948,#2949,#2950,#2951,#2952,#2953,#2954,#2955,#2956,#2957,#2958,#2959,#2960,#2961,#2962,#2963,#2964,#2965,#2966,#2967,#2968,#2969,#2970,#2971,#2972,#2973,#2974,#2975,#2976,#2977,#2978,#2979,#2980,#2981,#2982,#2983,#2984,#2985,#2986,#2987,#2988,#2989,#2990,#2991,#2992,#2993,#2994,#2995,#2996,#2997,#2998,#2999,#3000,#3001,#3002,#3003,#3004,#3005,#3006,#3007,#3008,#3009,#3010,#3011,#3012,#3013,#3014,#3015,#3016,#3017,#3018,#3019,#3020,#3021,#3022,#3023,#3024,#3025,#3026,#3027,#3028,#3029,#3030,#3031,#3032,#3033,#3034,#3035,#3036,#3037,#3038,#3039,#3040,#3041,#3042,#3043,#3044,#3045,#3046,#3047,#3048,#3049,#3050,#3051,#3052,#3053,#3054,#3055,#3056,#3057,#3058,#3059,#3060,#3061,#3062,#3063,#3064,#3065,#3066,#3067,#3068,#3069,#3070,#3071,#3072,#3073,#3074,#3075,#3076,#3077,#3078,#3079,#3080,#3081,#3082,#3083,#3084,#3085,#3086,#3087,#3088,#3089,#3090,#3091,#3092,#3093,#3094,#3095,#3096,#3097,#3098,#3099,#3100,#3101,#3102,#3103,#3104,#3105,#3106,#3107,#3108,#3109,#3110,#3111,#3112,#3113,#3114,#3115,#3116,#3117,#3118,#3119,#3120,#3121,#3122,#3123,#3124,#3125,#3126,#3127,#3128,#3129,#3130,#3131,#3132,#3133,#3134,#3135,#3136,#3137,#3138,#3139,#3140,#3141,#3142,#3143,#3144,#3145,#3146,#3147,#3148,#3149,#3150,#3151,#3152,#3153,#3154,#3155,#3156,#3157,#3158,#3159,#3160,#3161,#3162,#3163,#3164,#3165,#3166,#3167,#3168,#3169,#3170,#3171,#3172,#3173,#3174,#3175,#3176,#3177,#3178,#3179,#3180,#3181,#3182,#3183,#3184,#3185,#3186,#3187,#3188,#3189,#3190,#3191,#3192,#3193,#3194,#3195,#3196,#3197,#3198,#3199,#3200,#3201,#3202,#3203,#3204,#3205,#3206,#3207,#3208,#3209,#3210,#3211,#3212,#3213,#3214,#3215,#3216,#3217,#3218,#3219,#3220,#3221,#3222,#3223,#3224,#3225,#3226,#3227,#3228,#3229,#3230,#3231,#3232,#3233,#3234,#3235,#3236,#3237,#3238,#3239,#3240,#3241,#3242,#3243,#3244,#3245,#3246,#3247,#3248,#3249,#3250,#3251,#3252,#3253,#3254,#3255,#3256,#3257,#3258,#3259,#3260,#3261,#3262,#3263,#3264,#3265,#3266,#3267,#3268,#3269,#3270,#3271,#3272,#3273,#3274,#3275,#3276,#3277,#3278,#3279,#3280,#3281,#3282,#3283,#3284,#3285,#3286,#3287,#3288,#3289,#3290,#3291,#3292,#3293,#3294,#3295,#3296,#3297,#3298,#3299,#3300,#3301,#3302,#3303,#3304,#3305,#3306,#3307,#3308,#3309,#3310,#3311,#3312,#3313,#3314,#3315,#3316,#3317,#3318,#3319,#3320,#3321,#3322,#3323,#3324,#3325,#3326,#3327,#3328,#3329,#3330,#3331,#3332,#3333,#3334,#3335,#3336,#3337,#3338,#3339,#3340,#3341,#3342,#3343,#3344,#3345,#3346,#3347,#3348,#3349,#3350,#3351,#3352,#3353,#3354,#3355,#3356,#3357,#3358,#3359,#3360,#3361,#3362,#3363,#3364,#3365,#3366,#3367,#3368,#3369,#3370,#3371,#3372,#3373,#3374,#3375,#3376,#3377,#3378,#3379,#3380,#3381,#3382,#3383,#3384,#3385,#3386,#3387,#3388,#3389,#3390,#3391,#3392,#3393,#3394,#3395,#3396,#3397,#3398,#3399,#3400,#3401,#3402,#3403,#3404,#3405,#3406,#3407,#3408,#3409,#3410,#3411,#3412,#3413,#3414,#3415,#3416,#3417,#3418,#3419,#3420,#3421,#3422,#3423,#3424,#3425,#3426,#3427,#3428,#3429,#3430,#3431,#3432,#3433,#3434,#3435,#3436,#3437,#3438,#3439,#3440,#3441,#3442,#3443,#3444,#3445,#3446,#3447,#3448,#3449,#3450,#3451,#3486,#3488,#3496,#3497,#3499,#3501,#3503,#3505,#3507,#3509,#3511,#3513,#3515,#3517,#3520,#3521,#3523,#3525,#3528,#3530,#3533,#3535,#3537,#3539,#3541,#3543,#3546,#3548,#3550,#3552,#3554,#3557,#3558,#3560,#3562,#3565,#3566,#3568,#3570,#3573,#3574,#3576,#3578,#3581,#3582,#3584,#3586,#3589,#3590,#3592,#3594,#3597,#3598,#3600,#3602,#3605,#3606,#3608,#3610,#3613,#3614,#3616,#3618,#3621,#3622,#3624,#3626,#3629,#3631,#3634,#3635,#3638,#3640,#3643,#3645,#3648,#3649,#3652,#3654,#3657,#3659,#3661,#3663,#3666,#3668,#3671,#3673,#3676,#3677,#3681,#3682,#3684,#3686,#3688,#3690,#3692,#3694,#3696,#3698,#3700,#3702,#3704,#3706,#3708,#3710,#3712,#3714,#3716,#3718,#3720,#3722,#3724,#3727,#3730,#3732,#3736,#3738,#3741,#3744,#3747,#3749,#3751,#3754,#3755,#3758,#3760,#3763,#3765,#3768,#3770,#3773,#3775,#3778,#3780,#3782,#3784,#3786,#3788,#3790,#3792,#3794,#3796,#3798,#3800,#3802,#3804,#3806,#3808,#3810,#3814,#3815,#3817,#3819,#3822,#3823,#3825,#3827,#3830,#3831,#3833,#3835,#3838,#3839,#3841,#3843,#3846,#3849,#3853,#3855,#3857,#3861,#3865,#3867,#3870,#3871,#3873,#3877,#3879,#3881,#3883,#3887,#3890,#3893,#3894,#3899,#3902,#3905,#3907,#3909,#3911,#3915,#3916,#3918,#3920,#3922,#3924,#3926,#3928,#3933,#3935,#3938,#3941,#3948,#3953,#3955,#3958,#3961,#3962,#3964,#3966,#3969,#3972,#3974,#3979,#3984,#3986,#3989,#3991,#3993,#3995,#3997,#4000,#4002,#4004,#4007,#4009,#4012,#4015,#4018,#4019,#4023,#4026,#4031,#4032,#4036,#4039,#4046,#4048,#4050,#4055,#4058,#4060,#4063,#4065,#4068,#4070,#4073,#4076,#4079,#4082,#4085,#4087,#4091,#4094,#4097,#4101,#4105,#4109,#4114,#4117,#4121,#4124,#4128,#4131,#4135,#4138,#4142,#4144,#4147,#4148,#4152,#4154,#4157,#4160,#4161,#4164,#4166,#4168,#4171,#4172,#4174,#4177,#4179,#4181,#4184,#4187,#4190,#4193,#4196,#4197,#4199,#4202,#4204,#4207,#4208,#4211,#4213,#4215,#4222,#4224,#4227,#4230,#4240,#4242,#4245,#4248,#4254,#4256,#4259,#4261,#4264,#4267,#4270,#4273,#4278,#4280,#4283,#4286,#4290,#4292,#4295,#4297,#4300,#4303,#4306,#4309,#4314,#4316,#4319,#4322,#4326,#4328,#4331,#4334,#4338,#4340,#4343,#4346,#4350,#4352,#4355,#4358,#4362,#4364,#4367,#4370,#4374,#4376,#4379,#4382));
ENDSEC;
END-ISO-10303-21;
